date, pm25, pm10, o3, no2, so2, co
2023/4/2, 18, 22, 23, 10, 21, 21
2023/4/3, 50, 40, 27, 11, 21, 22
2023/4/4, 80, 48, 25, 12, 20, 22
2023/4/5, 89, 50, 28, 9, 21, 22
2023/4/6, 87, 34, 34, 6, 22, 21
2023/4/7, 62, 16, 28, 7, 22, 21
2023/4/8, 35, 27, 29, 8, 21, 22
2023/4/9, 55, 12, 29, 7, 21, 20
2023/4/10, 27, 24, 17, 12, 21, 21
2023/4/11, 45, 30, 24, 8, 22, 22
2023/4/12, 69, , , , , 
2023/1/3, 122, 44, 9, 17, 9, 18
2023/1/4, 99, 57, 23, 11, 9, 17
2023/1/5, 130, 33, 29, 6, 14, 15
2023/1/6, 70, 44, 13, 13, 13, 17
2023/1/7, 98, 29, 21, 5, 15, 16
2023/1/8, 73, 8, 23, 6, 15, 16
2023/1/9, 14, 6, 12, 8, 15, 17
2023/1/10, 9, , 13, 8, 15, 17
2023/1/13, 11, 18, 12, 13, 15, 18
2023/1/14, 53, 53, 9, 14, 13, 21
2023/1/15, 121, 71, 11, 16, 13, 22
2023/1/16, 158, 79, 8, 21, 12, 26
2023/1/17, 164, 92, 8, 20, 11, 26
2023/1/18, 178, 109, 7, 21, 10, 27
2023/1/19, 193, 109, 7, 20, 10, 27
2023/1/20, 192, 113, 10, 17, 9, 27
2023/1/21, 198, 103, 10, 17, 10, 23
2023/1/22, 184, 87, 8, 18, 10, 26
2023/1/23, 174, 79, 11, 20, 9, 26
2023/1/24, 167, 68, 14, 17, 9, 25
2023/1/25, 157, 75, 7, 20, 9, 25
2023/1/26, 160, 77, 11, 17, 8, 25
2023/1/27, 162, 76, 8, 20, 7, 25
2023/1/28, 161, 87, 8, 21, 7, 26
2023/1/29, 169, 117, 8, 23, 7, 29
2023/1/30, 187, 96, 13, 17, 8, 28
2023/1/31, 177, 70, 9, 16, 9, 27
2023/2/1, 155, 85, 11, 17, 10, 28
2023/2/2, 170, 72, 16, 12, 10, 29
2023/2/3, 159, 29, 24, 9, 12, 24
2023/2/4, 69, 22, 13, 17, 12, 26
2023/2/5, 52, 56, 12, 18, 10, 28
2023/2/6, 108, 51, 13, 16, 12, 27
2023/2/7, 106, 48, 12, 14, 12, 27
2023/2/8, 124, 19, 29, 5, 13, 24
2023/2/9, 54, 11, 24, 8, 15, 25
2023/2/10, 23, 19, 15, 9, 16, 25
2023/2/11, 53, 23, 18, 11, 16, 25
2023/2/12, 63, 43, 15, 15, 15, 27
2023/2/13, 92, 60, 28, 11, 14, 28
2023/2/14, 122, 25, 24, 8, 15, 24
2023/2/15, 43, 18, 25, 11, 15, 25
2023/2/16, 39, 12, 25, 7, 16, 25
2023/2/17, 28, 14, 29, 10, 16, 25
2023/2/18, 33, 20, 27, 14, 16, 27
2023/2/19, 53, 26, 34, 10, 17, 27
2023/2/20, 67, 18, 26, 11, 18, 28
2023/2/21, 46, 20, 35, 3, 19, 27
2023/2/22, 36, , 26, 8, 20, 26
2023/2/24, 18, 10, 25, 6, 19, 25
2023/2/25, 28, 19, 22, 10, 19, 25
2023/2/26, 56, 49, 24, 14, 17, 27
2023/2/27, 106, 32, 23, 18, 15, 27
2023/2/28, 71, 32, 23, 16, 15, 27
2023/3/1, 66, 47, 31, 13, 15, 27
2023/3/2, 78, 46, 30, 8, 19, 27
2023/3/3, 75, 18, 19, 9, 19, 27
2023/3/4, 48, 24, 24, 8, 18, 29
2023/3/5, 68, 18, 18, 11, 19, 29
2023/3/6, 47, 39, 31, 11, 18, 32
2023/3/7, 90, 29, 33, 6, 19, 28
2023/3/8, 67, 26, 20, 9, 19, 28
2023/3/9, 59, 63, 8, 15, 18, 32
2023/3/10, 122, 67, 22, 13, 16, 30
2023/3/11, 138, 32, 24, 11, 17, 28
2023/3/12, 64, 54, 21, 16, 17, 30
2023/3/13, 106, 63, 24, 14, 16, 29
2023/3/14, 107, 57, 23, 9, 18, 28
2023/3/15, 95, 60, 25, 10, 19, 28
2023/3/16, 114, 72, 20, 15, 18, 30
2023/3/17, 144, 65, 19, 10, 18, 29
2023/3/18, 140, 25, 18, 9, 19, 28
2023/3/19, 53, 10, 18, 11, 18, 29
2023/3/20, 23, 51, 15, 11, 18, 28
2023/3/21, 117, 28, 22, 5, 18, 27
2023/3/22, 52, 14, 20, 9, 18, 26
2023/3/23, 25, 38, 21, 11, 17, 26
2023/3/24, 64, 59, 25, 10, 17, 26
2023/3/25, 89, 40, 27, 8, 19, 24
2023/3/26, 65, 47, 29, 9, 19, 25
2023/3/27, 84, 15, 28, 6, 20, 24
2023/3/28, 30, 12, 25, 9, 20, 23
2023/3/29, 28, 47, 26, 10, 20, 23
2023/3/30, 67, 26, 33, 3, 20, 21
2023/3/31, 36, 8, 34, 5, 20, 20
2023/4/1, 11, 7, 31, 7, 21, 20
2022/10/2, 73, 52, 25, , 15, 3
2022/10/3, 69, 71, 27, , 15, 3
2022/10/4, 95, 46, 19, , 16, 4
2022/10/5, 60, 74, 20, 12, 16, 6
2022/10/6, 112, 63, 19, 9, 15, 5
2022/10/7, 85, 61, 19, 8, 15, 5
2022/10/8, 78, 67, 22, 5, 16, 5
2022/10/9, 93, 41, 16, 11, 16, 5
2022/10/10, 72, 38, 22, 13, 15, 6
2022/10/11, 84, 14, 30, 5, 15, 3
2022/10/12, 28, 16, 20, 9, 15, 2
2022/10/13, 34, 23, 17, 13, 14, 2
2022/10/14, 46, 41, 15, 14, 15, 3
2022/10/15, 82, 43, 8, 19, 16, 3
2022/10/16, 80, 52, 9, 23, 15, 6
2022/10/17, 116, 41, 9, 19, 14, 5
2022/10/18, 82, 59, 12, 14, 14, 5
2022/10/19, 104, 47, 14, 11, 14, 4
2022/10/20, 90, 48, 24, 15, 14, 4
2022/10/21, 77, 17, 28, 5, 14, 1
2022/10/22, 31, 12, 21, 12, 14, 
2022/10/23, 19, 49, 14, 27, 13, 1
2022/10/24, 69, 52, 24, 17, 13, 1
2022/10/25, 79, 18, 27, 9, 14, 
2022/10/26, 27, 41, 16, 26, 14, 
2022/10/27, 64, 55, 29, 15, 14, 1
2022/10/28, 88, 22, 28, 6, 16, 
2022/10/29, 29, 15, 24, 9, 16, 
2022/10/30, 21, 30, 12, 26, 15, 
2022/10/31, 47, 55, 29, 14, 14, 1
2022/11/1, 84, 11, 29, 4, 16, 
2022/11/2, 20, 7, 29, 5, 17, 
2022/11/3, 12, 8, 29, 10, 16, 
2022/11/4, 20, 14, 25, 16, 17, 
2022/11/5, 38, 27, 12, 33, 16, 2
2022/11/6, 70, 26, 18, 12, 16, 2
2022/11/7, 69, 24, 15, 9, 16, 1
2022/11/8, 63, 24, 15, 19, 16, 2
2022/11/9, 61, 30, 11, 34, 14, 4
2022/11/10, 72, 37, 11, 50, 14, 6
2022/11/11, 85, 53, 10, 41, 14, 8
2022/11/12, 128, 50, 9, 38, 13, 6
2022/11/13, 125, 53, 30, 23, 13, 7
2022/11/14, 126, 20, 29, 6, 16, 3
2022/11/15, 45, 12, 22, 12, 17, 4
2022/11/16, 25, 24, 9, 24, 16, 6
2022/11/17, 63, 45, 17, 35, 15, 8
2022/11/18, 108, 32, 19, 21, 15, 8
2022/11/19, 81, 27, 9, 37, 15, 8
2022/11/20, 72, 52, 14, 43, 14, 11
2022/11/21, 118, 52, 6, 54, 14, 12
2022/11/22, 116, 69, 6, 62, 13, 14
2022/11/23, 155, 48, 17, 24, 13, 10
2022/11/24, 120, 49, 8, 32, 13, 12
2022/11/25, 122, 65, 8, 36, 13, 12
2022/11/26, 157, 68, 9, 29, 13, 13
2022/11/27, 160, 68, 23, 11, 14, 12
2022/11/28, 157, 9, 20, 12, 15, 10
2022/11/29, 25, 4, 10, 18, 15, 12
2022/11/30, 14, 4, 9, 9, 15, 12
2022/12/1, 14, , 12, 11, 16, 10
2022/12/8, 55, 50, 11, 18, 16, 11
2022/12/9, 101, 48, 9, 23, 16, 11
2022/12/10, 105, 48, 10, 21, 16, 11
2022/12/11, 114, 53, 9, 27, 15, 11
2022/12/12, 132, 46, 8, 27, 14, 11
2022/12/13, 117, 42, 9, 47, 15, 14
2022/12/14, 112, 64, 7, 64, 14, 19
2022/12/15, 156, 49, 6, 28, 13, 16
2022/12/16, 115, 55, 9, 15, 13, 15
2022/12/17, 146, 41, 9, 13, 14, 14
2022/12/18, 104, 44, 6, 17, 13, 15
2022/12/19, 109, 91, 6, 15, 12, 22
2022/12/20, 156, 78, 10, 9, 12, 15
2022/12/21, 136, 26, 9, 11, 13, 15
2022/12/22, 63, 55, 7, 14, 12, 18
2022/12/23, 120, 72, 6, 15, 11, 20
2022/12/24, 153, 73, 6, 17, 11, 20
2022/12/25, 155, 78, 12, 16, 11, 18
2022/12/26, 158, 68, 8, 17, 11, 20
2022/12/27, 154, 87, 6, 15, 10, 18
2022/12/28, 170, 95, 11, 13, 10, 20
2022/12/29, 176, 29, 24, 8, 11, 13
2022/12/30, 61, 26, 10, 16, 12, 16
2022/12/31, 56, 53, 8, 18, 10, 18
2023/1/1, 119, 76, 8, 19, 9, 22
2023/1/2, 161, 53, 12, 16, 9, 17
2022/7/2, 71, 30, 35, 3, 1, 16
2022/7/3, 46, 27, 40, 2, 1, 30
2022/7/4, 48, 24, 36, 3, 2, 11
2022/7/5, 42, 31, 34, 9, 2, 40
2022/7/6, 55, 51, 36, 8, 1, 40
2022/7/7, 67, 52, 34, 4, 3, 20
2022/7/8, 73, 54, 33, 7, 3, 28
2022/7/9, 79, 57, 33, 8, 4, 63
2022/7/10, 76, 70, 30, 7, 4, 132
2022/7/11, 85, 69, 31, 7, 4, 93
2022/7/12, 76, 51, 32, 4, 4, 290
2022/7/13, 54, 61, 30, 7, 3, 
2022/7/14, 64, 54, 32, 3, 4, 
2022/7/15, 57, 42, 33, 6, 5, 
2022/7/16, 42, 68, 33, 10, 4, 
2022/7/17, 80, 50, 36, 4, 5, 
2022/7/18, 56, 40, 37, 4, 6, 
2022/7/19, 50, 42, 32, 3, 6, 
2022/7/20, 52, 37, 32, 3, 6, 
2022/7/21, 39, 30, 32, 3, 6, 
2022/7/22, 31, 17, 32, 3, 6, 
2022/7/23, 21, 22, 32, 2, 6, 
2022/7/24, 34, 23, 35, 2, 6, 
2022/7/25, 32, 15, 33, 3, 7, 
2022/7/26, 24, 24, 30, 7, 7, 
2022/7/27, 48, 31, 33, 4, 7, 
2022/7/28, 60, 25, 34, 4, 8, 
2022/7/29, 48, 34, 33, 5, 8, 
2022/7/30, 57, 54, 36, 7, 7, 
2022/7/31, 84, 52, 39, 5, 8, 
2022/8/1, 85, 51, 31, 6, 9, 
2022/8/2, 80, 57, 33, 7, 8, 
2022/8/3, 86, 52, 31, 5, 8, 
2022/8/4, 90, 43, 33, 5, 9, 
2022/8/5, 74, 48, 29, 8, 8, 
2022/8/6, 76, 48, 38, 4, 8, 
2022/8/7, 79, 38, 32, 5, 9, 
2022/8/8, 71, 49, 31, 6, 9, 
2022/8/9, 83, 47, 31, 7, 9, 
2022/8/10, 82, 45, 28, 6, 9, 
2022/8/11, 72, 55, 24, 9, 9, 
2022/8/12, 70, 63, 23, 11, 8, 
2022/8/13, 81, 62, 27, 10, 7, 
2022/8/14, 85, 68, 31, 11, 7, 
2022/8/15, 83, 62, 29, 11, 8, 
2022/8/16, 81, 63, 29, 14, 9, 
2022/8/17, 79, 61, 25, 9, 10, 
2022/8/18, 78, 73, 25, 9, 9, 
2022/8/19, 82, 99, 26, 14, 9, 
2022/8/20, 104, 92, 26, 12, 9, 5
2022/8/21, 102, 80, 25, 7, 10, 3
2022/8/22, 90, 111, 25, 7, 11, 2
2022/8/23, 123, 86, 24, 10, 11, 1
2022/8/24, 94, 64, 26, 8, 11, 1
2022/8/25, 72, 61, 22, 11, 11, 
2022/8/26, 76, 59, 25, 10, 11, 1
2022/8/27, 69, 59, 25, 11, 12, 1
2022/8/28, 74, 67, 25, 12, 12, 1
2022/8/29, 87, 61, 26, 13, 12, 1
2022/8/30, 79, 68, 25, 12, 13, 1
2022/8/31, 84, 68, 28, 14, 13, 1
2022/9/1, 76, 80, 24, 17, 18, 2
2022/9/2, 96, 81, 27, 18, 15, 3
2022/9/3, 106, 77, 29, 15, 17, 3
2022/9/4, 103, 78, 31, 9, 20, 2
2022/9/5, 97, 68, 29, 3, 16, 1
2022/9/6, 68, 30, 27, 5, 16, 
2022/9/7, 38, 24, 25, 6, 15, 1
2022/9/8, 54, 22, 25, 10, 14, 
2022/9/9, 51, 37, 30, 8, 13, 1
2022/9/10, 58, 22, 32, 7, 15, 
2022/9/11, 35, 35, 31, 8, 15, 1
2022/9/12, 59, 48, 26, 11, 15, 1
2022/9/13, 71, 58, 31, 10, 15, 2
2022/9/14, 85, 39, 32, 4, 16, 
2022/9/15, 52, 17, 26, 8, 15, 
2022/9/16, 18, 51, 40, 13, 15, 3
2022/9/17, 54, 39, 18, 10, 13, 1
2022/9/18, 53, 62, 23, 11, 14, 3
2022/9/19, 80, 73, 29, 8, 14, 3
2022/9/20, 101, 56, 25, 7, 15, 2
2022/9/21, 79, 69, 24, 9, 14, 4
2022/9/22, 85, 66, 14, 10, 14, 4
2022/9/23, 85, 59, 30, 6, 13, 3
2022/9/24, 99, 29, 23, 6, 14, 2
2022/9/25, 47, 13, 28, , 14, 
2022/9/26, 20, 17, 20, , 14, 
2022/9/27, 29, 53, 23, , 14, 1
2022/9/28, 80, 61, 22, , 14, 3
2022/9/29, 92, 48, 35, , 15, 1
2022/9/30, 67, 37, 27, , 17, 1
2022/10/1, 54, 52, 26, , 16, 3
2022/4/2, 103, 86, 21, 19, 14, 7
2022/4/3, 130, 89, 26, 19, 15, 7
2022/4/4, 126, 94, 28, 12, 15, 6
2022/4/5, 106, 54, 36, 6, 16, 4
2022/4/6, 64, 40, 29, 11, 17, 5
2022/4/7, 64, 57, 11, 11, 15, 6
2022/4/8, 92, 60, 20, 11, 15, 6
2022/4/9, 122, 44, 34, 7, 15, 6
2022/4/10, 83, 33, 28, 10, 16, 5
2022/4/11, 63, 68, 31, 12, 16, 5
2022/4/12, 100, 76, 32, 8, 14, 5
2022/4/13, 120, 33, 35, 4, 14, 2
2022/4/14, 41, 10, 37, 4, 14, 
2022/4/15, 20, 13, 36, 4, 16, 
2022/4/16, 26, 32, 34, 7, 16, 
2022/4/17, 52, 64, 32, 11, 16, 1
2022/4/18, 117, 63, 31, 11, 17, 1
2022/4/19, 111, 77, 19, 16, 17, 2
2022/4/20, 132, 91, 24, 11, 16, 2
2022/4/21, 150, 46, 25, 7, 18, 
2022/4/22, 61, 48, 37, 4, 18, 
2022/4/23, 63, 26, 34, 9, 19, 
2022/4/24, 47, 56, 32, 9, 19, 
2022/4/25, 97, 58, 35, 8, 20, 
2022/4/26, 104, 61, 28, 11, 20, 
2022/4/27, 103, 66, 31, 10, 20, 
2022/4/28, 108, 66, 32, 8, 21, 
2022/4/29, 91, 60, 21, 10, 21, 
2022/4/30, 98, 32, 29, 8, 21, 
2022/5/1, 61, 56, 26, 7, 21, 
2022/5/2, 106, 36, 26, 5, 21, 
2022/5/3, 58, 12, 27, 5, 21, 
2022/5/4, 19, 61, 28, 7, 21, 1
2022/5/5, 93, 60, 24, 6, 21, 
2022/5/6, 87, 18, 26, 6, 21, 
2022/5/7, 29, 12, 20, 8, 21, 
2022/5/8, 31, 8, 24, 3, 22, 
2022/5/9, 16, 7, 26, 3, 22, 
2022/5/10, 10, 10, 27, 3, 22, 
2022/5/11, 13, 12, 31, 5, 23, 
2022/5/12, 21, 21, 34, 4, 23, 
2022/5/13, 48, 24, 34, 6, 23, 
2022/5/14, 51, 48, 32, 9, 24, 
2022/5/15, 73, 33, 36, 8, 24, 
2022/5/16, 62, 24, 34, 4, 24, 
2022/5/17, 47, 17, 33, 5, 25, 
2022/5/18, 41, 22, 34, 7, 25, 
2022/5/19, 49, 38, 33, 8, 25, 
2022/5/20, 63, 21, 33, 2, 25, 
2022/5/21, 33, 11, 32, 4, 25, 
2022/5/22, 14, 35, 29, 10, 25, 
2022/5/23, 57, 48, 29, 8, 26, 1
2022/5/24, 70, 21, 36, 3, 26, 
2022/5/25, 34, 12, 32, 4, 26, 
2022/5/26, 18, 16, 31, 5, 26, 
2022/5/27, 32, 39, 36, 8, 26, 
2022/5/28, 79, 36, 32, 6, 27, 
2022/5/29, 60, 49, 31, 9, 27, 1
2022/5/30, 80, 54, 37, 9, 27, 1
2022/5/31, 88, 57, 34, 9, 27, 1
2022/6/1, 92, 45, 31, 8, 27, 
2022/6/2, 67, 49, 33, 10, 27, 
2022/6/3, 68, 62, 24, 14, 26, 
2022/6/4, 97, 71, 31, 10, 26, 
2022/6/5, 104, 60, 32, 7, 27, 
2022/6/6, 86, 50, 33, 5, 28, 
2022/6/7, 72, 47, 31, 5, 28, 
2022/6/8, 68, 44, 28, 8, 27, 
2022/6/9, 67, 52, 28, 9, 27, 
2022/6/10, 79, 33, 30, 6, 27, 
2022/6/11, 62, 36, 31, 8, 27, 
2022/6/12, 73, 41, 31, 9, 27, 
2022/6/13, 73, 51, 31, 8, 28, 
2022/6/14, 86, 41, 33, 8, 28, 
2022/6/15, 67, 36, 35, 6, 27, 
2022/6/16, 62, 26, 35, 3, 28, 
2022/6/17, 41, 27, 31, 5, 29, 
2022/6/18, 50, 42, 29, 5, 29, 
2022/6/19, 87, 55, 22, 11, 28, 
2022/6/20, 108, 52, 25, 9, 27, 
2022/6/21, 94, 49, 29, 11, 27, 
2022/6/22, 76, 37, 37, 3, 29, 
2022/6/23, 54, 17, 36, 3, 27, 19
2022/6/24, 24, 21, 35, 7, , 15
2022/6/25, 33, 22, 32, 7, , 
2022/6/26, 45, 24, 31, 7, , 
2022/6/27, 51, 13, 28, 5, , 
2022/6/28, 26, 25, 32, 5, , 33
2022/6/29, 42, 28, 30, 6, 1, 7
2022/6/30, 48, 47, 32, 8, , 36
2022/7/1, 69, 52, 33, 7, , 45
2022/1/5, 39, 17, 21, 10, 7, 27
2022/1/6, 46, 35, 22, 9, 8, 28
2022/1/7, 70, 61, 10, 20, 6, 30
2022/1/8, 107, 29, 18, 15, 6, 30
2022/1/9, 65, 64, 22, 10, 8, 29
2022/1/10, 137, 85, 14, 12, 8, 31
2022/1/11, 166, 86, 4, 16, 8, 35
2022/1/12, 169, 75, 5, 20, 6, 36
2022/1/13, 153, 78, 5, 22, 5, 35
2022/1/14, 153, 12, 18, 12, 4, 33
2022/1/15, 28, 13, 22, 4, 5, 29
2022/1/16, 28, 12, 24, 7, 6, 29
2022/1/17, 24, 21, 25, 7, 7, 28
2022/1/18, 51, 37, 19, 12, 6, 29
2022/1/19, 81, 43, 13, 19, 4, 30
2022/1/20, 91, 22, 21, 14, 4, 30
2022/1/21, 54, 26, 24, 7, 6, 28
2022/1/22, 66, 11, 21, 13, 6, 31
2022/1/23, 33, 27, 12, 21, 4, 33
2022/1/24, 63, 81, 12, 25, 3, 34
2022/1/25, 156, 66, 9, 27, 3, 37
2022/1/26, 112, 47, 19, 10, 5, 32
2022/1/27, 97, 83, 8, 18, 3, 33
2022/1/28, 160, 25, 23, 10, 4, 34
2022/1/29, 46, 18, 24, 8, 6, 32
2022/1/30, 45, 26, 20, 13, 5, 32
2022/1/31, 61, 41, 20, 16, 5, 33
2022/2/1, 85, 62, 19, 18, 6, 34
2022/2/2, 118, 61, 18, 20, 5, 35
2022/2/3, 112, 91, 15, 23, 6, 35
2022/2/4, 152, 83, 14, 23, 5, 37
2022/2/5, 136, 50, 24, 16, 5, 36
2022/2/6, 52, 20, 25, 4, 7, 33
2022/2/7, 22, 22, 25, 8, 7, 33
2022/2/8, 52, 46, 23, 10, 8, 33
2022/2/9, 84, 74, 14, 22, 7, 35
2022/2/10, 143, 38, 18, 19, 7, 36
2022/2/11, 74, 18, 22, 7, 9, 34
2022/2/12, 25, 30, 23, 6, 9, 33
2022/2/13, 61, 50, 15, 15, 9, 35
2022/2/14, 84, 30, 24, 7, 9, 35
2022/2/15, 56, 45, 19, 7, 11, 35
2022/2/16, 83, 43, 8, 11, 9, 35
2022/2/17, 89, 61, 7, 9, 9, 35
2022/2/18, 123, 69, 6, 15, 8, 36
2022/2/19, 155, 70, 7, 17, 8, 37
2022/2/20, 152, 48, 13, 13, 8, 36
2022/2/21, 92, 66, 11, 10, 10, 34
2022/2/22, 142, 57, 12, 9, 10, 34
2022/2/23, 122, 81, 11, 11, 11, 34
2022/2/24, 160, 99, 8, 15, 12, 36
2022/2/25, 170, 106, 7, 20, 11, 37
2022/2/26, 171, 97, 6, 17, 9, 36
2022/2/27, 166, 43, 10, 10, 9, 36
2022/2/28, 51, 33, 12, 5, 11, 33
2022/3/1, 60, 76, 8, 14, 11, 34
2022/3/2, 152, 69, 8, 15, 10, 35
2022/3/3, 149, 78, 6, 15, 11, 35
2022/3/4, 163, 54, 6, 14, 11, 36
2022/3/5, 116, 9, 10, 7, 10, 33
2022/3/6, 17, 15, 15, 6, 10, 31
2022/3/7, 40, 28, 16, 5, 11, 30
2022/3/8, 67, 42, 12, 8, 11, 30
2022/3/9, 81, 24, 13, 8, 11, 30
2022/3/10, 50, 16, 10, 12, 12, 30
2022/3/11, 48, 38, 10, 9, 12, 30
2022/3/12, 66, 20, 9, 11, 12, 31
2022/3/13, 52, 9, 12, 5, 11, 
2022/3/14, 29, 15, 11, 8, 12, 30
2022/3/15, 52, 18, 9, 14, 12, 30
2022/3/16, 57, 10, 12, 7, 12, 29
2022/3/17, 26, 12, 12, 7, 12, 29
2022/3/18, 28, 16, 13, 5, 12, 28
2022/3/19, 50, 17, 13, 9, 13, 29
2022/3/20, 57, 12, 11, 6, 14, 6
2022/3/21, 46, 22, 10, 7, 14, 7
2022/3/22, 68, 35, 10, 11, 13, 7
2022/3/23, 91, 34, 10, 11, 13, 7
2022/3/24, 89, 43, 12, 9, 14, 6
2022/3/25, 110, 34, 22, 12, 13, 7
2022/3/26, 90, 24, 36, 11, 13, 7
2022/3/27, 60, 26, 38, 5, 14, 6
2022/3/28, 63, 34, 38, 5, 15, 5
2022/3/29, 58, 50, 37, 4, 15, 5
2022/3/30, 56, 64, 29, 12, 14, 5
2022/3/31, 119, 70, 21, 21, 13, 6
2022/4/1, 130, 72, 30, 17, 14, 7
2021/10/2, 83, 33, 8, 7, 12, 7
2021/10/3, 82, 49, 5, 9, 11, 7
2021/10/4, 104, 34, 20, 5, 12, 7
2021/10/5, 78, 14, 17, 4, 13, 7
2021/10/6, 31, 26, 13, 8, 12, 8
2021/10/7, 60, 35, 7, 7, 12, 8
2021/10/8, 72, 45, 9, 6, 12, 8
2021/10/9, 82, 53, 11, 6, 12, 8
2021/10/10, 91, 50, 15, 8, 12, 8
2021/10/11, 82, 60, 7, 11, 11, 10
2021/10/12, 98, 71, 14, 12, 11, 11
2021/10/13, 127, 70, 13, 13, 11, 11
2021/10/14, 126, 75, 17, 13, 12, 10
2021/10/15, 125, 88, 12, 11, 12, 12
2021/10/16, 136, 81, 16, 9, 13, 11
2021/10/17, 149, 71, 13, 13, 13, 12
2021/10/18, 149, 59, 25, 6, 13, 10
2021/10/19, 109, 22, 24, 5, 14, 9
2021/10/20, 31, 17, 24, 4, 14, 8
2021/10/21, 23, 22, 24, 7, 14, 7
2021/10/22, 41, 48, 15, 13, 13, 9
2021/10/23, 90, 65, 12, 17, 13, 12
2021/10/24, 124, 57, 18, 15, 12, 10
2021/10/25, 107, 40, 23, 7, 13, 8
2021/10/26, 61, 26, 19, 10, 12, 8
2021/10/27, 44, 50, 13, 10, 11, 9
2021/10/28, 93, 48, 14, 13, 11, 10
2021/10/29, 89, 67, 10, 15, 11, 12
2021/10/30, 134, 74, 6, 15, 10, 13
2021/10/31, 157, 64, 8, 9, 11, 13
2021/11/1, 150, 60, 8, 13, 11, 16
2021/11/2, 143, 70, 6, 18, 11, 18
2021/11/3, 152, 82, 4, 11, 12, 17
2021/11/4, 161, 80, 3, 9, 12, 17
2021/11/5, 168, 64, 11, 6, 12, 15
2021/11/6, 134, 100, 6, 7, 13, 14
2021/11/7, 145, 115, 5, 7, 12, 15
2021/11/8, 156, , , , , 
2021/11/18, 158, , , , , 
2021/11/23, 59, 69, 6, 20, 10, 21
2021/11/24, 138, 93, 19, 13, 10, 22
2021/11/25, 166, 30, 18, 6, 10, 17
2021/11/26, 60, 31, 3, 8, 11, 18
2021/11/27, 73, 37, 2, 14, 9, 22
2021/11/28, 92, 47, 1, 17, 8, 22
2021/11/29, 94, 81, 2, 19, 9, 25
2021/11/30, 151, 91, 3, 21, 8, 27
2021/12/1, 153, 72, 11, 13, 8, 24
2021/12/2, 137, 16, 10, 9, 9, 20
2021/12/3, 39, 25, 5, 13, 9, 20
2021/12/4, 52, 60, 4, 15, 8, 22
2021/12/5, 116, 67, 5, 16, 8, 22
2021/12/6, 138, 61, 5, 17, 9, 21
2021/12/7, 97, 99, 2, 18, 8, 24
2021/12/8, 161, 110, 1, 16, 6, 25
2021/12/9, 187, 113, 14, 13, 7, 25
2021/12/10, 191, 45, 15, 14, 9, 21
2021/12/11, 92, 75, 2, 16, 8, 25
2021/12/12, 143, 108, 1, 16, 7, 26
2021/12/13, 187, 147, 1, 15, 7, 30
2021/12/14, 231, 161, 1, 14, 6, 28
2021/12/15, 247, 126, 3, 14, 5, 26
2021/12/16, 187, 84, 8, 17, 5, 25
2021/12/17, 157, 125, 5, 16, 5, 27
2021/12/18, 180, 117, 8, 19, 5, 26
2021/12/19, 184, 68, 12, 11, 6, 24
2021/12/20, 112, 65, 5, 14, 6, 28
2021/12/21, 119, 102, 18, 10, 6, 27
2021/12/22, 171, 16, 22, 7, 6, 22
2021/12/23, 31, 15, 25, 11, 5, 22
2021/12/24, 25, 56, 14, 18, 4, 24
2021/12/25, 106, 62, 16, 18, 3, 23
2021/12/26, 117, 79, 10, 23, 3, 26
2021/12/27, 138, 89, 13, 21, 5, 26
2021/12/28, 152, 62, 12, 20, 5, 26
2021/12/29, 95, 78, 11, 21, 5, 28
2021/12/30, 146, 102, 7, 21, 4, 29
2021/12/31, 160, 112, 10, 22, 3, 30
2022/1/1, 176, 98, 16, 17, 3, 31
2022/1/2, 169, 55, 19, 11, 5, 27
2022/1/3, 130, , , , , 
2021/7/2, 57, 55, 32, 7, , 2
2021/7/3, 84, 54, 34, 8, , 1
2021/7/4, 78, 54, 30, 7, , 1
2021/7/5, 83, 45, 29, 2, , 
2021/7/6, 53, 17, 32, 4, , 
2021/7/7, 22, 17, 27, 7, , 
2021/7/8, 31, 37, 34, 7, , 
2021/7/9, 80, 47, 28, 6, , 
2021/7/10, 84, 39, 22, 9, , 
2021/7/11, 80, 52, 34, 12, , 
2021/7/12, 114, 67, 35, 13, , 
2021/7/13, 143, 58, 23, 7, , 
2021/7/14, 104, 36, 23, 7, 5, 
2021/7/15, 71, 41, 14, 11, , 
2021/7/16, 79, 46, 25, 9, , 
2021/7/17, 92, 53, 26, 13, , 
2021/7/18, 89, 59, 33, 12, , 
2021/7/19, 97, 63, 29, 13, , 
2021/7/20, 113, 59, 29, 14, , 
2021/7/21, 96, 64, 25, 9, , 
2021/7/22, 102, 47, 28, 4, , 
2021/7/23, 86, 18, 29, 2, , 
2021/7/24, 45, 17, 31, 5, , 
2021/7/25, 34, 36, 13, 9, , 
2021/7/26, 75, 49, 24, 12, , 
2021/7/27, 87, 45, 26, 6, , 
2021/7/28, 77, 19, 33, 8, , 
2021/7/29, 42, 23, 17, 9, , 
2021/7/30, 59, 39, 28, 9, , 
2021/7/31, 71, 48, 32, 10, , 
2021/8/1, 70, 50, 26, 8, , 
2021/8/2, 84, 39, 31, 7, , 
2021/8/3, 62, 46, 35, 8, , 
2021/8/4, 65, 42, 35, 10, , 
2021/8/5, 63, 49, 31, 10, , 
2021/8/6, 68, 60, 33, 12, 2, 
2021/8/7, 77, 64, 30, 11, 1, 2
2021/8/8, 87, 59, 31, 8, , 1
2021/8/9, 80, 45, 33, 4, , 2
2021/8/10, 68, 33, 34, 14, , 2
2021/8/11, 55, 56, 32, 7, , 2
2021/8/12, 70, 57, 32, 9, , 1
2021/8/13, 73, 46, 30, 4, 1, 2
2021/8/14, 66, 26, 25, 4, , 2
2021/8/15, 47, 25, 31, 6, , 2
2021/8/16, 43, 51, 22, 19, , 5
2021/8/17, 73, 64, 26, 12, 1, 4
2021/8/18, 125, 78, 33, 12, 2, 3
2021/8/19, 130, 66, 32, 13, 2, 2
2021/8/20, 101, 58, 26, 10, 3, 1
2021/8/21, 84, 47, 30, 7, 3, 1
2021/8/22, 68, 46, 32, 6, 4, 2
2021/8/23, 71, 57, 38, 6, 4, 1
2021/8/24, 87, 44, 32, 5, 5, 1
2021/8/25, 68, 57, 25, 8, 5, 2
2021/8/26, 97, 58, 21, 9, 5, 3
2021/8/27, 91, 57, 26, 7, 5, 3
2021/8/28, 85, 65, 27, 9, 5, 4
2021/8/29, 99, 70, 23, 8, 5, 4
2021/8/30, 113, 79, 17, 7, 5, 4
2021/8/31, 112, 101, 21, 7, 6, 4
2021/9/1, 151, 62, 22, 4, 6, 4
2021/9/2, 92, 74, 34, 6, 6, 5
2021/9/3, 102, 55, 33, 2, 5, 3
2021/9/4, 50, 23, 28, 3, 6, 2
2021/9/5, 25, 41, 21, 4, 7, 3
2021/9/6, 67, 30, 25, 4, 8, 4
2021/9/7, 57, 16, 23, 4, 8, 4
2021/9/8, 27, 23, 17, 6, 8, 4
2021/9/9, 39, 54, 20, 7, 8, 5
2021/9/10, 78, 67, 21, 9, 8, 5
2021/9/11, 89, 54, 24, 11, 8, 5
2021/9/12, 72, 72, 20, 12, 8, 6
2021/9/13, 98, 72, 19, 11, 9, 6
2021/9/14, 93, 63, 26, 9, 9, 6
2021/9/15, 91, 57, 24, 7, 10, 6
2021/9/16, 76, 83, 26, 8, 10, 7
2021/9/17, 124, 41, 28, 4, 11, 5
2021/9/18, 62, 25, 27, 9, 10, 5
2021/9/19, 50, 58, 25, 12, 10, 6
2021/9/20, 74, 50, 26, 9, 10, 5
2021/9/21, 75, 32, 24, 11, 10, 5
2021/9/22, 55, 47, 29, 4, 11, 4
2021/9/23, 57, 14, 22, 6, 12, 4
2021/9/24, 21, 12, 20, 5, 12, 4
2021/9/25, 24, 7, 22, 4, 11, 4
2021/9/26, 13, 9, 26, 2, 11, 3
2021/9/27, 11, 11, 24, 6, 11, 3
2021/9/28, 17, 17, 24, 6, 13, 3
2021/9/29, 30, 59, 12, 9, 13, 5
2021/9/30, 108, 54, 8, 6, 12, 6
2021/10/1, 115, 36, 9, 7, 12, 7
2021/4/2, 137, 67, 29, 8, 1, 2
2021/4/3, 122, 32, 28, 4, , 1
2021/4/4, 48, 22, 28, 9, , 1
2021/4/5, 44, 47, 26, 8, , 2
2021/4/6, 87, 34, 23, 6, , 1
2021/4/7, 59, 38, 17, 12, , 3
2021/4/8, 60, 75, 22, 12, , 3
2021/4/9, 118, 83, 20, 7, , 2
2021/4/10, 114, 47, 18, 7, , 1
2021/4/11, 56, 53, 7, 8, , 2
2021/4/12, 98, 70, 23, 5, , 2
2021/4/13, 135, 49, 21, 7, , 1
2021/4/14, 85, 34, 28, 6, , 1
2021/4/15, 66, 22, 27, 8, , 1
2021/4/16, 46, 62, 24, 8, , 2
2021/4/17, 118, 67, 23, 9, , 2
2021/4/18, 119, 60, 20, 10, 1, 2
2021/4/19, 98, 60, 20, 6, 1, 1
2021/4/20, 89, 64, 13, 9, 1, 1
2021/4/21, 86, 67, 5, 9, , 2
2021/4/22, 97, 43, 18, 7, , 1
2021/4/23, 59, 31, 31, 6, , 
2021/4/24, 39, 77, 21, 8, 1, 1
2021/4/25, 116, 63, 23, 8, , 2
2021/4/26, 92, 65, 14, 7, , 2
2021/4/27, 112, 41, 25, 8, , 1
2021/4/28, 61, 52, 19, 7, , 2
2021/4/29, 82, 79, 14, 7, , 2
2021/4/30, 138, 67, 19, 5, , 2
2021/5/1, 141, 49, 19, 4, , 1
2021/5/2, 85, 36, 24, 3, , 1
2021/5/3, 74, 31, 23, 4, 1, 1
2021/5/4, 71, 37, 30, 4, , 1
2021/5/5, 74, 27, 26, 5, , 
2021/5/6, 42, 18, 23, 4, , 1
2021/5/7, 46, 22, 34, 4, , 1
2021/5/8, 56, 20, 29, 5, 1, 
2021/5/9, 43, 34, 28, 5, , 1
2021/5/10, 73, 14, 30, 2, , 
2021/5/11, 32, 11, 25, 5, , 
2021/5/12, 21, 30, 27, 9, 1, 2
2021/5/13, 63, 47, 26, 9, 1, 3
2021/5/14, 78, 54, 26, 8, 1, 2
2021/5/15, 88, 53, 26, 6, , 1
2021/5/16, 77, 50, 30, 7, , 1
2021/5/17, 73, 52, 17, 6, , 2
2021/5/18, 74, 35, 27, 6, , 
2021/5/19, 50, 29, 30, 7, , 1
2021/5/20, 44, 31, 26, 5, , 
2021/5/21, 48, 60, 30, 12, , 2
2021/5/22, 79, 107, 27, 10, , 2
2021/5/23, 126, 73, 20, 5, , 1
2021/5/24, 81, 37, 23, 4, , 
2021/5/25, 34, 37, 23, 3, , 
2021/5/26, 30, 27, 21, 6, , 
2021/5/27, 32, 23, 31, 7, , 1
2021/5/28, 53, 31, 23, 10, , 1
2021/5/29, 62, 38, 27, 8, , 1
2021/5/30, 70, 29, 31, 3, , 1
2021/5/31, 44, 21, 25, 5, , 
2021/6/1, 31, 37, 24, 6, 1, 1
2021/6/2, 52, 50, 23, 5, , 1
2021/6/3, 62, 22, 34, 3, , 
2021/6/4, 22, 16, 28, 4, , 
2021/6/5, 20, 16, 26, 6, , 
2021/6/6, 29, 11, 25, 4, , 
2021/6/7, 25, 8, 31, 4, , 
2021/6/8, 17, 13, 31, 5, , 
2021/6/9, 24, 30, 21, 7, , 1
2021/6/10, 56, 34, 27, 8, , 2
2021/6/11, 74, 33, 29, 6, , 1
2021/6/12, 69, 18, 30, 5, , 1
2021/6/13, 43, 18, 21, 5, , 1
2021/6/14, 42, 11, 31, 5, , 
2021/6/15, 24, 34, 26, 10, , 1
2021/6/16, 63, 48, 28, 9, , 2
2021/6/17, 76, 52, 26, 4, , 1
2021/6/18, 74, 28, 26, 5, , 
2021/6/19, 37, 49, 31, 9, , 1
2021/6/20, 62, 52, 26, 8, , 1
2021/6/21, 59, 80, 23, 6, , 1
2021/6/22, 89, 101, 30, 11, , 1
2021/6/23, 112, 63, 35, 10, , 1
2021/6/24, 72, 58, 32, 10, , 1
2021/6/25, 69, 61, 31, 10, , 1
2021/6/26, 72, 53, 29, 10, 1, 1
2021/6/27, 64, 53, 24, 8, , 1
2021/6/28, 60, 46, 31, 5, , 1
2021/6/29, 59, 39, 25, 4, , 1
2021/6/30, 55, 27, 31, 5, , 
2021/7/1, 46, 35, 34, 5, , 1
2021/1/5, 131, 43, 15, 12, , 3
2021/1/6, 111, 59, 7, 16, , 4
2021/1/7, 152, 81, 4, 15, , 5
2021/1/8, 169, 100, , 24, 1, 9
2021/1/9, 185, 127, 7, 26, , 9
2021/1/10, 191, 92, 13, 22, 11, 5
2021/1/11, 160, 71, 19, 12, 5, 4
2021/1/12, 131, 61, 7, 12, 1, 4
2021/1/13, 135, 86, 3, 11, , 4
2021/1/14, 172, 117, , 18, 1, 8
2021/1/15, 201, 112, 15, 12, 1, 4
2021/1/16, 193, 34, 13, 14, 1, 3
2021/1/17, 79, 74, 6, 17, 2, 6
2021/1/18, 149, 74, 21, 9, 4, 4
2021/1/19, 152, 15, 24, 7, , 1
2021/1/20, 30, 19, 21, 8, , 2
2021/1/21, 52, 14, 25, 5, , 1
2021/1/22, 33, 29, 21, 15, , 3
2021/1/23, 64, 68, 13, 20, 3, 5
2021/1/24, 152, 78, 13, 23, 4, 5
2021/1/25, 161, 91, 10, 25, 2, 7
2021/1/26, 172, 106, 11, 25, 5, 7
2021/1/27, 178, 97, 10, 24, 14, 8
2021/1/28, 164, 128, 1, 27, 1, 10
2021/1/29, 182, 109, 9, 20, 2, 6
2021/1/30, 169, 77, 13, 12, 1, 5
2021/1/31, 161, 48, 10, 11, , 4
2021/2/1, 112, 41, 16, 13, , 3
2021/2/2, 75, 64, 11, 17, 4, 4
2021/2/3, 127, 71, 11, 19, 1, 4
2021/2/4, 142, 78, 13, 18, , 5
2021/2/5, 149, 75, 23, 12, 4, 4
2021/2/6, 133, 30, 26, 8, , 1
2021/2/7, 48, 50, 21, 11, 1, 4
2021/2/8, 101, 78, 11, 10, , 4
2021/2/9, 161, 79, 13, 14, , 5
2021/2/10, 161, 53, 12, 16, , 3
2021/2/11, 101, 76, 22, 16, 1, 4
2021/2/12, 141, 81, 12, 15, 1, 4
2021/2/13, 146, 84, 23, 7, , 3
2021/2/14, 144, 22, 22, 11, , 2
2021/2/15, 35, 72, 16, 12, , 5
2021/2/16, 135, 61, 11, 7, , 3
2021/2/17, 142, 19, 24, 7, , 2
2021/2/18, 59, 7, 26, 7, , 1
2021/2/19, 17, 25, 18, 10, , 2
2021/2/20, 56, 29, 25, 7, , 2
2021/2/21, 66, 14, 24, 9, , 2
2021/2/22, 42, 36, 27, 10, , 3
2021/2/23, 82, 18, 32, 4, , 1
2021/2/24, 40, 20, 32, 5, , 2
2021/2/25, 44, 26, 23, 8, , 
2021/2/26, 71, 46, 27, 10, , 5
2021/2/27, 114, 34, 23, 13, , 3
2021/2/28, 72, 55, 27, 9, 1, 3
2021/3/1, 88, 21, 27, 4, , 1
2021/3/2, 34, 16, 23, 9, , 2
2021/3/3, 30, 46, 25, 7, , 2
2021/3/4, 80, 20, 26, 8, , 1
2021/3/5, 35, 40, 27, 8, , 2
2021/3/6, 69, 35, 25, 13, 3, 2
2021/3/7, 63, 57, 32, 5, 1, 2
2021/3/8, 94, 27, 24, 9, , 2
2021/3/9, 49, 87, 23, 11, , 4
2021/3/10, 158, 40, 28, 9, , 2
2021/3/11, 87, 52, 18, 7, , 2
2021/3/12, 98, 17, 18, 7, , 2
2021/3/13, 57, 14, 20, 5, , 1
2021/3/14, 44, 31, 23, 6, , 1
2021/3/15, 79, 49, 20, 8, , 2
2021/3/16, 119, 55, 19, 8, 1, 2
2021/3/17, 129, 71, 20, 12, , 4
2021/3/18, 152, 75, 27, 8, , 2
2021/3/19, 139, 21, 27, 7, , 1
2021/3/20, 48, 28, 25, 8, , 1
2021/3/21, 60, 29, 24, 9, , 1
2021/3/22, 63, 56, 21, 9, , 2
2021/3/23, 122, 40, 15, 11, , 3
2021/3/24, 90, 54, 23, 9, , 4
2021/3/25, 109, 20, 27, 4, , 1
2021/3/26, 38, 10, 26, 4, , 
2021/3/27, 16, 38, 27, 6, , 1
2021/3/28, 69, 15, 30, 3, , 1
2021/3/29, 25, 16, 29, 6, , 1
2021/3/30, 35, 50, 21, 10, , 2
2021/3/31, 107, 65, 24, 10, 1, 3
2021/4/1, 144, 64, 19, 12, 1, 2
2020/10/2, 97, 57, 19, 9, , 2
2020/10/3, 100, 40, 22, 15, , 3
2020/10/4, 73, 61, 13, 12, 1, 3
2020/10/5, 104, 56, 21, 6, , 2
2020/10/6, 102, 30, 16, 11, , 1
2020/10/7, 65, 44, 23, 14, , 2
2020/10/8, 74, 50, 23, 15, , 2
2020/10/9, 77, 58, 23, 13, , 2
2020/10/10, 89, 61, 26, 11, , 2
2020/10/11, 89, 74, 23, 13, , 3
2020/10/12, 109, 69, 24, 12, 1, 3
2020/10/13, 118, 70, 21, 14, 2, 3
2020/10/14, 116, 72, 22, 15, 2, 4
2020/10/15, 121, 78, 23, 16, 3, 4
2020/10/16, 143, 88, 20, 18, 2, 4
2020/10/17, 152, 90, 21, 18, 2, 4
2020/10/18, 153, 91, 22, 16, 4, 4
2020/10/19, 153, 83, 20, 18, , 4
2020/10/20, 147, 68, 29, 6, 1, 1
2020/10/21, 91, 47, 21, 8, , 2
2020/10/22, 78, 44, 19, 9, , 2
2020/10/23, 87, 51, 17, 14, , 3
2020/10/24, 84, 63, 17, 16, 2, 3
2020/10/25, 104, 60, 15, 20, 2, 4
2020/10/26, 105, 70, 21, 18, 3, 3
2020/10/27, 115, 79, 17, 16, 5, 3
2020/10/28, 146, 79, 15, 15, 1, 3
2020/10/29, 150, 84, 15, 17, 1, 4
2020/10/30, 154, 89, 14, 20, 1, 4
2020/10/31, 157, 104, 2, 24, 3, 7
2020/11/1, 165, 108, 5, 26, 1, 7
2020/11/2, 170, 97, 13, 16, 2, 4
2020/11/3, 161, 67, 13, 11, 1, 3
2020/11/4, 137, 86, 15, 13, , 4
2020/11/5, 165, 103, 8, 15, , 6
2020/11/6, 171, 93, , 15, , 6
2020/11/7, 165, 49, 25, 5, 2, 2
2020/11/8, 108, 11, 25, 6, , 
2020/11/9, 16, 32, 15, 11, , 2
2020/11/10, 62, 59, 15, 12, 1, 3
2020/11/11, 110, 24, 17, 8, , 1
2020/11/12, 48, 20, 11, 6, , 1
2020/11/13, 45, 33, 10, 9, , 1
2020/11/14, 68, 46, 7, 11, 2, 2
2020/11/15, 94, 67, 11, 11, , 3
2020/11/16, 123, 55, 7, 16, 1, 5
2020/11/17, 117, 45, 10, 15, 2, 3
2020/11/18, 99, 30, 10, 9, , 3
2020/11/19, 73, 32, 15, 7, , 2
2020/11/20, 75, 18, 12, 10, , 2
2020/11/21, 52, 18, 5, 15, , 3
2020/11/22, 56, 19, 13, 13, , 3
2020/11/23, 56, 24, 22, 6, , 2
2020/11/24, 57, 11, 15, 14, 1, 2
2020/11/25, 29, 39, 13, 15, , 3
2020/11/26, 77, 28, 13, 14, , 3
2020/11/27, 65, 41, , , , 
2020/11/28, 85, 34, 13, 16, , 3
2020/11/29, 71, , 3, 18, 1, 5
2020/12/9, 69, 29, , , , 
2020/12/10, 82, 31, , , , 
2020/12/11, 89, 40, , , , 
2020/12/12, 103, 39, , , , 
2020/12/13, 98, 40, , , , 
2020/12/14, 97, 54, , , , 
2020/12/15, 128, 65, , 20, , 9
2020/12/16, 154, 84, , 16, , 11
2020/12/17, 170, 78, 20, 8, 2, 4
2020/12/18, 158, 15, 19, 11, , 2
2020/12/19, 34, 34, 6, 14, 1, 4
2020/12/20, 76, 73, 6, 17, 1, 6
2020/12/21, 158, 69, 5, 17, 1, 6
2020/12/22, 155, 81, 1, 16, , 7
2020/12/23, 164, 77, 5, 11, 2, 4
2020/12/24, 161, 48, 15, 10, , 2
2020/12/25, 126, 22, 13, 14, 1, 3
2020/12/26, 53, 57, 5, 18, 2, 6
2020/12/27, 113, 70, 5, 22, 4, 6
2020/12/28, 152, 72, 3, 22, 4, 7
2020/12/29, 146, 99, 1, 22, 1, 9
2020/12/30, 171, 107, 2, 19, 3, 7
2020/12/31, 182, 81, 9, 16, , 4
2021/1/1, 170, 86, 3, 22, , 7
2021/1/2, 178, 99, 6, 19, , 9
2021/1/3, 190, 86, 5, 11, , 5
2021/1/4, 177, 51, 12, 11, , 3
2020/7/2, 63, 55, 18, 6, , 
2020/7/3, 76, 46, 19, 8, , 1
2020/7/4, 72, 56, 7, 17, , 2
2020/7/5, 85, 59, 18, 14, , 3
2020/7/6, 77, 54, 22, 12, , 1
2020/7/7, 66, 55, 21, 11, , 1
2020/7/8, 73, 54, 21, 11, , 
2020/7/9, 68, 19, 13, 3, , 
2020/7/10, 26, 28, 13, 5, , 1
2020/7/11, 51, 55, 6, 8, , 
2020/7/12, 124, 32, 9, 7, , 1
2020/7/13, 73, 16, 32, 7, , 1
2020/7/14, 33, 15, 21, 2, 1, 
2020/7/15, 26, 26, 23, 6, , 
2020/7/16, 49, 23, 23, 6, 1, 1
2020/7/17, 46, 33, 24, 6, , 
2020/7/18, 61, 23, 25, 10, 1, 2
2020/7/19, 54, 7, 20, 11, , 1
2020/7/20, 23, 4, 22, 9, 1, 1
2020/7/21, 10, 4, 17, 3, , 
2020/7/22, 11, 9, 20, 2, 2, 
2020/7/23, 15, 36, 18, 5, , 
2020/7/24, 67, 59, 18, 6, , 
2020/7/25, 115, , , , , 
2020/7/28, 76, 51, 21, 6, , 1
2020/7/29, 82, 18, 33, 6, , 1
2020/7/30, 40, 32, 40, 4, , 
2020/7/31, 59, 32, 37, 4, , 1
2020/8/1, 59, 34, 35, 5, , 1
2020/8/2, 67, 16, 37, 4, , 1
2020/8/3, 32, 11, 37, 2, , 
2020/8/4, 24, , , , , 
2020/8/20, 88, 55, 33, 10, , 1
2020/8/21, 81, 63, 34, 6, , 1
2020/8/22, 90, 39, 32, 5, 1, 1
2020/8/23, 57, 12, 31, 5, , 
2020/8/24, 25, 22, 33, 5, , 
2020/8/25, 51, 37, 33, 6, , 
2020/8/26, 71, 39, 37, 10, , 1
2020/8/27, 66, 50, 35, 11, 1, 2
2020/8/28, 77, 45, 41, 8, 2, 2
2020/8/29, 79, 30, 38, 6, , 1
2020/8/30, 58, 55, 38, 7, 1, 1
2020/8/31, 90, 61, 36, 9, , 1
2020/9/1, 95, 58, 34, 8, , 1
2020/9/2, 89, 58, 31, 10, 3, 2
2020/9/3, 91, 67, 26, 12, , 3
2020/9/4, 112, 65, 32, 9, , 1
2020/9/5, 104, 63, 33, 12, , 1
2020/9/6, 104, 66, 29, 12, 1, 1
2020/9/7, 103, 58, 31, 8, 2, 2
2020/9/8, 84, 46, 28, 5, 1, 1
2020/9/9, 65, 48, 36, 4, , 1
2020/9/10, 69, 31, 32, 6, , 1
2020/9/11, 49, 76, 32, 9, 1, 2
2020/9/12, 100, 75, 31, 9, , 2
2020/9/13, 119, 86, 28, 9, , 3
2020/9/14, 148, 78, 29, 10, 1, 2
2020/9/15, 139, 56, 32, 5, 1, 1
2020/9/16, 85, 42, 31, 8, , 2
2020/9/17, 67, 73, 24, 7, 1, 2
2020/9/18, 124, 76, 27, 10, , 2
2020/9/19, 121, 56, 32, 5, 1, 1
2020/9/20, 75, 36, 31, 6, , 
2020/9/21, 52, 81, 16, 7, 1, 1
2020/9/22, 104, 61, 17, 8, , 
2020/9/23, 86, 67, 15, 9, 1, 2
2020/9/24, 127, 80, 19, 12, , 2
2020/9/25, 157, 70, 26, 12, 1, 3
2020/9/26, 132, 75, 22, 12, 1, 3
2020/9/27, 144, 63, 24, 14, , 3
2020/9/28, 118, 74, 20, 8, 1, 2
2020/9/29, 119, 80, 20, 5, , 1
2020/9/30, 112, 80, 21, 5, , 
2020/10/1, 110, 67, 16, 7, , 1
2020/4/2, 88, , , , , 
2020/7/1, 60, 38, 18, 7, , 1
2020/1/2, 139, 10, 17, 8, , 35
2020/1/3, 23, 21, 13, 10, , 37
2020/1/4, 50, 39, 6, 10, , 13
2020/1/5, 96, 48, 11, 16, , 62
2020/1/6, 112, 62, 5, 21, , 49
2020/1/7, 142, 92, 6, 22, , 46
2020/1/8, 181, 79, 7, 25, , 53
2020/1/9, 162, 80, 2, 23, , 51
2020/1/10, 159, 52, 8, 15, , 62
2020/1/11, 97, 44, 14, 13, , 50
2020/1/12, 79, 55, 7, 16, , 22
2020/1/13, 108, 18, 12, 9, , 36
2020/1/14, 32, 29, 9, 15, , 44
2020/1/15, 68, 56, 12, 15, , 47
2020/1/16, 108, 52, 6, 13, , 17
2020/1/17, 125, 30, 3, 12, , 24
2020/1/18, 76, 50, 10, 18, , 38
2020/1/19, 119, 53, 7, 12, , 
2020/1/20, 134, 42, 4, 10, , 12
2020/1/21, 115, 43, 12, 13, , 25
2020/1/22, 101, 25, 16, 11, , 53
2020/1/23, 53, 26, 17, 9, , 50
2020/1/24, 52, 12, 22, 5, , 42
2020/1/25, 15, 9, 22, 6, 17, 31
2020/1/26, 25, , 24, 13, 4, 52
2020/1/30, 130, 57, 8, 24, 10, 53
2020/1/31, 108, 60, 19, 22, 4, 45
2020/2/1, 111, 9, 21, 6, , 39
2020/2/2, 15, 10, 20, 8, , 51
2020/2/3, 24, 21, 14, 14, , 32
2020/2/4, 54, 35, 18, 17, , 49
2020/2/5, 74, 42, 12, 18, , 53
2020/2/6, 85, 58, 24, 18, , 43
2020/2/7, 111, 61, 18, 15, , 15
2020/2/8, 98, 18, 22, 5, , 64
2020/2/9, 17, 10, 22, 5, , 44
2020/2/10, 16, 19, 19, 12, , 42
2020/2/11, 44, 39, 16, 17, 1, 42
2020/2/12, 88, 34, 18, 17, , 35
2020/2/13, 77, 16, 18, 15, , 171
2020/2/14, 41, 17, 21, 8, , 
2020/2/15, 23, 26, 10, 21, , 
2020/2/16, 63, 50, 18, 18, , 
2020/2/17, 114, 85, 3, 25, , 
2020/2/18, 162, 69, 6, 24, 1, 
2020/2/19, 136, 78, 7, 26, 2, 
2020/2/20, 156, 87, 10, 23, 1, 
2020/2/21, 162, 75, 6, 22, , 
2020/2/22, 156, 63, 8, 12, , 
2020/2/23, 132, 41, 11, 11, , 
2020/2/24, 73, 36, 9, 14, , 
2020/2/25, 71, 24, 12, 13, , 
2020/2/26, 45, 12, 12, 9, , 
2020/2/27, 29, 58, 16, 21, 3, 
2020/2/28, 110, 63, 22, 17, , 
2020/2/29, 108, 38, 16, 13, , 
2020/3/1, 72, 22, 19, 8, , 
2020/3/2, 44, 25, 18, 7, , 
2020/3/3, 46, 34, 11, 19, , 
2020/3/4, 75, 58, 17, 23, 1, 
2020/3/5, 123, 82, 14, 24, , 
2020/3/6, 152, 75, 18, 17, 8, 
2020/3/7, 154, 72, 16, 17, 6, 
2020/3/8, 135, 91, 17, 18, 4, 
2020/3/9, 144, 121, 15, 15, 1, 5
2020/3/10, 164, 150, 15, 17, , 4
2020/3/11, 168, 107, 15, 22, , 4
2020/3/12, 146, 62, 18, 12, 2, 2
2020/3/13, 93, 53, 14, 13, 1, 3
2020/3/14, 109, 66, 8, 17, , 4
2020/3/15, 137, 15, 17, 5, , 2
2020/3/16, 27, 18, 19, 5, , 1
2020/3/17, 31, 11, 15, 12, , 2
2020/3/18, 37, 23, 6, 10, , 2
2020/3/19, 68, 30, 14, 12, , 3
2020/3/20, 83, 25, 17, 11, , 2
2020/3/21, 66, 22, 14, 7, , 2
2020/3/22, 51, 34, 14, 9, , 2
2020/3/23, 90, 44, 17, 11, , 2
2020/3/24, 100, 41, 17, 12, , 2
2020/3/25, 96, 41, 19, 8, , 1
2020/3/26, 89, 49, 19, 7, , 1
2020/3/27, 79, 83, 19, 12, , 2
2020/3/28, 120, 77, 19, 9, , 2
2020/3/29, 119, 46, 13, 6, , 2
2020/3/30, 87, 22, 19, 6, , 2
2020/3/31, 48, 19, 24, 4, , 1
2020/4/1, 32, 45, 20, 7, , 1
2019/12/4, 102, 33, 22, 11, , 23
2019/12/5, 56, 25, 22, 13, , 35
2019/12/6, 53, 54, 12, 15, , 25
2019/12/7, 110, 77, 5, 19, , 47
2019/12/8, 155, 71, 17, 17, , 21
2019/12/9, 153, 37, 20, 15, , 34
2019/12/10, 71, 62, 7, 19, , 45
2019/12/11, 135, 88, 6, 20, , 29
2019/12/12, 171, 113, 3, 19, , 19
2019/12/13, 201, 91, 9, 18, , 10
2019/12/14, 175, 100, 7, 21, , 58
2019/12/15, 180, 105, 3, 27, , 13
2019/12/16, 189, 65, 18, 17, , 21
2019/12/17, 109, 47, 14, 17, , 34
2019/12/18, 90, 71, 7, 22, , 40
2019/12/19, 149, 113, 28, 19, , 51
2019/12/20, 148, 34, 28, 9, 1, 9
2019/12/21, 50, 100, 5, 19, , 21
2019/12/22, 170, 111, 7, 22, , 38
2019/12/23, 190, 178, 2, 22, , 21
2019/12/24, 239, 167, 1, 30, , 48
2019/12/25, 236, 135, 2, 34, 1, 29
2019/12/26, 188, 116, 2, 30, 1, 39
2019/12/27, 172, 84, 3, 25, 1, 19
2019/12/28, 149, 22, 10, 11, 1, 7
2019/12/29, 34, 62, 1, 16, , 7
2019/12/30, 142, , , , , 
2023/1/12, , 6, 16, 10, 15, 18
2023/2/23, , 7, 27, 9, 20, 25
2022/12/7, , 29, 12, 13, 17, 10
2022/1/4, , 19, 22, 4, 7, 26
2021/11/17, , 82, , 119, , 226
2020/12/8, , 22, , , , 
2020/7/27, , 40, 22, 8, , 1
2020/8/19, , 64, 31, 7, , 
2020/6/30, , 38, 16, 5, , 
2020/1/1, , 67, 9, 13, , 41
2020/1/29, , 68, 11, 22, , 59
2019/12/3, , 52, 11, 22, , 20
2023/1/11, , , 14, 8, 15, 17
2022/12/2, , , 15, 9, 16, 10
2022/12/3, , , 15, 11, 17, 10
2022/12/4, , , 17, 9, 18, 10
2022/12/5, , , 16, 11, 18, 10
2022/12/6, , , 15, 11, 18, 10
2021/11/22, , , 9, 15, 10, 18
2020/11/30, , , 12, 12, 1, 5
2020/6/5, , , 21, 8, , 1
2020/6/6, , , 23, 6, , 
2020/6/7, , , 18, 7, , 1
2020/6/8, , , 22, 10, 1, 1
2020/6/9, , , 19, 9, , 
2020/6/10, , , 18, 10, 1, 1
2020/6/11, , , 20, 12, , 2
2020/6/12, , , 22, 12, 1, 2
2020/6/13, , , 23, 9, 14, 1
2020/6/14, , , 22, 9, 1, 2
2020/6/15, , , 23, 7, , 
2020/6/16, , , 30, 8, , 4
2020/6/17, , , 13, 7, , 1
2020/6/18, , , 14, 7, , 1
2020/6/19, , , 12, 8, , 
2020/6/20, , , 17, 7, , 
2020/6/21, , , 20, 3, , 
2020/6/22, , , 20, 8, , 1
2020/6/23, , , 14, 7, , 2
2020/6/24, , , 19, 8, , 1
2020/6/25, , , 21, 3, , 
2020/6/26, , , 19, 4, , 
2020/6/27, , , 14, 10, , 2
2020/6/28, , , 16, 10, , 1
2020/6/29, , , 20, 9, , 
2020/1/27, , , 22, 17, , 
2020/1/28, , , 8, 25, 2, 61
2021/11/16, , , , , , 234