date, pm25, pm10, o3, no2
2023/4/2, 38, 12, 29, 1
2023/4/3, 24, 12, 32, 4
2023/4/4, 25, 15, 35, 3
2023/4/5, 24, 20, 39, 8
2023/4/6, 35, 19, 39, 6
2023/4/7, 34, 15, 37, 7
2023/4/8, 29, 10, 42, 5
2023/4/9, 14, 8, 42, 4
2023/4/10, 24, 13, 34, 3
2023/4/11, 27, 17, 39, 4
2023/4/12, 25, , , 
2023/1/3, 41, 17, 13, 14
2023/1/4, 58, 15, 15, 10
2023/1/5, 43, 22, 15, 14
2023/1/6, 46, 23, 20, 12
2023/1/7, 52, 10, 24, 6
2023/1/8, 45, 7, 29, 3
2023/1/9, 24, 14, 29, 5
2023/1/10, 35, 19, 21, 10
2023/1/11, 41, 18, 25, 10
2023/1/12, 42, 21, 24, 9
2023/1/13, 39, 19, 26, 12
2023/1/14, 49, 14, 18, 8
2023/1/15, 43, 9, 30, 3
2023/1/16, 25, 11, 31, 4
2023/1/17, 36, 6, 30, 6
2023/1/18, 25, 11, 25, 11
2023/1/19, 39, 6, 23, 9
2023/1/20, 27, 22, 16, 13
2023/1/21, 68, 27, 20, 9
2023/1/22, 96, 19, 15, 5
2023/1/23, 72, 20, 14, 6
2023/1/24, 62, 20, 11, 5
2023/1/25, 56, 23, 11, 7
2023/1/26, 80, 13, 19, 6
2023/1/27, 50, 14, 26, 7
2023/1/28, 35, 10, 21, 5
2023/1/29, 44, 12, 21, 5
2023/1/30, 56, 37, 23, 15
2023/1/31, 88, 20, 27, 10
2023/2/1, 46, 24, 26, 13
2023/2/2, 50, 33, 30, 12
2023/2/3, 59, 36, 26, 14
2023/2/4, 64, 18, 22, 10
2023/2/5, 53, 10, 28, 5
2023/2/6, 38, 16, 22, 7
2023/2/7, 38, 17, 20, 9
2023/2/8, 42, 32, 26, 14
2023/2/9, 66, 50, 23, 20
2023/2/10, 110, 50, 28, 19
2023/2/11, 120, 44, 26, 21
2023/2/12, 125, 46, 32, 19
2023/2/13, 125, 43, 31, 20
2023/2/14, 107, 34, 31, 14
2023/2/15, 94, 26, 30, 13
2023/2/16, 68, 40, 17, 19
2023/2/17, 80, 37, 30, 14
2023/2/18, 71, 22, 32, 12
2023/2/19, 67, 14, 18, 7
2023/2/20, 49, 32, 11, 13
2023/2/21, 66, 29, 25, 9
2023/2/22, 75, 20, 26, 8
2023/2/23, 49, 4, 28, 5
2023/2/24, 22, 7, 28, 8
2023/2/25, 32, 9, 25, 5
2023/2/26, 47, 11, 32, 3
2023/2/27, 31, 11, 25, 5
2023/2/28, 38, 19, 27, 7
2023/3/1, 49, 24, 27, 9
2023/3/2, 67, 41, 29, 13
2023/3/3, 98, 49, 29, 16
2023/3/4, 119, 51, 27, 15
2023/3/5, 136, 34, 33, 9
2023/3/6, 100, 38, 28, 16
2023/3/7, 80, 25, 16, 16
2023/3/8, 93, 12, 30, 8
2023/3/9, 37, 19, 36, 7
2023/3/10, 42, 24, 36, 5
2023/3/11, 43, 10, 21, 2
2023/3/12, 28, 8, 24, 6
2023/3/13, 23, 10, 38, 4
2023/3/14, 32, 20, 36, 2
2023/3/15, 31, 7, 31, 5
2023/3/16, 17, 10, 35, 3
2023/3/17, 16, 16, 32, 5
2023/3/18, 33, 10, 32, 2
2023/3/19, 22, 5, 32, 1
2023/3/20, 12, 10, 36, 9
2023/3/21, 22, 19, 32, 8
2023/3/22, 37, 21, 22, 12
2023/3/23, 51, 22, 29, 11
2023/3/24, 55, 20, 36, 3
2023/3/25, 25, 20, 34, 4
2023/3/26, 30, 17, 37, 1
2023/3/27, 27, 16, 36, 5
2023/3/28, 23, 10, 33, 6
2023/3/29, 20, 19, 30, 8
2023/3/30, 34, 31, 36, 7
2023/3/31, 42, 49, 35, 1
2023/4/1, 53, 20, 36, 
2022/10/2, 18, 10, 23, 2
2022/10/3, 21, 19, 29, 9
2022/10/4, 33, 23, 30, 10
2022/10/5, 33, 17, 30, 9
2022/10/6, 43, 15, 20, 5
2022/10/7, 28, 24, 32, 7
2022/10/8, 39, 17, 30, 3
2022/10/9, 25, 28, 28, 8
2022/10/10, 42, 36, 13, 13
2022/10/11, 58, 21, 11, 9
2022/10/12, 49, 23, 17, 5
2022/10/13, 49, 25, 23, 8
2022/10/14, 51, 14, 16, 4
2022/10/15, 23, 10, 16, 4
2022/10/16, 24, 13, 29, 5
2022/10/17, 35, 24, 21, 10
2022/10/18, 42, 28, 28, 6
2022/10/19, 47, 37, 20, 8
2022/10/20, 56, 21, 21, 7
2022/10/21, 41, 25, 25, 12
2022/10/22, 33, 10, 26, 6
2022/10/23, 22, 18, 29, 4
2022/10/24, 36, 23, 28, 10
2022/10/25, 43, 23, 20, 11
2022/10/26, 38, 26, 23, 13
2022/10/27, 37, 37, 17, 6
2022/10/28, 53, 42, 22, 11
2022/10/29, 55, 34, 23, 8
2022/10/30, 57, 26, 22, 5
2022/10/31, 55, 26, 28, 6
2022/11/1, 49, 18, 26, 5
2022/11/2, 31, 23, 24, 9
2022/11/3, 39, 21, 27, 5
2022/11/4, 45, 16, 27, 4
2022/11/5, 29, 23, 23, 12
2022/11/6, 46, 18, 22, 6
2022/11/7, 41, 17, 20, 7
2022/11/8, 36, 24, 18, 11
2022/11/9, 44, 23, 19, 15
2022/11/10, 55, 20, 16, 8
2022/11/11, 41, 19, 18, 6
2022/11/12, 49, 22, 21, 10
2022/11/13, 69, 22, 16, 11
2022/11/14, 62, 18, 22, 9
2022/11/15, 37, 13, 19, 8
2022/11/16, 33, 18, 26, 7
2022/11/17, 23, 23, 26, 6
2022/11/18, 32, 14, 20, 15
2022/11/19, 31, 18, 25, 9
2022/11/20, 49, 20, 23, 7
2022/11/21, 63, 15, 26, 5
2022/11/22, 37, 12, 26, 10
2022/11/23, 34, 20, 30, 7
2022/11/24, 31, 21, 16, 8
2022/11/25, 40, 20, 23, 13
2022/11/26, 45, 18, 18, 10
2022/11/27, 56, 16, 11, 7
2022/11/28, 59, 16, 24, 13
2022/11/29, 29, 21, 20, 13
2022/12/2, 60, 19, 7, 7
2022/12/3, 62, 19, 11, 7
2022/12/4, 59, 30, 12, 9
2022/12/5, 98, 20, 15, 9
2022/12/6, 57, 22, 9, 8
2022/12/7, 56, 20, 13, 7
2022/12/8, 57, 24, 6, 8
2022/12/9, 68, 18, 16, 6
2022/12/10, 67, , 14, 
2022/12/11, 85, 28, 17, 9
2022/12/12, 86, 44, 14, 11
2022/12/13, 100, , 12, 10
2022/12/14, 44, 30, 15, 15
2022/12/15, 66, 12, 11, 6
2022/12/16, 37, 17, 18, 6
2022/12/17, 53, 21, 12, 11
2022/12/18, 68, 9, 14, 3
2022/12/19, 50, 15, 20, 6
2022/12/20, 44, 14, 19, 6
2022/12/21, 40, 11, 21, 9
2022/12/22, 32, 21, 27, 6
2022/12/23, 50, 14, 26, 9
2022/12/24, 40, 12, 21, 7
2022/12/25, 35, 12, 11, 5
2022/12/26, 56, 13, 22, 8
2022/12/27, 46, 18, 13, 11
2022/12/28, 57, 15, 19, 8
2022/12/29, 47, 10, 23, 9
2022/12/30, 35, 9, 22, 7
2022/12/31, 32, 11, 19, 4
2023/1/1, 42, 17, 17, 2
2023/1/2, 53, 15, 24, 12
2022/7/2, 30, 10, 37, 5
2022/7/3, 29, 8, 31, 1
2022/7/4, 19, 14, 33, 2
2022/7/5, 29, 21, 41, 3
2022/7/6, 32, 23, 42, 3
2022/7/7, 31, 24, 32, 4
2022/7/8, 36, 16, 37, 3
2022/7/9, 30, 15, 39, 2
2022/7/10, 28, 13, 40, 2
2022/7/11, 32, 13, 42, 4
2022/7/12, 35, 13, 43, 4
2022/7/13, 25, 19, 45, 7
2022/7/14, 32, 14, 58, 4
2022/7/15, 37, 18, 54, 3
2022/7/16, 37, 13, 46, 2
2022/7/17, 35, 9, 51, 3
2022/7/18, 27, 18, 58, 7
2022/7/19, 38, 53, 36, 3
2022/7/20, 97, 19, 30, 2
2022/7/21, 29, 18, 38, 3
2022/7/22, 37, 22, 33, 2
2022/7/23, 34, 17, 45, 2
2022/7/24, 38, 11, 47, 2
2022/7/25, 30, 17, 34, 1
2022/7/26, 22, 14, 29, 2
2022/7/27, 24, 16, 37, 4
2022/7/28, 22, 16, 35, 3
2022/7/29, 24, 17, 33, 3
2022/7/30, 27, 7, 29, 2
2022/7/31, 17, 11, 34, 1
2022/8/1, 20, 15, 32, 2
2022/8/2, 29, 22, 44, 4
2022/8/3, 22, 23, 53, 7
2022/8/4, 29, 26, 35, 3
2022/8/5, 36, 24, 39, 2
2022/8/6, 32, 14, 49, 2
2022/8/7, 29, 11, 48, 1
2022/8/8, 38, 13, 50, 3
2022/8/9, 21, 23, 57, 4
2022/8/10, 42, 19, 59, 5
2022/8/11, 36, 24, 65, 6
2022/8/12, 48, 36, 60, 8
2022/8/13, 63, 24, 51, 2
2022/8/14, 53, 16, 33, 1
2022/8/15, 42, 24, 45, 2
2022/8/16, 51, 24, 40, 4
2022/8/17, 50, 11, 27, 4
2022/8/18, 19, 14, 38, 5
2022/8/19, 26, 13, 26, 2
2022/8/20, 18, 4, 19, 2
2022/8/21, 14, 4, 20, 2
2022/8/22, 13, 9, 17, 2
2022/8/23, 10, 5, 24, 3
2022/8/24, 13, 12, 38, 7
2022/8/25, 16, 14, 31, 3
2022/8/26, 24, 13, 39, 2
2022/8/27, 19, 10, 41, 3
2022/8/28, 24, 9, 44, 4
2022/8/29, 25, 19, 41, 9
2022/8/30, 29, 18, 43, 7
2022/8/31, 35, 19, 42, 3
2022/9/1, 36, 18, 40, 1
2022/9/2, 35, 13, 32, 5
2022/9/3, 29, 12, 36, 2
2022/9/4, 28, 12, 40, 2
2022/9/5, 31, 20, 37, 5
2022/9/6, 36, 19, 32, 4
2022/9/7, 31, 18, 32, 5
2022/9/8, 30, 11, 26, 6
2022/9/9, 23, 15, 27, 6
2022/9/10, 25, 12, 31, 4
2022/9/11, 29, 7, 28, 3
2022/9/12, 20, 15, 38, 9
2022/9/13, 28, 17, 27, 5
2022/9/14, 39, 27, 32, 5
2022/9/15, 46, 26, 27, 4
2022/9/16, 89, 22, 34, 2
2022/9/17, 48, 8, 33, 2
2022/9/18, 23, 8, 32, 3
2022/9/19, 17, 21, 35, 3
2022/9/20, 19, 21, 33, 2
2022/9/21, 18, 17, 34, 4
2022/9/22, 19, 23, 36, 10
2022/9/23, 30, 29, 31, 12
2022/9/24, 49, 12, 33, 4
2022/9/25, 32, 8, 30, 2
2022/9/26, 24, 27, 31, 6
2022/9/27, 31, 17, 29, 3
2022/9/28, 31, 10, 26, 3
2022/9/29, 17, 10, 24, 4
2022/9/30, 24, 11, 27, 5
2022/10/1, 24, 9, 20, 3
2022/4/2, 18, 10, 36, 2
2022/4/3, 19, 14, 31, 6
2022/4/4, 35, 20, 40, 8
2022/4/5, 52, 24, 35, 10
2022/4/9, 86, 13, 33, 4
2022/4/10, 16, 10, 36, 4
2022/4/11, 19, 17, 34, 3
2022/4/12, 24, 20, 32, 6
2022/4/13, 33, 13, 33, 5
2022/4/14, 26, 23, 39, 6
2022/4/15, 32, 27, 38, 8
2022/4/16, 30, 17, 40, 6
2022/4/17, 29, 12, 38, 4
2022/4/18, 18, 14, 35, 1
2022/4/19, 33, 14, 32, 4
2022/4/20, 21, 11, 27, 6
2022/4/21, 23, 25, 30, 9
2022/4/22, 54, 24, 33, 5
2022/4/23, 53, 11, 32, 4
2022/4/24, 28, 27, 36, 1
2022/4/25, 49, 25, 36, 5
2022/4/26, 46, 18, 37, 6
2022/4/27, 38, 18, 30, 5
2022/4/28, 36, 14, 32, 4
2022/4/29, 37, 16, 36, 3
2022/4/30, 28, 25, 46, 2
2022/5/1, 56, 19, 41, 3
2022/5/2, 46, 26, 38, 5
2022/5/3, 28, 27, 41, 3
2022/5/4, 36, 24, 35, 4
2022/5/5, 32, 23, 36, 3
2022/5/6, 25, 20, 36, 2
2022/5/7, 19, 17, 38, 2
2022/5/8, 29, 11, 37, 1
2022/5/9, 17, 18, 44, 6
2022/5/10, 27, 30, 45, 8
2022/5/11, 35, 29, 39, 4
2022/5/12, 46, 18, 29, 4
2022/5/13, 19, 19, 37, 3
2022/5/14, 21, 19, 39, 4
2022/5/15, 27, 20, 33, 3
2022/5/16, 32, 18, 33, 5
2022/5/17, 27, 21, 35, 5
2022/5/18, 29, 19, 40, 6
2022/5/19, 24, 23, 33, 4
2022/5/20, 33, 27, 32, 3
2022/5/21, 42, 20, 39, 4
2022/5/22, 27, 30, 36, 5
2022/5/23, 50, 24, 33, 1
2022/5/24, 23, 15, 31, 2
2022/5/25, 81, 13, 29, 3
2022/5/26, 11, 10, 30, 1
2022/5/27, 14, 9, 32, 1
2022/5/28, 13, 11, 40, 1
2022/5/29, 10, 11, 37, 1
2022/5/30, 17, 14, 42, 2
2022/5/31, 13, 21, 38, 4
2022/6/1, 19, 12, 36, 4
2022/6/2, 15, 22, 39, 4
2022/6/3, 23, 19, 34, 5
2022/6/4, 24, 14, 33, 2
2022/6/5, 26, 15, 36, 
2022/6/6, 18, 11, 32, 2
2022/6/7, 15, 18, 26, 1
2022/6/8, 16, 13, 24, 3
2022/6/9, 8, 18, 23, 4
2022/6/10, 16, 15, 34, 4
2022/6/11, 12, 13, 39, 2
2022/6/12, 12, 16, 42, 3
2022/6/13, 22, 19, 42, 2
2022/6/14, 21, 18, 59, 7
2022/6/15, 19, 25, 49, 7
2022/6/16, 34, 28, 64, 9
2022/6/17, 37, 32, 52, 10
2022/6/18, 44, 35, 66, 7
2022/6/19, 49, 28, 33, 2
2022/6/20, 43, 15, 38, 3
2022/6/21, 21, 17, 32, 3
2022/6/22, 26, 10, 35, 3
2022/6/23, 14, 12, 35, 3
2022/6/24, 13, , , 
2022/6/28, 23, 11, 29, 2
2022/6/29, 27, 13, 23, 4
2022/6/30, 28, 8, 24, 4
2022/7/1, 23, 11, 34, 7
2022/1/4, 35, 14, 25, 8
2022/1/5, 29, 21, 20, 12
2022/1/6, 47, 39, 16, 23
2022/1/7, 85, 20, 26, 10
2022/1/8, 44, 16, 32, 4
2022/1/9, 36, 20, 29, 6
2022/1/10, 50, 8, 22, 9
2022/1/11, 24, 16, 16, 10
2022/1/12, 47, 16, 15, 9
2022/1/13, 52, 26, 13, 11
2022/1/14, 79, 32, 11, 11
2022/1/15, 83, 46, 1, 14
2022/1/16, 170, 47, 7, 12
2022/1/17, 143, 31, 14, 11
2022/1/18, 92, 21, 8, 12
2022/1/19, 67, 24, 7, 13
2022/1/20, 69, 15, 16, 10
2022/1/21, 61, 18, 24, 8
2022/1/22, 39, 16, 24, 9
2022/1/23, 40, 27, 18, 10
2022/1/24, 74, 41, 14, 17
2022/1/25, 128, 57, 8, 20
2022/1/26, 142, 62, 11, 14
2022/1/27, 136, 23, 14, 8
2022/1/28, 67, 28, 14, 13
2022/1/29, 82, 13, 10, 6
2022/1/30, 56, 11, 15, 7
2022/1/31, 45, 11, 28, 6
2022/2/1, 23, 23, 30, 10
2022/2/2, 37, 9, 28, 8
2022/2/3, 18, 15, 23, 9
2022/2/4, 35, 16, 24, 13
2022/2/5, 35, 18, 29, 8
2022/2/6, 34, 16, 30, 5
2022/2/7, 47, 19, 30, 5
2022/2/8, 31, 21, 25, 12
2022/2/9, 53, 32, 26, 17
2022/2/10, 56, 40, 28, 14
2022/2/11, 79, 18, 25, 8
2022/2/12, 42, 18, 21, 13
2022/2/13, 63, 26, 27, 9
2022/2/14, 70, 12, 30, 5
2022/2/15, 24, 14, 31, 10
2022/2/16, 30, 11, 30, 2
2022/2/17, 23, 7, 25, 3
2022/2/18, 14, 15, 28, 4
2022/2/19, 23, 17, 30, 7
2022/2/20, 34, 15, 30, 3
2022/2/21, 29, 34, 32, 2
2022/2/22, 58, 35, 30, 7
2022/2/23, 57, 28, 29, 14
2022/2/24, 47, 25, 32, 9
2022/2/25, 72, 25, 29, 11
2022/2/26, 29, 14, 29, 9
2022/2/27, 42, 19, 27, 6
2022/2/28, 33, 32, 26, 16
2022/3/1, 51, 34, 33, 14
2022/3/2, 49, 17, 28, 6
2022/3/3, 36, 13, 24, 7
2022/3/4, 19, 13, 29, 4
2022/3/5, 21, 14, 33, 4
2022/3/6, 23, 17, 34, 4
2022/3/7, 49, 28, 30, 10
2022/3/8, 64, 17, 24, 9
2022/3/9, 46, 10, 28, 9
2022/3/10, 26, 14, 25, 9
2022/3/11, 34, 14, 26, 10
2022/3/12, 35, 9, 33, 7
2022/3/13, 17, 11, 35, 4
2022/3/14, 17, 9, 31, 4
2022/3/15, 19, 21, 34, 3
2022/3/16, 25, 38, 29, 6
2022/3/17, 46, 25, 22, 5
2022/3/18, 32, 21, 20, 5
2022/3/19, 43, 27, 35, 7
2022/3/20, 47, 20, 31, 3
2022/3/21, 44, 13, 38, 5
2022/3/22, 20, 25, 40, 5
2022/3/23, 41, 21, 43, 6
2022/3/24, 43, 21, 42, 9
2022/3/25, 52, 24, 38, 13
2022/3/26, 49, 17, 42, 7
2022/3/27, 41, 27, 42, 8
2022/3/28, 55, 35, 36, 12
2022/3/29, 56, 48, 29, 12
2022/3/30, 66, 35, 34, 6
2022/3/31, 56, 23, 35, 4
2022/4/1, 49, 13, 34, 3
2021/10/2, 22, 8, 22, 5
2021/10/3, 22, 9, 26, 4
2021/10/4, 26, 12, , 6
2021/10/31, 27, 6, 22, 3
2021/11/1, 20, 9, 30, 2
2021/11/2, 19, 8, 31, 7
2021/11/3, 17, 9, 24, 9
2021/11/4, 26, 20, 11, 11
2021/11/5, 59, 17, 17, 10
2021/11/6, 64, 13, 24, 6
2021/11/7, 43, 17, 22, 9
2021/11/8, 47, 18, 21, 6
2021/11/9, 40, 24, 23, 11
2021/11/10, 57, 27, 13, 11
2021/11/11, 78, 28, 12, 10
2021/11/12, 86, 36, 19, 10
2021/11/13, 90, 17, 24, 7
2021/11/14, 48, 11, 16, 3
2021/11/15, 29, 11, 12, 4
2021/11/16, 45, 15, 11, 4
2021/11/17, 52, 22, 12, 10
2021/11/18, 45, 21, 18, 8
2021/11/19, 68, 19, 12, 8
2021/11/20, 74, 37, 12, 11
2021/11/21, 105, 30, 7, 7
2021/11/22, 110, 13, 11, 7
2021/11/23, 46, 15, 13, 5
2021/11/24, 32, 12, 13, 7
2021/11/25, 47, 15, 18, 4
2021/11/26, 58, 16, 11, 8
2021/11/27, 54, 7, , 4
2021/11/28, 22, 9, 25, 3
2021/11/29, 30, 17, 18, 11
2021/11/30, 45, 23, 10, 11
2021/12/1, 78, 13, 24, 9
2021/12/2, 37, 11, 20, 9
2021/12/3, 27, 12, 27, 9
2021/12/4, 30, 10, 29, 2
2021/12/5, 23, 8, 27, 2
2021/12/6, 23, 16, 26, 11
2021/12/7, 34, 13, 25, 8
2021/12/8, 37, 10, 26, 14
2021/12/9, 25, 7, 25, 14
2021/12/10, 22, 14, 31, 3
2021/12/11, 32, 18, 22, 13
2021/12/12, 56, 13, 16, 7
2021/12/13, 47, 22, 18, 9
2021/12/14, 51, 45, 4, 13
2021/12/15, 114, 18, 2, 8
2021/12/16, 62, , 5, 9
2021/12/17, 45, 33, 5, 11
2021/12/18, 73, 30, 8, 14
2021/12/19, 98, 35, 8, 11
2021/12/20, 126, 28, 5, 11
2021/12/21, 88, 40, 3, 13
2021/12/22, 109, 26, 14, 11
2021/12/23, 92, 17, 14, 7
2021/12/24, 52, 14, 11, 7
2021/12/25, 46, 21, 10, 11
2021/12/26, 58, 16, 20, 8
2021/12/27, 51, 17, 28, 3
2021/12/28, 37, 12, 31, 1
2021/12/29, 27, 15, 26, 4
2021/12/30, 29, 12, 18, 8
2021/12/31, 28, 19, 7, 11
2022/1/1, 46, 27, 5, 9
2022/1/2, 74, 20, 24, 8
2022/1/3, 48, 14, 17, 9
2021/7/2, 26, 12, 34, 4
2021/7/3, 30, 4, 24, 1
2021/7/4, 21, 3, 19, 1
2021/7/5, 16, 6, 26, 5
2021/7/6, 15, 15, 26, 3
2021/7/7, 22, 12, 21, 3
2021/7/8, 19, 8, 21, 4
2021/7/9, 16, 10, 34, 6
2021/7/10, 22, 6, 22, 3
2021/7/11, 19, 5, 25, 2
2021/7/12, 21, 8, 19, 1
2021/7/13, 16, 6, 22, 2
2021/7/14, 19, 9, 26, 
2021/7/15, 25, 8, 24, 2
2021/7/16, 22, 10, 32, 2
2021/7/17, 27, 5, 36, 1
2021/7/18, 26, 13, 35, 1
2021/7/19, 46, 18, 35, 5
2021/7/20, 37, 30, 46, 6
2021/7/21, 52, 26, 51, 3
2021/7/22, 59, 21, 49, 7
2021/7/23, 58, 17, 33, 3
2021/7/24, 46, 7, 25, 1
2021/7/25, 18, 12, 40, 1
2021/7/26, 34, 16, 36, 3
2021/7/27, 42, 19, 30, 5
2021/7/28, 42, 14, 28, 3
2021/7/29, 21, 10, 30, 5
2021/7/30, 22, 16, 21, 2
2021/7/31, 18, 6, 23, 4
2021/8/1, 19, 4, 24, 2
2021/8/2, 13, 7, 26, 4
2021/8/3, 20, 10, 26, 6
2021/8/4, 16, 5, 23, 3
2021/8/5, 15, 10, 26, 3
2021/8/6, 18, 12, 26, 2
2021/8/7, 21, 9, 26, 2
2021/8/8, 19, 6, 25, 2
2021/8/9, 18, 9, 28, 6
2021/8/10, 28, 15, 35, 4
2021/8/11, 26, 13, 37, 3
2021/8/12, 29, 17, 24, 6
2021/8/13, 46, 11, 36, 2
2021/8/14, 38, 15, 42, 3
2021/8/15, 46, 10, 29, 
2021/8/16, 34, 12, 23, 2
2021/8/17, 19, 17, 32, 3
2021/8/18, 33, 14, 29, 6
2021/8/19, 28, 6, 26, 3
2021/8/20, 34, 7, 34, 4
2021/8/21, 21, 5, 27, 2
2021/8/22, 25, 7, 24, 3
2021/8/23, 22, 8, 30, 3
2021/8/24, 17, 6, 33, 2
2021/8/25, 22, 10, 35, 3
2021/8/26, 25, 11, 42, 4
2021/8/27, 34, 11, 36, 2
2021/8/28, 24, 8, 33, 2
2021/8/29, 17, 6, 34, 2
2021/8/30, 19, 6, 31, 3
2021/8/31, 24, 8, 36, 3
2021/9/1, 28, 11, 38, 6
2021/9/2, 35, 15, 29, 9
2021/9/3, 35, 10, 31, 8
2021/9/4, 36, 11, 41, 5
2021/9/5, 43, 11, 41, 4
2021/9/6, 38, 11, 41, 9
2021/9/7, 35, 14, 39, 6
2021/9/8, 39, 16, 29, 5
2021/9/9, 52, 9, 24, 7
2021/9/10, 22, 10, 33, 5
2021/9/11, 21, 6, 35, 5
2021/9/12, 26, 6, 35, 4
2021/9/13, 18, 12, 35, 9
2021/9/14, 32, 19, 26, 7
2021/9/15, 42, 17, 29, 5
2021/9/16, 33, 14, 33, 3
2021/9/17, 35, 13, 31, 8
2021/9/18, 25, 8, 23, 8
2021/9/19, 21, 7, 31, 3
2021/9/20, 18, 10, 26, 3
2021/9/21, 15, 13, 31, 4
2021/9/22, 36, 16, 23, 10
2021/9/23, 46, 18, 37, 9
2021/9/24, 43, 17, 35, 13
2021/9/25, 42, 10, 35, 7
2021/9/26, 34, 10, 36, 5
2021/9/27, 29, 16, 30, 7
2021/9/28, 27, 17, 25, 11
2021/9/29, 24, , , 
2021/10/1, 25, 15, 27, 10
2021/4/2, 45, 32, 42, 9
2021/4/3, 52, 19, 34, 2
2021/4/4, 48, 9, 36, 2
2021/4/5, 32, 18, 39, 3
2021/4/6, 50, 18, 37, 2
2021/4/7, 29, 18, 36, 7
2021/4/8, 43, 34, 40, 7
2021/4/9, 68, 19, 32, 5
2021/4/10, 41, 8, 32, 2
2021/4/11, 23, 7, 36, 1
2021/4/12, 26, 7, 36, 3
2021/4/13, 24, 10, 37, 5
2021/4/14, 64, 9, 39, 3
2021/4/15, 27, 13, 40, 4
2021/4/16, 37, 17, 39, 4
2021/4/17, 40, 13, 35, 3
2021/4/18, 48, 13, 39, 2
2021/4/19, 47, 20, 41, 10
2021/4/20, 48, 27, 41, 8
2021/4/21, 42, 17, 44, 6
2021/4/22, 39, 9, 43, 4
2021/4/23, 24, 13, 49, 6
2021/4/24, 30, 8, 52, 4
2021/4/25, 24, 7, 43, 3
2021/4/26, 22, 11, 29, 9
2021/4/27, 33, 12, 30, 7
2021/4/28, 35, 20, 42, 3
2021/4/29, 34, 13, 36, 7
2021/4/30, 18, 12, 39, 6
2021/5/1, 30, 10, 41, 1
2021/5/2, 37, 8, 41, 3
2021/5/3, 29, 16, 42, 6
2021/5/4, 22, 24, 37, 7
2021/5/5, 21, 13, 34, 1
2021/5/6, 17, 9, 33, 4
2021/5/7, 21, 10, 31, 4
2021/5/8, 18, 9, 38, 4
2021/5/9, 21, 11, 30, 3
2021/5/10, 27, 12, 34, 5
2021/5/11, 16, 10, 35, 3
2021/5/12, 19, 13, 36, 4
2021/5/13, 20, 10, 30, 2
2021/5/14, 22, 9, 35, 1
2021/5/15, 18, 2, 30, 1
2021/5/16, 9, 12, 31, 1
2021/5/17, 18, 17, 33, 2
2021/5/18, 32, 12, 33, 6
2021/5/19, 28, 10, 32, 4
2021/5/20, 14, 15, 33, 6
2021/5/21, 17, 13, 29, 4
2021/5/22, 23, 8, 31, 2
2021/5/23, 21, 8, 34, 1
2021/5/24, 17, 12, 35, 2
2021/5/25, 24, 20, 32, 3
2021/5/26, 34, 22, 31, 5
2021/5/27, 43, 14, 39, 4
2021/5/28, 25, 18, 47, 7
2021/5/29, 29, 10, 36, 3
2021/5/30, 24, 8, 41, 2
2021/5/31, 26, 16, 43, 7
2021/6/1, 24, 15, 34, 5
2021/6/2, 36, 20, 43, 4
2021/6/3, 46, 16, 34, 5
2021/6/4, 43, 6, 31, 4
2021/6/5, 22, 10, 37, 2
2021/6/6, 20, 7, 39, 1
2021/6/7, 18, 14, 43, 5
2021/6/8, 22, 11, 45, 5
2021/6/9, 27, 22, 47, 6
2021/6/10, 29, 12, 34, 2
2021/6/11, 22, 20, 42, 4
2021/6/12, 33, 17, 45, 3
2021/6/13, 44, 13, 42, 3
2021/6/14, 38, 17, 43, 3
2021/6/15, 28, 23, 49, 8
2021/6/16, 35, 20, 46, 11
2021/6/17, 47, 12, 31, 6
2021/6/18, 37, 10, 34, 4
2021/6/19, 24, 5, 29, 3
2021/6/20, 19, 5, 32, 2
2021/6/21, 17, 10, 26, 3
2021/6/22, 13, 9, 25, 3
2021/6/23, 13, 12, 26, 5
2021/6/24, 20, 8, 31, 1
2021/6/25, 29, 14, 35, 4
2021/6/26, 29, 9, 38, 3
2021/6/27, 27, 3, 22, 1
2021/6/28, 13, 8, 29, 4
2021/6/29, 20, 7, 29, 3
2021/6/30, 13, 11, 30, 4
2021/7/1, 21, 11, 33, 3
2021/1/5, 57, 22, 9, 8
2021/1/6, 88, 32, 6, 11
2021/1/7, 103, 31, 12, 10
2021/1/8, 100, 29, 13, 13
2021/1/9, 98, 19, 15, 7
2021/1/10, 61, 11, 20, 3
2021/1/11, 49, 26, 20, 13
2021/1/12, 65, 20, 24, 13
2021/1/13, 45, 5, 26, 8
2021/1/14, 18, 7, 28, 9
2021/1/15, 16, 14, 24, 6
2021/1/16, 31, 26, 21, 11
2021/1/17, 72, 21, 27, 5
2021/1/18, 35, 43, 19, 16
2021/1/19, 105, 27, 12, 15
2021/1/20, 71, 14, 22, 6
2021/1/21, 39, 9, 30, 10
2021/1/22, 21, 9, 29, 6
2021/1/23, 23, 10, 29, 3
2021/1/24, 28, 5, 30, 3
2021/1/25, 15, 14, 27, 12
2021/1/26, 30, 17, 19, 12
2021/1/27, 59, 12, 20, 11
2021/1/28, 26, 9, 19, 6
2021/1/29, 20, 24, 28, 4
2021/1/30, 39, 15, 32, 2
2021/1/31, 40, 9, 32, 1
2021/2/1, 35, 24, 34, 3
2021/2/2, 54, 12, 25, 11
2021/2/3, 28, 15, 29, 8
2021/2/4, 41, 14, 22, 11
2021/2/5, 37, 10, 22, 7
2021/2/6, 33, 8, 24, 3
2021/2/7, 33, 6, 25, 4
2021/2/8, 18, 6, 28, 5
2021/2/9, 19, 6, 26, 7
2021/2/10, 20, 8, 25, 12
2021/2/11, 23, 13, 13, 6
2021/2/12, 46, 11, 17, 6
2021/2/13, 39, 23, 13, 8
2021/2/14, 84, 17, 28, 5
2021/2/15, 65, 12, 27, 4
2021/2/16, 20, 18, 29, 5
2021/2/17, 29, 14, 24, 11
2021/2/18, 37, 17, 28, 6
2021/2/19, 32, 23, 35, 5
2021/2/20, 50, 26, 33, 2
2021/2/21, 53, 19, 35, 1
2021/2/22, 47, 21, 29, 6
2021/2/23, 42, 14, 26, 8
2021/2/24, 33, 35, 23, 5
2021/2/25, 68, 28, 28, 5
2021/2/26, 53, 36, 25, 6
2021/2/27, 71, 14, 30, 3
2021/2/28, 49, 17, 27, 5
2021/3/1, 58, 33, 33, 7
2021/3/2, 69, 34, 28, 8
2021/3/3, 69, 43, 25, 11
2021/3/4, 76, 48, 28, 10
2021/3/5, 91, 22, 25, 5
2021/3/6, 56, 19, 22, 6
2021/3/7, 62, 24, 24, 8
2021/3/8, 68, 27, 27, 6
2021/3/9, 76, 35, 34, 8
2021/3/10, 98, 31, 33, 11
2021/3/11, 82, 15, 28, 5
2021/3/12, 23, 17, 32, 8
2021/3/13, 35, 15, 33, 2
2021/3/14, 34, 10, 30, 2
2021/3/15, 26, 14, 32, 3
2021/3/16, 28, 14, 29, 6
2021/3/17, 28, 15, 31, 4
2021/3/18, 62, 14, 29, 6
2021/3/19, 36, 9, 28, 4
2021/3/20, 27, 9, 33, 4
2021/3/21, 35, 13, 31, 4
2021/3/22, 56, 21, 34, 6
2021/3/23, 60, 23, 34, 10
2021/3/24, 57, 28, 38, 12
2021/3/25, 50, 17, 29, 9
2021/3/26, 34, 22, 33, 7
2021/3/27, 37, 15, 36, 8
2021/3/28, 31, 16, 38, 8
2021/3/29, 53, 16, 40, 9
2021/3/30, 38, 19, 37, 7
2021/3/31, 39, 28, 36, 6
2021/4/1, 44, 26, 38, 7
2020/10/2, 18, 5, 27, 6
2020/10/3, 13, 9, 27, 2
2020/10/4, 24, 5, 24, 4
2020/10/5, 18, 11, 23, 7
2020/10/6, 22, 6, 22, 4
2020/10/7, 16, 16, 24, 7
2020/10/8, 32, 17, 20, 8
2020/10/9, 28, 18, 23, 8
2020/10/10, 34, 8, 23, 4
2020/10/11, 16, 9, 24, 5
2020/10/12, 16, 8, 22, 8
2020/10/13, 19, 8, 23, 6
2020/10/14, 16, 6, 18, 8
2020/10/15, 18, 15, 16, 8
2020/10/16, 54, 23, 23, 10
2020/10/17, 55, 16, 19, 10
2020/10/18, 45, 8, 20, 7
2020/10/19, 49, 18, 26, 7
2020/10/20, 45, 12, 26, 5
2020/10/21, 31, 24, 27, 12
2020/10/22, 26, 24, 17, 11
2020/10/23, 45, 10, 24, 7
2020/10/24, 18, 12, 22, 6
2020/10/25, 21, 8, 22, 6
2020/10/26, 19, 10, 21, 11
2020/10/27, 21, 9, 20, 9
2020/10/28, 18, 16, 26, 8
2020/10/29, 31, 32, 22, 12
2020/10/30, 49, 28, 20, 13
2020/10/31, 61, 23, 20, 10
2020/11/1, 59, 19, 14, 7
2020/11/2, 55, 22, 26, 6
2020/11/3, 41, 15, 25, 8
2020/11/4, 36, 20, 23, 10
2020/11/5, 60, 13, 15, 8
2020/11/6, 39, 21, 22, 7
2020/11/7, 51, 17, 22, 5
2020/11/8, 51, 8, 21, 3
2020/11/9, 25, 25, 14, 11
2020/11/10, 45, 31, 17, 12
2020/11/11, 58, 25, 18, 7
2020/11/12, 53, 23, 15, 12
2020/11/13, 50, 33, 16, 14
2020/11/14, 64, 17, 19, 8
2020/11/15, 52, 11, 24, 3
2020/11/16, 36, 34, 19, 14
2020/11/17, 60, 32, 18, 14
2020/11/18, 62, 31, 16, 12
2020/11/19, 48, 27, 26, 11
2020/11/20, 49, 31, 22, 13
2020/11/21, 56, 23, 17, 11
2020/11/22, 75, 38, 18, 11
2020/11/23, 169, 57, 9, 18
2020/11/24, 127, 50, 12, 13
2020/11/25, 122, 34, 21, 13
2020/11/26, 81, 21, 22, 13
2020/11/27, 61, 17, 23, 9
2020/11/28, 47, 12, 21, 6
2020/11/29, 50, 21, 17, 9
2020/11/30, 87, 25, 12, 10
2020/12/1, 82, 36, 15, 14
2020/12/2, 83, 25, 17, 12
2020/12/3, 52, 10, 24, 11
2020/12/4, 24, 8, 26, 13
2020/12/5, 20, 6, 23, 7
2020/12/6, 24, 12, 22, 8
2020/12/7, 35, 8, 28, 10
2020/12/8, 39, 8, 23, 11
2020/12/9, 37, , 13, 15
2020/12/10, 33, 15, 19, 12
2020/12/11, 29, 12, 27, 4
2020/12/12, 31, 13, 27, 6
2020/12/13, 34, 11, 17, 3
2020/12/14, 44, 14, 15, 7
2020/12/15, 34, 13, 19, 14
2020/12/16, 33, 12, 18, 8
2020/12/17, 31, 22, 15, 15
2020/12/18, 45, 13, 11, 6
2020/12/19, 41, 12, 14, 9
2020/12/20, 43, 14, 24, 9
2020/12/21, 44, 7, 15, 8
2020/12/22, 30, 10, 9, 7
2020/12/23, 29, 12, 26, 6
2020/12/24, 39, 11, 26, 3
2020/12/25, 23, 9, 24, 1
2020/12/26, 27, 14, 20, 10
2020/12/27, 44, 6, 29, 2
2020/12/28, 20, 12, 29, 4
2020/12/29, 32, 11, 24, 11
2020/12/30, 32, 8, 23, 12
2020/12/31, 19, 9, 27, 10
2021/1/1, 26, 22, 17, 6
2021/1/2, 71, 14, 21, 6
2021/1/3, 54, 13, 19, 5
2021/1/4, 46, 14, 17, 6
2020/7/2, 15, 16, 23, 1
2020/7/3, 14, 10, 22, 4
2020/7/4, 16, 6, 24, 3
2020/7/5, 17, 6, 18, 1
2020/7/6, 18, 23, 27, 1
2020/7/7, 20, 17, 33, 3
2020/7/8, 28, 15, 39, 6
2020/7/9, 27, 21, 34, 7
2020/7/10, 32, 9, 13, 1
2020/7/11, 11, 6, 37, 2
2020/7/12, 16, 6, 40, 2
2020/7/13, 14, 14, 46, 2
2020/7/14, 22, 8, 37, 1
2020/7/15, 19, 13, 23, 1
2020/7/16, 25, 13, 19, 2
2020/7/17, 17, 13, 28, 4
2020/7/18, 27, 11, 34, 4
2020/7/19, 32, 16, 39, 4
2020/7/20, 40, 25, 42, 7
2020/7/21, 40, 19, 31, 4
2020/7/22, 38, 17, 35, 4
2020/7/23, 48, 26, 45, 7
2020/7/24, 46, 17, 32, 1
2020/7/25, 24, 4, 24, 1
2020/7/26, 14, 3, 15, 1
2020/7/27, 14, 15, 25, 5
2020/7/28, 22, 8, 18, 2
2020/7/29, 18, 17, 39, 6
2020/7/30, 26, 21, 34, 11
2020/7/31, 40, 31, 27, 6
2020/8/1, 55, 6, 14, 1
2020/8/2, 16, 3, 23, 
2020/8/3, 15, 6, 20, 1
2020/8/4, 10, 11, 34, 3
2020/8/5, 14, 11, 43, 5
2020/8/6, 17, 16, 48, 12
2020/8/7, 23, 20, 54, 13
2020/8/8, 42, 15, 28, 2
2020/8/9, 42, 13, 33, 3
2020/8/10, 45, 17, 26, 5
2020/8/11, 51, 17, 27, 6
2020/8/12, 50, 11, 24, 8
2020/8/13, 37, 4, 17, 4
2020/8/14, 18, 8, 28, 3
2020/8/15, 21, 5, 34, 5
2020/8/16, 21, 6, 23, 1
2020/8/17, 20, 8, 21, 5
2020/8/18, 20, 5, 21, 5
2020/8/19, 13, 8, 28, 8
2020/8/20, 18, 15, 33, 7
2020/8/21, 23, 8, 21, 3
2020/8/22, 21, 11, 25, 2
2020/8/23, 27, 5, 26, 2
2020/8/24, 19, 7, 32, 4
2020/8/25, 16, 14, 29, 5
2020/8/26, 17, 11, 28, 2
2020/8/27, 19, 13, 24, 4
2020/8/28, 20, 17, 24, 1
2020/8/29, 16, 3, 25, 3
2020/8/30, 12, 4, 30, 1
2020/8/31, 14, 6, 31, 7
2020/9/1, 16, 8, 37, 5
2020/9/2, 15, 13, 37, 9
2020/9/3, 18, 16, 46, 13
2020/9/4, 24, 17, 53, 16
2020/9/5, 32, 11, 31, 4
2020/9/6, 30, 8, 28, 2
2020/9/7, 19, 10, 31, 3
2020/9/8, 16, 14, 38, 9
2020/9/9, 23, 19, 43, 10
2020/9/10, 29, 18, 31, 7
2020/9/11, 21, 14, 25, 3
2020/9/12, 18, 9, 23, 4
2020/9/13, 22, 9, 37, 6
2020/9/14, 21, 16, 45, 10
2020/9/15, 33, 24, 37, 8
2020/9/16, 55, 23, 44, 8
2020/9/17, 48, 18, 46, 12
2020/9/18, 48, 23, 33, 11
2020/9/19, 55, 8, 27, 5
2020/9/20, 29, 3, 28, 1
2020/9/21, 18, 7, 23, 5
2020/9/22, 26, 9, 31, 8
2020/9/23, 34, 11, 29, 5
2020/9/24, 27, 12, 27, 5
2020/9/25, 17, 7, 26, 3
2020/9/26, 18, 8, 21, 4
2020/9/27, 17, 8, 25, 3
2020/9/28, 19, 11, 25, 2
2020/9/29, 20, 12, 27, 11
2020/9/30, 24, 12, 28, 9
2020/10/1, 32, 9, 26, 7
2020/4/2, 31, 14, 41, 6
2020/4/3, 43, 15, 36, 4
2020/4/4, 46, 11, 39, 4
2020/4/5, 38, 9, 37, 1
2020/4/6, 35, 10, 38, 3
2020/4/7, 44, 13, 42, 5
2020/4/8, 56, 12, 38, 3
2020/4/9, 47, 13, 42, 5
2020/4/10, 50, 11, 41, 4
2020/4/11, 45, 13, 41, 3
2020/4/12, 50, 12, 30, 1
2020/4/13, 49, 12, 41, 1
2020/4/14, 51, 11, 36, 2
2020/4/15, 36, 13, 40, 3
2020/4/16, 32, 13, 36, 2
2020/4/17, 38, 12, 29, 3
2020/4/18, 32, 8, 27, 3
2020/4/19, 25, 5, 22, 2
2020/4/20, 27, 6, 24, 2
2020/4/21, 30, 8, 24, 2
2020/4/22, 40, 29, 31, 3
2020/4/23, 79, 23, 30, 3
2020/4/24, 50, 17, 33, 4
2020/4/25, 43, 11, 28, 3
2020/4/26, 41, 11, 31, 2
2020/4/27, 50, 9, 31, 3
2020/4/28, 38, 10, 33, 4
2020/4/29, 25, 8, 29, 3
2020/4/30, 19, 8, 30, 2
2020/5/1, 20, 4, 24, 
2020/5/2, 14, 5, 14, 
2020/5/3, 14, 5, 18, 
2020/5/4, 18, 4, 27, 3
2020/5/5, 18, 9, 34, 2
2020/5/6, 19, 9, 36, 3
2020/5/7, 15, 7, 34, 4
2020/5/8, 19, 9, 31, 2
2020/5/9, 27, 10, 26, 4
2020/5/10, 36, 6, 31, 1
2020/5/11, 25, 3, 28, 2
2020/5/12, 9, 9, 21, 4
2020/5/13, 28, 8, 17, 4
2020/5/14, 28, 12, 27, 3
2020/5/15, 22, 15, 36, 3
2020/5/16, 33, 14, 45, 2
2020/5/17, 30, 13, 45, 2
2020/5/18, 25, 15, 43, 4
2020/5/19, 28, 15, 44, 4
2020/5/20, 20, 18, 47, 7
2020/5/21, 22, 16, 41, 4
2020/5/22, 40, 16, 32, 4
2020/5/23, 37, 10, 27, 1
2020/5/24, 24, 9, 33, 2
2020/5/25, 21, 8, 33, 3
2020/5/26, 19, 13, 38, 4
2020/5/27, 21, 10, 43, 4
2020/5/28, 21, 15, 46, 7
2020/5/29, 23, 13, 46, 5
2020/5/30, 28, 12, 43, 4
2020/5/31, 26, 11, 40, 4
2020/6/1, 26, 11, 31, 3
2020/6/2, 31, 10, 45, 6
2020/6/3, 21, 28, 48, 7
2020/6/4, 31, 14, 38, 5
2020/6/5, 29, 9, 30, 2
2020/6/6, 15, 5, 23, 
2020/6/7, 13, 5, 28, 2
2020/6/8, 13, 8, 26, 5
2020/6/9, 14, 18, 29, 5
2020/6/10, 19, 14, 31, 7
2020/6/11, 31, 7, 20, 8
2020/6/12, 30, 7, 26, 4
2020/6/13, 12, 9, 29, 2
2020/6/14, 22, 10, 32, 2
2020/6/15, 23, 15, 29, 4
2020/6/16, 24, 11, 27, 5
2020/6/17, 21, 6, 27, 3
2020/6/18, 17, 6, 24, 6
2020/6/19, 16, 7, 26, 5
2020/6/20, 15, 5, 25, 3
2020/6/21, 15, 6, 22, 2
2020/6/22, 18, 11, 33, 2
2020/6/23, 26, 13, 39, 7
2020/6/24, 30, 18, 49, 13
2020/6/25, 38, 27, 32, 6
2020/6/26, 57, 14, 32, 4
2020/6/27, 42, 5, 23, 2
2020/6/28, 19, 4, 18, 1
2020/6/29, 14, 12, 26, 1
2020/6/30, 15, 11, 25, 4
2020/7/1, 23, 10, 12, 2
2020/1/3, 68, 20, 19, 10
2020/1/4, 67, 21, 22, 14
2020/1/5, 39, 17, 21, 11
2020/1/6, 70, 27, 6, 14
2020/1/7, 71, 19, 5, 11
2020/1/8, 76, 23, 11, 13
2020/1/9, 58, 23, 32, 16
2020/1/10, 54, 23, 30, 12
2020/1/11, 40, 48, 21, 13
2020/1/12, 86, 39, 15, 19
2020/1/13, 91, 26, 19, 12
2020/1/14, 56, 23, 23, 10
2020/1/15, 47, 23, 21, 9
2020/1/16, 43, 24, 23, 12
2020/1/17, 42, 20, 25, 7
2020/1/18, 27, 10, 21, 14
2020/1/19, 38, 10, 26, 7
2020/1/20, 24, 7, 23, 2
2020/1/21, 31, 14, 15, 5
2020/1/22, 43, 14, 16, 9
2020/1/23, 40, 18, 24, 12
2020/1/24, 45, 25, 14, 9
2020/1/25, 63, 30, 14, 11
2020/1/26, 79, 30, 25, 13
2020/1/27, 72, 29, 19, 10
2020/1/28, 44, 13, 32, 11
2020/1/29, 37, 20, 24, 8
2020/1/30, 48, 26, 25, 14
2020/1/31, 17, 7, 25, 10
2020/2/1, 26, 1, 25, 3
2020/2/2, 24, , 18, 
2020/2/3, 24, , 23, 
2020/2/4, 44, 38, 31, 14
2020/2/5, 29, 18, 24, 5
2020/2/6, 49, 35, 23, 12
2020/2/7, 43, 25, 22, 10
2020/2/8, 53, 23, 20, 12
2020/2/9, 50, 15, 9, 9
2020/2/10, 51, 8, , 5
2020/2/25, 60, 20, 33, 9
2020/2/26, 26, 8, 32, 4
2020/2/27, 29, 9, 29, 4
2020/2/28, 31, 8, 19, 5
2020/2/29, 66, 62, 34, 12
2020/3/1, 51, 23, 33, 3
2020/3/2, 28, 10, 35, 3
2020/3/3, 19, 5, 25, 1
2020/3/4, 10, 4, 20, 6
2020/3/5, 19, 5, 34, 9
2020/3/6, 34, 15, 33, 3
2020/3/7, 24, 9, 28, 3
2020/3/8, 33, 13, 30, 9
2020/3/9, 31, 9, 30, 4
2020/3/10, 35, 13, 30, 5
2020/3/11, 50, 16, 26, 8
2020/3/12, 23, 12, 29, 8
2020/3/13, 41, 17, 31, 10
2020/3/14, 37, 21, 30, 10
2020/3/15, 42, 18, 32, 10
2020/3/16, 52, 12, 28, 7
2020/3/17, 26, 13, 26, 6
2020/3/18, 38, 14, 30, 7
2020/3/19, 66, 22, 36, 9
2020/3/20, 74, 19, 40, 9
2020/3/21, 58, 11, 41, 5
2020/3/22, 55, 14, 33, 3
2020/3/23, 76, 24, 32, 3
2020/3/24, 66, 20, 35, 4
2020/3/25, 70, 21, 34, 4
2020/3/26, 29, 9, 39, 2
2020/3/27, 67, 20, 39, 3
2020/3/28, 81, 19, 44, 7
2020/3/29, 89, 27, , 5
2020/3/30, 136, 40, , 4
2019/7/2, 40, 21, 28, 5
2019/7/3, 43, 18, 50, 7
2019/7/4, 43, 17, 54, 9
2019/7/5, 47, 26, 61, 8
2019/7/6, 52, 15, 48, 4
2019/7/7, 41, 12, 42, 1
2019/7/8, 38, 18, 51, 6
2019/7/9, 45, 16, 45, 6
2019/7/10, 35, 17, 45, 7
2019/7/11, 20, 23, 47, 8
2019/7/12, 28, 13, 43, 3
2019/7/13, 27, 8, 41, 2
2019/7/14, 23, 11, 40, 3
2019/7/15, 24, 13, 37, 3
2019/7/16, 37, 23, 49, 7
2019/7/17, 34, 20, 43, 4
2019/7/18, 33, 19, 28, 3
2019/7/19, 30, 13, 32, 7
2019/7/20, 28, 10, 22, 2
2019/7/21, 22, 8, 33, 1
2019/7/22, 24, 20, 45, 7
2019/7/23, 34, 28, 54, 10
2019/7/24, 57, 32, 58, 8
2019/7/25, 60, 32, 52, 7
2019/7/26, 58, 13, 28, 7
2019/7/27, 25, 6, 24, 4
2019/7/28, 19, 11, 28, 3
2019/7/29, 21, 11, 34, 6
2019/7/30, 22, 18, 28, 4
2019/7/31, 27, 17, 37, 6
2019/8/1, 23, 11, 36, 7
2019/8/2, 21, 12, 39, 6
2019/8/3, 27, 12, 47, 5
2019/8/4, 29, 10, 38, 2
2019/8/5, 29, 44, 29, 4
2019/8/6, 24, 14, 31, 5
2019/8/7, 30, 10, 25, 4
2019/8/8, 26, 8, 36, 6
2019/8/9, 21, 15, 30, 4
2019/8/10, 25, 21, 28, 4
2019/8/11, 41, 10, 31, 3
2019/8/12, 26, 11, 30, 5
2019/8/13, 19, 13, 31, 7
2019/8/14, 24, 10, 33, 5
2019/8/15, 22, 7, 28, 2
2019/8/16, 18, 9, 33, 5
2019/8/17, 21, 7, 26, 3
2019/8/18, 19, 5, 23, 3
2019/8/19, 17, 11, 33, 4
2019/8/20, 21, 11, 32, 5
2019/8/21, 20, 9, 37, 4
2019/8/22, 18, 15, 43, 4
2019/8/23, 27, 14, 47, 11
2019/8/24, 36, 14, 58, 11
2019/8/25, 47, 17, 51, 3
2019/8/26, 50, 20, 48, 6
2019/8/27, 49, 20, 38, 6
2019/8/28, 51, 15, 37, 2
2019/8/29, 39, 10, 36, 5
2019/8/30, 28, 17, 52, 7
2019/8/31, 32, 12, 34, 4
2019/9/1, 29, 5, 27, 3
2019/9/2, 16, 33, 34, 4
2019/9/3, 18, 49, 44, 10
2019/9/4, 29, 23, 38, 7
2019/9/5, 22, 26, 30, 6
2019/9/6, 24, 20, 36, 8
2019/9/7, 20, 13, 28, 6
2019/9/8, 18, 6, 32, 3
2019/9/9, 14, 18, 33, 11
2019/9/10, 18, 9, 28, 7
2019/9/11, 21, 12, 44, 7
2019/9/12, 20, 14, 43, 6
2019/9/13, 25, 16, 42, 14
2019/9/14, 22, 17, 33, 15
2019/9/15, 36, 12, 46, 16
2019/9/16, 33, 26, 52, 14
2019/9/17, 52, 24, 52, 12
2019/9/18, 41, 14, 41, 5
2019/9/19, 23, 18, 41, 8
2019/9/20, 25, 20, 49, 11
2019/9/21, 31, 16, 35, 6
2019/9/22, 39, 9, 28, 4
2019/9/23, 23, 16, 20, 12
2019/9/24, 26, 14, 26, 9
2019/9/25, 28, 13, 24, 8
2019/9/26, 25, 19, 27, 8
2019/9/27, 39, 17, 28, 8
2019/9/28, 33, 15, 33, 8
2019/9/29, 30, 10, 26, 8
2019/9/30, 26, 11, 27, 9
2019/10/1, 21, 14, 27, 10
2019/10/2, 28, 10, 25, 5
2019/10/3, 17, 12, 24, 10
2019/10/4, 22, 16, 25, 9
2019/10/5, 30, 16, 22, 8
2019/10/6, 30, 12, 24, 5
2019/10/7, 25, , , 
2019/4/2, 44, 34, 42, 6
2019/4/3, 59, 9, 39, 6
2019/4/4, 14, 7, 36, 10
2019/4/5, 13, 8, 33, 8
2019/4/6, 18, 7, 34, 7
2019/4/7, 18, 6, 37, 8
2019/4/8, 31, 10, 30, 12
2019/4/9, 30, 15, 38, 13
2019/4/10, 36, 18, 41, 8
2019/4/11, 34, 28, 37, 5
2019/4/12, 90, 30, 44, 9
2019/4/13, 87, 26, 45, 10
2019/4/14, 89, 12, 43, 5
2019/4/15, 59, 14, 38, 10
2019/4/16, 44, 12, 37, 5
2019/4/17, 26, 9, 40, 7
2019/4/18, 22, 12, 40, 8
2019/4/19, 27, 20, 53, 10
2019/4/20, 37, 12, 53, 8
2019/4/21, 40, 10, 46, 5
2019/4/22, 32, 17, 41, 5
2019/4/23, 45, 23, 39, 7
2019/4/24, 44, 9, 38, 7
2019/4/25, 10, 9, 38, 8
2019/4/26, 11, 13, 36, 5
2019/4/27, 22, 15, 40, 2
2019/4/28, 28, 14, 36, 3
2019/4/29, 34, 10, 37, 7
2019/4/30, 30, 8, 41, 7
2019/5/1, 14, 14, 45, 5
2019/5/2, 48, 21, 40, 7
2019/5/3, 44, 7, 38, 5
2019/5/4, 15, 8, 36, 5
2019/5/5, 17, 7, 35, 4
2019/5/6, 25, 17, 42, 11
2019/5/7, 39, 14, 40, 12
2019/5/8, 31, 9, 33, 5
2019/5/9, 25, 17, 34, 3
2019/5/10, 38, 11, 28, 6
2019/5/11, 25, 9, 35, 1
2019/5/12, 19, 6, 43, 3
2019/5/13, 23, 7, 40, 5
2019/5/14, 16, 8, 44, 6
2019/5/15, 16, 7, 46, 5
2019/5/16, 18, 9, 45, 8
2019/5/17, 18, 14, 41, 7
2019/5/18, 27, 10, 41, 3
2019/5/19, 24, 10, 36, 7
2019/5/20, 30, 15, 34, 8
2019/5/21, 36, 14, 40, 6
2019/5/22, 40, 12, 48, 9
2019/5/23, 40, 15, 49, 11
2019/5/24, 5, 12, 39, 3
2019/5/25, 31, 8, 33, 1
2019/5/26, 20, 6, 28, 1
2019/5/27, 17, 10, 25, 2
2019/5/28, 11, 12, 27, 2
2019/5/29, 20, 15, 25, 5
2019/5/30, 20, 6, 27, 3
2019/5/31, 16, 7, 36, 7
2019/6/1, 20, 8, 45, 10
2019/6/2, 28, 12, 45, 5
2019/6/3, 35, 10, 29, 3
2019/6/4, 25, 18, 32, 6
2019/6/5, 27, 6, 27, 9
2019/6/6, 16, 9, 32, 7
2019/6/7, 19, 18, 36, 3
2019/6/8, 26, 15, 37, 4
2019/6/9, 29, 7, 38, 1
2019/6/10, 19, 7, 34, 
2019/6/11, 17, 5, 33, 4
2019/6/12, 11, 7, 33, 4
2019/6/13, 15, 12, 39, 7
2019/6/14, 20, 7, 31, 2
2019/6/15, 14, 7, 32, 1
2019/6/16, 14, 8, 37, 4
2019/6/17, 24, 11, 35, 9
2019/6/18, 21, 16, 47, 9
2019/6/19, 38, 13, 33, 4
2019/6/20, 34, 9, 29, 2
2019/6/21, 16, 11, 23, 6
2019/6/22, 25, 12, 33, 8
2019/6/23, 23, 8, 41, 3
2019/6/24, 23, 20, 43, 7
2019/6/25, 45, 21, 39, 7
2019/6/26, 56, 22, 49, 10
2019/6/27, 46, 32, 56, 10
2019/6/28, 61, 24, 34, 5
2019/6/29, 49, 16, 36, 4
2019/6/30, 53, 8, 31, 2
2019/7/1, 30, 19, 27, 4
2019/1/2, 39, 11, 22, 5
2019/1/3, 35, 22, 20, 10
2019/1/4, 49, 25, 18, 13
2019/1/5, 59, 28, 19, 11
2019/1/6, 83, 23, 20, 6
2019/1/7, 80, 34, 13, 14
2019/1/8, 81, 27, 20, 12
2019/1/9, 62, 18, 22, 8
2019/1/10, 51, 19, 22, 8
2019/1/11, 48, 34, 17, 17
2019/1/12, 61, 25, 16, 15
2019/1/13, 58, 8, 28, 4
2019/1/14, 18, 13, 27, 7
2019/1/15, 13, 29, 22, 17
2019/1/16, 63, 45, 15, 19
2019/1/17, 113, 19, 23, 19
2019/1/18, 32, 23, 18, 19
2019/1/19, 66, 14, 18, 12
2019/1/20, 55, 19, 22, 9
2019/1/21, 61, 11, 20, 6
2019/1/22, 41, 16, 19, 14
2019/1/23, 49, 12, 31, 8
2019/1/24, 22, 20, 26, 12
2019/1/25, 49, 22, 17, 16
2019/1/26, 42, 15, 30, 13
2019/1/27, 28, 15, 32, 1
2019/1/28, 35, 9, 30, 7
2019/1/29, 25, 18, 35, 11
2019/1/30, 48, 12, 30, 14
2019/1/31, 28, 12, 25, 9
2019/2/1, 29, 11, 32, 14
2019/2/2, 24, 11, 28, 6
2019/2/3, 30, 16, 28, 9
2019/2/4, 33, 30, 18, 17
2019/2/5, 83, 18, 21, 18
2019/2/6, 17, 12, 19, 15
2019/2/7, 29, 20, 29, 12
2019/2/8, 35, 18, 23, 12
2019/2/9, 39, 17, 28, 10
2019/2/10, 42, 14, 35, 3
2019/2/11, 31, 17, 26, 13
2019/2/12, 34, 35, 21, 18
2019/2/13, 66, 19, 22, 17
2019/2/14, 66, 19, 29, 10
2019/2/15, 69, 19, 26, 14
2019/2/16, 60, 28, 29, 15
2019/2/17, 75, 16, 30, 6
2019/2/18, 64, 20, 31, 7
2019/2/19, 44, 24, 21, 10
2019/2/20, 70, 26, 23, 15
2019/2/21, 76, 43, 28, 19
2019/2/22, 105, 49, 27, 22
2019/2/23, 103, 29, 29, 15
2019/2/24, 78, 25, 24, 10
2019/2/25, 79, 41, 27, 20
2019/2/26, 107, 48, 33, 23
2019/2/27, 100, 36, 35, 19
2019/2/28, 91, 30, 35, 5
2019/3/1, 59, 16, 35, 7
2019/3/2, 29, 16, 34, 6
2019/3/3, 37, 14, 32, 7
2019/3/4, 33, 25, 35, 3
2019/3/5, 34, 19, 34, 11
2019/3/6, 31, 15, 30, 8
2019/3/7, 38, 14, 34, 8
2019/3/8, 23, 11, 32, 10
2019/3/9, 22, 8, 27, 4
2019/3/10, 18, 12, 33, 2
2019/3/11, 26, 18, 34, 12
2019/3/12, 29, 25, 36, 11
2019/3/13, 43, 13, 34, 4
2019/3/14, 27, 9, 34, 5
2019/3/15, 25, 6, 32, 5
2019/3/16, 17, 10, 37, 10
2019/3/17, 27, 14, 37, 3
2019/3/18, 31, 13, 34, 10
2019/3/19, 27, 7, 34, 6
2019/3/20, 21, 14, 38, 9
2019/3/21, 40, 20, 38, 15
2019/3/22, 51, 27, 42, 18
2019/3/23, 65, 22, 46, 17
2019/3/24, 66, 20, 46, 10
2019/3/25, 66, 24, 36, 5
2019/3/26, 60, 12, 37, 6
2019/3/27, 30, 18, 39, 7
2019/3/28, 51, 20, 39, 9
2019/3/29, 60, 24, 40, 16
2019/3/30, 51, 15, 43, 6
2019/3/31, 33, 11, 41, 8
2019/4/1, 33, 25, 37, 15
2018/10/2, 27, 24, 29, 9
2018/10/3, 32, 14, 22, 7
2018/10/4, 26, 14, 25, 14
2018/10/5, 26, 25, 39, 20
2018/10/6, 43, 24, 33, 13
2018/10/7, 49, 8, 25, 2
2018/10/8, 17, 14, 15, 7
2018/10/9, 45, 24, 16, 14
2018/10/10, 59, 15, 29, 15
2018/10/11, 40, 18, 16, 11
2018/10/12, 33, 22, 24, 14
2018/10/13, 47, 16, 30, 4
2018/10/14, 42, 11, 27, 3
2018/10/15, 31, 8, 31, 7
2018/10/16, 20, 14, 29, 10
2018/10/17, 39, 16, 22, 10
2018/10/18, 38, 25, 25, 15
2018/10/19, 66, 28, 32, 10
2018/10/20, 65, 28, 33, 8
2018/10/21, 76, 23, 32, 11
2018/10/22, 70, 20, 28, 8
2018/10/23, 51, 14, 22, 7
2018/10/24, 34, 26, 25, 13
2018/10/25, 50, 23, 15, 12
2018/10/26, 47, 19, 9, 11
2018/10/27, 46, 12, 24, 5
2018/10/28, 36, 9, 18, 4
2018/10/29, 40, 9, 9, 6
2018/10/30, 39, 15, 22, 12
2018/10/31, 42, 19, 14, 13
2018/11/1, 52, 11, 25, 8
2018/11/2, 31, 12, 25, 9
2018/11/3, 27, 21, 20, 13
2018/11/4, 64, 22, 21, 10
2018/11/5, 76, 27, 14, 17
2018/11/6, 53, 8, 18, 11
2018/11/7, 34, 15, 22, 13
2018/11/8, 35, 19, 20, 10
2018/11/9, 39, 17, 26, 14
2018/11/10, 29, 9, 23, 8
2018/11/11, 26, 14, 19, 8
2018/11/12, 35, 12, 19, 13
2018/11/13, 33, 19, 21, 17
2018/11/14, 46, 23, 14, 12
2018/11/15, 64, 27, 15, 14
2018/11/16, 67, 31, 19, 14
2018/11/17, 76, 24, 20, 8
2018/11/18, 68, 21, 26, 6
2018/11/19, 36, 22, 19, 8
2018/11/20, 62, 32, 14, 12
2018/11/21, 84, 45, 10, 15
2018/11/22, 117, 21, 18, 12
2018/11/23, 60, 21, 16, 16
2018/11/24, 64, 14, 13, 11
2018/11/25, 55, 11, 28, 7
2018/11/26, 36, 22, 8, 12
2018/11/27, 65, 29, 1, 19
2018/11/28, 58, 20, 11, 14
2018/11/29, 62, 26, 11, 19
2018/11/30, 51, 18, 23, 17
2018/12/1, 32, 14, 22, 9
2018/12/2, 26, 12, 25, 6
2018/12/3, 23, 11, 20, 9
2018/12/4, 23, 24, 23, 16
2018/12/5, 32, 21, 13, 13
2018/12/6, 50, 13, 27, 8
2018/12/7, 22, 18, 25, 11
2018/12/8, 24, 23, 29, 9
2018/12/9, 25, 30, 33, 2
2018/12/10, 43, 41, 26, 21
2018/12/11, 55, 41, 18, 20
2018/12/12, 107, 38, 18, 20
2018/12/13, 88, 14, 12, 12
2018/12/14, 54, 30, 7, 10
2018/12/15, 88, 23, 5, 9
2018/12/16, 81, 14, 27, 12
2018/12/17, 24, 19, 25, 18
2018/12/18, 30, 16, 16, 10
2018/12/19, 41, 14, 23, 17
2018/12/20, 26, 15, 24, 17
2018/12/21, 27, 13, 23, 11
2018/12/22, 25, 5, 24, 5
2018/12/23, 16, 7, 20, 9
2018/12/24, 18, 15, 15, 9
2018/12/25, 51, 19, 14, 9
2018/12/26, 66, 13, 12, 11
2018/12/27, 66, 21, 12, 11
2018/12/28, 58, 22, 17, 11
2018/12/29, 54, 24, 9, 9
2018/12/30, 81, 25, 12, 8
2018/12/31, 81, , , 
2018/7/2, 35, 9, 44, 3
2018/7/3, 29, 16, 39, 4
2018/7/4, 41, 13, 36, 6
2018/7/5, 30, 16, 42, 5
2018/7/6, 34, 19, 35, 6
2018/7/7, 39, 12, 42, 5
2018/7/8, 35, 16, 50, 5
2018/7/9, 50, 25, 63, 8
2018/7/10, 55, 21, 45, 7
2018/7/11, 44, 18, 46, 7
2018/7/12, 43, 20, 45, 4
2018/7/13, 37, 23, 55, 10
2018/7/14, 45, 19, 52, 6
2018/7/15, 47, 18, 52, 8
2018/7/16, 62, 17, 38, 6
2018/7/17, 37, 13, 27, 5
2018/7/18, 27, 11, 29, 5
2018/7/19, 31, 18, 44, 8
2018/7/20, 41, 14, 37, 2
2018/7/21, 29, 10, 30, 2
2018/7/22, 24, 7, 27, 2
2018/7/23, 24, 14, 45, 8
2018/7/24, 32, 22, 44, 8
2018/7/25, 45, 14, 40, 3
2018/7/26, 36, 23, 60, 9
2018/7/27, 39, 13, 31, 3
2018/7/28, 36, 11, 23, 1
2018/7/29, 26, 16, 28, 2
2018/7/30, 29, 15, 35, 5
2018/7/31, 32, 12, 26, 3
2018/8/1, 24, 12, 33, 1
2018/8/2, 18, 17, 46, 6
2018/8/3, 28, 22, 70, 9
2018/8/4, 47, 21, 78, 6
2018/8/5, 51, 19, 72, 4
2018/8/6, 52, 21, 68, 11
2018/8/7, 50, 31, 37, 5
2018/8/8, 50, 13, 31, 5
2018/8/9, 24, 10, 29, 2
2018/8/10, 17, 12, 32, 6
2018/8/11, 22, 11, 38, 6
2018/8/12, 19, 13, 40, 8
2018/8/13, 37, 23, 22, 2
2018/8/14, 18, 10, 20, 1
2018/8/15, 16, 9, 34, 3
2018/8/16, 26, 19, 34, 6
2018/8/17, 37, 12, 28, 1
2018/8/18, 22, 13, 35, 2
2018/8/19, 24, 13, 39, 2
2018/8/20, 27, 15, 34, 3
2018/8/21, 32, 13, 37, 4
2018/8/22, 25, 20, 47, 7
2018/8/23, 45, 29, 29, 2
2018/8/24, 38, 9, 25, 1
2018/8/25, 21, 16, 24, 5
2018/8/26, 26, 10, 28, 5
2018/8/27, 25, 11, 24, 6
2018/8/28, 23, 14, 45, 8
2018/8/29, 26, 16, 32, 2
2018/8/30, 34, 13, 35, 5
2018/8/31, 34, 14, 30, 3
2018/9/1, 33, 12, 42, 7
2018/9/2, 30, 10, 43, 7
2018/9/3, 31, 13, 48, 9
2018/9/4, 34, 13, 45, 6
2018/9/5, 31, 23, 34, 10
2018/9/6, 41, 14, 28, 6
2018/9/7, 46, 16, 35, 6
2018/9/8, 36, 12, 38, 10
2018/9/9, 30, 12, 26, 13
2018/9/10, 46, 15, 36, 6
2018/9/11, 37, 18, 45, 13
2018/9/12, 39, 26, 43, 12
2018/9/13, 52, 30, 26, 3
2018/9/14, 26, 14, 29, 4
2018/9/15, 25, 11, 38, 9
2018/9/16, 29, 13, 42, 12
2018/9/17, 46, 23, 36, 15
2018/9/18, 49, 23, 34, 11
2018/9/19, 56, 17, 32, 6
2018/9/20, 35, 21, 38, 9
2018/9/21, 45, 18, 21, 6
2018/9/22, 35, 13, 28, 7
2018/9/23, 26, 10, 19, 4
2018/9/24, 28, 7, 27, 3
2018/9/25, 15, 11, 32, 13
2018/9/26, 25, 28, 40, 19
2018/9/27, 45, 26, 38, 9
2018/9/28, 40, 26, 40, 9
2018/9/29, 55, 18, 40, 5
2018/9/30, 49, 16, 37, 6
2018/10/1, 41, 17, 31, 4
2018/5/16, 31, 16, 41, 4
2018/5/17, 37, 22, 38, 3
2018/5/18, 57, 22, 47, 7
2018/5/19, 51, 22, 48, 7
2018/5/20, 48, 21, 48, 6
2018/5/21, 46, 15, 43, 5
2018/5/22, 52, 18, 45, 7
2018/5/23, 43, 19, 53, 9
2018/5/24, 59, 27, 47, 9
2018/5/25, 48, 21, 40, 14
2018/5/26, 48, 16, 34, 11
2018/5/27, 39, 14, 40, 8
2018/5/28, 29, 10, 37, 5
2018/5/29, 34, 13, 39, 8
2018/5/30, 36, 15, 37, 6
2018/5/31, 41, 16, 36, 9
2018/6/1, 26, 15, 37, 7
2018/6/2, 29, 14, 40, 7
2018/6/3, 32, 12, 35, 6
2018/6/4, 33, 11, 32, 6
2018/6/5, 36, 15, 30, 7
2018/6/6, 16, 9, 32, 4
2018/6/7, 16, 8, 33, 5
2018/6/8, 28, 10, 36, 7
2018/6/9, 28, 12, 33, 12
2018/6/10, 30, 11, 34, 5
2018/6/11, 27, 11, 31, 4
2018/6/12, 20, 9, 30, 5
2018/6/13, 25, 9, 36, 6
2018/6/14, 46, 17, 28, 4
2018/6/15, 39, 16, 23, 4
2018/6/16, 27, 10, 33, 6
2018/6/17, 28, 15, 30, 5
2018/6/18, 22, 12, 25, 3
2018/6/19, 27, 13, 35, 6
2018/6/20, 24, 14, 46, 5
2018/6/21, 36, 17, 37, 11
2018/6/22, 55, 27, 39, 9
2018/6/23, 29, 17, 39, 5
2018/6/24, 22, 12, 36, 4
2018/6/25, 26, 12, 42, 4
2018/6/26, 32, 14, 47, 7
2018/6/27, 33, 16, 45, 9
2018/6/28, 49, 23, 50, 7
2018/6/29, 44, 19, 64, 5
2018/6/30, 42, 20, 50, 11
2018/7/1, 51, 20, 47, 7
2022/11/30, , 18, 13, 8
2022/12/1, , 20, 12, 7
2022/4/6, , 10, 28, 4
2022/4/7, , 12, 29, 2
2022/4/8, , 22, 34, 5
2022/6/27, , 11, 26, 3
2021/10/5, , 13, , 5
2021/10/6, , 15, , 8
2021/10/7, , 16, , 11
2021/10/8, , 14, , 7
2021/10/9, , 9, , 6
2021/10/10, , 15, , 8
2021/10/11, , 19, , 6
2021/10/12, , 17, , 5
2021/10/13, , 19, , 9
2021/10/14, , 11, , 10
2021/10/15, , 23, , 13
2021/10/16, , 18, , 16
2021/10/17, , 18, , 14
2021/10/18, , 18, , 11
2021/10/19, , 16, , 7
2021/10/20, , 17, , 7
2021/10/21, , 19, , 7
2021/10/22, , 12, , 8
2021/10/23, , 10, , 9
2021/10/24, , 17, , 12
2021/10/25, , 15, , 13
2021/10/26, , 15, , 12
2021/10/27, , 23, , 12
2021/10/28, , 19, , 11
2021/10/29, , 16, , 7
2021/10/30, , 11, 26, 5
2021/9/30, , 12, 30, 10
2020/4/1, , 20, 33, 4
2020/1/2, , 19, 17, 7
2020/2/11, , 26, , 3
2020/2/12, , 28, , 6
2020/2/13, , 17, , 14
2020/2/14, , 19, , 7
2020/2/15, , 42, , 15
2020/2/16, , 29, , 15
2020/2/17, , 10, , 5
2020/2/18, , 10, , 5
2020/2/19, , 13, , 12
2020/2/20, , 15, , 13
2020/2/21, , 19, , 11
2020/2/22, , 19, , 9
2020/2/23, , 22, , 13
2020/2/24, , 18, 34, 8
2019/1/1, , 7, 22, 4
2018/4/2, , 14, , 7
2018/4/3, , 11, , 4
2018/4/4, , 15, , 8
2018/4/5, , 19, , 6
2018/4/6, , 20, , 7
2018/4/7, , 16, , 8
2018/4/19, , 25, , 17
2018/4/20, , 23, , 8
2018/4/21, , 21, , 12
2018/4/22, , 27, , 15
2018/4/23, , 34, , 5
2018/4/24, , 30, , 4
2018/4/25, , 21, , 6
2018/4/26, , 21, , 3
2018/4/27, , 14, , 8
2018/4/28, , 30, , 8
2018/4/29, , 14, , 8
2018/4/30, , 9, , 3
2018/5/1, , 7, , 7
2018/5/2, , 12, , 7
2018/5/3, , 13, , 11
2018/5/4, , 11, , 5
2018/5/5, , 17, , 7
2018/5/6, , 19, , 6
2018/5/7, , 25, , 5
2018/5/8, , 23, , 6
2018/5/9, , 30, , 1
2018/5/10, , 17, , 2
2018/5/11, , 12, , 2
2018/5/12, , 17, , 6
2018/5/13, , 13, , 3
2018/5/14, , 7, , 3
2018/5/15, , 10, 39, 6
2018/1/2, , 22, , 7
2018/1/3, , 12, , 2
2018/1/4, , 20, , 2
2018/1/5, , 16, , 13
2018/1/6, , 8, , 10
2018/1/7, , 9, , 6
2018/1/8, , 15, , 13
2018/1/9, , 17, , 13
2018/1/10, , 15, , 15
2018/1/11, , 13, , 17
2018/1/12, , 17, , 15
2018/1/13, , 17, , 9
2018/1/14, , 11, , 7
2018/1/15, , 10, , 10
2018/1/16, , 7, , 3
2018/1/17, , 7, , 10
2018/1/18, , 17, , 6
2018/1/19, , 12, , 8
2018/1/20, , 12, , 4
2018/1/21, , 7, , 1
2018/1/22, , 3, , 7
2018/1/23, , 10, , 16
2018/1/24, , 15, 10, 12
2018/1/25, , 13, 20, 11
2018/1/26, , 11, 23, 18
2018/1/27, , 13, 17, 11
2018/1/28, , 20, 11, 11
2018/1/29, , 26, 16, 11
2018/1/30, , 10, 10, 14
2018/1/31, , 19, , 
2018/2/6, , 13, , 13
2018/2/7, , 23, , 12
2018/2/8, , 26, , 14
2018/2/9, , 27, , 18
2018/2/10, , 28, , 17
2018/2/11, , 27, , 4
2018/2/12, , 15, , 16
2018/2/13, , 24, , 13
2018/2/14, , 21, , 13
2018/2/15, , 12, , 13
2018/2/16, , 18, , 14
2018/2/17, , 14, , 7
2018/2/18, , 16, , 12
2018/2/19, , 18, , 10
2018/2/20, , 12, , 4
2018/2/21, , 12, , 6
2018/2/22, , 21, , 9
2018/2/23, , 48, , 11
2018/2/24, , 34, , 13
2018/2/25, , 37, , 7
2018/2/26, , 36, , 8
2018/2/27, , 20, , 10
2018/2/28, , 21, , 12
2018/3/1, , 28, , 7
2018/3/2, , 9, , 7
2018/3/3, , 21, , 12
2018/3/4, , 14, , 9
2018/3/5, , 11, , 9
2018/3/6, , 12, , 10
2018/3/7, , 13, , 13
2018/3/8, , 15, , 13
2018/3/9, , 15, , 8
2018/3/10, , 19, , 7
2018/3/11, , 11, , 4
2018/3/12, , 13, , 4
2018/3/13, , 20, , 13
2018/3/14, , 21, , 8
2018/3/15, , 16, , 8
2018/3/16, , 11, , 11
2018/3/17, , 11, , 8
2018/3/18, , 9, , 8
2018/3/19, , 13, , 8
2018/3/20, , 10, , 6
2018/3/21, , 19, , 6
2018/3/22, , 18, , 10
2018/3/23, , 22, , 17
2018/3/24, , 26, , 7
2018/3/25, , 12, , 3
2018/3/26, , 6, , 5
2018/3/27, , 25, , 7
2018/3/28, , 8, , 5
2018/3/29, , 7, , 13
2018/3/30, , 12, , 11
2018/3/31, , 11, , 4
2018/4/1, , 8, , 7
2017/12/27, , 10, , 2
2017/12/28, , 11, , 16
2017/12/29, , 12, , 7
2017/12/30, , 15, , 5
2017/12/31, , 19, , 
2017/1/3, , 22, , 15
2017/1/4, , 69, , 17
2017/1/5, , 43, , 17
2017/1/6, , 41, , 16
2017/1/7, , 21, , 20
2017/1/8, , 35, , 14
2017/1/9, , 36, , 17
2017/1/10, , 25, , 9
2017/1/11, , 15, , 
2016/10/2, , 7, , 9
2016/10/3, , 10, , 12
2016/10/4, , 9, , 12
2016/10/5, , 11, 28, 7
2016/10/6, , 18, 24, 7
2016/10/7, , 13, 17, 15
2016/10/8, , 19, 20, 14
2016/10/9, , 15, 27, 6
2016/10/10, , 10, 31, 11
2016/10/11, , 11, 11, 12
2016/10/12, , 9, , 13
2016/10/13, , 11, , 12
2016/10/14, , 12, , 10
2016/10/15, , 14, , 9
2016/10/16, , 12, , 12
2016/10/17, , 13, , 13
2016/10/18, , 12, , 10
2016/10/19, , 13, , 14
2016/10/20, , 19, , 12
2016/10/21, , 16, , 21
2016/10/22, , 23, , 12
2016/10/23, , 12, , 8
2016/10/24, , 10, , 16
2016/10/25, , 8, , 12
2016/10/26, , 16, , 7
2016/10/27, , 16, , 13
2016/10/28, , 17, , 16
2016/10/29, , 22, , 17
2016/10/30, , 28, , 15
2016/10/31, , 23, , 16
2016/11/1, , 30, , 18
2016/11/2, , 65, , 18
2016/11/3, , 31, , 16
2016/11/4, , 25, , 12
2016/11/5, , 29, , 11
2016/11/6, , 15, , 11
2016/11/7, , 16, , 16
2016/11/8, , 17, , 19
2016/11/9, , 23, , 7
2016/11/10, , 13, , 12
2016/11/11, , 9, , 7
2016/11/12, , 13, , 9
2016/11/13, , 16, , 3
2016/11/14, , 12, , 7
2016/11/15, , 12, , 19
2016/11/16, , 24, , 16
2016/11/17, , 24, , 14
2016/11/18, , 16, , 13
2016/11/19, , 15, , 11
2016/11/20, , 8, , 5
2016/11/21, , 10, , 13
2016/11/22, , 17, , 21
2016/11/23, , 19, , 12
2016/11/24, , 17, , 13
2016/11/25, , 12, , 13
2016/11/26, , 11, , 
2016/12/3, , 47, , 17
2016/12/4, , 83, , 13
2016/12/5, , 24, , 20
2016/12/6, , 31, , 25
2016/12/7, , 39, , 22
2016/12/8, , 54, , 21
2016/12/9, , 36, , 24
2016/12/10, , 40, , 14
2016/12/11, , 36, , 12
2016/12/12, , 33, , 21
2016/12/13, , 57, , 15
2016/12/14, , 34, , 17
2016/12/15, , 35, , 16
2016/12/16, , 32, , 
2016/12/20, , 17, , 12
2016/12/21, , 29, , 15
2016/12/22, , 31, , 
2016/12/24, , 12, , 11
2016/12/25, , 9, , 8
2016/12/26, , 6, , 14
2016/12/27, , 18, , 12
2016/12/28, , 16, , 19
2016/12/29, , 28, , 14
2016/12/30, , 44, , 16
2016/12/31, , 33, , 9
2017/1/1, , 17, , 6
2017/1/2, , 17, , 11
2016/7/2, , 14, , 1
2016/7/3, , 6, , 4
2016/7/4, , 10, , 4
2016/7/5, , 7, , 3
2016/7/6, , 12, , 4
2016/7/7, , 7, , 13
2016/7/8, , 17, , 5
2016/7/9, , 18, , 6
2016/7/10, , 8, , 4
2016/7/11, , 9, , 3
2016/7/12, , 16, , 3
2016/7/13, , 19, , 2
2016/7/14, , 7, , 3
2016/7/15, , 8, , 6
2016/7/16, , 8, , 6
2016/7/17, , 6, , 7
2016/7/18, , 6, , 23
2016/7/19, , 12, , 
2016/7/21, , 24, , 8
2016/7/22, , 20, , 3
2016/7/23, , 16, , 1
2016/7/24, , 7, , 
2016/7/25, , 5, , 3
2016/7/26, , 6, , 3
2016/7/27, , 17, , 3
2016/7/28, , 27, , 7
2016/7/29, , 6, , 7
2016/7/30, , 7, , 3
2016/7/31, , 3, , 1
2016/8/1, , 5, , 6
2016/8/2, , 10, , 6
2016/8/4, , 12, , 10
2016/8/5, , 12, , 7
2016/8/6, , 12, , 2
2016/8/7, , 6, , 3
2016/8/8, , 6, , 2
2016/8/9, , 10, , 2
2016/8/10, , 12, , 4
2016/8/11, , 18, , 5
2016/8/12, , 14, , 10
2016/8/13, , 9, , 10
2016/8/14, , 10, , 
2016/8/17, , 27, , 4
2016/8/18, , 25, , 2
2016/8/19, , 25, , 8
2016/8/20, , 20, , 4
2016/8/21, , 11, , 5
2016/8/22, , 11, , 12
2016/8/23, , 14, , 16
2016/8/24, , 15, , 9
2016/8/25, , 18, , 16
2016/8/26, , 17, , 8
2016/8/27, , 20, , 8
2016/8/28, , 13, , 
2016/8/29, , 8, , 5
2016/8/30, , 15, , 9
2016/8/31, , 10, , 10
2016/9/1, , 23, , 6
2016/9/2, , 16, , 16
2016/9/3, , 26, , 
2016/9/6, , 16, , 10
2016/9/7, , 10, , 14
2016/9/8, , 14, , 2
2016/9/9, , 33, , 5
2016/9/10, , 18, , 6
2016/9/11, , 11, , 11
2016/9/12, , 12, , 19
2016/9/13, , 22, , 13
2016/9/14, , 22, , 10
2016/9/15, , 10, , 10
2016/9/16, , 9, , 10
2016/9/17, , 15, , 3
2016/9/18, , 11, , 4
2016/9/19, , 9, , 9
2016/9/20, , 16, , 8
2016/9/21, , 14, , 14
2016/9/22, , 22, , 16
2016/9/23, , 21, , 9
2016/9/24, , 14, , 15
2016/9/25, , 16, , 4
2016/9/26, , 12, , 9
2016/9/27, , 16, , 14
2016/9/28, , 24, , 16
2016/9/29, , 18, , 13
2016/9/30, , 20, , 10
2016/10/1, , 18, , 8
2016/4/2, , 17, , 11
2016/4/3, , 17, , 5
2016/4/4, , 12, , 12
2016/4/5, , 12, , 5
2016/4/6, , 13, , 11
2016/4/7, , 18, , 6
2016/4/8, , 12, , 9
2016/4/9, , 15, , 9
2016/4/10, , 14, , 5
2016/4/11, , 12, , 9
2016/4/12, , 11, , 13
2016/4/13, , 12, , 9
2016/4/14, , 13, , 8
2016/4/15, , 13, , 16
2016/4/16, , 13, , 7
2016/4/17, , 10, , 1
2016/4/18, , 11, , 10
2016/4/19, , 13, , 10
2016/4/20, , 12, , 12
2016/4/21, , 15, , 16
2016/4/22, , 23, , 5
2016/4/23, , 13, , 3
2016/4/24, , 12, , 1
2016/4/25, , 17, , 5
2016/4/26, , 16, , 3
2016/4/27, , 11, , 5
2016/4/28, , 15, , 9
2016/4/29, , 14, , 21
2016/4/30, , 21, , 
2016/5/4, , 12, , 13
2016/5/5, , 16, , 7
2016/5/6, , 14, , 8
2016/5/7, , 19, , 8
2016/5/8, , 17, , 3
2016/5/9, , 20, , 11
2016/5/10, , 14, , 11
2016/5/11, , 13, , 9
2016/5/12, , 14, , 8
2016/5/13, , 16, , 4
2016/5/14, , 15, , 2
2016/5/15, , 14, , 1
2016/5/16, , 16, , 4
2016/5/17, , 14, , 13
2016/5/18, , 17, , 11
2016/5/19, , 21, , 4
2016/5/20, , 15, , 13
2016/5/21, , 12, , 5
2016/5/22, , 14, , 3
2016/5/23, , 7, , 5
2016/5/24, , 7, , 11
2016/5/25, , 8, , 10
2016/5/26, , 11, , 15
2016/5/27, , 13, , 15
2016/5/28, , 19, , 8
2016/5/29, , 12, , 4
2016/5/30, , 6, , 5
2016/5/31, , 11, , 4
2016/6/1, , 21, , 8
2016/6/2, , 13, , 5
2016/6/3, , 13, , 10
2016/6/4, , 14, , 2
2016/6/5, , 6, , 4
2016/6/6, , 6, , 10
2016/6/7, , 12, , 10
2016/6/8, , 16, , 7
2016/6/9, , 12, , 15
2016/6/10, , 14, , 11
2016/6/11, , 16, , 2
2016/6/12, , 10, , 4
2016/6/13, , 10, , 3
2016/6/14, , 7, , 5
2016/6/15, , 13, , 6
2016/6/16, , 9, , 7
2016/6/17, , 4, , 8
2016/6/18, , 9, , 4
2016/6/19, , 7, , 4
2016/6/20, , 7, , 8
2016/6/21, , 10, , 13
2016/6/22, , 9, , 13
2016/6/23, , 10, , 10
2016/6/24, , 16, , 3
2016/6/25, , 8, , 1
2016/6/26, , 8, , 1
2016/6/27, , 9, , 7
2016/6/28, , 11, , 6
2016/6/29, , 8, , 7
2016/6/30, , 10, , 7
2016/7/1, , 13, , 6
2016/1/5, , 20, , 18
2016/1/6, , 14, , 13
2016/1/7, , 14, , 11
2016/1/8, , 18, , 18
2016/1/9, , 19, , 14
2016/1/10, , 13, , 10
2016/1/11, , 11, , 6
2016/1/12, , 16, , 12
2016/1/13, , 15, , 18
2016/1/14, , 20, , 15
2016/1/15, , 14, , 18
2016/1/16, , 21, , 21
2016/1/17, , 31, , 15
2016/1/18, , 26, , 17
2016/1/19, , 15, , 16
2016/1/20, , 12, , 20
2016/1/21, , 23, , 15
2016/1/22, , 25, , 18
2016/1/23, , 20, , 17
2016/1/24, , 17, , 9
2016/1/25, , 14, , 14
2016/1/26, , 23, , 19
2016/1/27, , 25, , 9
2016/1/28, , 11, , 17
2016/1/29, , 42, , 19
2016/1/30, , 27, , 10
2016/1/31, , 20, , 2
2016/2/1, , 6, , 10
2016/2/2, , 7, , 15
2016/2/3, , 14, , 9
2016/2/4, , 16, , 18
2016/2/5, , 25, , 21
2016/2/6, , 24, , 12
2016/2/7, , 20, , 8
2016/2/8, , 13, , 8
2016/2/9, , 22, , 10
2016/2/10, , 14, , 21
2016/2/11, , 17, , 15
2016/2/12, , 12, , 11
2016/2/13, , 18, , 6
2016/2/14, , 29, , 11
2016/2/15, , 11, , 9
2016/2/16, , 17, , 11
2016/2/17, , 19, , 23
2016/2/18, , 39, , 13
2016/2/19, , 20, , 20
2016/2/20, , 23, , 15
2016/2/21, , 20, , 10
2016/2/22, , 14, , 16
2016/2/23, , 22, , 8
2016/2/24, , 11, , 17
2016/2/25, , 22, , 14
2016/2/26, , 16, , 17
2016/2/27, , 22, , 10
2016/2/28, , 14, , 6
2016/2/29, , 35, , 8
2016/3/1, , 36, , 16
2016/3/2, , 35, , 5
2016/3/3, , 13, , 10
2016/3/4, , 17, , 10
2016/3/5, , 9, , 8
2016/3/6, , 10, , 8
2016/3/7, , 14, , 9
2016/3/8, , 13, , 16
2016/3/9, , 20, , 6
2016/3/10, , 16, , 16
2016/3/11, , 18, , 9
2016/3/12, , 24, , 10
2016/3/13, , 44, , 8
2016/3/14, , 44, , 17
2016/3/15, , 36, , 17
2016/3/16, , 42, , 10
2016/3/17, , 35, , 12
2016/3/18, , 24, , 16
2016/3/19, , 17, , 13
2016/3/20, , 24, , 9
2016/3/21, , 19, , 9
2016/3/22, , 40, , 9
2016/3/23, , 26, , 8
2016/3/24, , 31, , 13
2016/3/25, , 32, , 16
2016/3/26, , 24, , 9
2016/3/27, , 14, , 6
2016/3/28, , 11, , 4
2016/3/29, , 17, , 11
2016/3/30, , 20, , 12
2016/3/31, , 19, , 10
2016/4/1, , 14, , 10
2015/10/3, , 26, , 15
2015/10/4, , 16, , 9
2015/10/5, , 15, , 13
2015/10/6, , 14, , 7
2015/10/7, , 15, , 12
2015/10/8, , 12, , 13
2015/10/9, , 19, , 18
2015/10/10, , 19, , 17
2015/10/11, , 20, , 13
2015/10/12, , 19, , 9
2015/10/13, , 17, , 7
2015/10/14, , 30, , 8
2015/10/15, , 22, , 16
2015/10/16, , 24, , 17
2015/10/17, , 24, , 14
2015/10/18, , 23, , 9
2015/10/19, , 17, , 9
2015/10/20, , 17, , 7
2015/10/21, , 18, , 8
2015/10/22, , 23, , 21
2015/10/23, , 23, , 21
2015/10/24, , 19, , 15
2015/10/25, , 22, , 12
2015/10/26, , 24, , 13
2015/10/27, , 23, , 13
2015/10/28, , 15, , 14
2015/10/29, , 14, , 16
2015/10/30, , 18, , 16
2015/10/31, , 20, , 16
2015/11/1, , 19, , 11
2015/11/2, , 22, , 11
2015/11/3, , 27, , 13
2015/11/4, , 12, , 16
2015/11/5, , 18, , 20
2015/11/6, , 21, , 19
2015/11/7, , 22, , 14
2015/11/8, , 26, , 12
2015/11/9, , 21, , 19
2015/11/10, , 29, , 15
2015/11/11, , 27, , 15
2015/11/12, , 37, , 16
2015/11/13, , 23, , 15
2015/11/14, , 27, , 17
2015/11/15, , 26, , 12
2015/11/16, , 27, , 18
2015/11/17, , 32, , 12
2015/11/18, , 29, , 12
2015/11/19, , 16, , 12
2015/11/20, , 25, , 4
2015/11/21, , 45, , 4
2015/11/22, , 8, , 16
2015/11/23, , 21, , 24
2015/11/24, , 36, , 21
2015/11/25, , 30, , 13
2015/11/26, , 12, , 12
2015/11/27, , 16, , 19
2015/11/28, , 25, , 12
2015/11/29, , 19, , 12
2015/11/30, , 19, , 20
2015/12/1, , 28, , 22
2015/12/2, , 29, , 19
2015/12/3, , 44, , 14
2015/12/4, , 24, , 
2015/12/9, , 28, , 20
2015/12/10, , 33, , 21
2015/12/11, , 38, , 20
2015/12/12, , 45, , 19
2015/12/13, , 42, , 17
2015/12/14, , 42, , 13
2015/12/15, , 34, , 15
2015/12/16, , 30, , 21
2015/12/17, , 50, , 21
2015/12/18, , 44, , 20
2015/12/19, , 51, , 12
2015/12/20, , 43, , 11
2015/12/21, , 36, , 23
2015/12/22, , 30, , 16
2015/12/23, , 33, , 18
2015/12/24, , 37, , 18
2015/12/25, , 36, , 10
2015/12/26, , 29, , 14
2015/12/27, , 29, , 11
2015/12/28, , 26, , 8
2015/12/29, , 24, , 23
2015/12/30, , 25, , 11
2015/12/31, , 20, , 
2015/7/2, , 33, , 5
2015/7/3, , 27, , 17
2015/7/4, , 23, , 2
2015/7/5, , 15, , 2
2015/7/6, , 16, , 8
2015/7/7, , 19, , 4
2015/7/8, , 21, , 2
2015/7/9, , 15, , 5
2015/7/10, , 16, , 13
2015/7/11, , 20, , 1
2015/7/12, , 15, , 1
2015/7/13, , 9, , 4
2015/7/14, , 13, , 3
2015/7/15, , 10, , 9
2015/7/16, , 15, , 10
2015/7/17, , 27, , 8
2015/7/18, , 17, , 8
2015/7/19, , 16, , 1
2015/7/20, , 10, , 10
2015/7/21, , 17, , 5
2015/7/22, , 13, , 4
2015/7/23, , 12, , 7
2015/7/24, , 13, , 9
2015/7/25, , 20, , 1
2015/7/26, , 10, , 6
2015/7/27, , 12, , 2
2015/7/28, , 20, , 8
2015/7/30, , 9, , 8
2015/7/31, , 15, , 11
2015/8/1, , 11, , 3
2015/8/2, , 14, , 10
2015/8/3, , 13, , 12
2015/8/4, , 23, , 5
2015/8/5, , 12, , 8
2015/8/6, , 18, , 4
2015/8/7, , 19, , 4
2015/8/8, , 13, , 5
2015/8/9, , 11, , 4
2015/8/10, , 9, , 9
2015/8/11, , 16, , 12
2015/8/12, , 18, , 14
2015/8/13, , 25, , 7
2015/8/14, , 13, , 6
2015/8/15, , 12, , 3
2015/8/16, , 12, , 6
2015/8/17, , 13, , 6
2015/8/18, , 13, , 5
2015/8/19, , 11, , 9
2015/8/20, , 16, , 11
2015/8/21, , 12, , 16
2015/8/22, , 13, , 11
2015/8/23, , 18, , 5
2015/8/24, , 9, , 2
2015/8/25, , 14, , 8
2015/8/26, , 14, , 7
2015/8/27, , 14, , 16
2015/8/28, , 18, , 11
2015/8/29, , 15, , 8
2015/8/30, , 19, , 8
2015/8/31, , 16, , 11
2015/9/1, , 25, , 3
2015/9/2, , 9, , 13
2015/9/3, , 16, , 5
2015/9/4, , 22, , 9
2015/9/5, , 13, , 7
2015/9/6, , 11, , 5
2015/9/7, , 8, , 8
2015/9/8, , 16, , 15
2015/9/9, , 22, , 22
2015/9/19, , 10, , 9
2015/9/20, , 9, , 11
2015/9/21, , 10, , 14
2015/9/22, , 17, , 6
2015/9/23, , 9, , 10
2015/9/24, , 11, , 13
2015/9/25, , 17, , 13
2015/9/26, , 13, , 
2015/4/2, , 24, , 13
2015/4/3, , 24, , 13
2015/4/4, , 21, , 4
2015/4/5, , 9, , 4
2015/4/6, , 16, , 4
2015/4/7, , 9, , 12
2015/4/8, , 18, , 17
2015/4/9, , 20, , 24
2015/4/10, , 31, , 18
2015/4/11, , 32, , 7
2015/4/12, , 15, , 9
2015/4/13, , 17, , 17
2015/4/14, , 21, , 18
2015/4/15, , 32, , 14
2015/4/16, , 24, , 15
2015/4/17, , 32, , 6
2015/4/18, , 23, , 9
2015/4/19, , 21, , 2
2015/4/20, , 11, , 11
2015/4/21, , 15, , 18
2015/4/22, , 17, , 16
2015/4/23, , 19, , 6
2015/4/24, , 24, , 15
2015/4/25, , 18, , 11
2015/4/26, , 11, , 3
2015/4/27, , 9, , 3
2015/4/28, , 13, , 6
2015/4/29, , 11, , 7
2015/4/30, , 14, , 10
2015/5/1, , 15, , 4
2015/5/2, , 6, , 6
2015/5/3, , 11, , 3
2015/5/4, , 7, , 9
2015/5/5, , 17, , 2
2015/5/6, , 21, , 7
2015/5/7, , 18, , 13
2015/5/8, , 16, , 2
2015/5/9, , 13, , 1
2015/5/10, , 9, , 8
2015/5/11, , 13, , 12
2015/5/12, , 25, , 6
2015/5/13, , 21, , 6
2015/5/14, , 30, , 2
2015/5/15, , 16, , 2
2015/5/16, , 11, , 2
2015/5/17, , 14, , 1
2015/5/18, , 17, , 3
2015/5/19, , 22, , 2
2015/5/20, , 18, , 4
2015/5/21, , 13, , 7
2015/5/22, , 16, , 4
2015/5/23, , 21, , 1
2015/5/24, , 14, , 1
2015/5/25, , 15, , 1
2015/5/26, , 14, , 3
2015/5/27, , 21, , 6
2015/5/28, , 25, , 5
2015/5/29, , 19, , 2
2015/5/30, , 16, , 5
2015/5/31, , 14, , 4
2015/6/1, , 13, , 8
2015/6/2, , 16, , 9
2015/6/3, , 17, , 4
2015/6/4, , 17, , 16
2015/6/5, , 23, , 8
2015/6/6, , 29, , 2
2015/6/7, , 17, , 3
2015/6/8, , 16, , 6
2015/6/9, , 34, , 4
2015/6/10, , 35, , 14
2015/6/11, , 21, , 15
2015/6/12, , 23, , 6
2015/6/13, , 23, , 5
2015/6/14, , 15, , 2
2015/6/15, , 16, , 3
2015/6/16, , 13, , 4
2015/6/17, , 25, , 6
2015/6/18, , 36, , 6
2015/6/19, , 24, , 2
2015/6/20, , 15, , 5
2015/6/21, , 18, , 3
2015/6/22, , 17, , 7
2015/6/23, , 19, , 3
2015/6/24, , 16, , 7
2015/6/25, , 17, , 13
2015/6/26, , 22, , 14
2015/6/27, , 27, , 3
2015/6/28, , 11, , 2
2015/6/29, , 13, , 10
2015/6/30, , 17, , 17
2015/7/1, , 25, , 10
2014/10/2, , 18, , 15
2014/10/3, , 20, , 22
2014/10/4, , 24, , 12
2014/10/5, , 25, , 7
2014/10/6, , 11, , 16
2014/10/7, , 15, , 13
2014/10/8, , 20, , 12
2014/10/9, , 17, , 13
2014/10/10, , 14, , 16
2014/10/11, , 26, , 12
2014/10/12, , 15, , 6
2014/10/13, , 13, , 18
2014/10/14, , 16, , 12
2014/10/15, , 15, , 13
2014/10/16, , 20, , 14
2014/10/17, , 14, , 19
2014/10/18, , 19, , 10
2014/10/19, , 18, , 7
2014/10/20, , 21, , 15
2014/10/21, , 37, , 5
2014/10/22, , 19, , 11
2014/10/23, , 32, , 21
2014/10/24, , 32, , 24
2014/10/25, , 40, , 18
2014/10/26, , 41, , 11
2014/10/27, , 18, , 16
2014/10/28, , 25, , 17
2014/10/29, , 29, , 18
2014/10/30, , 30, , 20
2014/10/31, , 29, , 19
2014/11/1, , 32, , 11
2014/11/2, , 31, , 9
2014/11/3, , 26, , 14
2014/11/4, , 16, , 19
2014/11/5, , 15, , 18
2014/11/6, , 26, , 17
2014/11/7, , 22, , 14
2014/11/8, , 22, , 11
2014/11/9, , 18, , 14
2014/11/10, , 18, , 11
2014/11/11, , 16, , 7
2014/11/12, , 14, , 19
2014/11/13, , 13, , 11
2014/11/14, , 16, , 19
2014/11/15, , 23, , 14
2014/11/16, , 14, , 9
2014/11/17, , 13, , 17
2014/11/18, , 12, , 22
2014/11/19, , 27, , 19
2014/11/20, , 34, , 17
2014/11/21, , 29, , 15
2014/11/22, , 28, , 13
2014/11/23, , 31, , 10
2014/11/24, , 36, , 21
2014/11/25, , 48, , 15
2014/11/26, , 24, , 22
2014/11/27, , 31, , 16
2014/11/28, , 22, , 15
2014/11/29, , 28, , 10
2014/11/30, , 30, , 5
2014/12/1, , 18, , 10
2014/12/2, , 24, , 12
2014/12/3, , 21, , 11
2014/12/4, , 15, , 14
2014/12/5, , 23, , 13
2014/12/6, , 28, , 7
2014/12/7, , 23, , 14
2014/12/8, , 26, , 16
2014/12/9, , 23, , 19
2014/12/10, , 29, , 18
2014/12/11, , 22, , 18
2014/12/12, , 18, , 18
2014/12/13, , 24, , 14
2014/12/14, , 26, , 6
2014/12/15, , 39, , 18
2014/12/16, , 22, , 15
2014/12/17, , 16, , 11
2014/12/18, , 13, , 8
2014/12/19, , 6, , 20
2014/12/20, , 13, , 8
2014/12/21, , 12, , 23
2014/12/22, , 34, , 21
2014/12/23, , 50, , 19
2014/12/24, , 48, , 6
2014/12/25, , 23, , 3
2014/12/26, , 23, , 8
2014/12/27, , 29, , 2
2014/12/28, , 16, , 1
2014/12/29, , 11, , 
2014/7/2, , 21, , 10
2014/7/3, , 28, , 12
2014/7/4, , 33, , 14
2014/7/5, , 24, , 4
2014/7/6, , 17, , 5
2014/7/7, , 15, , 12
2014/7/8, , 17, , 12
2014/7/9, , 14, , 13
2014/7/10, , 14, , 14
2014/7/11, , 21, , 10
2014/7/12, , 17, , 10
2014/7/13, , 14, , 8
2014/7/14, , 11, , 8
2014/7/15, , 15, , 15
2014/7/16, , 21, , 15
2014/7/17, , 24, , 15
2014/7/18, , 27, , 10
2014/7/19, , 31, , 7
2014/7/20, , 23, , 4
2014/7/21, , 11, , 2
2014/7/22, , 14, , 5
2014/7/23, , 21, , 8
2014/7/24, , 28, , 11
2014/7/25, , 39, , 13
2014/7/26, , 30, , 5
2014/7/27, , 27, , 3
2014/7/28, , 21, , 4
2014/7/29, , 16, , 4
2014/7/30, , 17, , 3
2014/7/31, , 22, , 7
2014/8/1, , 22, , 9
2014/8/2, , 19, , 6
2014/8/3, , 18, , 5
2014/8/4, , 15, , 4
2014/8/5, , 14, , 7
2014/8/6, , 15, , 7
2014/8/7, , 18, , 5
2014/8/8, , 15, , 8
2014/8/9, , 16, , 10
2014/8/10, , 14, , 2
2014/8/11, , 17, , 5
2014/8/12, , 17, , 11
2014/8/13, , 21, , 3
2014/8/14, , 15, , 9
2014/8/15, , 15, , 4
2014/8/16, , 11, , 6
2014/8/17, , 14, , 4
2014/8/18, , 13, , 8
2014/8/19, , 15, , 5
2014/8/20, , 15, , 4
2014/8/21, , 15, , 12
2014/8/22, , 18, , 6
2014/8/23, , 12, , 6
2014/8/24, , 12, , 10
2014/8/25, , 12, , 9
2014/8/26, , 15, , 11
2014/8/27, , 13, , 11
2014/8/28, , 15, , 9
2014/8/29, , 20, , 9
2014/8/30, , 15, , 5
2014/8/31, , 15, , 2
2014/9/1, , 13, , 10
2014/9/2, , 19, , 14
2014/9/3, , 27, , 15
2014/9/4, , 19, , 17
2014/9/5, , 35, , 10
2014/9/6, , 25, , 12
2014/9/7, , 23, , 11
2014/9/8, , 21, , 12
2014/9/9, , 28, , 12
2014/9/10, , 29, , 13
2014/9/11, , 26, , 9
2014/9/12, , 36, , 14
2014/9/13, , 29, , 9
2014/9/14, , 17, , 12
2014/9/15, , 20, , 19
2014/9/16, , 38, , 15
2014/9/17, , 22, , 15
2014/9/20, , 15, , 6
2014/9/21, , 14, , 1
2014/9/22, , 13, , 7
2014/9/23, , 16, , 14
2014/9/24, , 28, , 9
2014/9/25, , 39, , 13
2014/9/26, , 41, , 16
2014/9/27, , 22, , 17
2014/9/28, , 22, , 11
2014/9/29, , 22, , 15
2014/9/30, , 24, , 8
2014/10/1, , 20, , 7
2014/6/1, , 14, , 5
2014/6/2, , 21, , 7
2014/6/3, , 20, , 13
2014/6/4, , 21, , 10
2014/6/5, , 19, , 14
2014/6/6, , 20, , 11
2014/6/7, , 28, , 7
2014/6/8, , 27, , 5
2014/6/9, , 17, , 7
2014/6/10, , 21, , 7
2014/6/11, , 16, , 7
2014/6/12, , 23, , 8
2014/6/13, , 27, , 8
2014/6/14, , 31, , 7
2014/6/15, , 22, , 6
2014/6/16, , 14, , 9
2014/6/17, , 28, , 9
2014/6/18, , 26, , 9
2014/6/19, , 32, , 14
2014/6/20, , 24, , 16
2014/6/21, , 23, , 9
2014/6/22, , 22, , 7
2014/6/23, , 27, , 11
2014/6/24, , 17, , 8
2014/6/25, , 24, , 10
2014/6/26, , 32, , 11
2014/6/27, , 27, , 13
2014/6/28, , 24, , 9
2014/6/29, , 16, , 7
2014/6/30, , 12, , 14
2014/7/1, , 25, , 14
2018/1/1, , , , 3
2018/2/5, , , , 6
2017/12/26, , , , 13
2016/12/2, , , , 17
2016/12/19, , , , 7
2016/12/23, , , , 16
2016/7/20, , , , 3
2016/8/3, , , , 7
2016/8/16, , , , 10
2016/9/5, , , , 5
2016/5/2, , , , 
2016/5/3, , , , 3
2016/1/4, , , , 17
2015/10/2, , , , 24
2015/12/8, , , , 19
2015/7/29, , , , 3
2015/9/10, , , , 14
2015/9/11, , , , 20
2015/9/12, , , , 8
2015/9/13, , , , 7
2015/9/14, , , , 7
2015/9/15, , , , 13
2015/9/16, , , , 7
2015/9/17, , , , 8
2015/9/18, , , , 9
2015/4/1, , , , 6
2014/9/18, , , , 13
2014/9/19, , , , 14
2014/5/31, , , , 6