date, pm25, o3, no2, so2
2023/4/2, 29, 29, 1, 
2023/4/3, 44, 31, 1, 
2023/4/4, 55, 26, 1, 
2023/4/5, 61, 34, 2, 
2023/4/6, 35, 27, 2, 
2023/4/7, 10, 27, 2, 
2023/4/8, 13, 36, 2, 
2023/4/9, 20, 35, 1, 
2023/4/10, 34, 10, 4, 
2023/4/11, 20, , , 
2023/1/3, 51, 29, 4, 
2023/1/4, 33, 24, 11, 
2023/1/5, 17, 29, 14, 
2023/1/6, 26, 38, 4, 
2023/1/7, 26, 28, 4, 
2023/1/8, 21, 32, 6, 
2023/1/9, 26, 34, 7, 
2023/1/10, 30, 35, 3, 
2023/1/11, 38, 30, 2, 
2023/1/12, 37, 30, 2, 
2023/1/13, 18, 29, 6, 
2023/1/14, 13, 33, 5, 1
2023/1/15, 25, 34, 1, 
2023/1/16, 24, 31, 1, 
2023/1/17, 27, 27, 3, 
2023/1/18, 33, 33, 2, 
2023/1/19, 34, 24, 5, 
2023/1/20, 14, 28, 6, 
2023/1/21, 15, 21, 2, 1
2023/1/22, 21, 29, 2, 
2023/1/23, 19, 28, 4, 1
2023/1/24, 20, 20, 3, 
2023/1/25, 23, 23, 4, 
2023/1/26, 22, 26, 11, 
2023/1/27, 33, 32, 4, 
2023/1/28, 21, 21, 3, 
2023/1/29, 24, 14, 2, 
2023/1/30, 25, 16, 2, 
2023/1/31, 17, 17, 2, 
2023/2/1, 25, 19, 2, 
2023/2/2, 29, 16, 4, 
2023/2/3, 40, 26, 7, 
2023/2/4, 41, 35, 5, 
2023/2/5, 68, 32, 3, 
2023/2/7, 22, 27, 2, 
2023/2/8, 21, 22, 4, 
2023/2/9, 9, 30, 4, 
2023/2/10, 17, 24, 1, 
2023/2/11, 11, 27, 3, 
2023/2/12, 18, 37, 2, 
2023/2/13, 34, 34, 3, 
2023/2/14, 16, 37, 1, 
2023/2/15, 17, 30, 2, 2
2023/2/16, 41, 28, 1, 
2023/2/17, 16, 32, 2, 
2023/2/18, 8, 33, 3, 
2023/2/19, 18, 38, 2, 
2023/2/20, 18, 32, 2, 
2023/2/21, 22, 31, 2, 
2023/2/22, 32, 34, 1, 
2023/2/23, 26, 24, 2, 
2023/2/24, 26, 20, 2, 
2023/2/25, 13, 11, 3, 
2023/2/26, 39, 22, 1, 
2023/2/27, 54, 34, 1, 
2023/2/28, 118, 43, 3, 
2023/3/4, 26, 42, 2, 
2023/3/5, 33, 43, 1, 1
2023/3/6, 42, 38, 3, 
2023/3/7, 40, 20, 3, 
2023/3/8, 60, 15, 2, 
2023/3/9, 37, 20, 2, 
2023/3/10, 53, 25, 1, 5
2023/3/11, 18, 29, 1, 
2023/3/12, 46, 28, 1, 
2023/3/13, 19, 34, 1, 
2023/3/14, 9, 37, 2, 
2023/3/15, 21, 42, 2, 
2023/3/16, 37, 33, 2, 
2023/3/17, 28, 35, 1, 
2023/3/18, 3, 36, 2, 
2023/3/19, 8, 38, 2, 
2023/3/20, 7, 35, 2, 
2023/3/21, 18, 33, 2, 
2023/3/22, 20, 28, 1, 
2023/3/23, 29, 29, 1, 
2023/3/24, 37, 28, 2, 
2023/3/25, 35, 41, 2, 
2023/3/26, 30, 48, 2, 2
2023/3/27, 34, 36, 2, 
2023/3/28, 19, 39, 3, 
2023/3/29, 23, 39, 3, 5
2023/3/30, 51, 28, 2, 
2023/3/31, 38, 39, 1, 
2023/4/1, 38, 40, 3, 
2022/10/2, 34, 42, 3, 
2022/10/3, 51, 43, 6, 
2022/10/4, 37, 42, 5, 
2022/10/5, 35, 49, 6, 
2022/10/6, 45, 65, 7, 
2022/10/7, 41, 40, 8, 
2022/10/8, 34, 38, 3, 
2022/10/9, 59, 42, 3, 2
2022/10/10, 51, 48, 4, 2
2022/10/11, 52, 44, 4, 1
2022/10/12, 33, 40, 3, 
2022/10/13, 33, 38, 3, 
2022/10/14, 19, 44, 6, 1
2022/10/15, 28, 41, 1, 
2022/10/16, 33, 27, 3, 
2022/10/17, 22, 32, 3, 
2022/10/18, 17, 32, 3, 
2022/10/19, 10, 31, 6, 
2022/10/20, 19, 46, 4, 
2022/10/21, 17, 44, 4, 
2022/10/22, 17, 36, 1, 
2022/10/23, 16, 31, 1, 
2022/10/24, 14, 23, 2, 
2022/10/25, 16, 29, 4, 
2022/10/26, 16, 34, 6, 
2022/10/27, 17, 38, 5, 2
2022/10/28, 29, 22, 3, 
2022/10/29, 27, 25, 2, 
2022/10/30, 32, 41, 5, 
2022/10/31, 45, 40, 8, 
2022/11/1, 39, 40, 5, 1
2022/11/2, 42, 33, 3, 2
2022/11/3, 50, 23, 2, 1
2022/11/4, 49, 18, 1, 
2022/11/5, 25, 24, 3, 
2022/11/6, 15, 27, 2, 
2022/11/7, 23, 12, 2, 
2022/11/8, 33, 23, 3, 
2022/11/9, 51, 27, 2, 4
2022/11/10, 50, 30, 3, 1
2022/11/11, 55, 19, 2, 1
2022/11/12, 31, 27, 2, 
2022/11/13, 11, 27, 3, 
2022/11/14, 20, 18, 3, 
2022/11/15, 20, 14, 3, 
2022/11/16, 18, 25, 5, 
2022/11/17, 23, 29, 8, 
2022/11/18, 20, 22, 5, 
2022/11/19, 22, 21, 4, 
2022/11/20, 12, 26, 6, 
2022/11/21, 43, 26, 3, 2
2022/11/23, 32, 20, 4, 2
2022/11/24, 48, 15, 2, 
2022/11/25, 36, , 1, 
2022/11/26, 14, , 1, 
2022/11/27, 14, , 3, 
2022/11/28, 12, 29, 4, 
2022/11/29, 19, 27, 3, 
2022/11/30, 34, 22, 3, 
2022/12/1, 8, 22, 4, 1
2022/12/2, 16, 20, 2, 
2022/12/3, 28, 19, 2, 
2022/12/4, 13, 18, 2, 
2022/12/5, 18, 19, 2, 
2022/12/6, 38, 20, 2, 
2022/12/7, 29, 22, 2, 
2022/12/8, 40, 18, 2, 
2022/12/9, 45, 8, 4, 
2022/12/10, 46, 15, 2, 
2022/12/11, 33, 19, 2, 
2022/12/12, 21, 13, 2, 
2022/12/13, 23, 19, 3, 
2022/12/14, 26, 22, 6, 
2022/12/15, 14, 26, 11, 
2022/12/16, 15, 22, 7, 
2022/12/17, 12, 30, 7, 
2022/12/18, 16, 31, 3, 
2022/12/19, 29, 23, 2, 
2022/12/20, 12, 25, 3, 
2022/12/21, 17, 21, 4, 
2022/12/22, 32, 24, 2, 
2022/12/23, 35, 26, 1, 
2022/12/24, 7, 28, 2, 
2022/12/25, 17, 10, 3, 
2022/12/26, 27, , 3, 
2022/12/27, 16, 20, 3, 
2022/12/28, 21, 33, 2, 1
2022/12/29, 27, 26, 2, 
2022/12/30, 28, 15, 8, 
2022/12/31, 27, 24, 2, 
2023/1/1, 30, 26, 2, 
2023/1/2, 38, 12, 1, 
2022/7/2, 21, 35, 1, 
2022/7/3, 33, 27, 1, 
2022/7/4, 35, 30, 1, 
2022/7/5, 26, 29, 1, 
2022/7/6, 35, 30, 1, 
2022/7/7, 34, 31, 1, 
2022/7/8, 24, 31, 1, 
2022/7/9, 29, 57, 2, 
2022/7/10, 28, 44, 1, 
2022/7/11, 25, 42, 8, 
2022/7/12, 37, 43, 11, 
2022/7/13, 30, 49, 12, 1
2022/7/14, 39, 45, 13, 1
2022/7/15, 27, 43, 14, 
2022/7/16, 25, 40, 10, 
2022/7/17, 32, 33, 8, 
2022/7/18, 81, 34, 7, 
2022/7/19, 76, 35, 7, 
2022/7/20, 31, 37, 7, 
2022/7/21, 41, 26, 5, 
2022/7/22, 39, 30, 2, 
2022/7/23, 49, 31, 1, 
2022/7/24, 38, 29, , 
2022/7/25, 31, 32, 1, 
2022/7/26, 22, 31, 1, 
2022/7/27, 15, 32, 1, 
2022/7/28, 20, 33, 1, 
2022/7/29, 22, 31, 1, 
2022/7/30, 22, 30, 1, 
2022/7/31, 34, 29, , 
2022/8/1, 44, 33, 2, 1
2022/8/2, 28, 31, 1, 
2022/8/3, 26, 29, 1, 
2022/8/4, 30, 30, 1, 
2022/8/5, 46, 33, 2, 1
2022/8/6, 54, 32, 1, 2
2022/8/7, 35, 29, 1, 
2022/8/8, 29, 33, 2, 
2022/8/9, 22, 32, 5, 
2022/8/10, 24, 33, 8, 
2022/8/11, 23, 56, 9, 
2022/8/12, 31, 41, 6, 
2022/8/13, 30, 39, 4, 
2022/8/14, 31, 33, 2, 
2022/8/15, 23, 29, 3, 
2022/8/16, 38, 33, 4, 
2022/8/17, 33, 55, 4, 
2022/8/18, 29, 34, 7, 
2022/8/19, 30, 50, 5, 
2022/8/20, 28, 26, 2, 
2022/8/21, 26, 21, 2, 
2022/8/22, 23, 21, 2, 
2022/8/23, 10, 20, 2, 
2022/8/24, 15, 22, 2, 
2022/8/25, 15, 29, 3, 
2022/8/26, 16, 28, 3, 
2022/8/27, 25, 41, 2, 
2022/8/28, 38, 25, 1, 
2022/8/29, 16, 26, 1, 1
2022/8/30, 16, 23, 2, 
2022/8/31, 21, 28, 2, 
2022/9/1, 21, 28, 6, 
2022/9/2, 21, 28, 4, 
2022/9/3, 25, 41, 3, 
2022/9/4, 36, 39, 1, 
2022/9/5, 24, 42, 1, 3
2022/9/6, 24, 33, 1, 
2022/9/7, 27, 43, 1, 
2022/9/8, 37, 34, 2, 
2022/9/9, 37, 39, 3, 
2022/9/10, 36, 44, 2, 2
2022/9/11, 46, 34, 2, 
2022/9/12, 28, 41, 4, 
2022/9/13, 30, 41, 3, 3
2022/9/14, 37, 43, 4, 3
2022/9/15, 38, 41, 4, 1
2022/9/16, 37, 38, 3, 2
2022/9/17, 43, 28, 1, 
2022/9/18, 29, 37, 1, 
2022/9/19, 32, 32, 2, 
2022/9/20, 25, 33, 3, 1
2022/9/21, 25, 40, 4, 1
2022/9/22, 34, 45, 5, 
2022/9/23, 31, 46, 4, 1
2022/9/24, 58, 41, 2, 
2022/9/25, 39, 35, 2, 
2022/9/26, 29, 38, 6, 
2022/9/27, 17, 42, 3, 
2022/9/28, 26, 46, 4, 
2022/9/29, 25, 43, 4, 
2022/9/30, 41, 37, 4, 
2022/10/1, 34, 40, 4, 
2022/4/2, 24, 45, 3, 2
2022/4/3, 43, 45, 1, 1
2022/4/4, 48, 34, 2, 
2022/4/5, 45, 41, 1, 
2022/4/6, 33, 41, 1, 
2022/4/7, 28, 37, 2, 
2022/4/8, 17, 39, 4, 
2022/4/9, 27, 48, 2, 
2022/4/10, 17, 38, 1, 
2022/4/11, 39, 35, 1, 
2022/4/12, 51, 32, 1, 
2022/4/13, 49, 37, 1, 
2022/4/14, 37, 42, 2, 
2022/4/15, 25, 27, 1, 
2022/4/16, 33, 22, 1, 
2022/4/17, 42, 40, 3, 
2022/4/18, 45, 30, 2, 
2022/4/19, 21, 39, 2, 
2022/4/20, 20, 33, 1, 
2022/4/21, 37, 29, 1, 
2022/4/22, 47, 36, , 
2022/4/23, 33, 36, , 
2022/4/24, 35, 28, , 
2022/4/25, 38, 27, 1, 
2022/4/26, 11, 36, 2, 
2022/5/6, 23, 42, 4, 
2022/5/7, 18, 27, 1, 1
2022/5/8, 50, 32, 1, 
2022/5/9, 64, 38, 1, 
2022/5/10, 62, 28, 1, 
2022/5/11, 47, 31, 1, 
2022/5/12, 41, 37, 2, 
2022/5/13, 42, 40, 2, 
2022/5/14, 33, 39, 1, 
2022/5/15, 33, 39, 1, 
2022/5/16, 34, 49, 2, 
2022/5/17, 27, 45, 2, 
2022/5/18, 42, 42, 1, 
2022/5/19, 30, 41, 1, 
2022/5/20, 35, 44, , 
2022/5/21, 74, 38, 1, 
2022/5/22, 61, 20, 1, 
2022/5/23, 16, 35, 1, 
2022/5/24, 23, 40, 1, 1
2022/5/25, 32, 35, 2, 
2022/5/26, 11, 57, 4, 
2022/5/27, 20, 58, 7, 
2022/5/28, 20, 61, , 1
2022/5/29, 29, 35, , 3
2022/5/30, 45, 27, , 2
2022/5/31, 39, 28, , 
2022/6/1, 32, 21, 1, 1
2022/6/2, 31, 38, 2, 
2022/6/3, 14, 34, 2, 
2022/6/4, 24, 38, 1, 3
2022/6/5, 44, 46, 1, 
2022/6/6, 33, 37, 1, 
2022/6/7, 32, 37, 1, 
2022/6/8, 31, 41, 2, 2
2022/6/9, 42, 44, 2, 2
2022/6/10, 52, 40, 2, 
2022/6/11, 50, 37, 1, 
2022/6/12, 36, 31, 1, 
2022/6/13, 50, 28, 1, 
2022/6/14, 89, 27, 1, 
2022/6/15, 99, 21, 1, 1
2022/6/16, 62, 22, 1, 1
2022/6/17, 91, 30, 3, 
2022/6/18, 79, 36, 3, 
2022/6/19, 54, 35, 2, 
2022/6/20, 49, 40, 2, 
2022/6/21, 51, 45, 3, 
2022/6/22, 50, 38, 2, 3
2022/6/23, 47, 38, 3, 
2022/6/24, 46, 47, 2, 1
2022/6/25, 47, 39, 2, 1
2022/6/26, 32, 46, 2, 1
2022/6/27, 36, 43, 2, 
2022/6/28, 37, 48, 2, 
2022/6/29, 31, 52, 2, 
2022/6/30, 32, 51, 3, 1
2022/7/1, 42, 38, 1, 
2022/1/4, 31, 32, 2, 
2022/1/5, 16, 31, 6, 
2022/1/6, 18, 18, 2, 
2022/1/7, 14, 21, 2, 3
2022/1/8, 17, 18, 1, 
2022/1/9, 32, 20, 1, 
2022/1/10, 28, 25, 4, 
2022/1/11, 12, 26, 10, 
2022/1/12, 20, 29, 2, 
2022/1/13, 13, 30, 9, 
2022/1/14, 22, 41, 8, 2
2022/1/15, 24, 21, 1, 
2022/1/16, 17, 24, 7, 
2022/1/17, 16, 30, 12, 
2022/1/18, 32, 35, 2, 1
2022/1/19, 20, 25, 2, 
2022/1/20, 28, 23, 1, 
2022/1/21, 9, 26, 4, 
2022/1/22, 9, 27, 6, 
2022/1/23, 25, 32, 4, 
2022/1/24, 26, 19, 4, 
2022/1/25, 16, 22, 4, 
2022/1/26, 24, 28, 4, 
2022/1/27, 22, 24, 7, 
2022/1/28, 28, 30, 4, 
2022/1/29, 19, 36, 5, 
2022/1/30, 17, 39, 1, 
2022/1/31, 11, 30, 3, 1
2022/2/1, 18, 31, 2, 1
2022/2/2, 17, 21, 2, 
2022/2/3, 16, 26, 1, 
2022/2/4, 13, 30, 2, 
2022/2/5, 17, 32, 8, 
2022/2/6, 32, 37, 3, 
2022/2/7, 18, 32, 6, 
2022/2/8, 24, 35, 5, 
2022/2/9, 9, 38, 6, 
2022/2/10, 9, 42, 10, 
2022/2/11, 18, 50, 3, 
2022/2/12, 24, 30, 1, 
2022/2/13, 14, 35, 5, 
2022/2/14, 17, 38, 4, 
2022/2/15, 17, 39, 2, 
2022/2/16, 16, 31, 1, 
2022/2/17, 17, 29, 2, 
2022/2/18, 20, 33, 4, 
2022/2/19, 12, 36, 7, 2
2022/2/20, 25, 39, 2, 1
2022/2/21, 25, 25, 1, 
2022/2/22, 26, 22, 1, 
2022/2/23, 36, 19, 1, 
2022/2/24, 11, 19, 3, 
2022/2/25, 9, 25, 2, 
2022/2/26, 16, 21, 2, 
2022/2/27, 23, 38, 3, 
2022/2/28, 21, 43, 9, 
2022/3/1, 24, 46, 9, 
2022/3/2, 27, 65, 7, 2
2022/3/3, 30, 56, 6, 2
2022/3/4, 44, 35, 3, 2
2022/3/5, 45, 28, 1, 
2022/3/6, 31, 25, 1, 
2022/3/7, 35, 30, 2, 
2022/3/8, 13, 23, 4, 
2022/3/9, 14, 37, 5, 
2022/3/10, 17, 38, 7, 
2022/3/11, 27, 34, 2, 
2022/3/12, 23, 39, 5, 2
2022/3/13, 18, 49, 1, 
2022/3/14, 18, 37, 1, 1
2022/3/15, 24, 36, 4, 
2022/3/16, 25, 46, 5, 
2022/3/17, 23, 49, 2, 1
2022/3/18, 29, 35, 1, 
2022/3/19, 16, 42, 3, 
2022/3/20, 17, 46, 1, 1
2022/3/21, 28, 38, 1, 
2022/3/22, 21, 28, 2, 
2022/3/23, 11, 38, 2, 
2022/3/24, 10, 38, 5, 
2022/3/25, 13, 43, 7, 
2022/3/26, 17, 56, 3, 
2022/3/27, 42, 45, 2, 
2022/3/28, 33, 38, 1, 
2022/3/29, 22, 35, 1, 
2022/3/30, 35, 29, 2, 
2022/3/31, 48, 38, 5, 
2022/4/1, 19, 38, 4, 
2021/10/2, 23, 25, 2, 
2021/10/3, 20, 42, 2, 
2021/10/4, 23, 39, 4, 
2021/10/5, 24, 38, 5, 
2021/10/6, 18, 51, 7, 
2021/10/7, 32, 51, 4, 
2021/10/8, 40, 53, 1, 
2021/10/9, 43, 41, , 
2021/10/10, 27, 26, , 
2021/10/11, 24, 40, 1, 
2021/10/12, 23, 25, 2, 
2021/10/13, 30, 23, , 
2021/10/14, 20, 23, , 
2021/10/15, 16, 28, , 
2021/10/16, 22, 31, 2, 
2021/10/17, 13, 31, 5, 
2021/10/18, 28, 10, 6, 
2021/10/19, 30, 28, , 
2021/10/20, 40, 31, , 
2021/10/21, 33, 33, 2, 
2021/10/22, 27, 37, 2, 
2021/10/23, 26, 25, , 
2021/10/24, 26, 25, , 
2021/10/25, 14, 33, 2, 
2021/10/26, 21, 23, 1, 
2021/10/27, 27, 26, 1, 
2021/10/28, 14, 29, , 
2021/10/29, 12, 30, 1, 
2021/10/30, 9, 28, 9, 
2021/10/31, 19, 39, 2, 
2021/11/1, 29, 42, 5, 
2021/11/2, 32, 18, 5, 
2021/11/3, 40, 16, 2, 
2021/11/4, 11, 24, 3, 
2021/11/5, 13, 29, 6, 
2021/11/6, 27, 34, 4, 
2021/11/7, 38, 37, 2, 
2021/11/8, 42, 33, 2, 
2021/11/9, 32, 30, 2, 
2021/11/10, 28, 31, 1, 
2021/11/11, 24, 24, 3, 
2021/11/12, 15, 29, 4, 1
2021/11/13, 15, 27, 3, 1
2021/11/14, 15, 34, 2, 
2021/11/15, 24, 33, 5, 
2021/11/16, 29, 30, , 
2021/11/17, 14, 30, , 
2021/11/18, 16, 26, 2, 
2021/11/19, 11, 27, 4, 
2021/11/20, 15, 30, , 1
2021/11/21, 33, 25, , 
2021/11/22, 32, 27, 6, 
2021/11/23, 18, 33, 4, 1
2021/11/24, 29, 29, 1, 
2021/11/25, 26, 21, , 
2021/11/26, 16, 20, 1, 
2021/11/27, 15, 16, 1, 
2021/11/28, 22, 24, 2, 
2021/11/29, 12, 27, 7, 
2021/11/30, 18, 33, 3, 
2021/12/1, 20, 36, 6, 
2021/12/2, 43, 26, 8, 
2021/12/3, 49, , 2, 1
2021/12/4, 28, , 2, 2
2021/12/5, 41, , 1, 
2021/12/6, 33, , 1, 
2021/12/7, 19, , 4, 
2021/12/8, 18, , 4, 
2021/12/9, 41, , 2, 
2021/12/10, 49, 20, 1, 
2021/12/11, 52, 27, 5, 
2021/12/12, 23, 26, 4, 
2021/12/13, 26, 21, 4, 1
2021/12/14, 31, 11, 2, 
2021/12/15, 24, 19, 1, 
2021/12/16, 18, 18, , 
2021/12/17, 51, 18, , 
2021/12/18, 27, 17, , 
2021/12/19, 21, 18, , 
2021/12/20, 18, 15, 5, 
2021/12/21, 23, 23, 4, 
2021/12/22, 22, 32, 3, 
2021/12/23, 25, 28, 1, 
2021/12/24, 16, 27, , 
2021/12/25, 14, 25, , 
2021/12/26, 23, 24, 1, 
2021/12/27, 40, 22, 1, 
2021/12/28, 46, 27, 1, 
2021/12/29, 33, 18, 5, 
2021/12/30, 44, 23, 9, 
2021/12/31, 47, 19, 1, 
2022/1/1, 55, 17, 1, 
2022/1/2, 53, , , 
2021/7/2, 26, 24, , 
2021/7/3, 22, 33, , 
2021/7/4, 26, 41, 1, 
2021/7/5, 49, 31, 1, 
2021/7/6, 43, 30, 2, 
2021/7/7, 32, 25, 1, 
2021/7/8, 20, 26, 1, 
2021/7/9, 23, 20, , 
2021/7/10, 15, 18, , 
2021/7/11, 28, 39, 1, 
2021/7/12, 26, 34, 1, 
2021/7/13, 26, 20, , 
2021/7/14, 41, 21, 1, 
2021/7/15, 37, 20, , 
2021/7/16, 25, 18, , 
2021/7/17, 48, 16, , 
2021/7/18, 56, 18, , 
2021/7/19, 40, 27, 1, 
2021/7/20, 23, 30, 2, 
2021/7/21, 29, 40, 2, 
2021/7/22, 59, 37, 2, 
2021/7/23, 47, 18, , 
2021/7/24, 35, 20, , 
2021/7/25, 63, 21, 1, 
2021/7/26, 64, 29, , 
2021/7/27, 46, 37, 2, 
2021/7/28, 45, 33, , 
2021/7/29, 50, 39, 2, 
2021/7/30, 49, 37, 1, 
2021/7/31, 47, 35, , 
2021/8/1, 38, 31, 1, 
2021/8/2, 31, 30, 1, 
2021/8/3, 31, 37, 2, 
2021/8/4, 54, 42, 1, 
2021/8/5, 88, 32, 1, 
2021/8/6, 73, 49, 2, 
2021/8/7, 62, 20, , 
2021/8/8, 39, 20, , 
2021/8/9, 29, 22, , 
2021/8/10, 27, 21, , 
2021/8/13, 54, 28, 1, 
2021/8/14, 30, 24, 2, 
2021/8/15, 25, 32, 1, 
2021/8/16, 28, 35, 2, 
2021/8/17, 44, 29, 1, 
2021/8/18, 26, 23, , 
2021/8/19, 7, 19, , 
2021/8/20, 43, 21, , 
2021/8/21, 36, 19, , 
2021/8/22, 46, 20, 1, 
2021/8/23, 48, 26, 1, 
2021/8/24, 50, 33, 2, 
2021/8/25, 41, 35, 2, 
2021/8/26, 36, 38, 2, 
2021/8/27, 49, 24, 2, 
2021/8/28, 31, 25, 2, 
2021/8/29, 43, 23, , 
2021/8/30, 23, 24, 1, 
2021/8/31, 21, 34, 1, 
2021/9/1, 23, 29, 2, 
2021/9/2, 45, 24, 2, 
2021/9/3, 54, 25, 1, 
2021/9/4, 50, 21, , 2
2021/9/5, 58, 32, 2, 
2021/9/6, 73, 38, 1, 
2021/9/7, 43, 47, 4, 
2021/9/8, 42, 51, 5, 1
2021/9/9, 46, 39, 5, 
2021/9/10, 21, 39, 4, 
2021/9/11, 28, 43, 2, 
2021/9/12, 36, 46, 1, 
2021/9/13, 39, 16, 1, 
2021/9/14, 23, 21, 2, 
2021/9/15, 21, 25, 1, 
2021/9/16, 13, 29, 2, 
2021/9/17, 21, 27, 3, 
2021/9/18, 27, 26, 3, 
2021/9/19, 25, 30, 2, 
2021/9/20, 31, 36, , 
2021/9/21, 30, 36, , 
2021/9/22, 28, 35, 1, 
2021/9/23, 12, 40, 4, 
2021/9/24, 19, 45, 6, 
2021/9/25, 31, 47, 2, 
2021/9/26, 37, 47, 1, 1
2021/9/27, 42, 45, 2, 
2021/9/28, 40, 32, 2, 
2021/9/29, 33, 32, 1, 
2021/9/30, 16, 31, 1, 
2021/10/1, 21, 17, 4, 
2021/4/2, 38, 39, 3, 
2021/4/3, 42, 40, 1, 
2021/4/4, 37, 34, , 
2021/4/5, 30, 32, 1, 
2021/4/6, 39, 27, , 
2021/4/7, 39, 35, 1, 
2021/4/8, 35, 42, 4, 
2021/4/9, 34, 26, , 
2021/4/10, 70, 36, 3, 
2021/4/11, 30, 38, 1, 
2021/4/12, 35, 42, 3, 1
2021/4/13, 52, 38, 2, 
2021/4/14, 44, 25, 1, 
2021/4/15, 37, 26, 1, 
2021/4/16, 25, 19, 2, 
2021/4/17, 23, 25, , 
2021/4/18, 18, 31, 2, 
2021/4/19, 18, 40, 3, 
2021/4/20, 21, 30, 2, 
2021/4/21, 28, 31, 2, 
2021/4/22, 16, 35, 2, 
2021/4/23, 32, 31, 1, 
2021/4/24, 43, 32, 1, 
2021/4/25, 20, 32, , 
2021/4/26, 22, 41, , 
2021/4/27, 27, 25, , 
2021/4/28, 41, 20, , 
2021/4/29, 47, 18, , 
2021/4/30, 23, 16, 1, 
2021/5/1, 28, 18, , 
2021/5/2, 35, 28, , 
2021/5/3, 17, 40, , 
2021/5/4, 44, 28, 1, 
2021/5/5, 28, 33, 1, 
2021/5/6, 25, 39, 2, 
2021/5/7, 32, 42, 6, 
2021/5/8, 36, 32, , 
2021/5/9, 39, 24, , 
2021/5/10, 42, 20, , 
2021/5/11, 26, 14, , 
2021/5/12, 24, 21, , 
2021/5/13, 32, 33, 1, 
2021/5/14, 40, 32, 1, 
2021/5/15, 38, 36, , 
2021/5/16, 46, 23, , 
2021/5/17, 40, 30, , 
2021/5/18, 32, 35, , 
2021/5/19, 30, 38, , 
2021/5/20, 33, 28, , 
2021/5/21, 25, 26, , 
2021/5/22, 26, 27, , 
2021/5/23, 37, 27, , 
2021/5/24, 35, 26, , 
2021/5/25, 28, 34, , 
2021/5/26, 23, 25, , 
2021/5/27, 35, 21, , 
2021/5/28, 36, 30, 1, 
2021/5/29, 19, 25, , 
2021/5/30, 24, 26, , 
2021/5/31, 21, 27, , 
2021/6/1, 30, 25, 1, 
2021/6/2, 13, 46, 1, 
2021/6/3, 20, 35, 1, 
2021/6/4, 22, 31, 1, 
2021/6/5, 35, 28, , 
2021/6/6, 23, 26, , 
2021/6/7, 25, 27, , 
2021/6/8, 28, 27, , 
2021/6/9, 32, 18, , 
2021/6/10, 44, 19, , 
2021/6/11, 27, 20, , 
2021/6/12, 27, 24, , 
2021/6/13, 27, 35, 1, 
2021/6/14, 38, 30, 2, 
2021/6/15, 42, 39, 3, 
2021/6/16, 45, 45, 3, 
2021/6/17, 51, 41, 3, 
2021/6/18, 58, 42, 2, 1
2021/6/19, 55, 53, 2, 
2021/6/20, 60, 25, , 
2021/6/21, 45, 27, , 
2021/6/22, 27, 33, , 
2021/6/23, 17, 71, , 
2021/6/24, 39, , , 
2021/6/25, 33, , , 
2021/6/26, 46, , , 
2021/6/27, 41, , 1, 
2021/6/28, 26, 14, , 
2021/6/29, 19, 20, , 
2021/6/30, 19, 24, , 
2021/7/1, 23, 29, , 
2021/1/5, 17, 26, 7, 
2021/1/6, 13, 27, 3, 
2021/1/7, 16, 21, 2, 
2021/1/8, 8, 19, 3, 
2021/1/9, 9, 20, 4, 
2021/1/13, 11, 23, 2, 
2021/1/14, 16, 26, 1, 
2021/1/15, 21, 25, 2, 
2021/1/16, 13, 21, 3, 
2021/1/17, 19, 25, 6, 
2021/1/18, 27, 32, 4, 1
2021/1/19, 35, 25, 2, 
2021/1/20, 27, 17, 5, 
2021/1/21, 21, 4, 4, 
2021/1/22, 19, 8, 4, 
2021/1/23, 25, 11, 2, 
2021/1/24, 24, 9, 1, 
2021/1/25, 25, 8, , 
2021/1/26, 15, 17, 3, 
2021/1/27, 20, 19, 3, 
2021/1/28, 32, 18, 5, 
2021/1/29, 22, 28, 4, 
2021/1/30, 30, 29, 1, 
2021/1/31, 33, 23, 1, 
2021/2/1, 24, 25, 3, 
2021/2/2, 21, 28, 6, 
2021/2/3, 17, 35, 2, 
2021/2/4, 33, 22, 2, 
2021/2/5, 25, 25, 4, 
2021/2/6, 18, 20, 1, 
2021/2/7, 26, 24, 1, 
2021/2/8, 20, 25, , 
2021/2/9, 33, 8, 3, 
2021/2/10, 27, 12, 3, 
2021/2/11, 20, 16, 2, 
2021/2/12, 26, 18, 2, 
2021/2/13, 24, 20, 2, 
2021/2/14, 18, 22, 1, 
2021/2/15, 19, 22, 2, 
2021/2/16, 21, 27, 3, 
2021/2/17, 19, 24, 3, 
2021/2/18, 29, 30, 2, 
2021/2/19, 29, 28, 6, 
2021/2/20, 31, 31, 4, 
2021/2/21, 28, 27, 1, 
2021/2/22, 25, 28, 4, 
2021/2/23, 18, 32, 1, 
2021/2/24, 20, 35, 1, 
2021/2/25, 28, 22, 2, 
2021/2/26, 21, 18, 2, 
2021/2/27, 12, 17, 1, 
2021/2/28, 33, 21, , 
2021/3/1, 33, 22, , 
2021/3/2, 15, 30, 3, 
2021/3/3, 9, 32, 1, 
2021/3/4, 19, 25, 2, 
2021/3/5, 25, 29, 1, 
2021/3/6, 34, 31, 1, 
2021/3/7, 17, 35, 2, 
2021/3/8, 26, 40, 2, 
2021/3/9, 41, 35, , 
2021/3/10, 47, 31, , 
2021/3/11, 26, 29, , 
2021/3/12, 33, 26, , 1
2021/3/13, 35, 26, , 
2021/3/14, 21, 26, , 
2021/3/15, 42, 35, 2, 
2021/3/16, 33, 22, 1, 
2021/3/17, 49, 32, , 
2021/3/18, 39, 30, 1, 
2021/3/19, 12, 31, 1, 
2021/3/20, 17, 34, 2, 
2021/3/21, 31, 32, 1, 
2021/3/22, 37, 30, 1, 
2021/3/23, 42, , 1, 
2021/3/24, 18, , 2, 
2021/3/25, 28, , 2, 
2021/3/26, 21, 41, 2, 
2021/3/27, 24, 32, 1, 
2021/3/28, 68, 36, 2, 
2021/3/29, 25, 42, 5, 
2021/3/30, 29, 32, 3, 
2021/3/31, 39, 35, 2, 
2021/4/1, 25, 43, 5, 
2020/10/2, 29, 26, 3, 
2020/10/3, 21, 34, , 3
2020/10/4, 36, 26, , 
2020/10/5, 34, 25, , 
2020/10/6, 23, 36, 1, 
2020/10/7, 49, 35, 3, 1
2020/10/8, 51, 28, 2, 
2020/10/9, 61, 15, , 
2020/10/10, 56, 20, 1, 
2020/10/11, 41, 32, , 
2020/10/12, 60, 31, 1, 
2020/10/13, 95, 33, 5, 
2020/10/14, 64, 39, 3, 3
2020/10/15, 102, 26, 1, 
2020/10/16, 71, 27, 1, 
2020/10/17, 32, 30, , 
2020/10/18, 33, 27, , 
2020/10/19, 40, 11, 1, 
2020/10/20, 39, 24, 1, 
2020/10/21, 38, 22, 1, 
2020/10/22, 28, 24, 3, 
2020/10/23, 31, 15, 3, 
2020/10/24, 14, 18, , 
2020/10/25, 13, 9, 2, 
2020/10/26, 45, 5, 1, 
2020/10/27, 4, 6, 1, 
2020/10/28, 6, 6, 3, 
2020/10/29, 9, 19, 3, 
2020/10/30, 18, 20, 5, 
2020/10/31, 21, 25, 3, 
2020/11/1, 33, 26, 1, 
2020/11/2, 31, 24, 4, 
2020/11/3, 22, 31, 4, 
2020/11/4, 29, 32, 4, 
2020/11/5, 33, 26, 2, 
2020/11/6, 39, 30, 2, 
2020/11/7, 44, 27, 2, 
2020/11/8, 50, 20, 1, 
2020/11/9, 34, 19, , 
2020/11/10, 24, 23, 2, 
2020/11/11, 19, 23, 5, 
2020/11/12, 18, 26, 4, 1
2020/11/13, 43, 23, 5, 
2020/11/14, 52, 19, , 
2020/11/15, 39, 26, 9, 
2020/11/16, 20, 24, 12, 
2020/11/17, 29, 32, 8, 1
2020/11/18, 36, 30, 3, 
2020/11/19, 40, 31, , 
2020/11/20, 37, 24, 1, 
2020/11/21, 32, 21, 1, 
2020/11/22, 30, 17, 1, 1
2020/11/23, 21, 18, , 1
2020/11/24, 20, 20, , 
2020/11/25, 32, 21, 5, 
2020/11/26, 18, 25, 2, 
2020/11/27, 32, 21, , 
2020/11/28, 36, 19, , 
2020/11/29, 28, 20, , 
2020/11/30, 14, 22, 2, 
2020/12/1, 14, 24, 3, 
2020/12/2, 15, 21, 3, 
2020/12/3, 22, 11, 5, 
2020/12/4, 160, 17, 10, 
2020/12/5, 381, 22, 9, 
2020/12/30, 9, 19, , 
2020/12/31, 4, 19, , 
2021/1/1, 2, 18, 1, 
2021/1/2, 6, 22, 2, 
2021/1/3, 7, 28, 1, 
2021/1/4, 9, 29, 8, 
2020/7/2, 62, 25, , 
2020/7/3, 67, 30, , 
2020/7/4, 67, 36, , 
2020/7/5, 57, 35, , 
2020/7/6, 65, 28, , 
2020/7/7, 31, 24, , 
2020/7/8, 25, 8, , 
2020/7/9, 52, , , 
2020/7/10, 61, 22, , 
2020/7/11, 45, 25, , 
2020/7/12, 35, 36, , 
2020/7/13, 24, 29, , 
2020/7/14, 42, 27, , 
2020/7/15, 57, 27, , 
2020/7/16, 55, 26, , 
2020/7/17, 68, 30, , 
2020/7/18, 58, 26, , 
2020/7/19, 35, 26, , 
2020/7/20, 35, 30, , 
2020/7/21, 30, 26, , 
2020/7/22, 18, 27, , 
2020/7/23, 26, 34, , 
2020/7/24, 26, 27, , 
2020/7/25, 23, 24, , 
2020/7/26, 19, 19, , 
2020/7/27, 18, 28, , 
2020/7/28, 17, 25, , 
2020/7/29, 19, 32, , 
2020/7/30, 18, 31, , 
2020/7/31, 40, 41, , 
2020/8/1, 21, 42, , 
2020/8/2, 30, 52, , 
2020/8/3, 33, 40, , 
2020/8/4, 29, 43, , 
2020/8/5, 22, 39, , 
2020/8/6, 43, 38, , 
2020/8/7, 37, 37, , 
2020/8/8, 38, 38, , 
2020/8/9, 39, 23, , 
2020/8/10, 44, 22, , 
2020/8/11, 50, 21, , 
2020/8/12, 31, 25, , 
2020/8/13, 37, 26, , 
2020/8/14, 48, 29, , 
2020/8/15, 51, 29, , 
2020/8/16, 38, 34, , 
2020/8/17, 37, 49, , 
2020/8/18, 35, 35, , 
2020/8/19, 32, 32, , 
2020/8/20, 23, 35, , 
2020/8/21, 36, 37, , 
2020/8/22, 37, 38, , 
2020/8/23, 46, 38, , 
2020/8/24, 44, 35, , 
2020/8/25, 35, 27, , 
2020/8/26, 31, 19, , 
2020/8/27, 25, 25, , 
2020/8/28, 19, 33, , 
2020/8/29, 31, 32, 1, 
2020/8/30, 31, 25, , 
2020/8/31, 25, 23, , 
2020/9/1, 49, 25, , 
2020/9/2, 41, 23, , 
2020/9/3, 15, 29, 1, 
2020/9/4, 21, 24, , 
2020/9/5, 24, 21, 1, 
2020/9/6, 32, 28, 1, 
2020/9/7, 34, 32, , 
2020/9/8, 47, 24, , 
2020/9/9, 46, 20, 1, 
2020/9/10, 38, 9, , 
2020/9/11, 20, 23, , 
2020/9/12, 24, 26, 1, 
2020/9/13, 28, 21, , 
2020/9/14, 30, 26, 1, 
2020/9/15, 37, 27, 2, 
2020/9/16, 42, 29, 3, 
2020/9/17, 45, 21, 4, 
2020/9/18, 44, 30, 3, 
2020/9/19, 51, 30, 2, 
2020/9/20, 72, 28, , 
2020/9/21, 52, 19, , 
2020/9/22, 42, 10, , 
2020/9/23, 20, 15, , 
2020/9/24, 20, 19, , 
2020/9/25, 11, 23, 3, 
2020/9/26, 27, 32, , 
2020/9/27, 37, 23, , 
2020/9/28, 45, 25, 1, 
2020/9/29, 14, 30, 6, 
2020/9/30, 21, 36, 3, 
2020/10/1, 26, 28, 3, 
2020/4/2, 15, 32, , 
2020/4/3, 32, 27, , 
2020/4/4, 15, , , 
2020/4/5, 10, 24, , 
2020/4/6, 27, 22, , 
2020/4/7, 42, 26, , 
2020/4/8, 32, 32, , 
2020/4/9, 50, 28, , 
2020/4/10, 46, 38, , 
2020/4/11, 27, 28, , 
2020/4/12, 34, 37, , 
2020/4/13, 29, 31, , 
2020/4/14, 14, 28, , 
2020/4/15, 17, 33, , 
2020/4/16, 17, 37, , 
2020/4/17, 26, 29, , 
2020/4/18, 31, 25, , 
2020/4/19, 27, 21, , 
2020/4/20, 32, 23, , 
2020/4/21, 21, 37, , 
2020/4/22, 41, 28, , 
2020/4/23, 31, 41, , 
2020/4/24, 16, 51, , 
2020/4/25, 28, 38, , 
2020/4/26, 21, 41, , 
2020/4/27, 32, 55, , 
2020/4/28, 33, 35, , 
2020/4/29, 42, 43, , 
2020/4/30, 13, 56, , 
2020/5/1, 24, 54, , 
2020/5/2, 27, 41, , 
2020/5/3, 28, 37, , 
2020/5/4, 26, 35, , 
2020/5/5, 39, 38, , 
2020/5/6, 24, 43, , 
2020/5/7, 16, 50, , 
2020/5/8, 24, 34, , 
2020/5/9, 23, 39, , 
2020/5/10, 23, 39, , 
2020/5/11, 32, 40, , 
2020/5/12, 27, 34, , 
2020/5/13, 31, 37, , 
2020/5/14, 22, 29, , 
2020/5/15, 28, 38, , 
2020/5/16, 25, 26, , 
2020/5/17, 13, 38, , 
2020/5/18, 18, 45, , 
2020/5/19, 23, 44, , 
2020/5/20, 33, 36, , 
2020/5/21, 41, 29, , 
2020/5/22, 53, 30, , 
2020/5/23, 43, 34, , 
2020/5/24, 31, 24, , 
2020/5/25, 23, 31, , 
2020/5/26, 11, 32, , 
2020/5/27, 13, 38, , 
2020/5/28, 18, 40, , 
2020/5/29, 24, 42, , 
2020/5/30, 20, 42, , 
2020/5/31, 29, 42, , 
2020/6/1, 35, 44, , 
2020/6/2, 36, 39, , 
2020/6/3, 44, 38, , 
2020/6/4, 40, 30, , 
2020/6/5, 24, 30, , 
2020/6/6, 31, 34, , 
2020/6/7, 36, 34, , 
2020/6/8, 31, 51, , 
2020/6/9, 30, 50, , 
2020/6/10, 38, 31, , 
2020/6/11, 18, 40, , 
2020/6/12, 22, 44, , 
2020/6/13, 18, 52, , 
2020/6/14, 30, 48, , 
2020/6/15, 39, 41, , 
2020/6/16, 45, 43, , 
2020/6/17, 34, 46, , 
2020/6/18, 32, 43, , 
2020/6/19, 30, 37, , 
2020/6/20, 27, 37, , 
2020/6/21, 18, 28, , 
2020/6/22, 18, 28, , 
2020/6/23, 24, 27, , 
2020/6/24, 24, 34, , 
2020/6/25, 25, 34, , 
2020/6/26, 27, 19, , 
2020/6/27, 81, 19, , 
2020/6/28, 95, 18, , 
2020/6/29, 53, 23, , 
2020/6/30, 47, 22, , 
2020/7/1, 64, 23, , 
2020/1/2, 49, 21, , 
2020/1/3, 29, 22, , 
2020/1/4, 29, 28, , 
2020/1/5, 39, 31, , 
2020/1/6, 34, 26, , 
2020/1/7, 50, 28, , 
2020/1/8, 63, 36, , 
2020/1/9, 59, 29, , 
2020/1/10, 50, 26, , 
2020/1/11, 49, 19, , 
2020/1/12, 26, 19, , 
2020/1/13, 29, 22, , 
2020/1/14, 44, 19, , 
2020/1/15, 41, 13, , 
2020/1/16, 45, 16, , 
2020/1/17, 34, 16, , 
2020/1/18, 47, 28, , 
2020/1/19, 34, 30, , 
2020/1/20, 18, 30, , 
2020/1/21, 27, 23, , 
2020/1/22, 41, 21, , 
2020/1/23, 19, 20, , 
2020/1/24, 15, 25, , 
2020/1/25, 16, 33, , 
2020/1/26, 24, 23, , 
2020/1/27, 28, 17, , 
2020/1/28, 36, 25, , 
2020/1/29, 26, 20, , 
2020/1/30, 12, 16, , 
2020/1/31, 14, 21, , 
2020/2/1, 22, 27, , 
2020/2/2, 25, 33, , 
2020/2/3, 20, 29, , 
2020/2/4, 28, 21, , 
2020/2/5, 24, 20, , 
2020/2/6, 14, 29, , 
2020/2/7, 20, 26, , 
2020/2/8, 25, 31, , 
2020/2/9, 28, 25, , 
2020/2/10, 29, 14, , 
2020/2/11, 27, , , 
2020/2/13, 20, 21, , 
2020/2/14, 16, 26, , 
2020/2/15, 14, 30, , 
2020/2/16, 23, 33, , 
2020/2/17, 33, 21, , 
2020/2/18, 24, 28, , 
2020/2/19, 31, 21, , 
2020/2/20, 18, 28, , 
2020/2/21, 20, 30, , 
2020/2/22, 16, 29, , 
2020/2/23, 21, 26, , 
2020/2/24, 23, 31, , 
2020/2/25, 16, 30, , 
2020/2/26, 19, 29, , 
2020/2/27, 17, 33, , 
2020/2/28, 16, 33, , 
2020/2/29, 18, , , 
2020/3/4, 49, 28, , 
2020/3/5, 31, 35, , 
2020/3/6, 23, 34, , 
2020/3/7, 22, 30, , 
2020/3/8, 22, 35, , 
2020/3/9, 30, 30, , 
2020/3/10, 24, 26, , 
2020/3/11, 26, 28, , 
2020/3/12, 39, 27, , 
2020/3/13, 33, 18, , 
2020/3/14, 35, 16, , 
2020/3/15, 29, 12, , 
2020/3/16, 13, 13, , 
2020/3/17, 33, 17, , 
2020/3/18, 45, 24, , 
2020/3/19, 34, 25, , 
2020/3/20, 39, 18, , 
2020/3/21, 15, 18, , 
2020/3/22, 15, 13, , 
2020/3/23, 25, 11, , 
2020/3/24, 27, 40, , 
2020/3/25, 26, 42, , 
2020/3/26, 25, 28, , 
2020/3/27, 54, 28, , 
2020/3/28, 49, 35, , 
2020/3/29, 31, 15, , 
2020/3/30, 36, , , 
2019/10/2, 31, 36, , 
2019/10/3, 38, 41, , 
2019/10/4, 50, 38, , 
2019/10/5, 46, 44, , 
2019/10/6, 44, 47, , 
2019/10/7, 51, 30, , 
2019/10/8, 11, 36, , 
2019/10/9, 16, 46, , 
2019/10/10, 41, 33, , 
2019/10/11, 27, 26, , 
2019/10/12, 12, 33, , 
2019/10/13, 14, 35, , 
2019/10/14, 26, 18, , 
2019/10/15, 40, 12, , 
2019/10/16, 23, 28, , 
2019/10/17, 20, 29, , 
2019/10/18, 29, 34, , 
2019/10/19, 27, 47, , 
2019/10/20, 37, 37, , 
2019/10/21, 40, 32, , 
2019/10/22, 18, 33, , 
2019/10/23, 20, 39, , 
2019/10/24, 27, 32, , 
2019/10/25, 26, 12, , 
2019/10/26, 10, 36, , 
2019/10/27, 21, 40, , 
2019/10/28, 30, 24, , 
2019/10/29, 31, 6, , 
2019/10/30, 13, 16, , 
2019/10/31, 12, 26, , 
2019/11/1, 18, 29, , 
2019/11/2, 24, 31, , 
2019/11/3, 32, 39, , 
2019/11/4, 35, 39, , 
2019/11/5, 33, 18, , 
2019/11/6, 45, 32, , 
2019/11/7, 37, 28, , 
2019/11/8, 31, 21, , 
2019/11/9, 27, 29, , 
2019/11/10, 34, 39, , 
2019/11/11, 35, 27, , 
2019/11/12, 23, 25, , 
2019/11/13, 17, 26, , 
2019/11/14, 25, 29, , 
2019/11/15, 35, 32, , 
2019/11/16, 27, 35, , 
2019/11/17, 42, 44, , 
2019/11/18, 50, 33, , 
2019/11/19, 35, 39, , 
2019/11/20, 38, 38, , 
2019/11/21, 43, 27, , 
2019/11/22, 26, 8, , 
2019/11/23, 11, 16, , 
2019/11/24, 20, 33, , 
2019/11/25, 30, 35, , 
2019/11/26, 31, 27, , 
2019/11/27, 55, 26, , 
2019/11/28, 24, 21, , 
2019/11/29, 22, 15, , 
2019/11/30, 34, 29, , 
2019/12/1, 21, 27, , 
2019/12/2, 17, 29, , 
2019/12/3, 18, 32, , 
2019/12/4, 27, 27, , 
2019/12/5, 34, 34, , 
2019/12/6, 42, 31, , 
2019/12/7, 33, 29, , 
2019/12/8, 37, 38, , 
2019/12/9, 53, 26, , 
2019/12/10, 35, 15, , 
2019/12/11, 19, 24, , 
2019/12/12, 23, 27, , 
2019/12/13, 31, 20, , 
2019/12/14, 35, 29, , 
2019/12/15, 41, 29, , 
2019/12/16, 52, 20, , 
2019/12/17, 22, 28, , 
2019/12/18, 22, 28, , 
2019/12/19, 30, 31, , 
2019/12/20, 32, 24, , 
2019/12/21, 33, 25, , 
2019/12/22, 35, 31, , 
2019/12/23, 33, 30, , 
2019/12/24, 34, 40, , 
2019/12/25, 42, 38, , 
2019/12/26, 38, 20, , 
2019/12/27, 39, 28, , 
2019/12/28, 35, 20, , 
2019/12/29, 20, 18, , 
2019/12/30, 16, , , 
2019/7/2, 47, 24, , 
2019/7/3, 32, 23, , 
2019/7/4, 25, 19, , 
2019/7/5, 59, 21, , 
2019/7/6, 52, 19, , 
2019/7/7, 48, 23, , 
2019/7/8, 50, 21, , 
2019/7/9, 37, 26, , 
2019/7/10, 44, 29, , 
2019/7/11, 41, 32, , 
2019/7/12, 24, 32, , 
2019/7/13, 29, 26, , 
2019/7/14, 34, 18, , 
2019/7/17, 28, 24, , 
2019/7/18, 27, 22, , 
2019/7/19, 27, 24, , 
2019/7/20, 26, 26, , 
2019/7/21, 41, 25, , 
2019/7/22, 52, 38, , 
2019/7/23, 45, 31, , 
2019/7/24, 25, 35, , 
2019/7/25, 31, 38, , 
2019/7/26, 41, 38, , 
2019/7/27, 45, 39, , 
2019/7/28, 44, 24, , 
2019/7/29, 39, 27, , 
2019/7/30, 41, 46, , 
2019/7/31, 37, 37, , 
2019/8/1, 34, 35, , 
2019/8/2, 44, 36, , 
2019/8/3, 49, 28, , 
2019/8/4, 55, 40, , 
2019/8/5, 43, 42, , 
2019/8/6, 49, 37, , 
2019/8/7, 31, 29, , 
2019/8/8, 34, 24, , 
2019/8/9, 40, 27, , 
2019/8/10, 42, 27, , 
2019/8/11, 37, 24, , 
2019/8/12, 33, 27, , 
2019/8/13, 28, 27, , 
2019/8/14, 29, 41, , 
2019/8/15, 27, 40, , 
2019/8/16, 44, 38, , 
2019/8/17, 41, 29, , 
2019/8/18, 33, , , 
2019/8/19, 35, 24, , 
2019/8/20, 30, 30, , 
2019/8/21, 49, 30, , 
2019/8/22, 56, 26, , 
2019/8/23, 55, 26, , 
2019/8/24, 29, 27, , 
2019/8/25, 21, 32, , 
2019/8/26, 28, 33, , 
2019/8/27, 49, 35, , 
2019/8/28, 37, 39, , 
2019/8/29, 40, 39, , 
2019/8/30, 36, 34, , 
2019/8/31, 33, 27, , 
2019/9/1, 20, 39, , 
2019/9/2, 44, 39, , 
2019/9/3, 52, 34, , 
2019/9/4, 40, 40, , 
2019/9/5, 45, 46, , 
2019/9/6, 49, 45, , 
2019/9/7, 47, 46, , 
2019/9/8, 47, 29, , 
2019/9/9, 25, 36, , 
2019/9/10, 31, 37, , 
2019/9/11, 41, 27, , 
2019/9/12, 31, 30, , 
2019/9/13, 26, 42, , 
2019/9/14, 39, 46, , 
2019/9/15, 51, 42, , 
2019/9/16, 50, 39, , 
2019/9/17, 47, 29, , 
2019/9/18, 23, 29, , 
2019/9/19, 24, 20, , 
2019/9/20, 16, 26, , 
2019/9/21, 26, 30, , 
2019/9/22, 30, 27, , 
2019/9/23, 24, 28, , 
2019/9/24, 28, 30, , 
2019/9/25, 21, 32, , 
2019/9/26, 25, 34, , 
2019/9/27, 32, 32, , 
2019/9/28, 31, 30, , 
2019/9/29, 30, 28, , 
2019/9/30, 34, 23, , 
2019/10/1, 30, 31, , 
2019/4/2, 38, 41, , 
2019/4/3, 40, 40, , 
2019/4/4, 50, 35, , 
2019/4/5, 34, 33, , 
2019/4/6, 31, 31, , 
2019/4/7, 27, 32, , 
2019/4/8, 27, 40, , 
2019/4/9, 31, 57, , 
2019/4/10, 48, 43, , 
2019/4/11, 36, 28, , 
2019/4/12, 29, 35, , 
2019/4/13, 29, 27, , 
2019/4/14, 20, 40, , 
2019/4/15, 28, 45, , 
2019/4/16, 30, 42, , 
2019/4/17, 32, 29, , 
2019/4/18, 37, 36, , 
2019/4/19, 24, 37, , 
2019/4/20, 20, 42, , 
2019/4/21, 29, 45, , 
2019/4/22, 29, 35, , 
2019/4/23, 33, 29, , 
2019/4/24, 41, 33, , 
2019/4/25, 17, 40, , 
2019/4/26, 24, 42, , 
2019/4/27, 29, 44, , 
2019/4/28, 40, 37, , 
2019/4/29, 40, 31, , 
2019/4/30, 44, 27, , 
2019/5/1, 51, 38, , 
2019/5/2, 51, 35, , 
2019/5/3, 15, 22, , 
2019/5/4, 19, 35, , 
2019/5/5, 21, 36, , 
2019/5/6, 27, 40, , 
2019/5/7, 36, 28, , 
2019/5/8, 40, 36, , 
2019/5/9, 19, 31, , 
2019/5/10, 16, 20, , 
2019/5/11, 15, 17, , 
2019/5/12, 13, 40, , 
2019/5/13, 16, 42, , 
2019/5/14, 20, 45, , 
2019/5/15, 32, 48, , 
2019/5/16, 34, 44, , 
2019/5/17, 31, 34, , 
2019/5/18, 35, 35, , 
2019/5/19, 29, 39, , 
2019/5/20, 36, 26, , 
2019/5/21, 48, 34, , 
2019/5/22, 38, 31, , 
2019/5/23, 59, 28, , 
2019/5/24, 53, 31, , 
2019/5/25, 45, 33, , 
2019/5/26, 40, 31, , 
2019/5/27, 43, 32, , 
2019/5/28, 42, 25, , 
2019/5/29, 47, 22, , 
2019/5/30, 35, 35, , 
2019/5/31, 13, 36, , 
2019/6/1, 24, 40, , 
2019/6/2, 37, 35, , 
2019/6/3, 35, 33, , 
2019/6/4, 41, 21, , 
2019/6/5, 38, 15, , 
2019/6/6, 24, 55, , 
2019/6/7, 26, 41, , 
2019/6/8, 17, 34, , 
2019/6/9, 18, 33, , 
2019/6/10, 30, 35, , 
2019/6/11, 23, 38, , 
2019/6/12, 25, 52, , 
2019/6/13, 34, 40, , 
2019/6/14, 20, 49, , 
2019/6/15, 41, 36, , 
2019/6/16, 31, 39, , 
2019/6/17, 17, 44, , 
2019/6/18, 23, 45, , 
2019/6/19, 33, 28, , 
2019/6/20, 39, 24, , 
2019/6/21, 42, 21, , 
2019/6/22, 55, 20, , 
2019/6/23, 55, 39, , 
2019/6/24, 44, 36, , 
2019/6/25, 21, 32, , 
2019/6/26, 35, 27, , 
2019/6/27, 48, 21, , 
2019/6/28, 51, 24, , 
2019/6/29, 50, 33, , 
2019/6/30, 59, 29, , 
2019/7/1, 42, 23, , 
2019/1/2, 29, 9, , 
2019/1/3, 15, 13, , 
2019/1/4, 7, 23, , 
2019/1/5, 10, 30, , 
2019/1/6, 18, 31, , 
2019/1/7, 14, 26, , 
2019/1/8, 16, 29, , 
2019/1/9, 15, 29, , 
2019/1/10, 9, 23, , 
2019/1/11, 15, 27, , 
2019/1/12, 21, 20, , 
2019/1/13, 15, 21, , 
2019/1/14, 20, 22, , 
2019/1/15, 21, 16, , 
2019/1/16, 35, 18, , 
2019/1/17, 34, 16, , 
2019/1/18, 17, 18, , 
2019/1/19, 21, 22, , 
2019/1/20, 15, 31, , 
2019/1/21, 19, 31, , 
2019/1/22, 24, 25, , 
2019/1/23, 25, 24, , 
2019/1/24, 23, 27, , 
2019/1/25, 25, 24, , 
2019/1/26, 37, 35, , 
2019/1/27, 61, 33, , 
2019/1/28, 44, 32, , 
2019/1/29, 35, 28, , 
2019/1/30, 23, 28, , 
2019/1/31, 27, 24, , 
2019/2/1, 30, 26, , 
2019/2/2, 33, 26, , 
2019/2/3, 45, 19, , 
2019/2/4, 48, 26, , 
2019/2/5, 53, 23, , 
2019/2/6, 64, 19, , 
2019/2/7, 55, 21, , 
2019/2/8, 35, 25, , 
2019/2/9, 25, 24, , 
2019/2/10, 19, 14, , 
2019/2/11, 19, 13, , 
2019/2/12, 22, 26, , 
2019/2/13, 28, 32, , 
2019/2/14, 21, 36, , 
2019/2/15, 26, 32, , 
2019/2/16, 41, 19, , 
2019/2/17, 26, 24, , 
2019/2/18, 30, 25, , 
2019/2/19, 30, 26, , 
2019/2/20, 21, 27, , 
2019/2/21, 22, 26, , 
2019/2/22, 28, 21, , 
2019/2/23, 19, 38, , 
2019/2/24, 25, 35, , 
2019/2/25, 31, 31, , 
2019/2/26, 26, 26, , 
2019/2/27, 32, 14, , 
2019/2/28, 20, 18, , 
2019/3/1, 25, 18, , 
2019/3/2, 30, 14, , 
2019/3/3, 30, 32, , 
2019/3/4, 24, 31, , 
2019/3/5, 27, 35, , 
2019/3/6, 25, 39, , 
2019/3/7, 32, 30, , 
2019/3/8, 35, 28, , 
2019/3/9, 37, 39, , 
2019/3/10, 34, 27, , 
2019/3/11, 32, 31, , 
2019/3/12, 29, 17, , 
2019/3/13, 41, 40, , 
2019/3/14, 22, 37, , 
2019/3/15, 34, 35, , 
2019/3/16, 21, 37, , 
2019/3/17, 24, 40, , 
2019/3/18, 35, 44, , 
2019/3/19, 43, 46, , 
2019/3/20, 57, 40, , 
2019/3/21, 45, 46, , 
2019/3/22, 32, 51, , 
2019/3/23, 45, 43, , 
2019/3/24, 46, 32, , 
2019/3/25, 41, 36, , 
2019/3/26, 35, 36, , 
2019/3/27, 37, 36, , 
2019/3/28, 43, 50, , 
2019/3/29, 47, 37, , 
2019/3/30, 41, 31, , 
2019/3/31, 26, 34, , 
2019/4/1, 27, 37, , 
2018/10/2, 16, 24, , 
2018/10/3, 25, 25, , 
2018/10/4, 21, 27, , 
2018/10/5, 22, 27, , 
2018/10/6, 26, 25, , 
2018/10/7, 26, 22, , 
2018/10/8, 25, 25, , 
2018/10/9, 24, 26, , 
2018/10/10, 10, 22, , 
2018/10/11, 8, 22, , 
2018/10/12, 15, 23, , 
2018/10/13, 29, 15, , 
2018/10/14, 27, 20, , 
2018/10/15, 24, 15, , 
2018/10/16, 8, 12, , 
2018/10/17, 10, 24, , 
2018/10/18, 14, 22, , 
2018/10/19, 22, , , 
2018/10/22, 32, 24, , 
2018/10/23, 21, 28, , 
2018/10/24, 30, 24, , 
2018/10/25, 34, 19, , 
2018/10/26, 19, 30, , 
2018/10/27, 24, 48, , 
2018/10/28, 37, 32, , 
2018/10/29, 35, 29, , 
2018/10/30, 33, 28, , 
2018/10/31, 30, 20, , 
2018/11/1, 19, 29, , 
2018/11/2, 11, 30, , 
2018/11/3, 14, 36, , 
2018/11/4, 18, 25, , 
2018/11/5, 16, 24, , 
2018/11/6, 35, 26, , 
2018/11/7, 45, 23, , 
2018/11/8, 34, 19, , 
2018/11/9, 31, 23, , 
2018/11/10, 20, 28, , 
2018/11/11, 23, 18, , 
2018/11/12, 30, 18, , 
2018/11/13, 28, 22, , 
2018/11/14, 24, 27, , 
2018/11/15, 16, 31, , 
2018/11/16, 18, 34, , 
2018/11/17, 25, 34, , 
2018/11/18, 35, 12, , 
2018/11/19, 33, 21, , 
2018/11/20, 27, 25, , 
2018/11/21, 31, 28, , 
2018/11/22, 38, 30, , 
2018/11/23, 43, 29, , 
2018/11/24, 31, 30, , 
2018/11/25, 33, 24, , 
2018/11/26, 31, 22, , 
2018/11/27, 30, 28, , 
2018/11/28, 28, 35, , 
2018/11/29, 29, 28, , 
2018/11/30, 30, 23, , 
2018/12/1, 29, 30, , 
2018/12/2, 22, 25, , 
2018/12/3, 26, 21, , 
2018/12/4, 19, 19, , 
2018/12/5, 18, 23, , 
2018/12/6, 32, 22, , 
2018/12/7, 33, 12, , 
2018/12/8, 16, 12, , 
2018/12/9, 12, 25, , 
2018/12/10, 29, 22, , 
2018/12/11, 36, 33, , 
2018/12/12, 28, 24, , 
2018/12/13, 28, 21, , 
2018/12/14, 21, 22, , 
2018/12/15, 18, 30, , 
2018/12/16, 26, 22, , 
2018/12/17, 38, 8, , 
2018/12/18, 33, 28, , 
2018/12/19, 39, 24, , 
2018/12/20, 35, 29, , 
2018/12/21, 21, 24, , 
2018/12/22, 22, 27, , 
2018/12/23, 27, 26, , 
2018/12/24, 30, 28, , 
2018/12/25, 33, 22, , 
2018/12/26, 49, 32, , 
2018/12/27, 25, 29, , 
2018/12/28, 12, 21, , 
2018/12/29, 15, 18, , 
2018/12/30, 18, 12, , 
2018/12/31, 21, , , 
2018/7/2, 92, 30, , 
2018/7/3, 74, 30, , 
2018/7/4, 55, 34, , 
2018/7/5, 42, 35, , 
2018/7/6, 32, 29, , 
2018/7/7, 26, 43, , 
2018/7/8, 30, 38, , 
2018/7/9, 32, 31, , 
2018/7/10, 27, 29, , 
2018/7/11, 35, 31, , 
2018/7/12, 45, 35, , 
2018/7/13, 36, 29, , 
2018/7/14, 8, 26, , 
2018/7/18, 104, 35, , 
2018/7/19, 67, 37, , 
2018/7/20, 55, 36, , 
2018/7/21, 55, 36, , 
2018/7/22, 51, 40, , 
2018/7/23, 58, 50, , 
2018/7/24, 57, 42, , 
2018/7/25, 45, 46, , 
2018/7/26, 44, 51, , 
2018/7/27, 50, 53, , 
2018/7/28, 55, 53, , 
2018/7/29, 60, 44, , 
2018/7/30, 62, 52, , 
2018/7/31, 32, 45, , 
2018/8/1, 23, 47, , 
2018/8/2, 31, 48, , 
2018/8/3, 35, 47, , 
2018/8/4, 38, 43, , 
2018/8/5, 40, 29, , 
2018/8/6, 44, 32, , 
2018/8/7, 28, 31, , 
2018/8/8, 25, 34, , 
2018/8/9, 27, 35, , 
2018/8/10, 26, 26, , 
2018/8/11, 22, 25, , 
2018/8/12, 21, 21, , 
2018/8/13, 35, 24, , 
2018/8/14, 70, 22, , 
2018/8/15, 70, 23, , 
2018/8/16, 47, 25, , 
2018/8/17, 45, 27, , 
2018/8/18, 36, 33, , 
2018/8/19, 45, 25, , 
2018/8/20, 31, 68, , 
2018/8/21, 38, 50, , 
2018/8/22, 61, 44, , 
2018/8/23, 47, 45, , 
2018/8/24, 49, 47, , 
2018/8/25, 51, 39, , 
2018/8/26, 46, 40, , 
2018/8/27, 47, 37, , 
2018/8/28, 38, 26, , 
2018/8/29, 20, 26, , 
2018/8/30, 22, 36, , 
2018/8/31, 21, 37, , 
2018/9/1, 25, 38, , 
2018/9/2, 31, 31, , 
2018/9/3, 22, 19, , 
2018/9/4, 13, 23, , 
2018/9/5, 13, 29, , 
2018/9/6, 24, 35, , 
2018/9/7, 33, 41, , 
2018/9/8, 30, 21, , 
2018/9/9, 15, 20, , 
2018/9/10, 9, 17, , 
2018/9/11, 18, 17, , 
2018/9/12, 34, 25, , 
2018/9/13, 28, 30, , 
2018/9/14, 31, 27, , 
2018/9/15, 27, 29, , 
2018/9/16, 31, 39, , 
2018/9/17, 47, 30, , 
2018/9/18, 39, 37, , 
2018/9/19, 35, 42, , 
2018/9/20, 55, 28, , 
2018/9/21, 42, 20, , 
2018/9/22, 36, 18, , 
2018/9/23, 16, 12, , 
2018/9/24, 16, 19, , 
2018/9/25, 19, 27, , 
2018/9/26, 33, 21, , 
2018/9/27, 28, 25, , 
2018/9/29, 28, 18, , 
2018/9/30, 40, 24, , 
2018/10/1, 27, 27, , 
2018/4/2, 19, 36, 1, 
2018/4/3, 19, 33, 1, 
2018/4/4, 36, 37, 2, 
2018/4/5, 17, 33, 2, 
2018/4/6, 27, 26, 1, 
2018/4/7, 34, 28, , 
2018/4/8, 18, 33, 1, 
2018/4/9, 25, 34, 5, 
2018/4/10, 41, 40, 4, 
2018/4/11, 47, 45, 4, 
2018/4/12, 36, 42, 1, 
2018/4/13, 26, 32, 1, 
2018/4/14, 38, 41, 1, 
2018/4/15, 22, 42, 1, 
2018/4/16, 16, 46, 4, 1
2018/4/17, 27, 43, 1, 
2018/4/18, 22, 47, 1, 
2018/4/19, 26, 43, 3, 
2018/4/20, 20, 41, 2, 
2018/4/21, 22, 29, 1, 
2018/4/22, 40, 40, 1, 
2018/4/23, 14, 39, 4, 
2018/4/24, 25, 55, 4, 
2018/4/25, 33, 24, 4, 
2018/4/26, 28, 42, 4, 
2018/4/27, 13, 53, 4, 
2018/4/28, 24, 59, 4, 
2018/4/29, 39, 46, 1, 
2018/4/30, 40, 43, 2, 
2018/5/1, 33, 38, , 
2018/5/2, 36, 31, , 
2018/5/3, 40, 22, , 
2018/5/4, 41, 29, , 
2018/5/5, 28, 44, , 
2018/5/6, 20, 49, , 
2018/5/7, 29, 53, , 
2018/5/8, 35, 51, , 
2018/5/9, 36, 43, , 
2018/5/10, 31, 46, , 
2018/5/11, 36, 37, , 
2018/5/12, 35, 33, , 
2018/5/13, 44, 28, , 
2018/5/14, 43, 27, , 
2018/5/15, 37, 31, , 
2018/5/16, 34, 51, , 
2018/5/17, 29, 45, , 
2018/5/18, 19, 38, , 
2018/5/24, 26, 34, , 
2018/5/25, 15, 39, , 
2018/5/26, 16, 47, , 
2018/5/27, 25, 42, , 
2018/5/28, 36, 41, , 
2018/5/29, 35, 46, , 
2018/5/30, 44, 34, , 
2018/5/31, 22, 36, , 
2018/6/1, 24, 37, , 
2018/6/2, 50, 30, , 
2018/6/3, 52, 41, , 
2018/6/4, 29, 34, , 
2018/6/5, 34, 32, , 
2018/6/6, 43, 29, , 
2018/6/7, 32, 34, , 
2018/6/8, 32, 31, , 
2018/6/9, 22, 32, , 
2018/6/10, 29, 22, , 
2018/6/11, 48, 24, , 
2018/6/12, 54, 25, , 
2018/6/13, 40, 24, , 
2018/6/14, 22, 29, , 
2018/6/15, 21, 36, , 
2018/6/16, 20, 25, , 
2018/6/17, 33, 20, , 
2018/6/18, 32, 23, , 
2018/6/19, 23, 19, , 
2018/6/20, 43, 17, , 
2018/6/21, 29, 43, , 
2018/6/22, 33, 43, , 
2018/6/23, 40, 26, , 
2018/6/24, 45, 26, , 
2018/6/25, 35, 25, , 
2018/6/26, 30, 25, , 
2018/6/27, 33, 28, , 
2018/6/28, 28, 28, , 
2018/6/29, 25, 26, , 
2018/6/30, 47, 23, , 
2018/7/1, 82, 23, , 
2018/1/4, 23, 22, 9, 
2018/1/5, 24, 30, 11, 
2018/1/6, 36, 32, 8, 2
2018/1/7, 42, 38, 5, 3
2018/1/8, 31, 31, 3, 2
2018/1/9, 26, 26, 4, 
2018/1/10, 33, 17, 4, 
2018/1/11, 21, 21, 3, 2
2018/1/12, 22, 20, 3, 
2018/1/13, 10, 26, 2, 
2018/1/14, 16, 26, 4, 
2018/1/15, 25, 27, 4, 2
2018/1/16, 24, 28, 3, 
2018/1/17, 16, 26, 2, 
2018/1/18, 22, 24, 6, 
2018/1/19, 30, 25, 9, 2
2018/1/20, 24, 22, 6, 3
2018/1/21, 17, 24, 2, 1
2018/1/22, 24, 26, 1, 1
2018/1/23, 28, 30, 3, 
2018/1/24, 20, 28, 14, 
2018/1/25, 23, 32, 16, 
2018/1/26, 28, 37, 6, 1
2018/1/27, 31, 31, 3, 5
2018/1/28, 26, 24, 3, 1
2018/1/29, 12, 31, 3, 3
2018/1/30, 22, 25, 6, 4
2018/1/31, 19, 29, 5, 6
2018/2/1, 19, 33, 2, 5
2018/2/2, 35, 32, 3, 4
2018/2/3, 21, 28, 3, 4
2018/2/4, 19, 24, 2, 6
2018/2/5, 36, 30, 2, 
2018/2/6, 26, 17, 4, 2
2018/2/7, 37, 11, 5, 
2018/2/8, 28, 19, 5, 
2018/2/9, 25, 29, 8, 1
2018/2/10, 29, 18, 4, 
2018/2/11, 26, 15, 3, 1
2018/2/12, 20, 26, 2, 2
2018/2/13, 23, 21, 4, 2
2018/2/14, 35, 17, 5, 3
2018/2/15, 24, 10, 4, 2
2018/2/16, 25, 20, 1, 2
2018/2/17, 23, 24, 2, 2
2018/2/18, 26, 20, 4, 2
2018/2/19, 23, 13, 2, 1
2018/2/20, 27, 22, 1, 1
2018/2/21, 28, 22, 2, 1
2018/2/22, 11, 17, 2, 1
2018/2/23, 10, 14, 5, 1
2018/2/24, 13, 6, 5, 1
2018/2/25, 18, 10, 7, 1
2018/2/26, 20, 29, 3, 
2018/2/27, 21, 35, 5, 
2018/2/28, 21, 20, 2, 
2018/3/1, 19, 16, 2, 
2018/3/2, 26, 26, 3, 
2018/3/3, 22, 37, 4, 
2018/3/4, 28, 37, 2, 
2018/3/5, 45, 35, 1, 1
2018/3/6, 19, 41, 2, 1
2018/3/7, 13, 38, 5, 
2018/3/8, 17, 38, 3, 
2018/3/9, 30, 40, 7, 
2018/3/10, 27, 41, 2, 1
2018/3/11, 34, 35, 2, 1
2018/3/12, 41, 36, 1, 
2018/3/13, 30, 35, 3, 
2018/3/14, 44, 41, 7, 1
2018/3/15, 58, 46, 8, 1
2018/3/16, 47, 46, 3, 
2018/3/17, 19, 42, 1, 
2018/3/18, 39, 31, 2, 
2018/3/19, 31, 26, 1, 
2018/3/20, 23, 36, , 
2018/3/21, 12, 36, 3, 
2018/3/22, 26, 41, 9, 
2018/3/23, 30, 50, 3, 
2018/3/24, 34, 39, 1, 1
2018/3/25, 33, 44, 1, 
2018/3/26, 46, 24, 1, 
2018/3/27, 45, 37, 1, 
2018/3/28, 26, 28, 1, 1
2018/3/29, 11, 31, 1, 1
2018/3/30, 16, 38, 4, 52
2018/3/31, 23, 34, 2, 
2018/4/1, 26, 40, 1, 
2017/10/2, 35, 33, 2, 
2017/10/3, 43, 13, 1, 
2017/10/4, 27, 34, 3, 
2017/10/5, 36, 32, 4, 
2017/10/6, 34, 36, 3, 1
2017/10/7, 34, 23, 2, 
2017/10/11, 16, 29, 2, 
2017/10/12, 11, , 6, 2
2017/10/13, 36, , 3, 
2017/10/14, 57, , 1, 
2017/10/15, 50, , , 
2017/10/16, 20, 27, 3, 
2017/10/17, 16, 41, 5, 1
2017/10/18, 30, 45, 3, 1
2017/10/19, 38, 41, 4, 
2017/10/20, 52, 29, 2, 
2017/10/21, 36, 28, , 1
2017/10/22, 26, 31, 2, 
2017/10/23, 12, 37, 5, 
2017/10/24, 17, 32, 4, 
2017/10/25, 11, 34, 8, 
2017/10/26, 16, 42, 3, 
2017/10/27, 17, 22, 1, 
2017/10/28, 18, 31, 3, 
2017/10/29, 12, 35, 2, 
2017/10/30, 17, 39, 4, 
2017/10/31, 20, 23, 3, 
2017/11/1, 19, 25, 3, 
2017/11/2, 37, 34, 2, 
2017/11/3, 51, 20, 8, 
2017/11/4, 53, 23, 3, 
2017/11/5, 45, 24, , 
2017/11/6, 40, 20, 4, 
2017/11/7, 38, 14, 3, 
2017/11/8, 21, 6, 3, 
2017/11/9, 13, 13, 4, 
2017/11/10, 22, 32, 7, 
2017/11/11, 24, 30, 1, 
2017/11/12, 29, 22, 3, 1
2017/11/13, 43, 16, 4, 
2017/11/14, 54, 32, 2, 1
2017/11/15, 41, 25, 3, 1
2017/11/16, 43, 31, 3, 1
2017/11/17, 52, 24, 1, 1
2017/11/18, 17, 28, 1, 
2017/11/19, 16, 29, 5, 
2017/11/20, 15, 32, 4, 
2017/11/21, 22, 28, 3, 1
2017/11/22, 30, 24, , 
2017/11/23, 17, 30, 7, 
2017/11/24, 32, 38, 3, 3
2017/11/25, 25, 40, 4, 2
2017/11/26, 36, 37, 3, 
2017/11/27, 33, 37, 3, 3
2017/11/28, 29, 37, 3, 2
2017/11/29, 28, 24, 7, 
2017/11/30, 19, 31, 8, 
2017/12/1, 32, 35, 7, 4
2017/12/2, 45, 41, 2, 
2017/12/3, 43, 34, 2, 1
2017/12/4, 46, 22, 1, 
2017/12/5, 18, 25, 1, 
2017/12/6, 11, 21, 4, 
2017/12/7, 10, 26, 3, 
2017/12/8, 12, 28, 7, 
2017/12/9, 14, 29, 4, 
2017/12/10, 18, 32, 7, 
2017/12/11, 25, 33, 7, 
2017/12/12, 16, 28, 3, 
2017/12/13, 15, 31, 6, 1
2017/12/14, 18, 28, 6, 1
2017/12/15, 26, 25, 8, 
2017/12/16, 23, 23, 4, 1
2017/12/17, 29, 19, 1, 
2017/12/18, 28, 12, 3, 
2017/12/19, 34, 13, 4, 
2017/12/20, 21, 15, 6, 
2017/7/2, 23, , , 
2017/7/3, 54, , , 
2017/7/4, 40, , , 
2017/7/5, 31, 32, , 
2017/7/6, 41, 26, 1, 
2017/7/7, 26, 26, 1, 
2017/7/8, 33, 29, , 
2017/7/9, 27, 28, , 
2017/7/10, 25, 29, 1, 
2017/7/11, 33, 27, 1, 1
2017/7/12, 38, 24, , 1
2017/7/13, 34, 21, 1, 
2017/7/14, 30, 28, 2, 
2017/7/15, 33, 33, 1, 
2017/7/16, 29, 27, 2, 
2017/7/17, 39, 33, 2, 
2017/7/18, 37, 32, 1, 
2017/7/19, 39, 30, 1, 
2017/7/20, 38, 30, 1, 
2017/7/21, 35, 36, 1, 1
2017/7/22, 42, 32, 1, 1
2017/7/23, 40, 37, , 
2017/7/24, 33, 30, 3, 
2017/7/25, 39, 26, 1, 
2017/7/26, 73, 27, 1, 
2017/7/27, 48, 29, , 
2017/7/28, 19, 34, , 
2017/7/29, 24, 41, 1, 
2017/7/30, 40, 37, , 
2017/7/31, 38, 41, 2, 
2017/8/1, 32, 36, 2, 
2017/8/2, 51, 31, 2, 
2017/8/3, 33, 36, 3, 
2017/8/4, 39, 42, 3, 
2017/8/5, 46, 40, 1, 1
2017/8/6, 48, 24, , 
2017/8/7, 48, 30, 1, 
2017/8/8, 25, 30, 1, 
2017/8/9, 29, 20, 1, 
2017/8/10, 35, 42, 1, 
2017/8/11, 39, 35, 1, 
2017/8/12, 37, 27, 2, 
2017/8/13, 30, 22, 1, 
2017/8/14, 22, 18, 1, 
2017/8/15, 43, 22, 1, 1
2017/8/16, 40, 21, 1, 
2017/8/17, 38, 23, 1, 
2017/8/18, 34, 27, 2, 
2017/8/19, 41, 26, 1, 
2017/8/20, 38, 27, , 
2017/8/21, 34, 31, 1, 2
2017/8/22, 39, 34, 1, 
2017/8/23, 29, 33, 1, 
2017/8/24, 25, 31, 2, 
2017/8/25, 45, 32, 1, 
2017/8/26, 44, 28, 1, 
2017/8/27, 46, 21, 1, 
2017/8/28, 50, 30, 2, 1
2017/8/29, 28, 31, 2, 
2017/8/30, 36, 38, 1, 
2017/8/31, 39, 42, 2, 
2017/9/1, 49, 44, 5, 
2017/9/2, 50, 49, 1, 
2017/9/3, 59, 46, 1, 3
2017/9/4, 66, 45, 1, 1
2017/9/5, 63, 53, 4, 1
2017/9/6, 59, , , 
2017/9/10, 41, 42, 2, 1
2017/9/11, 40, 43, 3, 1
2017/9/12, 45, 44, 5, 1
2017/9/13, 41, 64, 6, 2
2017/9/14, 39, 51, 2, 2
2017/9/15, 51, 41, 2, 1
2017/9/16, 46, 38, 2, 1
2017/9/17, 49, 36, , 
2017/9/18, 41, 35, 2, 1
2017/9/19, 42, 23, , 1
2017/9/20, 35, 26, , 1
2017/9/21, 38, 24, 1, 1
2017/9/22, 37, 32, 1, 1
2017/9/23, 38, 39, 1, 
2017/9/24, 47, 35, 1, 
2017/9/25, 45, 35, 2, 
2017/9/26, 35, 38, 2, 1
2017/9/27, 38, 33, 3, 
2017/9/28, 53, 32, 3, 
2017/9/29, 54, 31, 4, 
2017/9/30, 63, 42, 3, 
2017/10/1, 38, 44, 2, 1
2017/4/2, 26, 30, 1, 
2017/4/3, 21, 37, 1, 
2017/4/4, 17, 40, 1, 
2017/4/5, 26, 35, 1, 
2017/4/6, 13, 42, 8, 
2017/4/7, 21, 44, 3, 
2017/4/8, 28, 40, , 
2017/4/9, 29, 36, , 
2017/4/10, 27, 28, 1, 
2017/4/11, 71, 22, 1, 
2017/4/13, 18, 29, 1, 4
2017/4/14, 34, 37, 1, 
2017/4/15, 30, 28, , 
2017/4/16, 35, 25, , 
2017/4/17, 40, 29, 1, 
2017/4/18, 33, 28, 1, 
2017/4/19, 25, 29, , 
2017/4/20, 30, 27, 1, 
2017/4/21, 34, 24, , 
2017/4/22, 32, 26, , 
2017/4/23, 10, 39, 1, 
2017/4/24, 12, 44, 4, 
2017/4/25, 21, 34, 1, 1
2017/4/26, 29, 21, 1, 
2017/4/27, 34, 30, 2, 1
2017/4/28, 13, 35, 1, 1
2017/4/29, 62, 28, , 1
2017/4/30, 73, 41, 1, 
2017/5/1, 11, 45, 1, 
2017/5/2, 20, 44, , 
2017/5/3, 25, 39, , 1
2017/5/4, 29, 39, , 
2017/5/5, 12, 46, 5, 
2017/5/6, 24, 54, 2, 1
2017/5/7, 39, 52, , 
2017/5/8, 44, 42, 2, 
2017/5/9, 37, 35, 2, 
2017/5/10, 39, 34, , 
2017/5/11, 46, 27, , 
2017/5/12, 43, 37, 1, 
2017/5/13, 16, 42, , 
2017/5/14, 28, 50, 1, 1
2017/5/15, 47, 44, 1, 
2017/5/16, 38, 42, 1, 1
2017/5/17, 36, 35, , 1
2017/5/18, 36, 32, , 1
2017/5/19, 58, 27, , 
2017/5/20, 38, 33, 1, 
2017/5/21, 22, 29, , 
2017/5/22, 16, 37, 1, 
2017/5/23, 16, 30, 1, 
2017/5/24, 20, 39, 3, 
2017/5/25, 17, 45, 1, 
2017/5/26, 25, 33, , 
2017/5/27, 43, 24, , 
2017/5/28, 81, 29, , 
2017/5/29, 31, 36, 1, 
2017/5/30, 27, 35, 3, 
2017/5/31, 40, 32, 2, 
2017/6/1, 49, 34, 2, 
2017/6/2, 39, 23, 2, 
2017/6/3, 35, 32, , 
2017/6/4, 15, 37, 1, 
2017/6/5, 26, 29, 1, 
2017/6/6, 20, 41, 1, 
2017/6/7, 21, 48, 2, 
2017/6/8, 43, 44, 2, 
2017/6/9, 40, 36, 1, 
2017/6/10, 38, 46, , 
2017/6/11, 39, 38, , 
2017/6/12, 31, 30, , 
2017/6/13, 36, 23, , 
2017/6/14, 34, 22, 1, 
2017/6/15, 45, 21, 1, 
2017/6/16, 38, 25, 1, 
2017/6/17, 39, 22, 1, 
2017/6/18, 33, 21, , 
2017/6/19, 31, 25, 2, 
2017/6/20, 32, 36, 3, 
2017/6/27, 62, 30, 1, 
2017/6/28, 41, 26, , 
2017/6/29, 23, 28, , 
2017/6/30, 27, 22, , 
2017/7/1, 42, , , 
2017/1/3, 19, 19, 3, 
2017/1/4, 10, 16, 2, 
2017/1/5, 10, 21, 3, 
2017/1/6, 31, 27, , 
2017/1/7, 19, 27, 6, 
2017/1/8, 34, 30, 2, 2
2017/1/9, 30, 30, 1, 2
2017/1/10, 16, 30, , 
2017/1/11, 18, 31, , 1
2017/1/12, 34, 27, 1, 
2017/1/13, 44, 6, 2, 
2017/1/14, 54, 3, 1, 
2017/1/15, 24, 21, 2, 
2017/1/16, 22, 21, 2, 
2017/1/17, 10, 12, , 
2017/1/18, 12, 10, 1, 
2017/1/19, 10, 17, 3, 
2017/1/20, 19, 30, , 
2017/1/21, 21, 30, , 
2017/1/22, 32, 30, , 
2017/1/23, 13, 31, 3, 
2017/1/24, 12, 33, 2, 
2017/1/25, 26, 27, 1, 
2017/1/26, 17, 27, 3, 
2017/1/27, 17, 33, 7, 
2017/1/28, 19, 31, 3, 
2017/1/29, 16, 34, , 
2017/1/30, 13, 34, 4, 
2017/1/31, 17, 40, 2, 1
2017/2/1, 21, 37, 3, 
2017/2/2, 38, 23, , 
2017/2/3, 59, 24, 1, 
2017/2/4, 47, 24, , 2
2017/2/5, 30, 22, 1, 
2017/2/6, 46, 19, , 
2017/2/7, 32, 32, 2, 
2017/2/8, 28, 26, 2, 
2017/2/9, 30, 28, 3, 
2017/2/10, 30, 34, 1, 1
2017/2/11, 47, 30, , 
2017/2/12, 57, 32, , 
2017/2/13, 47, 30, 1, 
2017/2/14, 23, 27, 1, 
2017/2/15, 17, 32, 3, 
2017/2/16, 12, 37, 10, 
2017/2/17, 16, 37, 2, 
2017/2/18, 25, 36, 2, 
2017/2/19, 25, 19, , 
2017/2/20, 60, 28, 1, 
2017/2/21, 14, 33, 3, 
2017/2/22, 14, 40, 16, 
2017/2/23, 19, 43, 1, 1
2017/2/24, 17, 26, 2, 
2017/2/25, 18, 33, 2, 
2017/2/26, 20, 31, 3, 1
2017/2/27, 41, 26, 1, 
2017/2/28, 47, 26, , 1
2017/3/1, 61, 37, 2, 
2017/3/2, 21, 36, 7, 
2017/3/3, 25, 40, 8, 
2017/3/4, 42, 33, 2, 
2017/3/5, 38, 25, , 
2017/3/6, 34, 25, , 
2017/3/7, 27, 34, 3, 
2017/3/8, 34, 36, 4, 1
2017/3/9, 25, 21, 1, 
2017/3/10, 31, 24, 2, 
2017/3/11, 31, 29, 1, 
2017/3/12, 35, 29, , 
2017/3/13, 15, 28, 2, 
2017/3/14, 25, 30, 4, 
2017/3/15, 25, 32, 2, 
2017/3/16, 38, 34, 1, 
2017/3/17, 47, 29, , 
2017/3/18, 42, 28, 1, 
2017/3/19, 39, 29, 1, 
2017/3/20, 44, 36, , 
2017/3/21, 33, 33, , 
2017/3/22, 26, 28, , 
2017/3/23, 47, 39, , 
2017/3/24, 31, 30, , 1
2017/3/25, 33, 36, 4, 
2017/3/26, 22, 41, , 
2017/3/27, 46, 36, 2, 
2017/3/28, 48, 33, 1, 
2017/3/29, 55, 41, , 
2017/3/30, 23, 35, 2, 
2017/3/31, 9, 41, 2, 
2017/4/1, 20, 37, 1, 
2016/10/2, 46, 47, 1, 1
2016/10/3, 53, 43, 3, 
2016/10/4, 53, 39, 2, 
2016/10/5, 48, 28, , 1
2016/10/6, 29, 29, 2, 1
2016/10/8, 9, 30, 2, 
2016/10/9, 15, 35, 3, 
2016/10/10, 36, 37, 4, 
2016/10/11, 31, 43, 2, 1
2016/10/12, 42, 31, , 
2016/10/13, 28, 23, , 
2016/10/14, 29, 24, , 
2016/10/15, 31, 35, , 
2016/10/16, 30, 25, , 
2016/10/17, 21, 25, , 
2016/10/18, 23, 22, , 
2016/10/19, 23, 20, , 
2016/10/20, 23, 33, , 
2016/10/21, 21, 30, , 
2016/10/22, 14, 38, , 
2016/10/23, 30, 38, , 
2016/10/24, 29, 31, , 
2016/10/25, 29, 37, , 
2016/10/26, 36, 33, , 
2016/10/27, 32, 36, , 
2016/10/28, 38, 41, , 
2016/10/29, 40, 37, 1, 
2016/10/30, 37, 32, 1, 
2016/10/31, 32, 41, 3, 2
2016/11/1, 29, 26, 1, 2
2016/11/2, 36, 26, , 2
2016/11/3, 31, 19, 2, 
2016/11/4, 19, 18, 3, 
2016/11/5, 47, 27, 2, 
2016/11/6, 30, 27, 1, 
2016/11/7, 34, 23, 2, 
2016/11/8, 36, 14, 2, 
2016/11/9, 38, 22, 2, 
2016/11/10, 36, 31, 5, 
2016/11/11, 33, 27, 9, 
2016/11/12, 31, 31, 3, 
2016/11/13, 38, 33, 1, 
2016/11/14, 33, 28, 2, 
2016/11/15, 36, 38, 7, 
2016/11/16, 29, 37, 2, 
2016/11/17, 27, 36, 1, 
2016/11/18, 34, 26, , 
2016/11/19, 18, 29, 4, 
2016/11/20, 13, 31, 2, 1
2016/11/21, 23, 35, 2, 
2016/11/22, 23, 26, 1, 1
2016/11/23, 26, 23, 5, 
2016/11/24, 21, 32, 3, 1
2016/11/25, 32, 19, 2, 
2016/11/26, 32, 20, 1, 
2016/11/27, 47, 35, 1, 2
2016/11/28, 41, 31, , 1
2016/11/29, 16, 31, 3, 
2016/11/30, 13, 28, 5, 
2016/12/1, 16, 31, 4, 
2016/12/2, 21, 29, 3, 1
2016/12/3, 32, 24, , 
2016/12/4, 14, 22, , 
2016/12/5, 10, 13, 1, 
2016/12/6, 17, 16, 1, 
2016/12/7, 21, 13, 2, 
2016/12/8, 28, 19, , 
2016/12/9, 16, 18, 3, 
2016/12/10, 20, 20, , 
2016/12/11, 22, 24, , 
2016/12/12, 25, 12, 5, 
2016/12/13, 33, 17, 7, 
2016/12/14, 44, 7, 7, 
2016/12/15, 43, 17, 8, 
2016/12/16, 40, 19, 1, 2
2016/12/17, 30, 15, 1, 1
2016/12/18, 28, 26, 1, 
2016/12/19, 18, 27, 3, 2
2016/12/20, 20, 29, 7, 3
2016/12/21, 30, 31, 3, 2
2016/12/22, 29, 29, 3, 
2016/12/23, 37, 15, 3, 
2016/12/24, 50, 16, 1, 
2016/12/25, 35, 20, , 1
2016/12/26, 27, 2, , 
2016/12/27, 30, 17, 6, 
2016/12/28, 19, 23, , 
2016/12/29, 42, 31, 3, 
2016/12/30, 14, 27, 2, 1
2016/12/31, 15, 27, 3, 1
2017/1/1, 35, 20, 2, 
2017/1/2, 54, 29, , 
2016/7/2, 49, 24, , 
2016/7/3, 54, 20, , 
2016/7/4, 50, 27, , 
2016/7/5, 29, 25, , 
2016/7/6, 42, 25, , 
2016/7/7, 29, 26, , 
2016/7/9, 51, 24, , 
2016/7/10, 42, 21, 1, 
2016/7/11, 53, 21, , 
2016/7/12, 78, 26, , 
2016/7/13, 56, 24, , 
2016/7/14, 44, 27, , 
2016/7/15, 30, 23, 1, 
2016/7/16, 56, 22, 1, 
2016/7/17, 64, 30, 1, 
2016/7/18, 45, 27, 1, 
2016/7/19, 29, 27, 1, 
2016/7/20, 26, 32, 1, 1
2016/7/21, 26, 32, 1, 1
2016/7/22, 30, 42, 1, 
2016/7/23, 38, 41, 1, 
2016/7/24, 41, 32, , 
2016/7/25, 31, 29, 2, 
2016/7/26, 29, 37, 3, 
2016/7/27, 26, 36, 2, 
2016/7/28, 32, 25, 1, 
2016/7/29, 40, 27, 1, 
2016/7/30, 27, 27, 1, 
2016/7/31, 30, 25, 1, 
2016/8/1, 26, 25, 1, 
2016/8/2, 52, 26, 1, 
2016/8/3, 52, 40, 1, 
2016/8/4, 38, 41, 1, 1
2016/8/5, 36, 38, , 1
2016/8/6, 34, 33, 1, 
2016/8/7, 33, 31, 1, 1
2016/8/8, 49, 34, 1, 
2016/8/9, 46, 33, 1, 
2016/8/10, 36, 33, 1, 1
2016/8/11, 37, 27, 2, 
2016/8/12, 35, 33, 1, 
2016/8/13, 43, 40, 3, 
2016/8/14, 24, 25, 1, 
2016/8/15, 16, 23, 1, 
2016/8/16, 14, 18, 1, 
2016/8/17, 16, 16, , 
2016/8/18, 11, 18, , 
2016/8/19, 17, 17, , 
2016/8/20, 22, 25, 1, 
2016/8/21, 25, 24, 1, 
2016/8/22, 23, 20, , 
2016/8/23, 26, 20, , 
2016/8/24, 36, 21, 1, 
2016/8/25, 41, 21, 1, 
2016/8/26, 35, 32, 1, 
2016/8/27, 25, 26, 1, 
2016/8/28, 30, 31, , 
2016/8/29, 33, 27, 1, 
2016/8/30, 31, 31, 2, 
2016/8/31, 40, , 3, 
2016/9/1, 55, , 2, 
2016/9/2, 44, , 4, 
2016/9/3, 30, , 13, 
2016/9/9, 74, 23, , 
2016/9/10, 36, 32, , 
2016/9/11, 16, 34, , 
2016/9/12, 17, 34, , 1
2016/9/13, 30, 29, , 1
2016/9/14, 30, 28, 2, 1
2016/9/15, 46, 29, 3, 1
2016/9/16, 48, 30, 2, 1
2016/9/17, 42, 39, 1, 1
2016/9/18, 39, 34, 1, 
2016/9/19, 29, 30, 2, 
2016/9/20, 39, 37, 1, 
2016/9/21, 49, 39, 1, 
2016/9/22, 44, 41, 4, 1
2016/9/23, 48, 29, 2, 
2016/9/24, 39, 20, , 
2016/9/25, 25, 13, 1, 
2016/9/26, 24, 22, , 
2016/9/27, 11, 33, 2, 
2016/9/28, 23, 44, 4, 
2016/9/29, 31, 27, 2, 
2016/9/30, 22, 37, 4, 
2016/10/1, 33, 44, 3, 2
2016/4/2, 22, 37, 2, 
2016/4/3, 24, 38, 1, 
2016/4/4, 29, 42, 2, 
2016/4/5, 24, 42, 2, 
2016/4/6, 33, 36, 1, 
2016/4/7, 21, 42, 4, 
2016/4/8, 19, 34, 4, 
2016/4/9, 27, 34, 2, 
2016/4/10, 33, 32, , 
2016/4/11, 31, 27, , 
2016/4/12, 37, 27, 2, 
2016/4/13, 21, 27, 2, 
2016/4/14, 26, 28, 2, 
2016/4/15, 26, 30, 2, 
2016/4/16, 28, 25, , 
2016/4/17, 36, 27, , 
2016/4/18, 24, 33, , 
2016/4/19, 12, 31, 1, 
2016/4/20, 21, 38, 1, 
2016/4/21, 16, 39, 2, 
2016/4/22, 16, 40, 4, 
2016/4/23, 18, 41, 2, 
2016/4/24, 27, 41, 1, 
2016/4/25, 33, 28, , 
2016/4/26, 34, 32, , 
2016/4/27, 48, 38, 1, 
2016/4/28, 21, 43, 2, 
2016/4/29, 27, 32, 1, 
2016/4/30, 54, 36, 2, 
2016/5/1, 28, 27, 1, 
2016/5/2, 12, 23, 1, 
2016/5/3, 11, 36, 2, 
2016/5/4, 11, 43, 3, 
2016/5/5, 19, 44, 4, 
2016/5/6, 23, 40, 5, 
2016/5/7, 27, 44, 1, 
2016/5/8, 35, 32, , 
2016/5/9, 28, 34, , 
2016/5/10, 31, 54, , 
2016/5/11, 71, 42, 1, 
2016/5/12, 42, 36, 2, 
2016/5/13, 23, 39, 2, 
2016/5/14, 20, 31, 1, 
2016/5/15, 28, 32, , 
2016/5/16, 25, 34, 1, 
2016/5/17, 37, 42, 1, 
2016/5/18, 22, 20, , 
2016/5/19, 13, 22, 1, 
2016/5/20, 21, 47, 1, 
2016/5/21, 27, 38, 1, 
2016/5/22, 32, 32, , 
2016/5/23, 38, 34, 1, 
2016/5/24, 41, 24, , 
2016/5/25, 33, 20, , 
2016/5/26, 56, 24, , 
2016/5/27, 27, 29, 1, 
2016/5/28, 12, 23, , 
2016/5/29, 34, 30, , 
2016/5/30, 40, 31, , 
2016/5/31, 25, 28, , 
2016/6/1, 33, 31, 1, 
2016/6/2, 23, 24, , 
2016/6/3, 18, 31, , 
2016/6/4, 16, 29, , 
2016/6/5, 16, 41, , 
2016/6/6, 16, 39, 3, 
2016/6/7, 27, 47, 5, 
2016/6/8, 30, 42, 3, 
2016/6/9, 39, 44, 1, 
2016/6/10, 46, 45, 1, 
2016/6/11, 45, 27, , 
2016/6/12, 40, 28, , 
2016/6/13, 35, 24, , 
2016/6/14, 15, 19, , 
2016/6/15, 38, 23, , 
2016/6/16, 64, 22, , 
2016/6/17, 59, 28, , 
2016/6/18, 50, 27, , 
2016/6/19, 46, 35, , 
2016/6/20, 24, 29, , 
2016/6/21, 32, 28, , 
2016/6/22, 48, 31, , 
2016/6/23, 44, 35, , 
2016/6/24, 25, 29, , 
2016/6/25, 22, 18, , 
2016/6/26, 33, 19, , 
2016/6/27, 34, 28, , 
2016/6/28, 33, 33, 2, 
2016/6/29, 29, 38, 1, 
2016/6/30, 37, 44, 2, 
2016/7/1, 41, 41, 1, 
2016/1/5, 19, 21, 3, 
2016/1/6, 28, 16, 4, 
2016/1/7, 37, 20, 2, 
2016/1/8, 24, 17, 4, 1
2016/1/9, 32, 18, 1, 
2016/1/10, 20, 23, 2, 
2016/1/11, 22, 23, 4, 2
2016/1/12, 22, 27, 6, 
2016/1/13, 29, 36, 4, 
2016/1/14, 32, 32, 3, 
2016/1/15, 26, 26, 7, 
2016/1/16, 21, 21, 2, 
2016/1/17, 22, 25, 4, 
2016/1/18, 26, 19, 4, 
2016/1/19, 26, 31, 2, 1
2016/1/20, 29, 18, 3, 
2016/1/21, 27, 13, 3, 
2016/1/22, 37, 29, 2, 
2016/1/23, 24, 23, 2, 
2016/1/24, 27, 34, 1, 1
2016/1/25, 21, 29, 2, 
2016/1/26, 23, 20, 2, 
2016/1/27, 17, 28, 6, 
2016/1/28, 17, 24, 7, 
2016/1/29, 21, 34, 4, 
2016/1/30, 23, 36, 1, 1
2016/1/31, 26, 32, 2, 
2016/2/1, 28, 32, 5, 
2016/2/2, 30, 30, 1, 
2016/2/3, 21, 29, 2, 
2016/2/4, 16, 25, 8, 
2016/2/5, 25, 32, 4, 1
2016/2/6, 27, 34, 2, 
2016/2/7, 38, 33, 2, 
2016/2/8, 33, 29, 1, 
2016/2/9, 10, 31, 5, 
2016/2/10, 12, 32, 4, 
2016/2/11, 13, 34, 6, 1
2016/2/12, 31, 34, 7, 
2016/2/13, 58, 35, 2, 
2016/2/14, 57, 26, 1, 
2016/2/15, 28, 35, 3, 
2016/2/16, 23, 31, 2, 
2016/2/17, 17, 31, 4, 
2016/2/18, 24, 42, 2, 
2016/2/19, 30, 33, , 
2016/2/20, 30, 23, , 
2016/2/21, 22, 20, , 
2016/2/22, 34, 19, 1, 
2016/2/23, 24, 27, , 
2016/2/24, 13, 30, 1, 
2016/2/25, 12, 31, 3, 
2016/2/26, 15, 32, 4, 
2016/2/27, 20, 43, 1, 
2016/2/28, 26, 33, 1, 
2016/2/29, 26, 30, 1, 
2016/3/1, 30, 32, 1, 
2016/3/2, 18, 34, 3, 
2016/3/3, 18, 35, 2, 
2016/3/4, 30, 33, 6, 
2016/3/5, 15, 46, 3, 
2016/3/6, 43, 40, 1, 
2016/3/7, 39, 32, , 
2016/3/8, 37, 28, , 
2016/3/9, 19, 28, , 
2016/3/10, 16, 23, , 
2016/3/11, 12, 15, 1, 
2016/3/12, 11, 34, , 
2016/3/13, 16, 35, 1, 
2016/3/14, 23, 46, 3, 
2016/3/15, 25, 39, 1, 
2016/3/16, 42, 40, 7, 
2016/3/17, 24, 28, 3, 
2016/3/18, 24, 26, 2, 
2016/3/19, 42, 31, 1, 
2016/3/20, 14, 29, 1, 
2016/3/21, 15, 34, 3, 
2016/3/22, 16, 35, 1, 
2016/3/23, 20, 31, , 
2016/3/24, 29, 33, 2, 
2016/3/25, 21, 37, 4, 
2016/3/26, 25, 43, 1, 1
2016/3/27, 46, 31, 1, 
2016/3/28, 37, 32, 4, 
2016/3/29, 15, 31, 2, 
2016/3/30, 33, 28, , 
2016/3/31, 28, 39, 2, 
2016/4/1, 29, 26, 3, 
2015/10/2, 34, 37, 3, 
2015/10/3, 15, 35, 2, 
2015/10/4, 23, 31, 1, 
2015/10/5, 24, 31, 2, 
2015/10/6, 24, 29, 3, 
2015/10/7, 27, 37, 4, 
2015/10/8, 38, 38, 4, 
2015/10/9, 54, 41, 6, 
2015/10/10, 55, 36, 2, 
2015/10/11, 22, 46, 1, 1
2015/10/12, 37, 55, 1, 1
2015/10/13, 56, 40, 4, 
2015/10/14, 17, 49, 6, 3
2015/10/15, 31, 41, 4, 1
2015/10/16, 40, 45, 4, 1
2015/10/17, 35, 36, 1, 
2015/10/18, 34, 40, 1, 1
2015/10/19, 30, 39, , 1
2015/10/20, 27, 36, 3, 2
2015/10/21, 42, 30, 1, 1
2015/10/22, 28, 26, 1, 
2015/10/23, 27, 20, 1, 1
2015/10/24, 12, 24, , 
2015/10/25, 7, 18, , 
2015/10/26, 10, 26, 1, 
2015/10/27, 14, 35, 2, 
2015/10/28, 17, 38, 3, 
2015/10/29, 22, 35, 6, 
2015/10/30, 27, 29, 1, 
2015/10/31, 44, 28, 1, 
2015/11/1, 15, 13, 1, 
2015/11/2, 17, 24, 2, 
2015/11/3, 14, 24, 2, 
2015/11/4, 36, 28, 1, 
2015/11/5, 35, 20, , 
2015/11/6, 31, 21, 3, 
2015/11/7, 18, 20, 1, 
2015/11/8, 17, 28, 1, 
2015/11/9, 17, 28, 3, 2
2015/11/10, 29, 32, 2, 
2015/11/11, 38, 28, 2, 
2015/11/12, 26, 26, 4, 
2015/11/13, 17, 28, 6, 
2015/11/14, 25, 27, 3, 
2015/11/15, 37, 26, , 
2015/11/16, 24, 23, 1, 
2015/11/17, 34, 29, 1, 
2015/11/18, 11, 25, 2, 
2015/11/19, 12, 30, 4, 
2015/11/20, 29, 31, 2, 1
2015/11/21, 32, 25, 1, 
2015/11/22, 19, 30, 3, 
2015/11/23, 19, 31, 5, 2
2015/11/24, 28, 34, 2, 1
2015/11/25, 30, 28, 1, 1
2015/11/26, 34, 27, , 
2015/11/27, 24, 24, , 
2015/11/28, 7, 8, 1, 
2015/11/29, 6, 4, 2, 
2015/11/30, 7, 13, 5, 
2015/12/1, 10, 12, 4, 
2015/12/2, 12, 27, 6, 
2015/12/3, 14, 28, 7, 
2015/12/4, 23, 26, 5, 
2015/12/5, 27, 27, 4, 
2015/12/6, 37, 28, 4, 
2015/12/7, 44, 28, 11, 
2015/12/8, 34, 39, 4, 
2015/12/9, 41, 17, 8, 
2015/12/10, 30, 27, 4, 
2015/12/11, 45, 27, 2, 
2015/12/12, 48, 23, 1, 
2015/12/13, 22, 25, , 
2015/12/14, 8, 25, 2, 
2015/12/15, 11, 23, 2, 
2015/12/16, 15, 20, 5, 
2015/12/17, 12, 25, 7, 
2015/12/18, 17, 21, 2, 
2015/12/19, 17, 29, 2, 2
2015/12/20, 27, 24, 1, 7
2015/12/21, 28, 23, 5, 
2015/12/22, 24, 29, 5, 2
2015/12/23, 35, 27, 2, 1
2015/12/24, 22, 31, 3, 2
2015/12/25, 35, 25, 1, 1
2015/12/26, 35, 17, , 
2015/12/27, 37, 12, , 
2015/12/28, 8, 20, 1, 
2015/12/29, 9, 18, 2, 
2015/12/30, 13, 20, 4, 
2015/12/31, 25, 25, 3, 
2016/1/1, 22, , , 
2016/1/4, 20, 25, 4, 
2015/7/2, 31, 22, , 
2015/7/3, 49, 20, , 
2015/7/4, 68, 21, , 
2015/7/5, 53, 19, , 
2015/7/6, 60, 22, , 
2015/7/7, 70, 19, 1, 
2015/7/8, 58, 20, , 
2015/7/9, 73, 24, 1, 
2015/7/10, 76, 24, 1, 
2015/7/11, 70, 24, , 
2015/7/12, 62, 22, , 
2015/7/13, 29, 25, 1, 
2015/7/14, 42, 29, 1, 
2015/7/15, 55, 27, 1, 
2015/7/16, 36, 29, 1, 
2015/7/17, 30, 24, 1, 
2015/7/18, 30, 22, 1, 
2015/7/19, 36, 27, , 
2015/7/20, 35, 25, 1, 
2015/7/21, 39, 31, 1, 
2015/7/22, 38, 22, 2, 
2015/7/23, 41, 25, 1, 
2015/7/24, 50, 26, 1, 
2015/7/25, 48, 43, 1, 
2015/7/26, 38, 34, , 
2015/7/27, 39, 34, 1, 
2015/7/28, 43, 29, 1, 
2015/7/29, 47, 25, 1, 
2015/7/30, 53, 40, 2, 
2015/7/31, 53, 50, 2, 1
2015/8/1, 39, 47, 2, 
2015/8/2, 27, 43, 1, 
2015/8/3, 30, 46, 2, 
2015/8/4, 41, 55, 1, 
2015/8/5, 54, 27, , 
2015/8/6, 28, 29, 1, 
2015/8/7, 43, 29, 1, 
2015/8/8, 45, 34, , 
2015/8/9, 41, 36, , 1
2015/8/10, 49, 38, 2, 
2015/8/11, 42, 32, 9, 
2015/8/12, 54, 41, 4, 
2015/8/13, 39, 43, 2, 
2015/8/14, 39, 43, 2, 
2015/8/15, 44, 47, 1, 
2015/8/16, 44, 44, 1, 
2015/8/17, 53, 43, 3, 
2015/8/18, 42, 33, 1, 
2015/8/19, 21, 35, 2, 
2015/8/20, 26, 13, 6, 
2015/8/21, 15, 30, 2, 
2015/8/22, 25, 29, 2, 
2015/8/23, 29, 29, 1, 
2015/8/24, 34, 37, 4, 
2015/8/25, 42, 36, 2, 
2015/8/26, 39, 39, 3, 
2015/8/27, 31, 52, 4, 
2015/8/28, 41, 52, 3, 
2015/8/29, 53, 56, 2, 
2015/8/30, 57, 44, 1, 
2015/8/31, 45, 41, 2, 
2015/9/1, 43, 33, 2, 
2015/9/2, 34, 37, 1, 
2015/9/3, 16, 31, 2, 
2015/9/4, 25, 34, 1, 
2015/9/5, 36, 23, 1, 
2015/9/6, 36, 24, , 
2015/9/7, 44, 27, 1, 
2015/9/8, 41, 34, 1, 
2015/9/9, 40, 25, 3, 
2015/9/10, 22, 36, , 
2015/9/11, 27, 41, , 
2015/9/12, 25, 34, , 
2015/9/13, 13, 38, , 
2015/9/14, 19, 43, , 
2015/9/15, 28, 30, , 
2015/9/16, 36, 32, , 
2015/9/17, 22, 31, 2, 
2015/9/18, 28, 35, 2, 1
2015/9/19, 28, 21, 2, 
2015/9/20, 30, , 2, 
2015/9/21, 29, , 3, 
2015/9/22, 39, 41, 3, 
2015/9/23, 40, 48, 4, 
2015/9/24, 34, 41, 7, 
2015/9/25, 42, 41, 6, 
2015/9/26, 48, 48, 6, 1
2015/9/27, 47, 45, 9, 
2015/9/28, 57, 36, , 
2015/9/29, 48, 32, 4, 
2015/9/30, 34, 39, 3, 
2015/10/1, 38, 31, 2, 
2015/4/2, 47, 27, , 
2015/4/3, 52, 34, , 
2015/4/4, 49, 33, 1, 
2015/4/7, 40, 27, , 
2015/4/8, 47, 22, , 1
2015/4/9, 47, 30, 1, 
2015/4/10, 42, 27, 2, 
2015/4/11, 10, 35, 1, 
2015/4/12, 28, 23, , 
2015/4/13, 44, 25, , 
2015/4/14, 17, 19, 3, 
2015/4/15, 13, 36, 2, 
2015/4/16, 12, 32, 2, 
2015/4/17, 32, 32, 1, 
2015/4/18, 22, 37, 1, 
2015/4/19, 14, 39, 1, 
2015/4/20, 14, 34, 2, 
2015/4/21, 11, 28, 3, 
2015/4/22, 22, 34, 1, 
2015/4/23, 39, 26, 1, 
2015/4/24, 33, 24, 1, 
2015/4/25, 39, 40, 1, 
2015/4/26, 19, 32, , 
2015/4/27, 38, 33, 1, 
2015/4/28, 49, 31, 1, 
2015/5/1, 46, 53, 4, 
2015/5/2, 38, 50, 2, 1
2015/5/3, 49, 43, , 
2015/5/4, 36, 40, 1, 
2015/5/5, 37, 32, , 
2015/5/6, 33, 31, , 
2015/5/7, 30, 27, 1, 
2015/5/8, 37, 27, , 
2015/5/9, 52, 26, , 
2015/5/10, 56, 29, , 
2015/5/11, 61, 26, 1, 
2015/5/12, 16, 24, 1, 
2015/5/13, 16, 19, , 
2015/5/14, 23, 24, , 
2015/5/15, 37, 16, , 
2015/5/16, 36, 24, , 
2015/5/17, 49, 29, , 
2015/5/18, 31, 26, 1, 
2015/5/19, 43, 22, , 
2015/5/20, 40, 26, 1, 
2015/5/21, 34, 17, 1, 
2015/5/22, 13, 27, 1, 
2015/5/23, 13, 20, , 
2015/5/27, 58, 39, 1, 
2015/5/29, 49, 33, , 
2015/5/30, 22, 35, , 
2015/5/31, 18, 31, , 
2015/6/1, 12, 32, , 
2015/6/2, 20, 41, 1, 
2015/6/3, 32, 43, , 
2015/6/4, 42, 47, 1, 
2015/6/5, 50, 40, 2, 
2015/6/6, 55, 42, 1, 
2015/6/7, 58, 47, 1, 
2015/6/8, 55, 32, 1, 
2015/6/9, 30, 36, 3, 
2015/6/10, 29, 44, 2, 
2015/6/11, 38, 27, 1, 
2015/6/12, 36, 24, , 
2015/6/13, 21, 26, , 
2015/6/14, 30, 21, , 1
2015/6/15, 24, 18, , 1
2015/6/16, 21, 13, 1, 
2015/6/17, 26, 20, , 
2015/6/18, 23, 24, , 
2015/6/19, 27, 23, , 
2015/6/20, 48, 19, , 
2015/6/21, 53, 14, , 
2015/6/22, 44, 18, , 
2015/6/23, 63, 22, 1, 
2015/6/24, 47, 29, 2, 
2015/6/25, 44, 30, 1, 
2015/6/26, 31, 26, 1, 
2015/6/27, 25, 35, 1, 
2015/6/28, 17, 39, 1, 
2015/6/29, 24, 27, 1, 
2015/6/30, 44, 32, , 
2015/7/1, 47, 25, , 
2015/1/2, 22, 12, 3, 
2015/1/3, 8, 16, 3, 
2015/1/4, 12, 24, 1, 
2015/1/5, 18, 24, 3, 2
2015/1/6, 10, 19, 7, 
2015/1/7, 25, 27, 2, 
2015/1/8, 16, 23, 3, 1
2015/1/9, 10, 26, 4, 1
2015/1/11, 9, 17, 3, 
2015/1/12, 12, 12, 3, 
2015/1/13, 18, 16, 3, 
2015/1/14, 17, 17, 4, 
2015/1/15, 15, 20, 8, 
2015/1/16, 23, 27, , 
2015/1/17, 19, 30, 4, 1
2015/1/18, 20, 31, 5, 
2015/1/19, 18, 35, 5, 1
2015/1/20, 15, 29, 6, 
2015/1/21, 37, 30, 2, 
2015/1/22, 17, 27, 1, 
2015/1/23, 10, 24, 2, 
2015/1/24, 11, 20, 6, 
2015/1/25, 15, 29, 2, 
2015/1/26, 11, 28, 7, 
2015/1/27, 13, 23, 11, 
2015/1/28, 19, 40, 4, 2
2015/1/29, 31, 26, 2, 
2015/1/30, 19, 25, 2, 
2015/1/31, 18, 23, 1, 
2015/2/1, 35, 18, 1, 
2015/2/2, 26, 23, 2, 
2015/2/3, 16, 24, 4, 1
2015/2/4, 27, 20, 4, 2
2015/2/5, 37, 16, 3, 
2015/2/6, 24, 18, 6, 
2015/2/7, 26, 31, 2, 
2015/2/8, 19, 28, 4, 
2015/2/9, 35, 29, 10, 
2015/2/10, 30, 33, 3, 1
2015/2/11, 41, 36, 4, 1
2015/2/12, 53, 27, 2, 
2015/2/13, 30, 33, 4, 1
2015/2/14, 35, 39, 3, 
2015/2/15, 33, 28, 2, 
2015/2/16, 45, 25, 1, 
2015/2/17, 25, 25, 3, 
2015/2/18, 22, 30, 5, 
2015/2/19, 16, 32, 2, 
2015/2/20, 17, 29, 1, 
2015/2/21, 23, 25, 1, 
2015/2/22, 23, 21, 1, 
2015/2/23, 17, 24, 1, 
2015/2/24, 22, 24, 2, 
2015/2/25, 21, 21, 3, 
2015/2/26, 18, 28, 2, 
2015/2/27, 22, 24, 3, 
2015/2/28, 19, 23, 2, 
2015/3/1, 26, 20, 2, 
2015/3/2, 26, 18, 2, 
2015/3/3, 25, 7, 4, 
2015/3/4, 16, 27, 4, 
2015/3/5, 15, 33, 1, 
2015/3/6, 23, 37, 8, 
2015/3/7, 22, 39, 4, 2
2015/3/8, 20, 29, 2, 
2015/3/9, 22, 22, 3, 
2015/3/10, 7, 21, 2, 
2015/3/11, 9, 27, 4, 
2015/3/12, 11, 21, 3, 
2015/3/13, 20, 19, 2, 
2015/3/14, 10, 27, 1, 
2015/3/15, 24, 24, 1, 
2015/3/16, 19, 32, 3, 
2015/3/17, 21, 25, 2, 
2015/3/18, 33, 18, 6, 
2015/3/19, 31, 19, 3, 
2015/3/20, 36, 12, 2, 
2015/3/21, 18, 24, 2, 
2015/3/22, 23, 30, 1, 
2015/3/23, 10, 34, 3, 
2015/3/24, 16, 37, 1, 
2015/3/25, 25, 38, 1, 1
2015/3/26, 20, 30, 1, 
2015/3/27, 16, 33, 6, 
2015/3/28, 20, 44, 2, 1
2015/3/29, 27, 35, , 
2015/3/30, 23, 24, 2, 
2015/3/31, 34, 30, , 
2015/4/1, 31, 27, 1, 
2014/10/2, 28, 24, 2, 
2014/10/3, 33, 36, 4, 
2014/10/4, 10, 33, 3, 1
2014/10/5, 9, 37, 2, 2
2014/10/6, 27, 38, 2, 
2014/10/7, 20, 33, 2, 
2014/10/8, 28, 27, 1, 
2014/10/9, 27, 29, 1, 
2014/10/10, 23, 24, 1, 
2014/10/11, 36, 10, 2, 
2014/10/12, 7, 17, 2, 
2014/10/13, 26, 29, 1, 
2014/10/14, 10, 30, 4, 
2014/10/15, 11, 39, 6, 
2014/10/16, 19, 46, 3, 
2014/10/17, 27, 40, 3, 
2014/10/18, 30, 39, 3, 
2014/10/19, 41, 34, 2, 1
2014/10/20, 38, 34, 4, 
2014/10/21, 44, 43, 6, 1
2014/10/22, 50, 40, 4, 
2014/10/23, 48, 35, 3, 
2014/10/24, 42, 43, 3, 1
2014/10/25, 53, 45, 2, 
2014/10/26, 49, 51, 1, 1
2014/10/27, 42, 34, 1, 
2014/10/28, 18, 23, 3, 
2014/10/29, 30, 30, 3, 
2014/10/30, 11, 34, 5, 2
2014/10/31, 30, 27, 4, 
2014/11/1, 17, 29, 1, 
2014/11/2, 14, 30, 1, 
2014/11/3, 23, 36, 1, 
2014/11/4, 31, 26, 1, 2
2014/11/5, 19, 14, 2, 
2014/11/6, 8, 28, 4, 
2014/11/7, 11, 28, 5, 1
2014/11/8, 11, 28, 3, 
2014/11/9, 18, 29, 2, 
2014/11/10, 17, 37, 2, 1
2014/11/11, 17, 21, 1, 
2014/11/12, 16, 22, 1, 
2014/11/13, 15, 21, 1, 
2014/11/14, 12, 22, 3, 
2014/11/15, 17, 22, 2, 1
2014/11/16, 34, 14, 1, 
2014/11/17, 26, 27, 4, 
2014/11/18, 15, 30, 5, 
2014/11/19, 24, 32, 4, 
2014/11/20, 26, 29, 3, 
2014/11/21, 27, 25, 1, 
2014/11/22, 22, 28, , 
2014/11/23, 28, 28, , 
2014/11/24, 11, 23, 5, 
2014/11/25, 14, 27, 9, 
2014/11/26, 22, 25, 4, 
2014/11/27, 15, 27, 3, 
2014/11/28, 14, 35, 2, 
2014/11/29, 24, 29, , 
2014/11/30, 13, 26, , 
2014/12/1, 16, 14, 2, 
2014/12/2, 15, 14, 4, 10
2014/12/3, 16, 14, 3, 3
2014/12/4, 33, 16, 3, 7
2014/12/5, 41, 21, 1, 
2014/12/6, 30, 25, 2, 
2014/12/7, 13, 17, 2, 
2014/12/8, 24, 15, 6, 
2014/12/9, 26, 16, 8, 
2014/12/10, 24, 15, 9, 1
2014/12/11, 43, 16, 3, 
2014/12/12, 48, 24, 3, 
2014/12/13, 30, 28, 2, 2
2014/12/14, 41, 26, 1, 1
2014/12/15, 28, 18, 3, 
2014/12/16, 9, 16, 5, 
2014/12/17, 9, 9, 5, 
2014/12/18, 19, 4, 4, 
2014/12/19, 24, 9, 3, 
2014/12/20, 32, 6, 3, 
2014/12/21, 28, 18, 2, 
2014/12/22, 26, 21, 4, 
2014/12/23, 20, 27, 3, 
2014/12/24, 10, 20, 2, 
2014/12/25, 11, 31, 1, 
2014/12/26, 11, 23, 1, 2
2014/12/27, 22, 14, 1, 
2014/12/28, 11, 19, 2, 
2014/12/29, 11, , , 
2014/7/2, 71, 37, 1, 
2014/7/3, 65, 35, 1, 
2014/7/4, 19, 35, 2, 
2014/7/8, 67, 26, 1, 
2014/7/9, 46, 29, 1, 
2014/7/10, 61, 27, 1, 
2014/7/11, 52, 27, 1, 
2014/7/12, 56, 33, 1, 
2014/7/13, 76, 36, 1, 
2014/7/14, 52, 34, 2, 
2014/7/15, 40, 37, 5, 
2014/7/16, 23, 42, 2, 
2014/7/17, 42, 22, 2, 
2014/7/18, 39, 24, 1, 
2014/7/19, 10, 29, 1, 
2014/7/20, 29, 39, 1, 
2014/7/21, 53, 36, 2, 
2014/7/22, 59, 39, 2, 6
2014/7/23, 70, 46, 3, 
2014/7/24, 36, 44, 2, 
2014/7/25, 21, 50, 2, 
2014/7/26, 49, 30, 1, 
2014/7/27, 56, 30, , 
2014/7/28, 50, 36, 2, 
2014/7/29, 43, 33, 3, 
2014/7/30, 27, 36, 2, 
2014/7/31, 47, 28, 2, 
2014/8/1, 31, 24, 1, 
2014/8/2, 17, 36, 2, 
2014/8/3, 47, 41, 2, 
2014/8/4, 59, 42, 2, 
2014/8/5, 62, 33, 2, 
2014/8/6, 56, 36, 1, 
2014/8/7, 38, 31, 1, 
2014/8/8, 54, 32, 1, 
2014/8/9, 37, 31, 1, 
2014/8/10, 40, 26, 2, 
2014/8/11, 40, 44, 4, 
2014/8/12, 27, 35, 4, 
2014/8/13, 25, 36, 4, 
2014/8/14, 31, 38, 3, 2
2014/8/15, 41, 42, 1, 
2014/8/16, 51, 31, 1, 
2014/8/17, 74, 13, 3, 
2014/8/19, 50, 33, 1, 
2014/8/20, 38, 31, 1, 
2014/8/21, 61, 25, 1, 
2014/8/22, 58, 29, , 
2014/8/23, 62, 26, 1, 
2014/8/24, 53, 28, , 
2014/8/25, 39, 32, 2, 2
2014/8/26, 46, 41, 3, 1
2014/8/27, 54, 50, 2, 
2014/8/28, 40, 36, 2, 
2014/8/29, 33, 34, 2, 
2014/8/30, 19, 41, 2, 
2014/8/31, 21, 34, 1, 
2014/9/1, 22, 26, 1, 
2014/9/2, 43, 27, 1, 
2014/9/3, 27, 29, 1, 
2014/9/4, 25, 31, 2, 
2014/9/5, 26, 34, 2, 
2014/9/6, 32, 34, 2, 
2014/9/7, 30, 33, 2, 
2014/9/8, 37, 42, 3, 1
2014/9/9, 58, 44, 3, 
2014/9/10, 46, 26, 1, 
2014/9/11, 17, 26, 2, 
2014/9/12, 23, 14, 2, 
2014/9/13, 17, 12, 1, 
2014/9/14, 18, 27, 1, 
2014/9/15, 31, 25, 3, 
2014/9/16, 34, 31, 3, 
2014/9/17, 48, 28, 2, 
2014/9/18, 43, 25, 2, 
2014/9/19, 18, 30, 2, 
2014/9/20, 27, 35, 1, 
2014/9/21, 35, 38, 3, 1
2014/9/22, 52, 35, 2, 
2014/9/23, 24, 39, 3, 
2014/9/24, 31, 43, 4, 
2014/9/25, 42, 49, 3, 
2014/9/26, 47, 44, 4, 
2014/9/27, 49, 42, 2, 
2014/9/30, 26, 26, 3, 1
2014/10/1, 36, 29, 2, 1
2014/4/2, 47, 21, 1, 1
2014/4/3, 48, 20, , 1
2014/4/4, 56, 33, 2, 
2014/4/5, 6, 27, 2, 
2014/4/6, 21, 28, 1, 
2014/4/7, 19, 30, 3, 
2014/4/8, 19, 37, 3, 
2014/4/9, 13, 44, 4, 1
2014/4/10, 25, 40, 1, 
2014/4/11, 21, 36, 1, 
2014/4/12, 32, 34, , 
2014/4/13, 36, 28, 1, 
2014/4/14, 47, 30, 1, 
2014/4/15, 13, 38, 6, 
2014/4/16, 15, 38, 2, 
2014/4/17, 25, 36, 3, 
2014/4/18, 41, 44, 5, 
2014/4/19, 47, 38, 2, 
2014/4/20, 46, 38, 2, 
2014/4/21, 45, 33, 1, 
2014/4/22, 36, 40, 4, 
2014/4/23, 24, 46, 3, 
2014/4/24, 48, 42, 2, 
2014/4/25, 33, 42, 3, 
2014/4/26, 10, 30, 1, 
2014/4/27, 54, 27, , 
2014/4/28, 66, 39, 3, 
2014/4/29, 41, 37, 1, 
2014/4/30, 14, 37, 2, 
2014/5/1, 14, 43, 6, 
2014/5/2, 19, 45, 4, 
2014/5/3, 25, 47, 2, 
2014/5/4, 32, 49, 1, 1
2014/5/5, 28, 51, 1, 1
2014/5/6, 31, 52, 1, 1
2014/5/7, 39, 40, 1, 2
2014/5/8, 44, 35, 1, 1
2014/5/9, 39, 28, 1, 
2014/5/10, 2, 33, 1, 3
2014/5/11, 2, 27, , 
2014/5/12, 2, 30, 1, 
2014/5/13, 21, 25, 1, 
2014/5/14, 8, 37, 1, 
2014/5/15, 12, 45, 1, 
2014/5/16, 23, 53, 2, 
2014/5/17, 29, 45, 1, 
2014/5/18, 35, 40, 1, 
2014/5/19, 35, 39, 1, 
2014/5/20, 36, 36, 1, 
2014/5/21, 36, 33, 1, 
2014/5/22, 34, 29, 2, 
2014/5/23, 37, 30, 2, 
2014/5/24, 41, 29, 1, 
2014/5/25, 40, 24, , 1
2014/5/26, 39, 25, 1, 1
2014/5/27, 36, 40, 1, 
2014/5/28, 13, 45, 2, 
2014/5/29, 18, 35, 3, 
2014/5/30, 26, 29, 2, 
2014/5/31, 24, 33, 1, 
2014/6/1, 46, 31, , 
2014/6/2, 38, 26, , 1
2014/6/3, 27, 22, , 
2014/6/4, 18, 26, , 
2014/6/5, 23, 22, , 
2014/6/6, 17, 22, , 
2014/6/7, 47, 19, , 
2014/6/8, 31, 24, 1, 
2014/6/9, 33, 44, 2, 
2014/6/10, 27, 41, 3, 
2014/6/11, 18, 47, 3, 
2014/6/12, 32, 27, 2, 
2014/6/13, 41, 38, 2, 
2014/6/14, 34, 33, 1, 
2014/6/15, 36, 24, , 1
2014/6/16, 47, 25, 1, 
2014/6/17, 64, 20, 1, 
2014/6/18, 53, 22, 1, 
2014/6/19, 47, 23, , 
2014/6/20, 40, 31, 1, 
2014/6/21, 43, 20, 1, 
2014/6/22, 52, 12, 1, 
2014/6/23, 68, 45, 1, 
2014/6/24, 37, 27, 2, 
2014/6/25, 29, 19, 1, 
2014/6/26, 25, 23, 1, 
2014/6/27, 32, 22, , 
2014/6/28, 30, 19, , 
2014/6/29, 47, 19, , 
2014/6/30, 67, 21, , 
2014/7/1, 80, 27, 1, 
2014/1/2, 33, 24, 4, 
2014/1/3, 21, 26, 6, 1
2014/1/4, 17, 32, 2, 1
2014/1/5, 25, 28, 1, 
2014/1/6, 26, 26, 2, 
2014/1/7, 13, 28, 3, 
2014/1/8, 14, 26, 3, 1
2014/1/9, 25, 18, 4, 
2014/1/10, 36, 21, 1, 
2014/1/11, 19, 28, 9, 
2014/1/12, 17, 34, 1, 1
2014/1/13, 19, 26, 2, 
2014/1/14, 13, 27, 4, 
2014/1/15, 15, 21, 6, 
2014/1/16, 11, 23, 6, 
2014/1/17, 15, 28, 4, 
2014/1/18, 14, 33, 2, 1
2014/1/19, 26, 29, 1, 
2014/1/20, 17, 40, 3, 1
2014/1/21, 30, 29, 3, 
2014/1/22, 10, 25, 4, 1
2014/1/23, 24, 25, 2, 
2014/1/24, 22, 22, 3, 
2014/1/25, 11, 21, 4, 
2014/1/26, 24, 36, 3, 2
2014/1/27, 35, 26, 2, 
2014/1/28, 19, 26, 3, 
2014/1/29, 15, 28, 7, 1
2014/1/30, 20, 27, 4, 2
2014/1/31, 19, 30, 1, 
2014/2/1, 27, 23, 3, 
2014/2/2, 35, 17, 3, 
2014/2/3, 26, 19, , 
2014/2/4, 29, 12, 4, 
2014/2/5, 23, 26, , 
2014/2/6, 25, 23, , 
2014/2/7, 15, 18, , 
2014/2/8, 29, 18, 1, 1
2014/2/9, 41, 17, 1, 1
2014/2/10, 51, 16, 1, 
2014/2/11, 27, 26, 2, 
2014/2/12, 30, 28, 4, 
2014/2/13, 23, 33, 5, 
2014/2/14, 27, 35, 2, 
2014/2/15, 17, 34, 1, 1
2014/2/16, 10, 36, , 1
2014/2/17, 41, 32, 1, 
2014/2/18, 34, 33, 3, 
2014/2/19, 38, 22, , 
2014/2/20, 41, 30, 1, 
2014/2/21, 34, 34, 3, 1
2014/2/22, 11, 41, 1, 2
2014/2/23, 27, 35, , 
2014/2/24, 41, 24, 2, 1
2014/2/25, 44, 21, 2, 1
2014/2/26, 43, 27, 2, 
2014/2/27, 19, 35, 8, 
2014/2/28, 19, 35, 1, 1
2014/3/1, 36, 28, , 
2014/3/2, 40, 24, , 1
2014/3/3, 20, 30, , 
2014/3/4, 17, 27, 2, 1
2014/3/5, 39, 28, 3, 
2014/3/6, 42, 31, 4, 
2014/3/7, 33, 39, 4, 1
2014/3/8, 33, 26, 2, 1
2014/3/9, 48, 32, 2, 
2014/3/10, 40, 40, 3, 
2014/3/11, 35, 30, 1, 
2014/3/12, 22, 34, 1, 
2014/3/13, 12, 41, 6, 2
2014/3/14, 20, 35, 1, 1
2014/3/15, 32, 31, 1, 1
2014/3/16, 35, 25, 1, 
2014/3/17, 13, 31, 3, 
2014/3/18, 12, 43, 1, 1
2014/3/19, 28, 35, 3, 
2014/3/20, 25, 42, 6, 
2014/3/21, 33, 40, 2, 
2014/3/22, 50, 24, 2, 
2014/3/23, 47, 29, 1, 
2014/3/24, 26, 37, 4, 1
2014/3/25, 28, 34, 2, 
2014/3/26, 33, 36, 2, 
2014/3/27, 36, 29, , 1
2014/3/28, 37, 27, 2, 
2014/3/29, 46, 37, 2, 
2014/3/30, 26, 38, 1, 1
2014/3/31, 29, 37, 1, 1
2014/4/1, 32, 32, 1, 1
2023/2/6, , 30, 2, 
2023/3/1, , 19, 2, 
2023/3/2, , 31, 1, 
2023/3/3, , 32, 4, 
2022/11/22, , 28, 5, 
2022/4/27, , 35, 2, 1
2022/4/28, , 42, 2, 
2022/4/29, , 26, 1, 
2022/4/30, , 42, 2, 
2022/5/1, , 44, 2, 4
2022/5/2, , 25, 1, 
2022/5/3, , 25, 2, 
2022/5/4, , 30, 1, 
2022/5/5, , 27, 2, 
2022/1/3, , 26, 5, 
2021/8/11, , 26, , 
2021/8/12, , 24, 1, 
2021/1/10, , 13, 3, 
2021/1/11, , 19, 3, 
2021/1/12, , 22, 5, 
2020/12/6, , 24, 4, 
2020/12/7, , 25, 6, 
2020/12/8, , 22, 10, 
2020/12/9, , 37, 8, 
2020/12/10, , 35, 4, 
2020/12/11, , 18, 2, 
2020/12/12, , 16, 4, 
2020/12/13, , 10, 1, 
2020/12/14, , 17, 8, 
2020/12/15, , 9, 1, 
2020/12/16, , 15, 4, 
2020/12/17, , 11, 6, 
2020/12/18, , 25, 2, 1
2020/12/19, , 14, 2, 
2020/12/20, , 21, 7, 
2020/12/21, , 28, 6, 
2020/12/22, , 36, 4, 1
2020/12/23, , 24, 1, 
2020/12/24, , 23, 1, 
2020/12/25, , 23, 5, 
2020/12/26, , 27, 1, 
2020/12/27, , 26, 2, 
2020/12/28, , 19, 3, 
2020/12/29, , 27, , 
2020/4/1, , 32, , 
2020/1/1, , 25, , 
2020/2/12, , 12, , 
2020/3/3, , 18, , 
2019/7/15, , 40, , 
2019/7/16, , 22, , 
2019/1/1, , 12, , 
2018/10/21, , 20, , 
2018/7/15, , 26, , 
2018/7/16, , 27, , 
2018/7/17, , 28, , 
2018/9/28, , 33, , 
2018/5/19, , 37, , 
2018/5/20, , 25, , 
2018/5/21, , 32, , 
2018/5/22, , 27, , 
2018/5/23, , 32, , 
2018/1/2, , 26, 2, 
2018/1/3, , 24, 2, 1
2017/10/8, , 34, , 
2017/10/9, , 34, , 
2017/10/10, , 28, 2, 
2017/12/21, , 35, 3, 
2017/12/22, , 8, 3, 
2017/12/23, , 21, 3, 
2017/12/24, , 20, 2, 
2017/12/25, , 26, 2, 
2017/12/26, , 20, 2, 
2017/12/27, , 18, 2, 
2017/12/28, , 20, 2, 
2017/12/29, , 17, 4, 3
2017/12/30, , 11, 3, 
2017/12/31, , 20, 2, 
2017/9/9, , 35, , 
2017/4/12, , 33, 1, 
2017/6/21, , 34, 4, 1
2017/6/22, , 24, 2, 
2017/6/23, , 30, 2, 
2017/6/24, , 33, 2, 
2017/6/25, , 34, 1, 
2017/6/26, , 25, 1, 1
2016/10/7, , 22, , 
2016/7/8, , 26, , 
2016/1/3, , 28, 3, 
2015/4/5, , 23, , 
2015/4/6, , 26, , 
2015/4/29, , 46, 3, 
2015/4/30, , 51, 4, 
2015/5/24, , 24, , 
2015/5/25, , 33, , 
2015/5/26, , 39, , 
2015/5/28, , 24, , 
2015/1/1, , 11, 3, 
2015/1/10, , 23, 2, 
2014/7/5, , 36, 1, 
2014/7/6, , 32, , 
2014/7/7, , 26, 1, 
2014/8/18, , 23, 3, 
2014/9/28, , 36, 2, 
2014/9/29, , 27, 4, 
2014/1/1, , 31, 2, 
2016/9/4, , , 45, 
2016/9/5, , , 7, 
2016/9/6, , , 12, 
2016/9/7, , , 11, 
2016/9/8, , , 15, 