date, pm25, no2, so2
2023/4/2, 27, 8, 12
2023/4/3, 26, 9, 6
2023/4/4, 35, 6, 
2023/4/5, 32, 9, 7
2023/4/6, 44, 7, 
2023/4/7, 26, 9, 2
2023/4/8, 28, 5, 
2023/4/9, 23, 7, 16
2023/4/10, 32, 16, 13
2023/4/11, 63, 23, 7
2023/4/12, 69, , 
2023/1/3, 69, 18, 1
2023/1/4, 51, 15, 1
2023/1/5, 43, 9, 3
2023/1/6, 37, 13, 1
2023/1/7, 46, 10, 1
2023/1/8, 32, 8, 1
2023/1/9, 47, 15, 1
2023/1/10, 60, 23, 1
2023/1/11, 73, 23, 1
2023/1/12, 74, 12, 1
2023/1/13, 68, 5, 1
2023/1/14, 19, 11, 1
2023/1/15, 28, 18, 5
2023/1/16, 52, 11, 1
2023/1/17, 54, 10, 1
2023/1/18, 49, 13, 1
2023/1/19, 35, 13, 1
2023/1/20, 33, 9, 1
2023/1/21, 19, 8, 1
2023/1/22, 29, 14, 1
2023/1/23, 51, 13, 1
2023/1/24, 47, 11, 1
2023/1/25, 57, 25, 1
2023/1/26, 49, 13, 1
2023/1/27, 41, 8, 6
2023/1/28, 49, 11, 1
2023/1/29, 49, 13, 1
2023/1/30, 48, 13, 1
2023/1/31, 36, 15, 1
2023/2/1, 45, 18, 1
2023/2/2, 63, 10, 1
2023/2/3, 52, 8, 1
2023/2/4, 24, 7, 3
2023/2/5, 36, 8, 1
2023/2/6, 37, 5, 1
2023/2/7, 39, 6, 6
2023/2/8, 58, 15, 8
2023/2/9, 67, 21, 1
2023/2/10, 47, 7, 1
2023/2/11, 22, 13, 11
2023/2/12, 29, 13, 15
2023/2/13, 47, 13, 1
2023/2/14, 49, 14, 9
2023/2/15, 58, 7, 11
2023/2/16, 37, 9, 1
2023/2/17, 29, 9, 1
2023/2/18, 17, 8, 1
2023/2/19, 38, 6, 7
2023/2/20, 29, 10, 2
2023/2/21, 45, 10, 1
2023/2/22, 51, 7, 1
2023/2/23, 31, 8, 1
2023/2/24, 40, 5, 1
2023/2/25, 18, 6, 1
2023/2/26, 37, 10, 1
2023/2/27, 44, 16, 1
2023/2/28, 38, 12, 1
2023/3/1, 38, 14, 1
2023/3/2, 54, 18, 1
2023/3/3, 72, 7, 1
2023/3/4, 41, 8, 1
2023/3/5, 38, 9, 1
2023/3/6, 57, 9, 1
2023/3/7, 56, 9, 1
2023/3/8, 17, 13, 1
2023/3/9, 20, 13, 2
2023/3/10, 24, 9, 1
2023/3/11, 36, 6, 1
2023/3/12, 15, 6, 1
2023/3/13, 32, 13, 1
2023/3/14, 40, 9, 1
2023/3/15, 25, 18, 11
2023/3/16, 40, 12, 14
2023/3/17, 51, 7, 1
2023/3/18, 39, 5, 1
2023/3/19, 24, 8, 1
2023/3/20, 25, 7, 1
2023/3/21, 50, 8, 8
2023/3/22, 57, 10, 2
2023/3/23, 69, 10, 1
2023/3/24, 68, 9, 3
2023/3/25, 30, 4, 1
2023/3/26, 23, 7, 1
2023/3/27, 36, 10, 1
2023/3/28, 44, 19, 14
2023/3/29, 49, 12, 1
2023/3/30, 50, 11, 6
2023/3/31, 34, 9, 2
2023/4/1, 56, 5, 
2022/10/2, 27, 1, 2
2022/10/3, 19, 11, 2
2022/10/4, 32, 16, 1
2022/10/5, 54, 21, 3
2022/10/6, 65, 16, 2
2022/10/7, 52, 6, 
2022/10/8, 20, 7, 2
2022/10/9, 24, 7, 1
2022/10/10, 40, 11, 7
2022/10/11, 41, 10, 12
2022/10/12, 53, 9, 27
2022/10/13, 52, 6, 1
2022/10/14, 35, 6, 4
2022/10/15, 45, 5, 4
2022/10/16, 28, 5, 2
2022/10/17, 28, 7, 1
2022/10/18, 20, , 
2022/10/20, 15, 11, 1
2022/10/21, 35, 12, 23
2022/10/22, 54, 9, 31
2022/10/23, 56, 5, 14
2022/10/24, 55, 9, 14
2022/10/25, 60, 10, 10
2022/10/26, 65, 5, 1
2022/10/27, 36, 11, 1
2022/10/28, 26, 6, 1
2022/10/29, 24, 13, 3
2022/10/30, 51, 14, 1
2022/10/31, 69, 11, 1
2022/11/1, 53, 12, 1
2022/11/2, 65, 23, 12
2022/11/3, 108, 10, 10
2022/11/4, 93, 11, 29
2022/11/5, 61, 8, 33
2022/11/6, 43, 5, 11
2022/11/7, 21, 7, 1
2022/11/8, 30, 7, 1
2022/11/9, 21, 11, 12
2022/11/10, 32, 10, 20
2022/11/11, 71, 12, 9
2022/11/12, 57, 4, 1
2022/11/13, 29, 4, 
2022/11/14, 14, 10, 2
2022/11/15, 24, 10, 1
2022/11/16, 37, 12, 1
2022/11/17, 53, 7, 1
2022/11/18, 37, 8, 1
2022/11/19, 38, 4, 1
2022/11/20, 36, 10, 1
2022/11/21, 22, 15, 2
2022/11/22, 37, 23, 1
2022/11/23, 66, 24, 12
2022/11/24, 80, 22, 23
2022/11/25, 82, 7, 2
2022/11/26, 42, 13, 4
2022/11/27, 53, 12, 5
2022/11/28, 48, 9, 1
2022/11/29, 23, 5, 3
2022/11/30, 45, 10, 4
2022/12/1, 34, 9, 1
2022/12/2, 33, 11, 22
2022/12/3, 35, 6, 2
2022/12/4, 29, 11, 1
2022/12/5, 35, 15, 7
2022/12/6, 43, 20, 4
2022/12/7, 56, , 
2022/12/9, 52, 8, 1
2022/12/10, 38, 7, 1
2022/12/11, 38, 10, 1
2022/12/12, 59, 13, 1
2022/12/13, 49, 8, 1
2022/12/14, 50, 14, 1
2022/12/15, 49, 12, 1
2022/12/16, 29, 8, 1
2022/12/17, 39, 6, 1
2022/12/18, 38, 8, 1
2022/12/19, 45, 10, 1
2022/12/20, 45, 14, 3
2022/12/21, 69, 24, 2
2022/12/22, 76, 16, 1
2022/12/23, 56, 7, 
2022/12/24, 33, 5, 
2022/12/25, 31, 8, 
2022/12/26, 27, 10, 1
2022/12/27, 31, 12, 1
2022/12/28, 58, 11, 16
2022/12/29, 63, 16, 33
2022/12/30, 59, 15, 17
2022/12/31, 56, 12, 1
2023/1/1, 52, 9, 
2023/1/2, 62, 17, 6
2022/7/2, 68, , 2
2022/7/3, 57, , 5
2022/7/4, 37, , 6
2022/7/5, 61, , 6
2022/7/6, 48, , 1
2022/7/7, 44, , 7
2022/7/8, 46, , 10
2022/7/9, 57, , 1
2022/7/10, 25, , 9
2022/7/11, 39, , 1
2022/7/12, 62, , 1
2022/7/13, 43, , 1
2022/7/14, 56, , 3
2022/7/15, 52, , 9
2022/7/16, 56, , 2
2022/7/17, 46, , 
2022/7/18, 44, , 
2022/7/19, 52, , 
2022/7/20, 57, , 2
2022/7/21, 69, , 1
2022/7/22, 59, , 
2022/7/23, 43, , 4
2022/7/24, 43, , 2
2022/7/25, 45, , 
2022/7/26, 32, , 6
2022/7/27, 44, , 4
2022/7/28, 56, , 1
2022/7/29, 51, , 2
2022/7/30, 31, , 6
2022/7/31, 32, , 9
2022/8/1, 40, , 2
2022/8/2, 47, , 
2022/8/6, 44, , 3
2022/8/7, 42, , 1
2022/8/8, 45, , 
2022/8/10, 30, , 3
2022/8/11, 52, , 
2022/8/12, 35, , 1
2022/8/13, 40, , 
2022/8/16, 49, 3, 1
2022/8/17, 47, 12, 
2022/8/18, 58, , 
2022/8/20, 64, 6, 5
2022/8/21, 54, 9, 4
2022/8/22, 46, 11, 
2022/8/23, 47, , 
2022/8/26, 64, 7, 1
2022/8/27, 49, 4, 1
2022/8/28, 42, 5, 14
2022/8/29, 52, 7, 4
2022/8/30, 43, 7, 1
2022/8/31, 45, 7, 2
2022/9/1, 51, 7, 11
2022/9/2, 45, 5, 5
2022/9/7, 22, 9, 1
2022/9/8, 29, 11, 4
2022/9/9, 37, 11, 7
2022/9/10, 45, 8, 8
2022/9/11, 35, 2, 3
2022/9/12, 25, 5, 
2022/9/13, 25, 7, 1
2022/9/14, 27, 8, 
2022/9/15, 43, 3, 2
2022/9/16, 29, 10, 7
2022/9/17, 59, 7, 15
2022/9/18, 56, 6, 2
2022/9/19, 59, 8, 1
2022/9/20, 45, 12, 2
2022/9/21, 55, 6, 1
2022/9/22, 37, 3, 
2022/9/23, 18, 6, 5
2022/9/24, 19, 6, 2
2022/9/25, 26, 7, 1
2022/9/26, 33, 5, 1
2022/9/27, 16, 2, 4
2022/9/28, 12, 3, 
2022/9/29, 14, 8, 
2022/9/30, 23, 11, 1
2022/10/1, 40, 6, 2
2022/4/2, 21, , 3
2022/4/3, 52, , 1
2022/4/4, 63, , 
2022/4/6, 97, , 2
2022/4/7, 67, , 3
2022/4/8, 38, , 2
2022/4/9, 31, , 1
2022/4/10, 22, , 5
2022/4/11, 24, , 7
2022/4/12, 43, , 1
2022/4/13, 57, , 10
2022/4/14, 59, , 2
2022/4/15, 38, , 1
2022/4/16, 36, , 1
2022/4/17, 31, , 1
2022/4/18, 20, , 1
2022/4/19, 36, , 1
2022/4/20, 31, , 5
2022/4/21, 41, , 3
2022/4/22, 34, , 1
2022/4/23, 36, , 4
2022/4/26, 25, , 1
2022/4/27, 28, , 1
2022/4/28, 25, , 3
2022/4/29, 42, , 1
2022/4/30, 40, , 1
2022/5/1, 42, , 3
2022/5/2, 48, , 1
2022/5/3, 43, , 1
2022/5/4, 60, , 
2022/5/5, 37, , 1
2022/5/6, 40, , 1
2022/5/7, 38, , 1
2022/5/8, 39, , 2
2022/5/9, 38, , 
2022/5/13, 57, , 12
2022/5/14, 37, , 11
2022/5/15, 42, , 12
2022/5/16, 57, , 4
2022/5/17, 39, , 
2022/5/18, 30, , 
2022/5/19, 40, , 15
2022/5/20, 67, , 10
2022/5/21, 68, , 2
2022/5/22, 55, , 2
2022/5/23, 37, , 4
2022/5/24, 24, , 7
2022/5/25, 43, , 3
2022/5/26, 40, , 9
2022/5/27, 42, , 7
2022/5/28, 40, , 4
2022/5/29, 31, , 9
2022/5/30, 53, , 20
2022/5/31, 59, , 7
2022/6/1, 67, , 1
2022/6/2, 53, , 2
2022/6/3, 27, , 1
2022/6/4, 43, , 9
2022/6/5, 28, , 8
2022/6/6, 33, , 13
2022/6/7, 60, , 
2022/6/8, 40, , 
2022/6/9, 43, , 
2022/6/10, 45, , 3
2022/6/11, 62, , 7
2022/6/12, 58, , 1
2022/6/13, 53, , 1
2022/6/14, 43, , 1
2022/6/15, 41, , 1
2022/6/16, 75, , 1
2022/6/17, 75, , 4
2022/6/18, 41, , 
2022/6/19, 28, , 4
2022/6/20, 50, , 6
2022/6/21, 50, , 3
2022/6/22, 65, , 
2022/6/23, 52, , 8
2022/6/24, 29, , 11
2022/6/25, 51, , 10
2022/6/26, 50, , 3
2022/6/27, 54, , 
2022/6/28, 28, , 9
2022/6/29, 55, , 2
2022/6/30, 52, , 6
2022/7/1, 70, , 1
2022/1/31, 90, , 3
2022/2/1, 120, , 24
2022/2/2, 98, , 1
2022/2/3, 78, , 
2022/2/4, 18, , 1
2022/2/5, 32, , 3
2022/2/6, 79, , 21
2022/2/7, 128, , 
2022/2/10, 70, , 1
2022/2/11, 51, , 6
2022/2/12, 51, , 1
2022/2/13, 27, , 1
2022/2/14, 36, , 3
2022/2/15, 52, , 2
2022/2/16, 87, , 23
2022/2/17, 95, , 4
2022/2/18, 49, , 1
2022/2/19, 33, , 1
2022/2/20, 32, , 3
2022/2/21, 43, , 2
2022/2/22, 66, , 2
2022/2/23, 61, , 1
2022/2/24, 32, , 1
2022/2/25, 37, , 1
2022/2/26, 37, , 1
2022/2/27, 54, , 1
2022/2/28, 63, , 1
2022/3/1, 24, , 2
2022/3/2, 77, , 3
2022/3/3, 74, , 1
2022/3/4, 29, , 4
2022/3/5, 53, , 2
2022/3/6, 59, , 5
2022/3/7, 60, , 
2022/3/9, 41, , 1
2022/3/10, 76, , 3
2022/3/11, 73, , 1
2022/3/12, 61, , 1
2022/3/13, 29, , 1
2022/3/14, 43, , 15
2022/3/15, 73, , 2
2022/3/16, 125, , 10
2022/3/17, 111, , 17
2022/3/18, 113, , 3
2022/3/19, 78, , 1
2022/3/20, 58, , 1
2022/3/21, 26, , 3
2022/3/22, 65, , 1
2022/3/23, 34, , 1
2022/3/24, 34, , 2
2022/3/25, 33, , 1
2022/3/26, 31, , 1
2022/3/27, 17, , 1
2022/3/28, 16, , 1
2022/3/29, 29, , 5
2022/3/30, 36, , 1
2022/3/31, 49, , 5
2022/4/1, 30, , 1
2021/10/2, 55, , 8
2021/10/3, 43, , 
2021/10/4, 40, , 5
2021/10/5, 35, , 
2021/10/6, 44, , 
2021/10/7, 39, , 
2021/10/8, 44, , 
2021/10/9, 29, , 3
2021/10/10, 43, , 1
2021/10/11, 46, , 6
2021/10/12, 52, , 2
2021/10/13, 36, , 3
2021/10/14, 37, , 5
2021/10/15, 48, , 
2021/10/16, 24, , 2
2021/10/17, 24, , 2
2021/10/18, 25, , 2
2021/10/19, 37, , 2
2021/10/20, 65, , 8
2021/10/21, 67, , 1
2021/10/22, 56, , 
2021/10/23, 26, , 
2021/10/24, 50, , 
2021/10/25, 86, , 
2021/10/26, 30, , 
2021/10/27, 17, , 
2021/10/28, 46, , 
2021/10/29, 34, , 
2021/10/30, 21, , 1
2021/10/31, 40, , 1
2021/11/1, 39, , 2
2021/11/2, 30, , 1
2021/11/3, 33, , 1
2021/11/4, 34, , 1
2021/11/5, 59, , 3
2021/11/6, 90, , 9
2021/11/7, 87, , 11
2021/11/8, 99, , 5
2021/11/9, 92, , 1
2021/11/10, 75, , 1
2021/11/11, 63, , 1
2021/11/12, 56, , 13
2021/11/13, 42, , 1
2021/11/14, 31, , 1
2021/11/15, 51, , 1
2021/11/16, 25, , 6
2021/11/17, 68, , 7
2021/11/18, 68, , 1
2021/11/19, 39, , 3
2021/11/20, 29, , 3
2021/11/21, 57, , 1
2021/11/22, 84, , 1
2021/11/23, 25, , 
2021/11/24, 40, , 9
2021/11/25, 55, , 
2021/7/2, 34, 5, 
2021/7/3, 25, 8, 1
2021/7/4, 41, 7, 9
2021/7/5, 68, 6, 1
2021/7/6, 67, 8, 
2021/7/7, 64, , 
2021/7/8, 64, 6, 
2021/7/9, 45, 4, 
2021/7/10, 20, 4, 2
2021/7/11, 24, 2, 
2021/7/12, 26, 4, 
2021/7/13, 29, 8, 
2021/7/14, 33, 10, 1
2021/7/15, 39, 6, 
2021/7/16, 44, 5, 
2021/7/17, 23, 4, 1
2021/7/18, 45, 9, 
2021/7/19, 63, 10, 
2021/7/20, 87, 9, 1
2021/7/21, 85, 3, 
2021/7/22, 34, 9, 3
2021/7/23, 38, 7, 3
2021/7/24, 36, 6, 
2021/7/25, 63, 6, 
2021/7/26, 48, 12, 2
2021/7/27, 56, 13, 2
2021/7/28, 57, 11, 
2021/7/29, 60, 6, 
2021/7/30, 59, 4, 1
2021/7/31, 42, 5, 3
2021/8/1, 31, 4, 1
2021/8/2, 66, 6, 
2021/8/3, 37, 11, 3
2021/8/4, 51, 14, 11
2021/8/5, 58, 13, 4
2021/8/6, 63, 9, 1
2021/8/7, 64, 7, 1
2021/8/8, 53, 8, 2
2021/8/9, 65, 7, 2
2021/8/10, 56, 7, 
2021/8/11, 49, 9, 
2021/8/12, 49, 8, 
2021/8/13, 38, 9, 1
2021/8/14, 40, 5, 1
2021/8/15, 29, 4, 1
2021/8/16, 26, 9, 
2021/8/17, 33, 9, 1
2021/8/18, 52, 11, 3
2021/8/19, 52, , 1
2021/8/20, 65, , 1
2021/8/21, 65, , 5
2021/8/22, 61, , 2
2021/8/23, 58, , 1
2021/8/24, 46, , 2
2021/8/25, 58, , 1
2021/8/26, 40, , 
2021/8/27, 42, , 
2021/8/28, 42, , 
2021/8/29, 54, , 
2021/8/30, 41, , 
2021/8/31, 44, , 1
2021/9/1, 36, , 1
2021/9/2, 30, , 1
2021/9/3, 29, , 1
2021/9/4, 28, , 8
2021/9/5, 29, , 2
2021/9/6, 28, , 1
2021/9/7, 30, , 6
2021/9/8, 63, , 2
2021/9/9, 35, , 
2021/9/10, 23, , 1
2021/9/11, 38, , 7
2021/9/12, 42, , 1
2021/9/13, 54, , 1
2021/9/14, 34, , 4
2021/9/15, 49, , 1
2021/9/16, 26, , 1
2021/9/17, 24, , 6
2021/9/18, 48, , 1
2021/9/19, 30, , 1
2021/9/20, 28, , 3
2021/9/21, 42, , 1
2021/9/22, 32, , 
2021/9/23, 7, , 
2021/9/24, 12, , 1
2021/9/25, 28, , 1
2021/9/26, 26, , 2
2021/9/27, 37, , 1
2021/9/28, 48, , 
2021/9/29, 24, , 
2021/9/30, 31, , 1
2021/10/1, 41, , 7
2021/4/2, 19, 19, 1
2021/4/3, 31, , 
2021/4/5, 115, 11, 2
2021/4/6, 63, 15, 14
2021/4/7, 68, 13, 10
2021/4/8, 85, 8, 1
2021/4/9, 60, 9, 13
2021/4/10, 43, 10, 5
2021/4/11, 46, 4, 1
2021/4/12, 24, 11, 1
2021/4/13, 31, 13, 7
2021/4/14, 50, 10, 4
2021/5/20, 55, 15, 9
2021/5/21, 61, 11, 11
2021/5/22, 59, 10, 3
2021/5/23, 53, 3, 1
2021/5/24, 42, 6, 5
2021/5/25, 26, 9, 1
2021/5/26, 50, 9, 3
2021/5/27, 36, 5, 6
2021/5/28, 16, 5, 7
2021/5/29, 21, 4, 1
2021/5/30, 19, 5, 2
2021/5/31, 26, 7, 7
2021/6/1, 42, 11, 6
2021/6/2, 43, 7, 2
2021/6/3, 42, 9, 7
2021/6/4, 37, 12, 1
2021/6/5, 46, 11, 1
2021/6/6, 53, , 11
2021/6/7, 51, 7, 6
2021/6/8, 37, 10, 
2021/6/9, 37, 10, 
2021/6/10, 37, 7, 
2021/6/11, 42, 6, 
2021/6/12, 35, 8, 4
2021/6/13, 54, 6, 1
2021/6/14, 40, 8, 
2021/6/15, 28, 6, 
2021/6/16, 27, 9, 2
2021/6/17, 31, 12, 9
2021/6/18, 43, 12, 1
2021/6/19, 47, 11, 1
2021/6/20, 40, 6, 
2021/6/21, 33, 6, 1
2021/6/22, 21, 5, 1
2021/6/23, 15, 12, 7
2021/6/24, 36, 9, 9
2021/6/25, 38, 9, 3
2021/6/26, 48, 8, 
2021/6/27, 42, 6, 1
2021/6/28, 40, 10, 
2021/6/29, 36, 13, 
2021/6/30, 32, 9, 
2021/7/1, 30, 6, 1
2021/1/5, 46, 15, 1
2021/1/6, 61, 15, 1
2021/1/7, 57, 12, 1
2021/1/8, 26, 8, 1
2021/1/9, 20, 19, 1
2021/1/10, 35, 21, 1
2021/1/11, 73, 13, 1
2021/1/12, 66, 10, 1
2021/1/13, 69, 11, 2
2021/1/14, 72, 14, 3
2021/1/15, 68, 12, 1
2021/1/16, 47, 11, 1
2021/1/17, 53, 11, 1
2021/1/18, 38, 13, 1
2021/1/19, 45, 10, 1
2021/1/20, 51, 11, 1
2021/1/21, 41, 10, 2
2021/1/22, 29, 7, 1
2021/1/23, 19, 7, 1
2021/1/24, 19, 6, 1
2021/1/25, 35, 18, 1
2021/1/26, 59, 12, 1
2021/1/27, 45, 11, 1
2021/1/28, 27, 10, 1
2021/1/29, 24, 18, 
2021/1/30, 46, 16, 1
2021/1/31, 37, 6, 2
2021/2/1, 34, 9, 1
2021/2/2, 34, 11, 1
2021/2/3, 25, 12, 
2021/2/4, 23, , 
2021/2/17, 10, 26, 4
2021/2/18, 45, 17, 1
2021/2/19, 49, 17, 2
2021/2/20, 67, 13, 1
2021/2/21, 91, 11, 10
2021/2/22, 84, 12, 1
2021/2/23, 55, 12, 3
2021/2/24, 43, 10, 5
2021/2/25, 45, 13, 2
2021/2/26, 33, 13, 1
2021/2/27, 50, 10, 2
2021/2/28, 55, 9, 6
2021/3/1, 59, 5, 1
2021/3/2, 26, 11, 7
2021/3/3, 31, 14, 2
2021/3/4, 54, 12, 1
2021/3/5, 38, 13, 1
2021/3/6, 25, 6, 1
2021/3/7, 21, 11, 7
2021/3/8, 29, 11, 8
2021/3/9, 54, 13, 3
2021/3/10, 71, 15, 35
2021/3/11, 82, 7, 14
2021/3/12, 56, 8, 3
2021/3/13, 26, 11, 7
2021/3/14, 26, 6, 2
2021/3/15, 30, 5, 1
2021/3/16, 23, 8, 6
2021/3/17, 42, 14, 3
2021/3/18, 65, 7, 1
2021/3/19, 30, 7, 3
2021/3/20, 26, 16, 10
2021/3/21, 39, 13, 11
2021/3/22, 40, 16, 9
2021/3/23, 49, 14, 4
2021/3/24, 41, 11, 11
2021/3/25, 30, 11, 9
2021/3/27, 27, 8, 7
2021/3/28, 47, 4, 1
2021/3/29, 25, 7, 5
2021/3/30, 25, 12, 23
2021/3/31, 41, 5, 1
2021/4/1, 36, 7, 1
2020/10/6, 78, , 
2020/10/8, 48, , 
2020/10/13, 27, , 
2020/10/14, 19, , 
2020/10/20, 14, 12, 
2020/10/21, 35, , 
2020/10/23, 19, 14, 9
2020/10/24, 39, , 
2020/10/28, 31, , 
2020/10/30, 62, , 
2020/11/2, 41, 6, 1
2020/11/3, 12, , 
2020/11/5, 59, , 
2020/11/10, 62, , 35
2020/11/11, 39, , 
2020/11/18, 25, , 
2020/11/28, 41, , 
2020/12/1, 46, 9, 1
2020/12/2, 17, , 
2020/12/4, 44, 11, 1
2020/12/5, 57, , 
2020/12/7, 20, 12, 
2020/12/8, 24, , 
2020/12/15, 39, 10, 1
2020/12/16, 23, 8, 1
2020/12/17, 34, 19, 1
2020/12/18, 63, 15, 2
2020/12/19, 63, 12, 13
2020/12/20, 57, 9, 1
2020/12/21, 67, 13, 1
2020/12/22, 69, 9, 1
2020/12/23, 43, 10, 17
2020/12/24, 32, 7, 16
2020/12/25, 26, 5, 2
2020/12/26, 20, 9, 1
2020/12/27, 33, 8, 2
2020/12/28, 52, 8, 3
2020/12/29, 29, 11, 3
2020/12/30, 34, 7, 1
2020/12/31, 35, 9, 1
2021/1/1, 52, 7, 
2021/1/2, 45, 8, 
2021/1/3, 30, 9, 
2021/1/4, 32, 11, 1
2020/7/2, 41, 12, 4
2020/7/3, 60, 9, 1
2020/7/4, 56, 5, 4
2020/7/5, 45, 10, 5
2020/7/6, 93, 12, 6
2020/7/7, 59, , 
2020/7/9, 54, , 
2020/7/16, 42, 10, 1
2020/7/17, 44, 10, 3
2020/7/18, 34, 8, 1
2020/7/19, 40, 6, 1
2020/7/20, 46, 8, 1
2020/7/21, 33, 5, 3
2020/7/22, 32, 5, 1
2020/7/23, 25, 7, 1
2020/7/24, 30, 6, 1
2020/7/25, 29, 7, 7
2020/7/26, 39, 6, 1
2020/7/27, 51, 6, 1
2020/7/28, 30, 6, 1
2020/7/29, 27, 9, 1
2020/7/30, 41, 9, 2
2020/7/31, 26, 5, 1
2020/8/1, 26, 6, 1
2020/8/2, 31, 5, 1
2020/8/3, 24, 9, 2
2020/8/4, 35, , 
2020/8/8, 36, 9, 5
2020/8/9, 46, 7, 9
2020/8/10, 47, 8, 6
2020/8/11, 62, 9, 2
2020/8/12, 25, 11, 2
2020/8/13, 41, 12, 4
2020/8/14, 46, 7, 1
2020/8/15, 37, 5, 1
2020/8/16, 38, 6, 1
2020/8/17, 33, 10, 1
2020/8/18, 39, 7, 1
2020/8/19, 20, 6, 1
2020/8/20, 21, 9, 8
2020/8/21, 40, 12, 8
2020/8/22, 56, 11, 5
2020/8/23, 53, 7, 5
2020/8/24, 54, 11, 3
2020/8/25, 60, 9, 2
2020/8/26, 41, 9, 3
2020/8/27, 43, 7, 1
2020/8/28, 54, 8, 1
2020/8/29, 21, 5, 1
2020/8/30, 20, 2, 1
2020/8/31, 17, 4, 2
2020/9/1, 24, 8, 4
2020/9/2, 42, 11, 1
2020/9/3, 32, 9, 1
2020/9/4, 35, 7, 4
2020/9/5, 19, 9, 3
2020/9/6, 36, 7, 3
2020/9/7, 49, 5, 3
2020/9/8, 39, 6, 1
2020/9/9, 23, 5, 1
2020/9/10, 44, 5, 1
2020/9/11, 31, 3, 2
2020/9/12, 25, 3, 1
2020/9/13, 33, 4, 1
2020/9/14, 33, 8, 1
2020/9/15, 22, 6, 5
2020/9/16, 29, 11, 5
2020/9/17, 44, 3, 1
2020/9/18, 13, 5, 
2020/9/19, 17, 8, 1
2020/9/20, 30, 8, 
2020/9/21, 44, 9, 7
2020/9/22, 33, 18, 4
2020/9/23, 55, , 
2020/4/2, 30, 12, 1
2020/4/3, 38, 18, 1
2020/4/4, 51, 14, 11
2020/4/5, 42, 4, 1
2020/4/6, 25, 11, 4
2020/4/7, 44, 13, 1
2020/4/8, 42, 8, 1
2020/4/9, 34, 3, 
2020/4/10, 25, 2, 
2020/4/11, 21, 7, 3
2020/4/12, 38, 3, 4
2020/4/13, 40, 6, 
2020/4/14, 29, 7, 
2020/4/15, 29, 10, 
2020/4/16, 36, 8, 
2020/4/17, 31, 13, 1
2020/4/18, 45, 12, 1
2020/4/19, 54, 5, 1
2020/4/20, 40, 8, 15
2020/4/21, 28, 2, 1
2020/4/22, 24, 10, 2
2020/4/23, 35, 8, 1
2020/4/24, 36, 11, 1
2020/4/25, 56, 10, 1
2020/4/26, 41, 3, 1
2020/4/27, 26, 11, 6
2020/4/28, 45, 7, 13
2020/4/29, 43, 7, 13
2020/4/30, 33, 6, 4
2020/5/1, 24, 5, 4
2020/5/2, 29, 6, 13
2020/5/3, 51, 4, 1
2020/5/4, 33, 4, 5
2020/5/5, 18, 5, 1
2020/5/6, 17, 3, 1
2020/5/7, 17, 10, 2
2020/5/8, 34, 4, 1
2020/5/9, 20, 3, 1
2020/5/10, 17, 4, 2
2020/5/11, 33, 5, 
2020/5/12, 19, 8, 1
2020/5/13, 35, 9, 1
2020/5/14, 29, 10, 1
2020/5/15, 38, 10, 1
2020/5/16, 31, 4, 1
2020/5/17, 27, 3, 1
2020/5/18, 23, 3, 
2020/5/19, 30, 4, 1
2020/5/20, 27, 5, 1
2020/5/21, 25, 3, 1
2020/5/22, 27, 8, 1
2020/5/23, 30, 6, 1
2020/5/24, 32, 6, 6
2020/5/25, 43, 8, 7
2020/5/26, 51, 7, 6
2020/5/27, 42, 5, 5
2020/5/28, 47, 7, 6
2020/5/29, 28, 6, 1
2020/5/30, 28, 2, 1
2020/5/31, 23, 3, 5
2020/6/1, 22, 10, 2
2020/6/2, 41, 9, 3
2020/6/3, 44, 9, 1
2020/6/4, 38, 12, 6
2020/6/5, 57, 12, 2
2020/6/6, 54, 5, 2
2020/6/7, 42, 3, 5
2020/6/8, 26, 6, 4
2020/6/9, 50, 6, 3
2020/6/10, 86, 8, 8
2020/6/11, 71, 5, 1
2020/6/12, 42, 6, 6
2020/6/13, 23, 2, 1
2020/6/14, 49, 3, 1
2020/6/15, 38, 5, 1
2020/6/16, 37, 6, 1
2020/6/17, 34, 13, 1
2020/6/18, 50, 13, 1
2020/6/19, 35, 13, 3
2020/6/20, 48, 8, 7
2020/6/21, 53, 5, 1
2020/6/22, 44, 12, 4
2020/6/23, 50, 8, 1
2020/6/24, 27, 7, 1
2020/6/25, 21, 12, 1
2020/6/26, 36, 14, 5
2020/6/27, 51, 8, 1
2020/6/28, 29, 6, 3
2020/6/29, 42, 9, 2
2020/6/30, 43, 10, 1
2020/7/1, 45, 7, 2
2020/3/26, 74, 11, 5
2020/3/27, 51, 7, 1
2020/3/28, 44, 7, 
2020/3/29, 28, 3, 1
2020/3/30, 22, 6, 1
2020/3/31, 18, 9, 1
2020/4/1, 25, 11, 1
2022/10/19, , 4, 1
2022/12/8, , 15, 1
2022/8/19, , 12, 7
2022/8/25, , 12, 4
2022/9/3, , 6, 7
2022/9/4, , 1, 1
2022/9/5, , 3, 3
2022/9/6, , 5, 3
2021/4/4, , 31, 2
2021/4/15, , 5, 1
2021/4/16, , 5, 1
2021/4/17, , 10, 6
2021/4/18, , 8, 3
2021/4/19, , 8, 3
2021/4/20, , 9, 2
2021/4/21, , 8, 1
2021/4/22, , 11, 1
2021/4/23, , 14, 3
2021/4/24, , 12, 7
2021/4/25, , 5, 1
2021/4/26, , 3, 2
2021/4/27, , 10, 7
2021/4/28, , 11, 3
2021/4/29, , 9, 1
2021/4/30, , 5, 
2021/5/1, , 11, 15
2021/5/2, , 4, 1
2021/5/3, , 9, 
2021/5/4, , 7, 
2021/5/5, , 8, 
2021/5/6, , 10, 8
2021/5/7, , 9, 6
2021/5/8, , 3, 1
2021/5/9, , 7, 
2021/5/10, , 13, 1
2021/5/11, , 6, 
2021/5/12, , 12, 1
2021/5/13, , 17, 12
2021/5/14, , 15, 15
2021/5/15, , 15, 11
2021/5/16, , 6, 2
2021/5/17, , 10, 17
2021/5/18, , 14, 7
2021/5/19, , 9, 12
2021/2/16, , 6, 1
2021/3/26, , 6, 2
2020/10/5, , 11, 1
2020/10/7, , 11, 1
2020/10/12, , 3, 1
2020/10/19, , 11, 1
2020/10/22, , 12, 1
2020/10/27, , 14, 1
2020/10/29, , 22, 
2020/11/1, , 6, 2
2020/11/4, , 14, 2
2020/11/9, , 19, 19
2020/11/27, , 4, 2
2020/11/30, , 6, 1
2020/12/3, , 14, 2
2020/12/6, , 14, 1
2020/12/14, , 12, 2
2020/7/8, , 15, 4
2020/7/15, , 6, 5
2020/8/7, , 8, 2
2020/3/25, , 16, 18
2022/8/3, , , 3
2022/8/9, , , 4
2022/8/15, , , 1
2022/4/5, , , 1
2022/4/24, , , 15
2022/4/25, , , 1
2022/5/12, , , 11
2022/1/30, , , 3
2022/2/9, , , 9
2022/3/8, , , 1
2020/11/17, , , 1