date, pm25, o3, so2
2023/4/2, 15, 33, 
2023/4/3, 28, 40, 
2023/4/4, 18, 32, 
2023/4/5, 18, 35, 
2023/4/6, 21, 39, 
2023/4/7, 19, 38, 
2023/4/8, 16, 37, 
2023/4/9, 31, 45, 
2023/4/10, 50, 48, 
2023/4/11, 45, 37, 
2023/4/12, 57, , 
2023/1/3, 54, , 
2023/1/4, 35, , 
2023/1/5, 30, , 
2023/1/6, 24, , 
2023/1/7, 17, , 
2023/1/8, 29, , 
2023/1/9, 54, , 
2023/1/10, 74, , 
2023/1/11, 83, , 
2023/1/12, 81, , 
2023/1/13, 30, , 
2023/1/14, 11, , 
2023/1/15, 38, , 
2023/1/16, 49, , 
2023/1/17, 29, , 
2023/1/18, 21, , 
2023/1/19, 16, , 
2023/1/20, 13, , 
2023/1/21, 14, , 
2023/1/22, 35, , 
2023/1/23, 43, , 
2023/1/24, 43, , 
2023/1/25, 54, , 
2023/1/26, 58, , 
2023/1/27, 23, , 
2023/1/28, 27, , 
2023/1/29, 20, , 
2023/1/30, 15, , 
2023/1/31, 24, , 
2023/2/1, 34, , 
2023/2/2, 50, , 
2023/2/3, 40, , 
2023/2/4, 16, , 
2023/2/5, 34, , 
2023/2/6, 57, , 
2023/2/7, 39, , 
2023/2/8, 48, , 
2023/2/9, 36, , 
2023/2/10, 62, , 
2023/2/11, 14, , 
2023/2/12, 21, , 
2023/2/13, 36, , 
2023/2/14, 44, , 
2023/2/15, 36, , 
2023/2/16, 18, , 
2023/2/17, 10, , 
2023/2/18, 14, , 
2023/2/19, 45, , 
2023/2/20, 35, , 
2023/2/21, 36, , 
2023/2/22, 24, , 
2023/2/23, 11, , 
2023/2/24, 10, , 
2023/2/25, 15, , 
2023/2/26, 38, , 
2023/2/27, 49, , 
2023/2/28, 21, , 
2023/3/1, 35, , 
2023/3/2, 47, , 
2023/3/3, 17, , 
2023/3/4, 40, , 
2023/3/5, 68, , 
2023/3/6, 40, , 
2023/3/7, 19, , 
2023/3/8, 15, , 
2023/3/9, 17, , 
2023/3/10, 14, , 
2023/3/11, 9, , 
2023/3/12, 14, , 
2023/3/13, 20, , 
2023/3/14, 11, , 
2023/3/15, 23, , 
2023/3/16, 47, , 
2023/3/17, 63, , 
2023/3/18, 18, , 
2023/3/19, 15, , 
2023/3/20, 20, , 
2023/3/21, 30, , 
2023/3/22, 20, , 
2023/3/23, 53, 40, 
2023/3/24, 35, 39, 
2023/3/25, 26, 39, 
2023/3/26, 22, 45, 
2023/3/27, 36, 44, 
2023/3/28, 29, 42, 
2023/3/29, 35, 39, 
2023/3/30, 29, 39, 
2023/3/31, 34, 33, 
2023/4/1, 33, 37, 
2022/10/2, 53, 20, 4
2022/10/3, 17, 27, 4
2022/10/4, 17, 35, 3
2022/10/5, 27, 36, 
2022/10/6, 37, 25, 
2022/10/7, 26, 23, 
2022/10/8, 11, 28, 
2022/10/9, 18, 27, 
2022/10/10, 31, 26, 
2022/10/11, 18, 41, 
2022/10/12, 39, 24, 
2022/10/13, 44, 14, 
2022/10/14, 33, 18, 
2022/10/15, 31, 15, 
2022/10/16, 27, 12, 
2022/10/17, 12, 18, 
2022/10/18, 7, , 
2022/10/19, 13, , 
2022/10/20, 16, , 
2022/10/21, 33, , 
2022/10/22, 69, , 
2022/10/23, 73, , 
2022/10/24, 50, , 
2022/10/25, 49, , 
2022/10/26, 22, , 
2022/10/27, 20, , 
2022/10/28, 34, , 
2022/10/29, 40, , 
2022/10/30, 59, , 
2022/10/31, 70, , 
2022/11/1, 77, , 
2022/11/2, 63, , 
2022/11/3, 60, , 
2022/11/4, 51, , 
2022/11/5, 36, , 
2022/11/6, 7, , 
2022/11/7, 18, , 
2022/11/8, 25, , 
2022/11/9, 14, , 
2022/11/10, 39, , 
2022/11/11, 50, , 
2022/11/12, 17, , 
2022/11/13, 11, , 
2022/11/14, 9, , 
2022/11/15, 26, , 
2022/11/16, 21, , 
2022/11/17, 14, , 
2022/11/18, 38, , 
2022/11/19, 26, , 
2022/11/20, 17, , 
2022/11/21, 20, , 
2022/11/22, 38, , 
2022/11/23, 63, , 
2022/11/24, 85, , 
2022/11/25, 73, , 
2022/11/26, 40, , 
2022/11/27, 30, , 
2022/11/28, 24, , 
2022/11/29, 35, , 
2022/11/30, 55, , 
2022/12/1, 20, , 
2022/12/2, 20, , 
2022/12/3, 28, , 
2022/12/4, 23, , 
2022/12/5, 30, , 
2022/12/6, 43, , 
2022/12/7, 22, , 
2022/12/8, 44, , 
2022/12/9, 28, , 
2022/12/10, 31, , 
2022/12/11, 43, , 
2022/12/12, 45, , 
2022/12/13, 34, , 
2022/12/14, 33, , 
2022/12/15, 31, , 
2022/12/16, 24, , 
2022/12/17, 39, , 
2022/12/18, 45, , 
2022/12/19, 26, , 
2022/12/20, 29, , 
2022/12/21, 47, , 
2022/12/22, 34, , 
2022/12/23, 48, , 
2022/12/24, 19, , 
2022/12/25, 11, , 
2022/12/26, 14, , 
2022/12/27, 23, , 
2022/12/28, 33, , 
2022/12/29, 54, , 
2022/12/30, 51, , 
2022/12/31, 57, , 
2023/1/1, 53, , 
2023/1/2, 64, , 
2022/7/2, 29, 35, 1
2022/7/3, 39, 44, 1
2022/7/4, 38, 40, 1
2022/7/5, 52, 34, 1
2022/7/6, 30, 24, 1
2022/7/7, 27, 38, 1
2022/7/8, 36, 23, 1
2022/7/9, 24, 34, 1
2022/7/10, 22, 41, 3
2022/7/11, 24, 35, 2
2022/7/12, 26, 28, 1
2022/7/13, 25, 29, 1
2022/7/14, 25, 32, 1
2022/7/15, 17, 29, 1
2022/7/16, 25, 36, 2
2022/7/17, 38, 39, 2
2022/7/18, 38, 38, 2
2022/7/19, 39, 40, 2
2022/7/20, 38, 37, 2
2022/7/21, 32, 31, 2
2022/7/22, 32, 39, 2
2022/7/23, 21, 43, 1
2022/7/24, 27, 26, 1
2022/7/25, 17, 25, 1
2022/7/26, 14, 35, 2
2022/7/27, 21, 30, 2
2022/7/28, 37, 25, 2
2022/7/29, 22, 20, 2
2022/7/30, 18, 36, 2
2022/7/31, 24, 36, 2
2022/8/1, 23, 26, 2
2022/8/2, 21, 38, 2
2022/8/3, 17, 32, 3
2022/8/4, 33, 24, 2
2022/8/5, 18, 34, 2
2022/8/6, 32, 39, 2
2022/8/7, 44, 35, 2
2022/8/8, 17, 15, 3
2022/8/9, 12, 28, 3
2022/8/10, 19, 32, 2
2022/8/11, 29, 22, 2
2022/8/12, 19, 29, 
2022/8/13, 21, 29, 
2022/8/14, 17, 33, 
2022/8/15, 16, 35, 
2022/8/16, 24, 30, 
2022/8/17, 31, 32, 
2022/8/18, 37, 33, 
2022/8/19, 36, 42, 
2022/8/20, 38, 35, 
2022/8/21, 23, 28, 1
2022/8/22, 31, 25, 
2022/8/23, 33, 30, 
2022/8/24, 36, 42, 1
2022/8/25, 37, 28, 
2022/8/26, 26, 24, 
2022/8/27, 39, 25, 
2022/8/28, 38, 30, 
2022/8/29, 36, 29, 
2022/8/30, 26, 21, 
2022/8/31, 29, 24, 
2022/9/1, 26, 38, 
2022/9/2, 26, 37, 
2022/9/3, 33, 24, 
2022/9/4, 17, 20, 
2022/9/5, 12, 25, 
2022/9/6, 16, 25, 
2022/9/7, 21, 33, 
2022/9/8, 36, 39, 1
2022/9/9, 44, 39, 
2022/9/10, 34, 25, 
2022/9/11, 28, 18, 
2022/9/12, 21, 21, 
2022/9/13, 18, 25, 
2022/9/14, 30, 22, 
2022/9/15, 22, 38, 
2022/9/16, 27, 36, 
2022/9/17, 38, 36, 
2022/9/18, 47, 27, 
2022/9/19, 37, 31, 1
2022/9/20, 41, 36, 
2022/9/21, 45, 24, 1
2022/9/22, 31, 21, 1
2022/9/23, 12, 24, 1
2022/9/24, 16, 19, 1
2022/9/25, 21, 26, 2
2022/9/26, 16, 19, 2
2022/9/27, 17, 17, 1
2022/9/28, 9, 23, 1
2022/9/29, 14, 26, 1
2022/9/30, 21, 31, 2
2022/10/1, 46, 36, 3
2022/4/2, 15, 25, 
2022/4/3, 38, 32, 
2022/4/4, 27, 28, 
2022/4/5, 27, 29, 
2022/4/6, 35, 28, 
2022/4/7, 28, 22, 1
2022/4/8, 13, 29, 
2022/4/9, 8, 34, 
2022/4/10, 15, 40, 
2022/4/11, 29, 39, 
2022/4/12, 22, 41, 
2022/4/13, 43, 33, 
2022/4/14, 28, 27, 
2022/4/15, 19, 29, 
2022/4/16, 12, 31, 
2022/4/17, 12, 29, 
2022/4/18, 11, 30, 
2022/4/19, 25, 36, 
2022/4/20, 13, 30, 
2022/4/21, 30, 36, 
2022/4/22, 26, 32, 
2022/4/23, 25, 42, 
2022/4/24, 48, 42, 
2022/4/25, 27, 27, 
2022/4/26, 10, 31, 
2022/4/27, 11, 38, 
2022/4/28, 14, 36, 
2022/4/29, 19, 43, 
2022/4/30, 31, 40, 
2022/5/1, 32, 30, 
2022/5/2, 23, 29, 
2022/5/3, 10, 23, 
2022/5/4, 11, 31, 
2022/5/5, 10, 36, 
2022/5/6, 21, 37, 
2022/5/7, 22, 42, 
2022/5/8, 24, 41, 
2022/5/9, 29, 40, 
2022/5/10, 22, 45, 
2022/5/11, 55, 40, 
2022/5/12, 48, 58, 
2022/5/13, 63, 69, 1
2022/5/14, 35, 45, 
2022/5/15, 25, 40, 
2022/5/16, 21, 38, 
2022/5/17, 15, 27, 
2022/5/18, 10, 40, 
2022/5/19, 18, 35, 1
2022/5/20, 40, 33, 1
2022/5/21, 32, 26, 
2022/5/22, 14, 28, 
2022/5/23, 10, 31, 
2022/5/24, 17, 38, 
2022/5/25, 18, 26, 
2022/5/26, 17, 20, 1
2022/5/27, 17, 28, 
2022/5/28, 18, 8, 
2022/5/29, 30, , 1
2022/5/30, 33, 38, 1
2022/5/31, 43, 41, 1
2022/6/1, 38, 33, 
2022/6/2, 12, 40, 1
2022/6/3, 19, 35, 1
2022/6/4, 19, 39, 1
2022/6/5, 16, 31, 1
2022/6/6, 29, 34, 1
2022/6/7, 11, 37, 1
2022/6/8, 22, 34, 
2022/6/9, 26, 30, 1
2022/6/10, 26, 35, 1
2022/6/11, 33, 29, 1
2022/6/12, 27, 24, 1
2022/6/13, 13, 31, 1
2022/6/14, 27, 43, 1
2022/6/15, 48, 45, 1
2022/6/16, 59, 34, 1
2022/6/17, 23, 33, 
2022/6/18, 20, 32, 
2022/6/19, 19, 46, 1
2022/6/20, 26, 51, 2
2022/6/21, 39, 48, 2
2022/6/22, 41, 35, 
2022/6/23, 18, 43, 1
2022/6/24, 19, 52, 1
2022/6/25, 30, 45, 1
2022/6/26, 29, 31, 
2022/6/27, 20, 32, 
2022/6/28, 18, 41, 1
2022/6/29, 37, 41, 
2022/6/30, 32, 42, 2
2022/7/1, 39, 33, 1
2022/1/4, 40, , 
2022/1/5, 53, , 
2022/1/6, 41, , 
2022/1/7, 11, , 2
2022/1/8, 22, , 
2022/1/9, 34, , 
2022/1/10, 37, , 
2022/1/11, 37, , 1
2022/1/12, 39, , 
2022/1/13, 41, , 
2022/1/14, 47, , 
2022/1/15, 15, , 
2022/1/16, 29, , 
2022/1/17, 58, , 
2022/1/18, 34, , 
2022/1/19, 41, , 
2022/1/20, 23, , 
2022/1/21, 23, , 1
2022/1/22, 43, , 
2022/1/23, 33, , 
2022/1/24, 20, , 
2022/1/25, 22, , 
2022/1/26, 27, , 1
2022/1/27, 37, , 
2022/1/28, 25, , 
2022/1/29, 35, , 
2022/1/30, 35, , 
2022/1/31, 46, , 
2022/2/1, 62, , 1
2022/2/2, 65, , 
2022/2/3, 26, , 
2022/2/4, 21, , 
2022/2/5, 26, , 
2022/2/6, 35, , 2
2022/2/7, 59, , 
2022/2/8, 33, , 
2022/2/9, 59, , 
2022/2/10, 35, , 
2022/2/11, 23, , 
2022/2/12, 22, , 
2022/2/13, 14, , 
2022/2/14, 24, , 
2022/2/15, 35, , 
2022/2/16, 48, , 1
2022/2/17, 67, , 
2022/2/18, 22, , 
2022/2/19, 22, , 
2022/2/20, 18, , 
2022/2/21, 29, , 
2022/2/22, 20, , 
2022/2/23, 22, , 
2022/2/24, 19, , 
2022/2/25, 18, , 
2022/2/26, 17, , 
2022/2/27, 41, , 
2022/2/28, 32, , 
2022/3/1, 39, , 
2022/3/2, 54, , 
2022/3/3, 44, , 
2022/3/4, 18, , 
2022/3/5, 27, , 
2022/3/6, 42, , 
2022/3/7, 25, , 
2022/3/8, 19, , 1
2022/3/9, 30, , 
2022/3/10, 27, , 
2022/3/11, 16, , 
2022/3/12, 25, , 
2022/3/13, 17, , 
2022/3/14, 25, , 
2022/3/15, 34, , 
2022/3/16, 38, 43, 
2022/3/17, 72, 36, 1
2022/3/18, 56, 28, 
2022/3/19, 24, 30, 
2022/3/20, 16, 37, 
2022/3/21, 33, 33, 
2022/3/22, 39, 29, 
2022/3/23, 18, 31, 
2022/3/24, 12, 28, 
2022/3/25, 14, 23, 
2022/3/26, 21, 29, 
2022/3/27, 10, 32, 
2022/3/28, 12, 33, 
2022/3/29, 18, 35, 
2022/3/30, 21, 28, 
2022/3/31, 36, 32, 
2022/4/1, 12, 36, 
2021/10/2, 44, 29, 1
2021/10/3, 53, 4, 1
2021/10/4, 29, , 1
2021/10/5, 18, , 1
2021/10/6, 28, , 1
2021/10/7, 26, , 1
2021/10/8, 35, , 1
2021/10/9, 37, , 1
2021/10/10, 40, , 2
2021/10/11, 44, , 2
2021/10/12, 36, , 1
2021/10/13, 21, , 1
2021/10/14, 23, , 2
2021/10/15, 22, , 1
2021/10/16, 24, , 2
2021/10/17, 20, , 2
2021/10/18, 17, 17, 2
2021/10/19, 24, , 2
2021/10/20, 31, , 1
2021/10/21, 28, , 2
2021/10/22, 10, , 2
2021/10/23, 14, , 2
2021/10/24, 21, , 2
2021/10/25, 22, , 2
2021/10/26, 7, , 2
2021/10/27, 17, , 2
2021/10/28, 17, , 
2021/10/29, 21, , 
2021/10/30, 16, , 
2021/10/31, 33, , 
2021/11/1, 21, , 4
2021/11/2, 17, , 
2021/11/3, 13, , 
2021/11/4, 20, , 1
2021/11/5, 41, , 1
2021/11/6, 46, , 3
2021/11/7, 52, , 2
2021/11/8, 52, , 
2021/11/9, 48, , 
2021/11/10, 26, , 
2021/11/11, 38, , 
2021/11/12, 39, , 
2021/11/13, 20, , 
2021/11/14, 10, , 
2021/11/15, 15, , 
2021/11/16, 17, , 
2021/11/17, 40, , 
2021/11/18, 45, , 
2021/11/19, 12, , 
2021/11/20, 15, , 
2021/11/21, 44, , 
2021/11/22, 42, , 1
2021/11/23, 12, , 
2021/11/24, 28, , 
2021/11/25, 41, , 
2021/11/26, 22, , 
2021/11/27, 14, , 
2021/11/28, 36, , 
2021/11/29, 22, , 
2021/11/30, 40, , 
2021/12/1, 38, , 1
2021/12/2, 36, , 
2021/12/3, 15, , 
2021/12/4, 24, , 
2021/12/5, 16, , 
2021/12/6, 19, , 
2021/12/7, 20, , 3
2021/12/8, 20, , 
2021/12/9, 38, , 
2021/12/10, 59, , 
2021/12/11, 53, , 
2021/12/12, 13, , 1
2021/12/13, 23, , 1
2021/12/14, 33, , 
2021/12/15, 38, , 
2021/12/16, 52, , 
2021/12/17, 42, , 
2021/12/18, 25, , 
2021/12/19, 14, , 2
2021/12/20, 26, , 
2021/12/21, 46, , 
2021/12/22, 37, , 
2021/12/23, 26, , 
2021/12/24, 38, , 
2021/12/25, 74, , 
2021/12/26, 32, , 
2021/12/27, 16, , 
2021/12/28, 22, , 
2021/12/29, 33, , 
2021/12/30, 44, , 
2021/12/31, 38, , 
2022/1/1, 62, , 
2022/1/2, 19, , 
2022/1/3, 15, , 1
2021/7/2, 22, 30, 1
2021/7/3, 13, 31, 1
2021/7/4, 57, 41, 2
2021/7/5, 62, 41, 3
2021/7/6, 51, 37, 2
2021/7/7, 55, 18, 1
2021/7/8, 14, 15, 1
2021/7/9, 14, 26, 
2021/7/10, 20, 30, 
2021/7/11, 23, 29, 
2021/7/12, 23, 34, 
2021/7/13, 27, 37, 
2021/7/14, 35, 38, 
2021/7/15, 37, 32, 
2021/7/16, 49, 25, 
2021/7/17, 45, 26, 
2021/7/18, 41, 28, 
2021/7/19, 50, 32, 
2021/7/20, 54, 30, 
2021/7/21, 83, 25, 
2021/7/22, 19, 37, 
2021/7/23, 39, 48, 
2021/7/24, 78, 40, 
2021/7/25, 61, 38, 
2021/7/26, 55, 41, 
2021/7/27, 60, 41, 
2021/7/28, 52, 42, 
2021/7/29, 52, 39, 
2021/7/30, 63, 19, 
2021/7/31, 17, 35, 
2021/8/1, 101, 21, 
2021/8/2, 84, 23, 
2021/8/3, 45, 34, 
2021/8/4, 83, 41, 
2021/8/5, 125, 39, 
2021/8/6, 68, 32, 
2021/8/7, 53, 36, 
2021/8/8, 53, 31, 1
2021/8/9, 43, 32, 1
2021/8/10, 42, 35, 
2021/8/11, 46, 27, 1
2021/8/12, 40, 28, 1
2021/8/13, 31, 29, 1
2021/8/14, 25, 35, 
2021/8/15, 33, 39, 
2021/8/16, 29, 41, 
2021/8/17, 28, 46, 1
2021/8/18, 34, 46, 1
2021/8/19, 44, 41, 1
2021/8/20, 48, 38, 1
2021/8/21, 46, 31, 1
2021/8/22, 40, 32, 1
2021/8/23, 31, 39, 1
2021/8/24, 31, 24, 1
2021/8/25, 29, 28, 1
2021/8/26, 25, 32, 1
2021/8/27, 79, 31, 1
2021/8/28, 30, 34, 1
2021/8/29, 23, 34, 1
2021/8/30, 33, 34, 1
2021/8/31, 32, 16, 1
2021/9/1, 32, 17, 1
2021/9/2, 24, 30, 1
2021/9/3, 25, 38, 1
2021/9/4, 27, 27, 1
2021/9/5, 24, 29, 1
2021/9/6, 27, 30, 1
2021/9/7, 21, 30, 1
2021/9/8, 28, 24, 1
2021/9/9, 13, 23, 1
2021/9/10, 22, 30, 1
2021/9/11, 25, 34, 1
2021/9/12, 37, 20, 1
2021/9/13, 21, 25, 1
2021/9/14, 22, 26, 1
2021/9/15, 25, 28, 1
2021/9/16, 22, 46, 1
2021/9/17, 21, 35, 1
2021/9/18, 28, 30, 1
2021/9/19, 26, 45, 1
2021/9/20, 32, 32, 1
2021/9/21, 30, 24, 1
2021/9/22, 12, 21, 1
2021/9/23, 8, 23, 1
2021/9/24, 13, 38, 2
2021/9/25, 19, 24, 1
2021/9/26, 18, 30, 2
2021/9/27, 27, 26, 1
2021/9/28, 26, 28, 1
2021/9/29, 15, 34, 1
2021/9/30, 22, 39, 1
2021/10/1, 32, 53, 1
2021/4/2, 20, 39, 
2021/4/3, 36, 44, 
2021/4/4, 63, 49, 
2021/4/5, 74, 43, 
2021/4/6, 64, 38, 
2021/4/7, 57, 43, 
2021/4/8, 67, 29, 
2021/4/9, 42, 19, 
2021/4/10, 26, 26, 
2021/4/11, 23, 24, 
2021/4/12, 20, 28, 
2021/4/13, 22, 26, 
2021/4/14, 14, 20, 
2021/4/15, 13, 23, 
2021/4/16, 8, 32, 
2021/4/17, 17, 38, 
2021/4/18, 21, 38, 
2021/4/19, 31, 34, 
2021/4/20, 12, 34, 
2021/4/21, 15, 33, 
2021/4/22, 18, 41, 
2021/4/23, 36, 46, 
2021/4/24, 49, 33, 
2021/4/25, 42, 31, 
2021/4/26, 15, 28, 
2021/4/27, 23, 26, 
2021/4/28, 29, 32, 
2021/4/29, 30, 34, 
2021/4/30, 25, 31, 
2021/5/1, 19, 42, 
2021/5/2, 40, 40, 
2021/5/3, 35, 29, 
2021/5/4, 17, 26, 
2021/5/5, 7, 33, 
2021/5/6, 12, 36, 
2021/5/7, 17, 28, 
2021/5/8, 12, 34, 
2021/5/9, 13, 33, 
2021/5/10, 16, 25, 
2021/5/11, 6, 26, 
2021/5/12, 11, 35, 
2021/5/13, 19, 41, 
2021/5/14, 22, 47, 
2021/5/15, 27, 38, 
2021/5/16, 32, 40, 
2021/5/17, 48, 51, 
2021/5/18, 47, 44, 
2021/5/19, 45, 33, 
2021/5/20, 51, 44, 
2021/5/21, 51, 32, 
2021/5/22, 34, 34, 
2021/5/23, 35, 20, 
2021/5/24, 18, 36, 
2021/5/25, 36, 43, 
2021/5/26, 39, 27, 
2021/5/27, 18, 25, 
2021/5/28, 12, 30, 
2021/5/29, 11, 34, 
2021/5/30, 19, 42, 
2021/5/31, 30, 43, 
2021/6/1, 25, 46, 
2021/6/2, 25, 56, 
2021/6/3, 28, 47, 
2021/6/4, 34, 51, 
2021/6/5, 30, 54, 2
2021/6/6, 35, 45, 
2021/6/7, 40, 37, 
2021/6/8, 36, 42, 
2021/6/9, 42, 41, 
2021/6/10, 38, 48, 
2021/6/11, 45, 46, 
2021/6/12, 36, 40, 
2021/6/13, 32, 43, 1
2021/6/14, 27, 30, 
2021/6/15, 18, 28, 
2021/6/16, 22, 43, 
2021/6/17, 18, 52, 
2021/6/18, 27, 45, 2
2021/6/19, 23, 33, 1
2021/6/20, 22, 34, 1
2021/6/21, 33, 25, 1
2021/6/22, 12, 32, 
2021/6/23, 12, 46, 
2021/6/24, 26, 39, 
2021/6/25, 30, 40, 1
2021/6/26, 33, 28, 1
2021/6/27, 13, 28, 1
2021/6/28, 21, 32, 1
2021/6/29, 23, 30, 1
2021/6/30, 28, 30, 1
2021/7/1, 35, 22, 1
2021/1/5, 59, , 
2021/1/6, 61, , 
2021/1/7, 70, , 
2021/1/8, 35, , 
2021/1/9, 16, , 
2021/1/10, 32, , 
2021/1/11, 58, , 
2021/1/12, 55, , 
2021/1/13, 63, , 
2021/1/14, 71, , 
2021/1/15, 79, , 
2021/1/16, 45, , 
2021/1/17, 24, , 
2021/1/18, 9, , 
2021/1/19, 13, , 
2021/1/20, 20, , 
2021/1/21, 27, , 
2021/1/22, 16, , 
2021/1/23, 12, , 
2021/1/24, 29, , 
2021/1/25, 52, , 
2021/1/26, 29, , 
2021/1/27, 13, , 
2021/1/28, 20, , 
2021/1/29, 33, , 
2021/1/30, 46, , 
2021/1/31, 24, , 
2021/2/1, 17, , 
2021/2/2, 20, , 
2021/2/3, 26, , 
2021/2/4, 32, , 
2021/2/5, 51, , 
2021/2/6, 21, , 
2021/2/7, 21, , 
2021/2/8, 22, , 
2021/2/9, 26, , 
2021/2/10, 38, , 
2021/2/11, 34, , 
2021/2/12, 37, , 
2021/2/13, 25, , 
2021/2/14, 21, , 
2021/2/15, 21, , 
2021/2/16, 19, , 
2021/2/17, 21, , 
2021/2/18, 52, , 
2021/2/19, 46, , 
2021/2/20, 79, , 
2021/2/21, 114, , 
2021/2/22, 78, , 
2021/2/23, 62, , 
2021/2/24, 27, , 
2021/2/25, 20, , 
2021/2/26, 34, , 
2021/2/27, 51, , 
2021/2/28, 69, , 
2021/3/1, 62, , 
2021/3/2, 19, , 
2021/3/3, 40, , 
2021/3/4, 49, , 
2021/3/5, 22, , 
2021/3/6, 37, , 
2021/3/7, 34, , 
2021/3/8, 25, , 
2021/3/9, 54, , 
2021/3/10, 68, , 
2021/3/11, 60, , 
2021/3/12, 17, , 
2021/3/13, 25, , 
2021/3/14, 35, , 
2021/3/15, 18, , 
2021/3/16, 15, , 
2021/3/17, 31, , 
2021/3/18, 53, , 
2021/3/19, 21, , 
2021/3/20, 20, , 
2021/3/21, 44, , 
2021/3/22, 45, , 1
2021/3/23, 38, , 
2021/3/24, 58, , 
2021/3/25, 24, 24, 
2021/3/26, 11, 25, 
2021/3/27, 23, 23, 
2021/3/28, 42, 30, 
2021/3/29, 17, 40, 
2021/3/30, 33, 31, 
2021/3/31, 34, 32, 
2021/4/1, 26, 35, 
2020/10/2, 8, 20, 
2020/10/3, 16, 16, 
2020/10/4, 18, 20, 
2020/10/5, 23, 29, 
2020/10/6, 20, 30, 
2020/10/7, 26, 27, 
2020/10/8, 20, 24, 
2020/10/9, 19, 40, 1
2020/10/10, 39, 25, 1
2020/10/11, 33, 21, 
2020/10/12, 16, 22, 
2020/10/13, 22, 28, 
2020/10/14, 16, 27, 
2020/10/15, 22, 24, 
2020/10/16, 12, 23, 
2020/10/17, 19, 26, 1
2020/10/18, 25, 25, 
2020/10/19, 26, 18, 
2020/10/20, 29, 21, 
2020/10/21, 37, 14, 
2020/10/22, 30, 19, 
2020/10/23, 25, 18, 
2020/10/24, 9, 24, 
2020/10/25, 26, 22, 
2020/10/26, 21, 19, 
2020/10/27, 15, , 
2020/10/28, 25, , 
2020/10/29, 41, , 
2020/10/30, 17, , 
2020/10/31, 18, , 
2020/11/1, 36, , 
2020/11/2, 12, , 
2020/11/3, 25, , 
2020/11/4, 45, , 
2020/11/5, 47, , 
2020/11/6, 70, , 
2020/11/7, 65, , 
2020/11/8, 53, , 
2020/11/9, 52, , 
2020/11/10, 29, , 
2020/11/11, 11, , 
2020/11/12, 22, , 
2020/11/13, 38, , 
2020/11/14, 40, , 
2020/11/15, 48, , 
2020/11/16, 31, , 
2020/11/17, 28, , 
2020/11/18, 17, , 
2020/11/19, 27, , 
2020/11/20, 36, , 
2020/11/21, 42, , 
2020/11/22, 36, , 
2020/11/23, 57, , 
2020/11/24, 32, , 
2020/11/25, 26, , 
2020/11/26, 40, , 
2020/11/27, 36, , 
2020/11/28, 42, , 
2020/11/29, 34, , 
2020/11/30, 27, , 
2020/12/1, 9, , 
2020/12/2, 16, , 
2020/12/3, 36, , 
2020/12/4, 32, , 
2020/12/5, 21, , 
2020/12/6, 17, , 
2020/12/7, 34, , 
2020/12/8, 28, , 
2020/12/9, 47, , 
2020/12/10, 51, , 
2020/12/11, 61, , 
2020/12/12, 14, , 
2020/12/13, 6, , 
2020/12/14, 17, , 
2020/12/15, 26, , 
2020/12/16, 21, , 
2020/12/17, 26, , 
2020/12/18, 36, , 
2020/12/19, 68, , 
2020/12/20, 93, , 
2020/12/21, 65, , 
2020/12/22, 54, , 
2020/12/23, 30, , 
2020/12/24, 27, , 
2020/12/25, 14, , 
2020/12/26, 13, , 
2020/12/27, 27, , 
2020/12/28, 37, , 
2020/12/29, 18, , 
2020/12/30, 41, , 
2020/12/31, 38, , 
2021/1/1, 50, , 
2021/1/2, 82, , 
2021/1/3, 63, , 
2021/1/4, 75, , 
2020/7/2, 46, 46, 1
2020/7/3, 45, 34, 
2020/7/4, 42, 30, 1
2020/7/5, 63, 35, 1
2020/7/6, 57, 39, 1
2020/7/7, 48, 33, 1
2020/7/8, 26, 44, 1
2020/7/9, 32, 34, 1
2020/7/10, 24, 32, 
2020/7/11, 23, 24, 1
2020/7/12, 25, 22, 
2020/7/13, 15, 32, 1
2020/7/14, 18, 41, 1
2020/7/15, 26, 27, 1
2020/7/16, 18, 35, 1
2020/7/17, 18, 36, 1
2020/7/18, 29, 33, 1
2020/7/19, 41, 24, 1
2020/7/20, 27, 23, 
2020/7/21, 13, 24, 1
2020/7/22, 14, 19, 1
2020/7/23, 21, 24, 1
2020/7/24, 17, 38, 1
2020/7/25, 25, 34, 1
2020/7/26, 36, 24, 1
2020/7/27, 31, 21, 1
2020/7/28, 19, 26, 1
2020/7/29, 21, 21, 1
2020/7/30, 24, 22, 1
2020/7/31, 20, 22, 1
2020/8/1, 24, 26, 1
2020/8/2, 30, 14, 1
2020/8/3, 24, 15, 
2020/8/4, 12, 16, 
2020/8/5, 12, 29, 1
2020/8/6, 20, 32, 2
2020/8/7, 27, 45, 1
2020/8/8, 29, 39, 1
2020/8/9, 36, 34, 1
2020/8/10, 41, 30, 1
2020/8/11, 32, 32, 1
2020/8/12, 19, 37, 1
2020/8/13, 24, 47, 
2020/8/14, 26, 44, 1
2020/8/15, 36, 36, 1
2020/8/16, 26, 29, 1
2020/8/17, 24, 22, 1
2020/8/18, 22, 20, 
2020/8/19, 16, 29, 1
2020/8/20, 20, 32, 2
2020/8/21, 27, 38, 1
2020/8/22, 28, 38, 1
2020/8/23, 33, 42, 1
2020/8/24, 48, 37, 1
2020/8/25, 54, 39, 
2020/8/26, 32, 39, 1
2020/8/27, 49, 34, 1
2020/8/28, 55, 33, 1
2020/8/29, 27, 22, 1
2020/8/30, 14, 23, 1
2020/8/31, 10, 25, 
2020/9/1, 15, 28, 
2020/9/2, 18, 27, 
2020/9/3, 20, 27, 1
2020/9/4, 17, 24, 
2020/9/5, 17, 23, 
2020/9/6, 28, 34, 
2020/9/7, 24, 21, 
2020/9/8, 13, 16, 
2020/9/9, 8, 18, 
2020/9/10, 5, 22, 
2020/9/11, 12, 26, 
2020/9/12, 20, 20, 
2020/9/13, 25, 20, 
2020/9/14, 21, 17, 
2020/9/15, 16, 31, 1
2020/9/16, 28, 27, 
2020/9/17, 43, 20, 
2020/9/18, 13, 27, 
2020/9/19, 12, 31, 
2020/9/20, 22, 37, 
2020/9/21, 27, 38, 
2020/9/22, 22, 33, 
2020/9/23, 40, 39, 1
2020/9/24, 57, 30, 
2020/9/25, 51, 42, 
2020/9/26, 40, 29, 
2020/9/27, 42, 25, 
2020/9/28, 30, 11, 
2020/9/29, 16, 12, 
2020/9/30, 14, 19, 
2020/10/1, 13, 20, 
2020/4/2, 22, 32, 
2020/4/3, 35, 33, 
2020/4/4, 23, 31, 
2020/4/5, 19, 34, 
2020/4/6, 27, 39, 
2020/4/7, 38, 25, 
2020/4/8, 59, 38, 
2020/4/9, 37, 34, 
2020/4/10, 18, 31, 
2020/4/11, 17, 41, 
2020/4/12, 51, 31, 
2020/4/13, 31, 34, 
2020/4/14, 12, 31, 
2020/4/15, 20, 30, 
2020/4/16, 21, 37, 
2020/4/17, 25, 39, 
2020/4/18, 37, 40, 1
2020/4/19, 40, 35, 
2020/4/20, 18, 34, 
2020/4/21, 21, 34, 
2020/4/22, 17, 33, 
2020/4/23, 24, 28, 
2020/4/24, 43, 36, 
2020/4/25, 36, 35, 
2020/4/26, 44, 36, 
2020/4/27, 26, 22, 
2020/4/28, 43, 27, 
2020/4/29, 47, 33, 
2020/4/30, 25, 34, 
2020/5/1, 20, 38, 
2020/5/2, 34, 41, 
2020/5/3, 30, 35, 
2020/5/4, 15, 33, 
2020/5/5, 13, 30, 
2020/5/6, 17, 36, 
2020/5/7, 24, 35, 
2020/5/8, 17, 24, 
2020/5/9, 11, 35, 
2020/5/10, 17, 28, 
2020/5/11, 13, 34, 
2020/5/12, 18, 36, 
2020/5/13, 25, 40, 
2020/5/14, 26, 29, 
2020/5/15, 40, 33, 
2020/5/16, 34, 30, 
2020/5/17, 17, 36, 
2020/5/18, 21, 35, 
2020/5/19, 12, 32, 
2020/5/20, 16, 43, 
2020/5/21, 29, 40, 
2020/5/22, 29, 31, 
2020/5/23, 20, 33, 
2020/5/24, 22, 37, 
2020/5/25, 38, 38, 
2020/5/26, 36, 52, 
2020/5/27, 30, 40, 
2020/5/28, 38, 29, 
2020/5/29, 25, 17, 
2020/5/30, 21, 27, 
2020/5/31, 13, 29, 
2020/6/1, 17, 35, 
2020/6/2, 26, 48, 
2020/6/3, 40, 41, 
2020/6/4, 27, 42, 
2020/6/5, 34, 39, 
2020/6/6, 35, 24, 
2020/6/7, 18, 30, 
2020/6/8, 17, 64, 
2020/6/9, 30, 46, 1
2020/6/10, 29, 34, 1
2020/6/11, 17, 35, 
2020/6/12, 13, 24, 
2020/6/13, 8, 26, 
2020/6/14, 14, 33, 
2020/6/15, 15, 42, 
2020/6/16, 17, 55, 
2020/6/17, 25, 58, 
2020/6/18, 41, 71, 
2020/6/19, 48, 56, 1
2020/6/20, 53, 30, 
2020/6/21, 48, 40, 
2020/6/22, 23, 32, 
2020/6/23, 21, 25, 
2020/6/24, 17, 24, 
2020/6/25, 20, 29, 
2020/6/26, 28, 33, 1
2020/6/27, 29, 26, 
2020/6/28, 35, 30, 
2020/6/29, 36, 32, 1
2020/6/30, 38, 44, 
2020/7/1, 40, 51, 
2020/1/2, 38, , 
2020/1/3, 28, , 
2020/1/4, 25, , 
2020/1/5, 17, , 
2020/1/6, 32, , 
2020/1/7, 19, , 
2020/1/8, 20, , 
2020/1/9, 12, , 
2020/1/10, 31, , 
2020/1/11, 61, , 
2020/1/12, 14, , 
2020/1/13, 15, , 
2020/1/14, 30, , 
2020/1/15, 51, , 
2020/1/16, 38, , 
2020/1/17, 26, , 
2020/1/18, 36, , 
2020/1/19, 26, , 
2020/1/20, 16, , 
2020/1/21, 22, , 
2020/1/22, 48, , 
2020/1/23, 64, , 
2020/1/24, 63, , 
2020/1/25, 59, , 
2020/1/26, 28, , 
2020/1/27, 26, , 
2020/1/28, 16, , 
2020/1/29, 12, , 
2020/1/30, 8, , 
2020/1/31, 52, , 
2020/2/1, 79, , 
2020/2/2, 56, , 
2020/2/3, 33, , 
2020/2/4, 24, , 
2020/2/5, 13, , 2
2020/2/6, 28, , 
2020/2/7, 45, , 
2020/2/8, 38, , 
2020/2/9, 20, , 
2020/2/10, 33, , 
2020/2/11, 47, , 
2020/2/12, 55, , 1
2020/2/13, 41, , 
2020/2/14, 14, , 1
2020/2/15, 36, , 
2020/2/16, 35, , 
2020/2/17, 37, , 
2020/2/18, 30, , 
2020/2/19, 25, , 
2020/2/20, 21, , 
2020/2/21, 29, , 1
2020/2/22, 42, , 
2020/2/23, 44, , 1
2020/2/24, 48, , 
2020/2/25, 24, , 
2020/2/26, 13, , 
2020/2/27, 13, , 
2020/2/28, 14, , 
2020/2/29, 17, , 1
2020/3/1, 23, , 
2020/3/2, 50, , 
2020/3/3, 30, , 
2020/3/4, 35, , 
2020/3/5, 23, , 
2020/3/6, 28, , 
2020/3/7, 13, , 
2020/3/8, 34, , 
2020/3/9, 55, 22, 
2020/3/10, 42, 27, 
2020/3/11, 26, 20, 
2020/3/12, 41, 28, 
2020/3/13, 55, 35, 
2020/3/14, 16, 27, 
2020/3/15, 16, 33, 
2020/3/16, 16, 23, 1
2020/3/17, 37, 36, 
2020/3/18, 29, 32, 
2020/3/19, 47, 21, 
2020/3/20, 46, 31, 
2020/3/21, 13, 32, 
2020/3/22, 16, 32, 
2020/3/23, 38, 24, 
2020/3/24, 59, 25, 
2020/3/25, 64, 25, 
2020/3/26, 66, 24, 
2020/3/27, 29, 20, 
2020/3/28, 36, 29, 
2020/3/29, 27, 26, 
2020/3/30, 20, , 
2019/10/2, 22, 14, 
2019/10/3, 8, 15, 
2019/10/4, 8, 24, 
2019/10/5, 11, 21, 
2019/10/6, 18, 24, 1
2019/10/7, 15, 23, 
2019/10/8, 19, 30, 
2019/10/9, 27, 39, 
2019/10/10, 30, 32, 
2019/10/11, 30, 26, 
2019/10/12, 18, 27, 
2019/10/13, 17, 20, 1
2019/10/14, 12, 17, 
2019/10/15, 19, 16, 
2019/10/16, 27, 21, 
2019/10/17, 12, 7, 
2019/10/18, 18, , 
2019/10/19, 32, , 
2019/10/20, 41, , 
2019/10/21, 40, , 
2019/10/22, 27, , 1
2019/10/23, 8, , 
2019/10/24, 14, , 
2019/10/25, 14, , 
2019/10/26, 24, , 
2019/10/27, 41, , 1
2019/10/28, 42, , 
2019/10/29, 22, , 
2019/10/30, 29, , 
2019/10/31, 30, , 
2019/11/1, 18, , 
2019/11/2, 35, , 
2019/11/3, 31, , 
2019/11/4, 25, , 
2019/11/5, 40, , 
2019/11/6, 18, , 
2019/11/7, 30, , 
2019/11/8, 13, , 
2019/11/9, 22, , 
2019/11/10, 41, , 
2019/11/11, 31, , 
2019/11/12, 11, , 
2019/11/13, 14, , 
2019/11/14, 28, , 
2019/11/15, 49, , 
2019/11/16, 50, , 
2019/11/17, 30, , 
2019/11/18, 62, , 
2019/11/19, 54, , 
2019/11/20, 48, , 
2019/11/21, 61, , 
2019/11/22, 32, , 
2019/11/23, 16, , 
2019/11/24, 34, , 
2019/11/25, 45, , 
2019/11/26, 44, , 
2019/11/27, 15, , 
2019/11/28, 13, , 
2019/11/29, 6, , 
2019/11/30, 12, , 
2019/12/1, 21, , 
2019/12/2, 9, , 
2019/12/3, 17, , 
2019/12/4, 45, , 
2019/12/5, 36, , 
2019/12/6, 40, , 
2019/12/7, 23, , 
2019/12/8, 45, , 
2019/12/9, 62, , 
2019/12/10, 30, , 
2019/12/11, 21, , 1
2019/12/12, 41, , 
2019/12/13, 56, , 
2019/12/14, 62, , 
2019/12/15, 74, , 
2019/12/16, 32, , 
2019/12/17, 44, , 
2019/12/18, 55, , 
2019/12/19, 23, , 
2019/12/20, 47, , 
2019/12/21, 78, , 
2019/12/22, 71, , 1
2019/12/23, 62, , 
2019/12/24, 45, , 
2019/12/25, 71, , 
2019/12/26, 88, , 
2019/12/27, 61, , 
2019/12/28, 48, , 
2019/12/29, 60, , 
2019/12/30, 32, , 
2019/7/2, 34, 28, 
2019/7/3, 25, 37, 
2019/7/4, 38, 42, 
2019/7/5, 43, 35, 
2019/7/6, 30, 25, 
2019/7/7, 76, 31, 
2019/7/9, 63, 71, 
2019/7/10, 58, 39, 
2019/7/11, 42, 30, 
2019/7/12, 19, 39, 
2019/7/13, 29, 24, 
2019/7/14, 35, 32, 
2019/7/15, 30, 33, 
2019/7/16, 32, 33, 
2019/7/17, 27, 32, 
2019/7/18, 44, 31, 
2019/7/19, 33, 37, 
2019/7/20, 31, 24, 
2019/7/21, 20, 24, 
2019/7/22, 27, 22, 
2019/7/23, 21, 27, 
2019/7/24, 35, 31, 
2019/7/25, 48, 41, 1
2019/7/26, 57, 39, 
2019/7/27, 52, 34, 
2019/7/28, 50, 40, 
2019/7/29, 43, 33, 
2019/7/30, 26, 19, 
2019/7/31, 14, 34, 
2019/8/1, 16, 40, 
2019/8/2, 24, 42, 
2019/8/3, 32, 32, 
2019/8/4, 33, 33, 
2019/8/5, 36, 36, 
2019/8/6, 36, 23, 
2019/8/7, 29, 32, 1
2019/8/8, 33, 20, 
2019/8/9, 18, 21, 
2019/8/10, 23, 22, 
2019/8/11, 21, 35, 
2019/8/12, 33, 36, 
2019/8/13, 42, 23, 
2019/8/14, 20, 18, 
2019/8/15, 14, 28, 
2019/8/16, 24, 28, 
2019/8/17, 22, 34, 
2019/8/18, 33, 29, 
2019/8/19, 26, 30, 
2019/8/20, 23, 37, 
2019/8/21, 29, 22, 
2019/8/22, 20, 18, 
2019/8/23, 17, 21, 
2019/8/24, 15, 26, 
2019/8/25, 21, 31, 
2019/8/26, 24, 21, 
2019/8/27, 19, 26, 
2019/8/28, 19, 23, 
2019/8/29, 15, 27, 
2019/8/30, 19, 27, 
2019/8/31, 18, 28, 
2019/9/1, 32, 33, 
2019/9/2, 38, 22, 
2019/9/3, 23, 26, 
2019/9/4, 21, 14, 
2019/9/5, 13, 26, 
2019/9/6, 27, 19, 
2019/9/7, 23, 17, 
2019/9/8, 21, 16, 
2019/9/9, 12, 20, 
2019/9/10, 19, 30, 
2019/9/11, 32, 12, 
2019/9/12, 17, 12, 
2019/9/13, 22, 20, 
2019/9/14, 12, 22, 
2019/9/15, 19, 25, 
2019/9/16, 28, 26, 
2019/9/17, 37, 35, 
2019/9/18, 29, 45, 
2019/9/19, 43, 30, 
2019/9/20, 28, 33, 
2019/9/21, 27, 22, 
2019/9/22, 43, 23, 
2019/9/23, 23, 21, 
2019/9/24, 19, 33, 
2019/9/25, 21, 27, 
2019/9/26, 20, 22, 
2019/9/27, 15, 22, 
2019/9/28, 22, 22, 
2019/9/29, 13, 19, 
2019/9/30, 12, 28, 
2019/10/1, 37, 19, 
2019/4/2, 40, 35, 1
2019/4/3, 46, 39, 1
2019/4/4, 18, 36, 
2019/4/5, 16, 25, 1
2019/4/6, 45, 26, 
2019/4/7, 67, 34, 
2019/4/8, 54, 39, 1
2019/4/9, 30, 33, 1
2019/4/10, 10, 34, 
2019/4/11, 14, 37, 
2019/4/12, 15, 29, 
2019/4/13, 21, 33, 1
2019/4/14, 12, 38, 
2019/4/15, 10, 42, 2
2019/4/16, 20, 38, 
2019/4/17, 37, 28, 
2019/4/18, 35, 32, 1
2019/4/19, 15, 38, 1
2019/4/20, 19, 40, 1
2019/4/21, 32, 47, 4
2019/4/22, 40, 36, 1
2019/4/23, 27, 36, 
2019/4/24, 17, 42, 
2019/4/25, 18, 30, 1
2019/4/26, 38, 37, 1
2019/4/27, 23, 35, 
2019/4/28, 14, 37, 1
2019/4/29, 27, 30, 
2019/4/30, 19, 29, 
2019/5/1, 17, 30, 
2019/5/2, 14, 27, 1
2019/5/3, 23, 29, 1
2019/5/4, 17, 42, 1
2019/5/5, 30, 43, 
2019/5/6, 37, 34, 
2019/5/7, 16, 32, 
2019/5/8, 11, 31, 
2019/5/9, 16, 30, 
2019/5/10, 21, 32, 
2019/5/11, 13, 37, 
2019/5/12, 22, 35, 
2019/5/13, 26, 40, 
2019/5/14, 19, 45, 
2019/5/15, 30, 44, 
2019/5/16, 27, 41, 
2019/5/17, 32, 30, 
2019/5/18, 13, 22, 
2019/5/19, 14, 19, 
2019/5/20, 12, 27, 
2019/5/21, 13, 27, 
2019/5/22, 15, 38, 
2019/5/23, 33, 29, 
2019/5/24, 18, 31, 
2019/5/25, 13, 41, 
2019/5/26, 29, 31, 
2019/5/27, 19, 23, 
2019/5/28, 19, 33, 
2019/5/29, 18, 38, 
2019/6/4, 24, 44, 
2019/6/5, 42, 33, 
2019/6/6, 49, 41, 
2019/6/7, 41, 43, 
2019/6/8, 39, 44, 
2019/6/9, 43, 26, 
2019/6/10, 54, 30, 
2019/6/11, 23, 39, 
2019/6/12, 33, 29, 
2019/6/13, 27, 26, 
2019/6/14, 28, 32, 
2019/6/15, 33, 27, 
2019/6/16, 28, 22, 
2019/6/17, 29, 33, 
2019/6/18, 33, 27, 
2019/6/19, 41, 27, 
2019/6/20, 31, 25, 
2019/6/21, 39, 28, 
2019/6/22, 35, 33, 
2019/6/23, 29, 39, 
2019/6/24, 42, 27, 
2019/6/25, 38, 37, 
2019/6/26, 30, 42, 
2019/6/27, 35, 48, 1
2019/6/28, 34, 46, 
2019/6/29, 25, 36, 
2019/6/30, 43, 29, 
2019/7/1, 49, 31, 
2019/1/2, 19, , 3
2019/1/3, 37, , 2
2019/1/4, 32, , 1
2019/1/5, 43, , 2
2019/1/6, 48, , 1
2019/1/7, 15, , 
2019/1/8, 25, , 1
2019/1/9, 37, , 
2019/1/10, 18, , 1
2019/1/11, 18, , 
2019/1/12, 36, , 
2019/1/13, 40, , 
2019/1/14, 17, , 1
2019/1/15, 49, , 1
2019/1/16, 40, , 4
2019/1/17, 19, , 1
2019/1/18, 32, , 1
2019/1/19, 25, , 
2019/1/20, 13, , 2
2019/1/21, 17, , 
2019/1/23, 47, , 1
2019/1/24, 33, , 1
2019/1/25, 42, , 
2019/1/26, 27, , 2
2019/1/27, 52, , 1
2019/1/28, 33, , 1
2019/1/29, 16, , 
2019/1/30, 20, , 1
2019/1/31, 23, , 1
2019/2/1, 43, , 1
2019/2/2, 46, , 1
2019/2/3, 90, , 3
2019/2/4, 64, , 
2019/2/6, 14, , 1
2019/2/7, 17, , 1
2019/2/8, 17, , 
2019/2/9, 18, , 7
2019/2/10, 46, , 2
2019/2/11, 33, , 
2019/2/12, 15, , 
2019/2/13, 16, , 1
2019/2/14, 18, , 1
2019/2/15, 51, , 
2019/2/16, 23, , 
2019/2/17, 26, , 
2019/2/18, 12, , 1
2019/2/19, 22, , 1
2019/2/20, 55, , 1
2019/2/21, 42, , 3
2019/2/22, 61, , 3
2019/2/23, 76, , 1
2019/2/24, 52, , 
2019/2/25, 24, , 
2019/2/26, 19, , 
2019/2/27, 19, , 1
2019/2/28, 17, , 2
2019/3/1, 52, , 1
2019/3/2, 56, , 1
2019/3/3, 27, , 4
2019/3/4, 21, , 5
2019/3/5, 37, , 1
2019/3/6, 33, , 2
2019/3/7, 42, , 1
2019/3/8, 44, , 1
2019/3/9, 67, , 1
2019/3/10, 61, , 
2019/3/11, 38, , 
2019/3/12, 45, , 1
2019/3/13, 54, , 
2019/3/14, 45, , 1
2019/3/15, 36, , 1
2019/3/16, 14, , 
2019/3/17, 19, , 1
2019/3/18, 26, , 1
2019/3/19, 32, , 1
2019/3/20, 39, 33, 1
2019/3/21, 38, 40, 1
2019/3/22, 33, 37, 1
2019/3/23, 16, 41, 2
2019/3/24, 30, 37, 
2019/3/25, 30, 36, 1
2019/3/26, 13, 36, 1
2019/3/27, 31, 39, 
2019/3/28, 38, 31, 1
2019/3/29, 37, 33, 
2019/3/30, 12, 36, 3
2019/3/31, 14, 36, 
2019/4/1, 16, 28, 
2018/10/2, 14, 15, 1
2018/10/3, 14, 26, 1
2018/10/4, 20, 24, 4
2018/10/5, 11, 21, 
2018/10/6, 8, 12, 3
2018/10/7, 21, 13, 
2018/10/8, 9, 21, 
2018/10/9, 37, 22, 1
2018/10/10, 25, 17, 1
2018/10/11, 14, 24, 1
2018/10/12, 8, 25, 
2018/10/13, 18, 25, 1
2018/10/14, 20, 17, 1
2018/10/15, 15, 19, 
2018/10/16, 11, 25, 1
2018/10/17, 15, 20, 4
2018/10/18, 14, , 1
2018/10/19, 21, , 1
2018/10/20, 21, , 2
2018/10/21, 23, , 1
2018/10/22, 20, , 5
2018/10/23, 26, , 1
2018/10/24, 18, , 1
2018/10/25, 13, , 1
2018/10/26, 43, , 1
2018/10/27, 55, , 1
2018/10/28, 5, , 1
2018/10/31, 45, , 2
2018/11/1, 31, , 1
2018/11/2, 28, , 4
2018/11/3, 12, , 3
2018/11/4, 17, , 
2018/11/5, 20, , 2
2018/11/6, 20, , 5
2018/11/7, 16, , 
2018/11/8, 18, , 1
2018/11/9, 16, , 
2018/11/10, 30, , 2
2018/11/11, 18, , 1
2018/11/12, 27, , 
2018/11/13, 31, , 
2018/11/14, 15, , 1
2018/11/15, 27, , 
2018/11/16, 49, , 
2018/11/17, 40, , 1
2018/11/18, 18, , 1
2018/11/19, 28, , 1
2018/11/20, 25, , 1
2018/11/21, 25, , 
2018/11/22, 20, , 
2018/11/23, 23, , 1
2018/11/24, 60, , 
2018/11/25, 28, , 1
2018/11/26, 11, , 1
2018/11/27, 14, , 
2018/11/28, 16, , 1
2018/11/29, 26, , 
2018/11/30, 48, , 1
2018/12/1, 74, , 
2018/12/2, 49, , 
2018/12/3, 10, , 1
2018/12/4, 9, , 1
2018/12/5, 16, , 1
2018/12/6, 30, , 
2018/12/7, 20, , 
2018/12/8, 29, , 1
2018/12/9, 57, , 
2018/12/10, 56, , 1
2018/12/11, 63, , 1
2018/12/12, 54, , 
2018/12/13, 64, , 
2018/12/14, 78, , 2
2018/12/15, 75, , 2
2018/12/16, 71, , 1
2018/12/17, 51, , 1
2018/12/18, 30, , 1
2018/12/19, 39, , 1
2018/12/20, 53, , 2
2018/12/21, 63, , 1
2018/12/22, 12, , 1
2018/12/23, 29, , 1
2018/12/24, 35, , 
2018/12/25, 28, , 2
2018/12/26, 54, , 1
2018/12/27, 38, , 
2018/12/28, 40, , 
2018/12/29, 17, , 1
2018/12/30, 17, , 1
2018/12/31, 25, , 
2018/7/2, 23, 40, 1
2018/7/3, 15, 51, 2
2018/7/4, 35, 13, 1
2018/7/5, 53, 30, 1
2018/7/6, 32, 36, 1
2018/7/7, 17, 40, 2
2018/7/8, 18, 46, 2
2018/7/9, 41, 42, 1
2018/7/10, 29, 27, 4
2018/7/11, 24, 34, 1
2018/7/12, 38, 43, 1
2018/7/13, 80, 38, 2
2018/7/14, 27, 37, 1
2018/7/15, 30, 43, 1
2018/7/16, 42, 27, 1
2018/7/17, 23, 16, 3
2018/7/18, 13, 30, 2
2018/7/19, 23, 45, 1
2018/7/20, 26, 43, 1
2018/7/21, 39, 35, 1
2018/7/22, 40, 30, 1
2018/7/23, 55, 22, 2
2018/7/24, 31, 30, 1
2018/7/25, 31, 31, 2
2018/7/26, 19, 19, 1
2018/7/27, 15, 19, 1
2018/7/28, 17, 25, 1
2018/7/29, 30, 29, 1
2018/7/30, 35, 33, 1
2018/7/31, 37, 42, 1
2018/8/1, 42, 31, 1
2018/8/2, 30, 14, 1
2018/8/3, 16, 35, 1
2018/8/4, 23, 41, 1
2018/8/5, 37, 43, 2
2018/8/6, 43, 34, 1
2018/8/7, 39, 19, 1
2018/8/8, 21, 36, 1
2018/8/9, 32, 31, 1
2018/8/10, 50, 37, 1
2018/8/11, 46, 27, 1
2018/8/12, 56, 34, 1
2018/8/13, 67, 36, 2
2018/8/14, 66, 42, 2
2018/8/15, 67, 45, 1
2018/8/16, 54, 34, 1
2018/8/17, 56, 31, 1
2018/8/18, 51, 24, 1
2018/8/19, 56, 34, 2
2018/8/20, 66, 29, 1
2018/8/21, 63, 19, 3
2018/8/22, 54, 23, 1
2018/8/23, 35, 38, 4
2018/8/24, 50, 37, 1
2018/8/25, 50, 26, 1
2018/8/26, 38, 32, 1
2018/8/27, 45, 36, 1
2018/8/28, 45, 33, 1
2018/8/29, 17, 14, 1
2018/8/30, 12, 24, 
2018/8/31, 16, 47, 1
2018/9/1, 24, 32, 1
2018/9/2, 26, 27, 1
2018/9/3, 11, 20, 
2018/9/4, 19, 25, 1
2018/9/5, 17, 23, 2
2018/9/6, 15, 29, 
2018/9/7, 15, 25, 1
2018/9/8, 18, 23, 
2018/9/9, 13, 25, 
2018/9/10, 13, 33, 2
2018/9/11, 26, 39, 1
2018/9/12, 27, 42, 1
2018/9/13, 33, 42, 1
2018/9/14, 26, 41, 5
2018/9/15, 42, 55, 2
2018/9/16, 39, 37, 1
2018/9/17, 37, 35, 1
2018/9/18, 28, 10, 
2018/9/19, 8, 12, 
2018/9/20, 8, 36, 
2018/9/21, 26, 26, 2
2018/9/22, 13, 27, 1
2018/9/23, 16, 38, 2
2018/9/24, 19, 34, 1
2018/9/25, 27, 21, 1
2018/9/26, 27, 22, 
2018/9/27, 16, 28, 1
2018/9/28, 14, 19, 
2018/9/29, 19, 21, 
2018/9/30, 19, 20, 
2018/10/1, 18, 20, 
2018/4/2, 21, , 2
2018/4/3, 26, , 
2018/4/4, 13, , 
2018/4/5, 15, , 1
2018/4/6, 41, , 5
2018/4/7, 26, , 1
2018/4/8, 22, , 1
2018/4/9, 24, , 2
2018/4/10, 32, , 1
2018/4/11, 33, , 1
2018/4/12, 44, , 1
2018/4/13, 30, , 1
2018/4/14, 28, , 1
2018/4/15, 12, , 1
2018/4/16, 10, , 3
2018/4/17, 15, , 1
2018/4/18, 12, , 
2018/4/19, 12, , 2
2018/4/20, 16, , 8
2018/4/21, 50, , 3
2018/4/25, 26, , 2
2018/4/26, 12, , 1
2018/4/27, 18, , 1
2018/4/28, 8, , 1
2018/4/29, 14, , 1
2018/4/30, 24, , 1
2018/5/1, 27, , 4
2018/5/2, 36, , 1
2018/5/3, 20, , 1
2018/5/4, 16, , 1
2018/5/5, 26, , 1
2018/5/6, 38, , 1
2018/5/7, 15, , 1
2018/5/8, 24, , 1
2018/5/9, 51, , 1
2018/5/10, 41, , 1
2018/5/11, 16, , 1
2018/5/12, 11, , 1
2018/5/13, 13, , 1
2018/5/14, 29, , 1
2018/5/15, 28, 34, 1
2018/5/16, 21, 49, 1
2018/5/17, 25, 31, 1
2018/5/18, 15, 38, 1
2018/5/19, 11, 37, 1
2018/5/20, 27, 36, 1
2018/5/21, 12, 31, 1
2018/5/22, 23, 39, 1
2018/5/23, 27, 44, 1
2018/5/24, 25, 62, 1
2018/5/25, 34, 47, 1
2018/5/26, 40, 55, 1
2018/5/27, 32, 57, 1
2018/5/28, 43, 51, 1
2018/5/29, 34, 56, 
2018/5/30, 33, 39, 1
2018/5/31, 47, 41, 1
2018/6/1, 32, 29, 2
2018/6/2, 12, 20, 
2018/6/3, 12, 19, 
2018/6/4, 17, 44, 
2018/6/5, 15, 37, 
2018/6/6, 16, 32, 1
2018/6/7, 32, 35, 
2018/6/8, 28, 29, 
2018/6/9, 16, 44, 
2018/6/10, 36, 33, 
2018/6/11, 32, 41, 
2018/6/12, 29, 41, 1
2018/6/13, 43, 36, 1
2018/6/14, 28, 49, 1
2018/6/15, 42, 49, 1
2018/6/16, 23, 44, 1
2018/6/17, 39, 36, 1
2018/6/18, 49, 24, 1
2018/6/19, 13, 21, 1
2018/6/20, 26, 27, 1
2018/6/21, 27, 27, 1
2018/6/22, 25, 34, 1
2018/6/23, 14, 36, 1
2018/6/24, 29, 36, 1
2018/6/25, 28, 27, 1
2018/6/26, 31, 33, 1
2018/6/27, 25, 40, 2
2018/6/28, 34, 49, 1
2018/6/29, 33, 44, 1
2018/6/30, 36, 32, 1
2018/7/1, 35, 33, 1
2018/1/2, 25, , 2
2018/1/3, 33, , 2
2018/1/4, 29, , 6
2018/1/5, 18, , 8
2018/1/6, 21, , 1
2018/1/7, 22, , 3
2018/1/8, 44, , 1
2018/1/9, 45, , 1
2018/1/10, 47, , 
2018/1/11, 51, , 1
2018/1/12, 21, , 2
2018/1/13, 16, , 
2018/1/14, 18, , 2
2018/1/15, 34, , 
2018/1/16, 30, , 
2018/1/17, 30, , 1
2018/1/18, 40, , 5
2018/1/19, 46, , 3
2018/1/20, 49, , 1
2018/1/21, 57, , 3
2018/1/22, 76, , 
2018/1/23, 33, , 2
2018/1/24, 15, , 2
2018/1/25, 21, , 
2018/1/26, 46, , 
2018/1/27, 44, , 2
2018/1/28, 34, , 2
2018/1/29, 25, , 1
2018/1/30, 18, , 
2018/1/31, 21, , 2
2018/2/1, 27, , 
2018/2/2, 19, , 2
2018/2/3, 16, , 
2018/2/4, 22, , 1
2018/2/5, 14, , 1
2018/2/6, 29, , 1
2018/2/7, 39, , 1
2018/2/8, 45, , 2
2018/2/9, 55, , 
2018/2/10, 38, , 5
2018/2/11, 42, , 1
2018/2/12, 46, , 1
2018/2/13, 38, , 2
2018/2/14, 46, , 3
2018/2/15, 69, , 1
2018/2/16, 47, , 1
2018/2/17, 17, , 1
2018/2/18, 21, , 
2018/2/19, 40, , 
2018/2/20, 39, , 
2018/2/21, 21, , 
2018/2/22, 15, , 
2018/2/23, 26, , 
2018/2/24, 26, , 
2018/2/25, 21, , 2
2018/2/26, 26, , 3
2018/2/27, 27, , 1
2018/2/28, 36, , 
2018/3/1, 33, , 
2018/3/2, 24, , 2
2018/3/3, 30, , 
2018/3/4, 21, , 
2018/3/5, 17, , 
2018/3/6, 14, , 
2018/3/7, 18, , 1
2018/3/8, 13, , 
2018/3/9, 9, , 
2018/3/10, 13, , 
2018/3/11, 17, , 1
2018/3/12, 27, , 2
2018/3/13, 28, , 1
2018/3/14, 21, , 2
2018/3/15, 25, , 
2018/3/16, 23, , 1
2018/3/17, 19, , 1
2018/3/18, 26, , 1
2018/3/19, 26, , 
2018/3/20, 10, , 
2018/3/21, 13, , 
2018/3/22, 16, , 7
2018/3/23, 18, , 
2018/3/24, 22, , 
2018/3/25, 12, , 
2018/3/26, 12, , 
2018/3/27, 69, , 
2018/3/28, 29, , 1
2018/3/29, 46, , 
2018/3/30, 31, , 1
2018/3/31, 25, , 1
2018/4/1, 21, , 
2017/10/2, 14, , 
2017/10/3, 23, , 
2017/10/4, 30, , 
2017/10/5, 11, , 
2017/10/6, 15, , 1
2017/10/7, 13, , 
2017/10/8, 34, , 2
2017/10/9, 18, , 
2017/10/10, 25, , 
2017/10/11, 7, , 
2017/10/12, 13, , 
2017/10/13, 13, , 1
2017/10/14, 31, , 
2017/10/15, 15, , 
2017/10/16, 8, , 1
2017/10/17, 19, , 
2017/10/18, 17, , 2
2017/10/19, 19, , 1
2017/10/20, 18, , 1
2017/10/21, 42, , 1
2017/10/22, 46, , 1
2017/10/23, 22, , 1
2017/10/24, 23, , 
2017/10/28, 13, , 1
2017/10/29, 9, , 1
2017/10/30, 16, , 1
2017/10/31, 19, , 3
2017/11/1, 12, , 1
2017/11/2, 25, , 1
2017/11/3, 38, , 1
2017/11/4, 17, , 
2017/11/5, 17, , 1
2017/11/6, 20, , 1
2017/11/7, 18, , 1
2017/11/8, 26, , 1
2017/11/9, 47, , 1
2017/11/10, 26, , 2
2017/11/11, 13, , 
2017/11/12, 33, , 6
2017/11/13, 58, , 1
2017/11/14, 53, , 4
2017/11/15, 61, , 
2017/11/16, 39, , 1
2017/11/17, 10, , 
2017/11/18, 32, , 1
2017/11/19, 24, , 1
2017/11/20, 23, , 1
2017/11/21, 29, , 2
2017/11/22, 21, , 1
2017/11/23, 16, , 
2017/11/24, 34, , 1
2017/11/25, 22, , 6
2017/11/26, 15, , 1
2017/11/27, 27, , 
2017/11/28, 39, , 3
2017/11/29, 25, , 4
2017/11/30, 15, , 1
2017/12/1, 19, , 5
2017/12/2, 67, , 1
2017/12/3, 47, , 2
2017/12/4, 62, , 
2017/12/5, 52, , 1
2017/12/6, 23, , 
2017/12/7, 15, , 4
2017/12/8, 11, , 4
2017/12/9, 26, , 
2017/12/10, 25, , 1
2017/12/11, 22, , 
2017/12/12, 32, , 3
2017/12/13, 16, , 2
2017/12/14, 19, , 
2017/12/15, 25, , 
2017/12/16, 23, , 
2017/12/17, 17, , 
2017/12/18, 44, , 1
2017/12/19, 68, , 
2017/12/20, 22, , 1
2017/12/21, 17, , 
2017/12/22, 17, , 
2017/12/23, 25, , 
2017/12/24, 38, , 1
2017/12/25, 52, , 
2017/12/26, 22, , 
2017/12/27, 28, , 1
2017/12/28, 34, , 5
2017/12/29, 60, , 
2017/12/30, 52, , 2
2017/12/31, 27, , 1
2018/1/1, 18, , 1
2017/7/2, 23, , 1
2017/7/3, 23, , 1
2017/7/4, 45, , 1
2017/7/5, 54, , 2
2017/7/6, 30, , 1
2017/7/7, 26, , 1
2017/7/8, 25, , 1
2017/7/9, 21, , 1
2017/7/10, 28, , 1
2017/7/11, 27, , 2
2017/7/12, 24, , 1
2017/7/13, 19, , 1
2017/7/14, 13, , 2
2017/7/15, 19, , 1
2017/7/16, 21, , 1
2017/7/17, 22, , 1
2017/7/18, 23, , 1
2017/7/19, 27, , 
2017/7/20, 41, , 2
2017/7/21, 33, , 1
2017/7/22, 50, , 1
2017/7/23, 38, , 2
2017/7/24, 20, , 1
2017/7/25, 16, , 1
2017/7/26, 22, , 2
2017/7/27, 28, , 1
2017/7/28, 22, , 1
2017/7/29, 27, , 1
2017/7/30, 28, , 2
2017/7/31, 36, , 4
2017/8/1, 38, , 2
2017/8/2, 37, , 1
2017/8/3, 30, , 1
2017/8/4, 16, , 2
2017/8/5, 17, , 1
2017/8/6, 25, , 2
2017/8/7, 22, , 1
2017/8/8, 21, , 2
2017/8/9, 30, , 4
2017/8/10, 36, , 1
2017/8/11, 32, , 2
2017/8/12, 16, , 1
2017/8/13, 26, , 3
2017/8/14, 44, , 3
2017/8/15, 37, , 1
2017/8/16, 33, , 1
2017/8/17, 32, , 3
2017/8/18, 21, , 1
2017/8/19, 18, , 2
2017/8/20, 51, , 1
2017/8/21, 46, , 2
2017/8/22, 45, , 3
2017/8/23, 22, , 2
2017/8/24, 24, , 1
2017/8/25, 12, , 1
2017/8/26, 17, , 1
2017/8/27, 30, , 1
2017/8/28, 39, , 1
2017/8/29, 38, , 1
2017/8/30, 47, , 2
2017/8/31, 40, , 1
2017/9/1, 19, , 
2017/9/2, 13, , 
2017/9/3, 21, , 2
2017/9/4, 44, , 3
2017/9/5, 61, , 
2017/9/6, 20, , 
2017/9/10, 30, , 
2017/9/11, 25, , 5
2017/9/12, 24, , 2
2017/9/13, 40, , 7
2017/9/14, 49, , 
2017/9/15, 107, , 1
2017/9/16, 43, , 
2017/9/17, 49, , 
2017/9/18, 32, , 1
2017/9/19, 10, , 
2017/9/20, 17, , 1
2017/9/21, 36, , 4
2017/9/22, 35, , 1
2017/9/23, 51, , 2
2017/9/24, 48, , 1
2017/9/25, 50, , 1
2017/9/26, 42, , 5
2017/9/27, 34, , 1
2017/9/28, 11, , 1
2017/9/29, 12, , 5
2017/9/30, 9, , 3
2017/10/1, 16, , 
2017/4/2, 36, , 3
2017/4/3, 35, , 1
2017/4/4, 31, , 1
2017/4/5, 23, , 1
2017/4/6, 21, , 
2017/4/7, 11, , 4
2017/4/8, 20, , 1
2017/4/9, 34, , 1
2017/4/10, 56, , 1
2017/4/11, 21, , 1
2017/4/12, 14, , 1
2017/4/13, 26, , 
2017/4/14, 18, , 1
2017/4/15, 29, , 2
2017/4/16, 46, , 1
2017/4/17, 17, , 
2017/4/18, 11, , 
2017/4/19, 22, , 1
2017/4/20, 16, , 
2017/4/21, 11, , 2
2017/4/22, 11, , 1
2017/4/23, 29, , 1
2017/4/24, 30, , 2
2017/4/25, 16, , 1
2017/4/26, 38, , 1
2017/4/27, 38, , 1
2017/4/28, 11, , 1
2017/4/29, 15, , 
2017/4/30, 12, , 
2017/5/1, 11, , 1
2017/5/2, 10, , 1
2017/5/3, 12, , 1
2017/5/4, 24, , 4
2017/5/5, 19, , 
2017/5/6, 11, , 
2017/5/7, 11, , 1
2017/5/8, 10, , 1
2017/5/9, 14, , 1
2017/5/10, 19, , 1
2017/5/11, 34, , 2
2017/5/12, 40, , 8
2017/5/13, 21, , 1
2017/5/14, 44, , 
2017/5/15, 14, , 1
2017/5/16, 16, , 1
2017/5/17, 43, , 1
2017/5/18, 49, , 1
2017/5/19, 16, , 
2017/5/20, 10, , 
2017/5/21, 14, , 1
2017/5/22, 20, , 2
2017/5/23, 17, , 
2017/5/24, 21, , 
2017/5/27, 29, , 1
2017/5/28, 40, , 1
2017/5/29, 34, , 1
2017/5/30, 18, , 1
2017/5/31, 12, , 1
2017/6/1, 14, , 3
2017/6/2, 26, , 1
2017/6/3, 40, , 1
2017/6/4, 33, , 1
2017/6/5, 29, , 
2017/6/6, 21, , 
2017/6/7, 23, , 1
2017/6/8, 26, , 1
2017/6/9, 28, , 1
2017/6/10, 37, , 3
2017/6/11, 50, , 3
2017/6/12, 45, , 2
2017/6/13, 45, , 1
2017/6/14, 24, , 1
2017/6/15, 27, , 1
2017/6/16, 23, , 1
2017/6/17, 33, , 1
2017/6/18, 23, , 1
2017/6/19, 19, , 1
2017/6/20, 13, , 1
2017/6/21, 16, , 1
2017/6/22, 21, , 1
2017/6/23, 20, , 1
2017/6/24, 19, , 1
2017/6/25, 13, , 1
2017/6/26, 11, , 1
2017/6/27, 10, , 1
2017/6/28, 22, , 1
2017/6/29, 25, , 1
2017/6/30, 11, , 1
2017/7/1, 19, , 1
2017/1/3, 34, , 
2017/1/4, 33, , 
2017/1/5, 13, , 
2017/1/6, 16, , 
2017/1/7, 31, , 
2017/1/8, 35, , 5
2017/1/9, 19, , 1
2017/1/10, 43, , 
2017/1/11, 32, , 1
2017/1/12, 35, , 1
2017/1/13, 18, , 3
2017/1/14, 41, , 1
2017/1/15, 58, , 3
2017/1/16, 82, , 1
2017/1/17, 81, , 
2017/1/18, 38, , 
2017/1/19, 36, , 
2017/1/20, 65, , 
2017/1/21, 37, , 
2017/1/22, 36, , 
2017/1/23, 44, , 1
2017/1/24, 22, , 1
2017/1/25, 19, , 
2017/1/26, 11, , 
2017/1/27, 10, , 
2017/1/28, 14, , 
2017/1/29, 30, , 1
2017/1/30, 12, , 2
2017/1/31, 16, , 
2017/2/1, 28, , 
2017/2/2, 22, , 
2017/2/3, 24, , 
2017/2/4, 28, , 
2017/2/5, 23, , 2
2017/2/6, 33, , 1
2017/2/7, 27, , 
2017/2/8, 45, , 
2017/2/9, 12, , 1
2017/2/10, 25, , 1
2017/2/11, 38, , 1
2017/2/12, 63, , 
2017/2/14, 23, , 
2017/2/15, 16, , 1
2017/2/16, 14, , 
2017/2/17, 19, , 1
2017/2/18, 50, , 2
2017/2/19, 36, , 1
2017/2/20, 26, , 1
2017/2/21, 41, , 2
2017/2/22, 29, , 3
2017/2/23, 34, , 
2017/2/24, 24, , 
2017/2/25, 8, , 
2017/2/26, 24, , 1
2017/2/27, 24, , 
2017/2/28, 43, , 
2017/3/1, 45, , 
2017/3/2, 17, , 2
2017/3/3, 15, , 2
2017/3/4, 24, , 
2017/3/5, 37, , 
2017/3/6, 35, , 
2017/3/7, 40, , 1
2017/3/8, 24, , 2
2017/3/9, 17, , 1
2017/3/10, 15, , 2
2017/3/11, 14, , 1
2017/3/12, 16, , 1
2017/3/13, 19, , 
2017/3/14, 18, , 
2017/3/15, 17, , 1
2017/3/16, 20, , 4
2017/3/17, 41, , 
2017/3/18, 60, , 1
2017/3/19, 19, , 
2017/3/20, 27, , 1
2017/3/21, 44, , 1
2017/3/22, 22, , 
2017/3/23, 17, , 1
2017/3/24, 34, , 
2017/3/25, 50, , 
2017/3/26, 29, , 
2017/3/27, 13, , 
2017/3/28, 14, , 
2017/3/29, 26, , 
2017/3/30, 18, , 
2017/3/31, 14, , 
2017/4/1, 16, , 1
2016/10/2, 12, , 1
2016/10/3, 34, , 1
2016/10/4, 29, , 
2016/10/5, 28, , 1
2016/10/6, 46, , 1
2016/10/7, 45, , 2
2016/10/8, 36, , 2
2016/10/12, 49, , 2
2016/10/13, 37, , 
2016/10/14, 30, , 1
2016/10/15, 29, , 
2016/10/16, 29, , 1
2016/10/17, 27, , 1
2016/10/18, 35, , 2
2016/10/19, 18, , 2
2016/10/20, 25, , 1
2016/10/21, 9, , 1
2016/10/22, 16, , 1
2016/10/23, 33, , 1
2016/10/24, 37, , 1
2016/10/25, 17, , 1
2016/10/26, 15, , 
2016/10/27, 6, , 
2016/10/28, 9, , 1
2016/10/29, 35, , 1
2016/10/30, 29, , 1
2016/10/31, 15, , 
2016/11/1, 15, , 1
2016/11/2, 37, , 
2016/11/3, 15, , 
2016/11/4, 28, , 1
2016/11/5, 28, , 3
2016/11/6, 58, , 
2016/11/7, 57, , 4
2016/11/8, 42, , 1
2016/11/9, 28, , 1
2016/11/10, 17, , 2
2016/11/11, 15, , 
2016/11/12, 25, , 2
2016/11/13, 31, , 2
2016/11/14, 23, , 4
2016/11/15, 32, , 
2016/11/16, 29, , 1
2016/11/17, 41, , 
2016/11/18, 67, , 1
2016/11/19, 47, , 1
2016/11/20, 8, , 1
2016/11/21, 13, , 1
2016/11/22, 26, , 1
2016/11/23, 27, , 
2016/11/24, 28, , 
2016/11/25, 21, , 
2016/11/26, 20, , 
2016/11/27, 28, , 
2016/11/28, 59, , 
2016/11/29, 27, , 
2016/11/30, 24, , 1
2016/12/1, 24, , 
2016/12/2, 11, , 
2016/12/3, 10, , 
2016/12/4, 29, , 
2016/12/5, 37, , 
2016/12/6, 31, , 1
2016/12/7, 36, , 
2016/12/8, 20, , 
2016/12/9, 26, , 
2016/12/10, 9, , 
2016/12/11, 20, , 
2016/12/12, 36, , 
2016/12/13, 32, , 
2016/12/14, 42, , 2
2016/12/15, 25, , 1
2016/12/16, 26, , 1
2016/12/17, 25, , 1
2016/12/18, 14, , 2
2016/12/19, 19, , 1
2016/12/20, 39, , 5
2016/12/21, 32, , 1
2016/12/22, 30, , 2
2016/12/23, 30, , 3
2016/12/24, 39, , 
2016/12/25, 43, , 
2016/12/26, 25, , 
2016/12/27, 18, , 
2016/12/28, 20, , 2
2016/12/29, 32, , 
2016/12/30, 22, , 
2016/12/31, 15, , 
2017/1/1, 25, , 1
2017/1/2, 41, , 
2016/7/2, 26, , 1
2016/7/3, 40, , 3
2016/7/4, 49, , 1
2016/7/5, 59, , 1
2016/7/6, 36, , 2
2016/7/7, 29, , 1
2016/7/8, 29, , 1
2016/7/9, 30, , 1
2016/7/10, 30, , 1
2016/7/11, 35, , 1
2016/7/12, 38, , 2
2016/7/13, 28, , 2
2016/7/14, 33, , 4
2016/7/15, 20, , 1
2016/7/16, 26, , 3
2016/7/17, 39, , 2
2016/7/18, 29, , 3
2016/7/19, 41, , 1
2016/7/20, 35, , 1
2016/7/21, 35, , 2
2016/7/22, 33, , 2
2016/7/23, 24, , 1
2016/7/24, 35, , 1
2016/7/25, 27, , 1
2016/7/26, 25, , 4
2016/7/27, 31, , 2
2016/7/28, 27, , 
2016/7/29, 17, , 1
2016/7/30, 24, , 1
2016/7/31, 23, , 1
2016/8/1, 44, , 1
2016/8/2, 25, , 1
2016/8/3, 35, , 3
2016/8/4, 52, , 2
2016/8/5, 44, , 2
2016/8/6, 21, , 
2016/8/7, 25, , 1
2016/8/8, 20, , 1
2016/8/9, 28, , 1
2016/8/10, 33, , 1
2016/8/11, 43, , 1
2016/8/12, 53, , 
2016/8/13, 15, , 
2016/8/14, 21, , 2
2016/8/15, 31, , 1
2016/8/16, 24, , 2
2016/8/17, 34, , 3
2016/8/18, 25, , 1
2016/8/19, 31, , 2
2016/8/20, 30, , 1
2016/8/21, 17, , 1
2016/8/22, 24, , 
2016/8/23, 22, , 1
2016/8/24, 30, , 2
2016/8/25, 28, , 1
2016/8/26, 25, , 
2016/8/27, 28, , 
2016/8/28, 26, , 1
2016/8/29, 30, , 3
2016/8/30, 31, , 3
2016/8/31, 35, , 3
2016/9/1, 19, , 
2016/9/2, 16, , 1
2016/9/3, 16, , 1
2016/9/4, 27, , 1
2016/9/5, 30, , 1
2016/9/6, 39, , 1
2016/9/7, 35, , 1
2016/9/8, 19, , 1
2016/9/9, 24, , 3
2016/9/10, 25, , 1
2016/9/11, 16, , 1
2016/9/12, 22, , 1
2016/9/13, 28, , 1
2016/9/14, 24, , 
2016/9/15, 19, , 1
2016/9/16, 21, , 1
2016/9/17, 24, , 2
2016/9/18, 29, , 2
2016/9/19, 24, , 2
2016/9/20, 26, , 3
2016/9/21, 24, , 1
2016/9/22, 23, , 
2016/9/23, 19, , 
2016/9/24, 29, , 
2016/9/25, 28, , 2
2016/9/26, 33, , 4
2016/9/27, 18, , 3
2016/9/28, 19, , 
2016/9/29, 14, , 
2016/9/30, 18, , 
2016/10/1, 24, , 
2016/4/2, 20, , 1
2016/4/3, 25, , 1
2016/4/4, 24, , 
2016/4/5, 21, , 1
2016/4/6, 31, , 1
2016/4/7, 40, , 2
2016/4/8, 22, , 1
2016/4/9, 24, , 1
2016/4/10, 27, , 1
2016/4/11, 35, , 1
2016/4/12, 26, , 1
2016/4/13, 26, , 1
2016/4/14, 29, , 2
2016/4/15, 36, , 1
2016/4/16, 46, , 1
2016/4/17, 52, , 4
2016/4/18, 62, , 3
2016/4/19, 52, , 
2016/4/20, 15, , 1
2016/4/21, 26, , 2
2016/4/22, 56, , 
2016/4/23, 22, , 
2016/4/24, 20, , 1
2016/4/25, 37, , 1
2016/4/26, 40, , 1
2016/4/27, 22, , 
2016/4/28, 21, , 1
2016/4/29, 16, , 1
2016/4/30, 18, , 1
2016/5/1, 23, , 1
2016/5/2, 16, , 1
2016/5/3, 22, , 1
2016/5/4, 28, , 1
2016/5/5, 10, , 2
2016/5/6, 11, , 4
2016/5/7, 34, , 1
2016/5/8, 23, , 1
2016/5/9, 26, , 1
2016/5/10, 24, , 1
2016/5/11, 22, , 1
2016/5/12, 44, , 1
2016/5/13, 42, , 1
2016/5/14, 19, , 1
2016/5/15, 8, , 1
2016/5/16, 17, , 3
2016/5/17, 21, , 1
2016/5/18, 17, , 1
2016/5/19, 20, , 3
2016/5/20, 32, , 2
2016/5/21, 46, , 2
2016/5/22, 56, , 1
2016/5/23, 45, , 2
2016/5/24, 44, , 3
2016/5/25, 48, , 1
2016/5/26, 37, , 3
2016/5/27, 46, , 2
2016/5/28, 53, , 1
2016/5/29, 32, , 4
2016/5/30, 19, , 2
2016/5/31, 32, , 1
2016/6/1, 22, , 2
2016/6/2, 24, , 1
2016/6/3, 11, , 2
2016/6/4, 23, , 1
2016/6/5, 29, , 1
2016/6/6, 27, , 2
2016/6/7, 15, , 2
2016/6/8, 13, , 2
2016/6/9, 19, , 1
2016/6/10, 29, , 1
2016/6/11, 48, , 3
2016/6/12, 26, , 1
2016/6/13, 18, , 1
2016/6/14, 16, , 1
2016/6/15, 30, , 2
2016/6/16, 54, , 3
2016/6/17, 46, , 3
2016/6/18, 48, , 7
2016/6/19, 55, , 5
2016/6/20, 48, , 5
2016/6/21, 37, , 1
2016/6/22, 27, , 2
2016/6/23, 29, , 
2016/6/24, 19, , 4
2016/6/25, 34, , 3
2016/6/26, 54, , 4
2016/6/27, 25, , 3
2016/6/28, 23, , 5
2016/6/30, 25, , 6
2016/7/1, 29, , 3
2016/1/5, 24, , 1
2016/1/6, 45, , 1
2016/1/7, 59, , 1
2016/1/8, 67, , 1
2016/1/9, 66, , 1
2016/1/10, 23, , 
2016/1/11, 17, , 5
2016/1/12, 43, , 1
2016/1/13, 29, , 3
2016/1/14, 54, , 1
2016/1/15, 69, , 1
2016/1/16, 41, , 1
2016/1/17, 27, , 
2016/1/18, 22, , 1
2016/1/19, 24, , 3
2016/1/20, 44, , 4
2016/1/21, 58, , 1
2016/1/22, 63, , 
2016/1/23, 36, , 1
2016/1/24, 50, , 1
2016/1/25, 53, , 
2016/1/26, 66, , 
2016/1/27, 26, , 2
2016/1/28, 22, , 3
2016/1/29, 22, , 1
2016/1/30, 31, , 2
2016/1/31, 51, , 2
2016/2/1, 50, , 1
2016/2/2, 47, , 1
2016/2/3, 29, , 1
2016/2/4, 16, , 4
2016/2/5, 26, , 1
2016/2/6, 53, , 
2016/2/7, 52, , 
2016/2/8, 32, , 1
2016/2/9, 15, , 2
2016/2/10, 20, , 1
2016/2/11, 22, , 3
2016/2/12, 26, , 1
2016/2/13, 27, , 1
2016/2/14, 29, , 1
2016/2/15, 50, , 3
2016/2/16, 58, , 2
2016/2/17, 68, , 2
2016/2/18, 24, , 1
2016/2/19, 52, , 2
2016/2/20, 37, , 5
2016/2/21, 22, , 1
2016/2/22, 14, , 1
2016/2/23, 22, , 8
2016/2/24, 77, , 
2016/2/25, 48, , 2
2016/2/26, 16, , 2
2016/2/27, 26, , 4
2016/2/28, 38, , 1
2016/2/29, 32, , 
2016/3/1, 21, , 1
2016/3/2, 23, , 2
2016/3/3, 38, , 1
2016/3/4, 50, , 2
2016/3/5, 65, , 
2016/3/6, 60, , 1
2016/3/7, 48, , 1
2016/3/8, 59, , 1
2016/3/9, 55, , 1
2016/3/10, 39, , 
2016/3/11, 25, , 
2016/3/12, 50, , 7
2016/3/13, 63, , 
2016/3/14, 47, , 3
2016/3/15, 38, , 1
2016/3/16, 37, , 2
2016/3/17, 18, , 
2016/3/18, 16, , 1
2016/3/19, 16, , 
2016/3/20, 18, , 1
2016/3/21, 24, , 1
2016/3/22, 28, , 1
2016/3/23, 41, , 
2016/3/24, 20, , 1
2016/3/25, 20, , 4
2016/3/26, 34, , 1
2016/3/27, 50, , 1
2016/3/28, 60, , 1
2016/3/29, 17, , 1
2016/3/30, 29, , 1
2016/3/31, 40, , 1
2016/4/1, 24, , 2
2015/10/2, 9, , 1
2015/10/3, 8, , 1
2015/10/4, 10, , 
2015/10/5, 11, , 1
2015/10/6, 12, , 6
2015/10/7, 29, , 
2015/10/8, 23, , 6
2015/10/9, 22, , 9
2015/10/10, 32, , 3
2015/10/11, 25, , 4
2015/10/12, 26, , 9
2015/10/13, 22, , 7
2015/10/14, 7, , 10
2015/10/15, 13, , 7
2015/10/16, 16, , 6
2015/10/17, 9, , 1
2015/10/18, 15, , 1
2015/10/19, 23, , 7
2015/10/20, 25, , 4
2015/10/21, 33, , 7
2015/10/22, 35, , 3
2015/10/23, 16, , 1
2015/10/24, 13, , 1
2015/10/25, 28, , 7
2015/10/26, 24, , 1
2015/10/27, 22, , 1
2015/10/28, 22, , 32
2015/10/29, 12, , 19
2015/10/30, 12, , 1
2015/10/31, 22, , 1
2015/11/1, 23, , 16
2015/11/2, 23, , 6
2015/11/3, 27, , 2
2015/11/4, 49, , 1
2015/11/5, 51, , 1
2015/11/6, 34, , 4
2015/11/7, 11, , 4
2015/11/8, 32, , 2
2015/11/9, 40, , 2
2015/11/10, 44, , 4
2015/11/11, 70, , 1
2015/11/14, 10, , 9
2015/11/15, 30, , 4
2015/11/16, 47, , 1
2015/11/17, 41, , 1
2015/11/18, 35, , 1
2015/11/19, 20, , 9
2015/11/20, 17, , 6
2015/11/21, 18, , 3
2015/11/22, 16, , 11
2015/11/23, 25, , 2
2015/11/24, 48, , 2
2015/11/25, 29, , 1
2015/11/26, 51, , 
2015/11/27, 41, , 5
2015/11/28, 17, , 1
2015/11/29, 29, , 1
2015/11/30, 52, , 1
2015/12/1, 52, , 2
2015/12/2, 29, , 2
2015/12/3, 40, , 3
2015/12/4, 32, , 6
2015/12/5, 56, , 1
2015/12/6, 58, , 9
2015/12/7, 72, , 1
2015/12/8, 66, , 1
2015/12/9, 68, , 2
2015/12/10, 69, , 11
2015/12/11, 26, , 2
2015/12/12, 20, , 
2015/12/13, 18, , 
2015/12/14, 22, , 1
2015/12/15, 14, , 1
2015/12/16, 14, , 2
2015/12/17, 25, , 12
2015/12/18, 20, , 1
2015/12/19, 28, , 6
2015/12/20, 27, , 1
2015/12/21, 37, , 1
2015/12/22, 30, , 1
2015/12/23, 35, , 1
2015/12/24, 39, , 5
2015/12/25, 25, , 1
2015/12/26, 39, , 
2015/12/27, 22, , 1
2015/12/28, 10, , 
2015/12/29, 15, , 1
2015/12/30, 18, , 
2015/12/31, 35, , 
2016/1/1, 31, , 
2016/1/4, 15, , 1
2015/7/2, 16, , 
2015/7/3, 18, , 9
2015/7/4, 44, , 1
2015/7/5, 77, , 2
2015/7/6, 76, , 3
2015/7/7, 68, , 1
2015/7/8, 47, , 3
2015/7/9, 24, , 6
2015/7/10, 43, , 12
2015/7/11, 59, , 8
2015/7/12, 62, , 1
2015/7/13, 68, , 6
2015/7/14, 30, , 12
2015/7/15, 19, , 
2015/7/16, 17, , 2
2015/7/17, 32, , 5
2015/7/18, 32, , 11
2015/7/19, 28, , 4
2015/7/21, 16, , 3
2015/7/22, 19, , 4
2015/7/23, 24, , 2
2015/7/24, 31, , 4
2015/7/25, 43, , 4
2015/7/26, 36, , 8
2015/7/27, 34, , 2
2015/7/28, 42, , 5
2015/7/29, 58, , 
2015/7/30, 29, , 12
2015/7/31, 21, , 
2015/8/1, 16, , 
2015/8/2, 19, , 2
2015/8/3, 25, , 
2015/8/4, 14, , 3
2015/8/5, 9, , 
2015/8/6, 11, , 
2015/8/7, 11, , 
2015/8/8, 30, , 
2015/8/9, 31, , 7
2015/8/10, 59, , 2
2015/8/11, 45, , 7
2015/8/12, 16, , 4
2015/8/13, 14, , 6
2015/8/14, 25, , 2
2015/8/15, 36, , 2
2015/8/16, 42, , 1
2015/8/17, 53, , 2
2015/8/18, 33, , 
2015/8/19, 40, , 2
2015/8/20, 20, , 8
2015/8/21, 7, , 7
2015/8/22, 18, , 1
2015/8/23, 34, , 4
2015/8/24, 29, , 19
2015/8/25, 11, , 8
2015/8/26, 9, , 7
2015/8/27, 12, , 4
2015/8/28, 36, , 2
2015/8/29, 42, , 
2015/8/30, 45, , 2
2015/8/31, 48, , 2
2015/9/1, 45, , 1
2015/9/2, 59, , 
2015/9/3, 66, , 2
2015/9/4, 34, , 
2015/9/5, 43, , 
2015/9/6, 46, , 1
2015/9/7, 54, , 5
2015/9/8, 20, , 
2015/9/9, 24, , 1
2015/9/10, 23, , 1
2015/9/11, 20, , 6
2015/9/12, 9, , 12
2015/9/13, 28, , 8
2015/9/14, 29, , 
2015/9/15, 26, , 1
2015/9/16, 32, , 
2015/9/17, 40, , 
2015/9/18, 46, , 1
2015/9/19, 12, , 7
2015/9/20, 13, , 4
2015/9/22, 20, , 4
2015/9/23, 21, , 
2015/9/24, 27, , 2
2015/9/25, 34, , 
2015/9/26, 16, , 
2015/9/27, 35, , 
2015/9/28, 38, , 3
2015/9/29, 21, , 
2015/9/30, 11, , 4
2015/10/1, 14, , 1
2015/4/2, 36, , 5
2015/4/3, 24, , 3
2015/4/4, 15, , 5
2015/4/5, 30, , 3
2015/4/6, 25, , 
2015/4/7, 24, , 
2015/4/8, 23, , 
2015/4/9, 31, , 1
2015/4/10, 19, , 1
2015/4/11, 25, , 4
2015/4/12, 40, , 1
2015/4/13, 38, , 1
2015/4/14, 27, , 2
2015/4/15, 28, , 1
2015/4/16, 22, , 2
2015/4/17, 30, , 1
2015/4/18, 49, , 1
2015/4/19, 26, , 1
2015/4/20, 15, , 1
2015/4/21, 17, , 2
2015/4/22, 12, , 8
2015/4/23, 17, , 3
2015/4/24, 19, , 
2015/4/25, 20, , 
2015/4/26, 15, , 1
2015/4/27, 14, , 3
2015/4/28, 17, , 1
2015/4/29, 23, , 
2015/4/30, 18, , 1
2015/5/1, 11, , 18
2015/5/2, 23, , 3
2015/5/3, 36, , 1
2015/5/4, 39, , 4
2015/5/5, 27, , 
2015/5/6, 14, , 1
2015/5/7, 34, , 1
2015/5/8, 54, , 11
2015/5/9, 22, , 
2015/5/10, 12, , 
2015/5/11, 16, , 13
2015/5/12, 20, , 11
2015/5/13, 14, , 11
2015/5/14, 19, , 1
2015/5/15, 27, , 1
2015/5/16, 52, , 
2015/5/17, 65, , 1
2015/5/18, 38, , 11
2015/5/19, 15, , 2
2015/5/20, 13, , 11
2015/5/21, 23, , 12
2015/5/22, 24, , 10
2015/5/23, 20, , 5
2015/5/24, 36, , 1
2015/5/25, 48, , 10
2015/5/26, 30, , 1
2015/5/27, 32, , 14
2015/5/28, 31, , 13
2015/5/29, 43, , 2
2015/5/30, 35, , 2
2015/5/31, 12, , 
2015/6/1, 13, , 1
2015/6/2, 16, , 1
2015/6/3, 22, , 2
2015/6/4, 44, , 13
2015/6/5, 37, , 
2015/6/6, 30, , 1
2015/6/7, 27, , 4
2015/6/8, 33, , 6
2015/6/9, 27, , 11
2015/6/10, 77, , 3
2015/6/11, 63, , 2
2015/6/12, 44, , 1
2015/6/13, 31, , 1
2015/6/14, 39, , 5
2015/6/15, 49, , 4
2015/6/16, 37, , 3
2015/6/17, 23, , 1
2015/6/18, 17, , 4
2015/6/19, 34, , 
2015/6/20, 14, , 3
2015/6/21, 40, , 3
2015/6/22, 54, , 5
2015/6/23, 30, , 1
2015/6/24, 21, , 13
2015/6/25, 39, , 1
2015/6/26, 60, , 1
2015/6/27, 41, , 1
2015/6/28, 51, , 4
2015/6/29, 51, , 3
2015/6/30, 43, , 1
2015/7/1, 27, , 
2015/1/2, 34, , 4
2015/1/3, 37, , 1
2015/1/4, 67, , 1
2015/1/5, 27, , 12
2015/1/6, 33, , 21
2015/1/7, 44, , 
2015/1/8, 27, , 5
2015/1/9, 34, , 1
2015/1/10, 27, , 3
2015/1/11, 41, , 5
2015/1/12, 52, , 4
2015/1/13, 33, , 3
2015/1/14, 38, , 4
2015/1/15, 69, , 10
2015/1/16, 64, , 
2015/1/18, 52, , 10
2015/1/19, 22, , 
2015/1/20, 20, , 
2015/1/21, 24, , 
2015/1/22, 37, , 4
2015/1/23, 44, , 2
2015/1/24, 45, , 1
2015/1/25, 43, , 
2015/1/26, 17, , 
2015/1/27, 31, , 1
2015/1/28, 36, , 1
2015/1/29, 49, , 9
2015/1/30, 49, , 5
2015/1/31, 21, , 4
2015/2/1, 48, , 
2015/2/2, 25, , 9
2015/2/3, 35, , 18
2015/2/4, 60, , 9
2015/2/5, 48, , 12
2015/2/6, 46, , 7
2015/2/7, 65, , 1
2015/2/8, 82, , 1
2015/2/9, 48, , 1
2015/2/10, 39, , 1
2015/2/11, 52, , 6
2015/2/12, 48, , 13
2015/2/13, 37, , 11
2015/2/14, 57, , 12
2015/2/15, 39, , 13
2015/2/16, 35, , 16
2015/2/17, 50, , 
2015/2/18, 42, , 9
2015/2/19, 35, , 7
2015/2/20, 39, , 
2015/2/21, 52, , 5
2015/2/22, 72, , 7
2015/2/23, 40, , 5
2015/2/24, 43, , 9
2015/2/25, 28, , 3
2015/2/26, 31, , 4
2015/2/27, 38, , 19
2015/2/28, 48, , 14
2015/3/1, 59, , 6
2015/3/2, 69, , 9
2015/3/3, 43, , 4
2015/3/4, 56, , 2
2015/3/5, 31, , 9
2015/3/6, 41, , 5
2015/3/7, 54, , 4
2015/3/8, 56, , 5
2015/3/9, 30, , 2
2015/3/10, 44, , 6
2015/3/11, 76, , 2
2015/3/12, 30, , 1
2015/3/13, 33, , 8
2015/3/14, 60, , 6
2015/3/15, 32, , 4
2015/3/16, 35, , 4
2015/3/17, 33, , 9
2015/3/18, 18, , 3
2015/3/19, 22, , 1
2015/3/20, 26, , 6
2015/3/21, 40, , 5
2015/3/22, 23, , 1
2015/3/23, 26, , 
2015/3/24, 22, , 1
2015/3/25, 41, , 37
2015/3/26, 39, , 8
2015/3/27, 18, , 13
2015/3/28, 22, , 7
2015/3/29, 35, , 
2015/3/30, 32, , 23
2015/3/31, 17, , 26
2015/4/1, 19, , 1
2014/10/2, 22, , 1
2014/10/3, 48, , 
2014/10/4, 14, , 1
2014/10/5, 10, , 
2014/10/6, 14, , 1
2014/10/7, 22, , 2
2014/10/8, 19, , 
2014/10/9, 18, , 
2014/10/10, 19, , 
2014/10/11, 29, , 4
2014/10/12, 31, , 
2014/10/13, 29, , 2
2014/10/14, 37, , 
2014/10/15, 13, , 
2014/10/16, 13, , 9
2014/10/17, 23, , 1
2014/10/18, 21, , 2
2014/10/19, 23, , 1
2014/10/20, 25, , 2
2014/10/21, 25, , 
2014/10/22, 23, , 
2014/10/23, 33, , 
2014/10/24, 38, , 2
2014/10/25, 54, , 2
2014/10/26, 33, , 1
2014/10/27, 26, , 1
2014/10/28, 29, , 6
2014/10/29, 25, , 
2014/10/30, 11, , 4
2014/10/31, 28, , 
2014/11/1, 11, , 4
2014/11/2, 27, , 
2014/11/3, 39, , 2
2014/11/4, 26, , 5
2014/11/5, 29, , 18
2014/11/6, 29, , 14
2014/11/7, 15, , 2
2014/11/8, 23, , 1
2014/11/9, 19, , 6
2014/11/10, 30, , 1
2014/11/11, 26, , 4
2014/11/12, 11, , 5
2014/11/13, 21, , 1
2014/11/14, 24, , 
2014/11/15, 21, , 7
2014/11/16, 51, , 7
2014/11/17, 55, , 1
2014/11/18, 39, , 
2014/11/19, 22, , 1
2014/11/20, 35, , 5
2014/11/21, 24, , 4
2014/11/22, 33, , 2
2014/11/23, 67, , 1
2014/11/24, 50, , 1
2014/11/25, 16, , 
2014/11/26, 21, , 8
2014/11/27, 57, , 3
2014/11/28, 25, , 
2014/11/29, 41, , 1
2014/11/30, 58, , 4
2014/12/1, 47, , 
2014/12/2, 27, , 3
2014/12/3, 52, , 15
2014/12/4, 44, , 1
2014/12/5, 51, , 3
2014/12/6, 80, , 
2014/12/7, 54, , 1
2014/12/8, 48, , 1
2014/12/9, 56, , 14
2014/12/10, 18, , 13
2014/12/11, 34, , 12
2014/12/12, 69, , 11
2014/12/13, 45, , 4
2014/12/14, 51, , 3
2014/12/15, 56, , 1
2014/12/16, 48, , 2
2014/12/17, 21, , 16
2014/12/18, 17, , 6
2014/12/19, 27, , 10
2014/12/20, 63, , 5
2014/12/21, 73, , 1
2014/12/22, 67, , 2
2014/12/23, 66, , 
2014/12/24, 40, , 
2014/12/25, 29, , 2
2014/12/26, 32, , 6
2014/12/27, 47, , 1
2014/12/28, 26, , 1
2014/12/29, 39, , 
2014/8/18, 22, , 1
2014/8/19, 23, , 3
2014/8/20, 14, , 1
2014/8/21, 14, , 1
2014/8/22, 24, , 1
2014/8/23, 47, , 1
2014/8/24, 50, , 2
2014/8/25, 40, , 3
2014/8/26, 26, , 5
2014/8/27, 13, , 3
2014/8/28, 15, , 
2014/8/29, 15, , 
2014/8/30, 39, , 5
2014/8/31, 24, , 1
2014/9/1, 27, , 15
2014/9/2, 23, , 21
2014/9/3, 22, , 6
2014/9/4, 20, , 
2014/9/5, 23, , 7
2014/9/6, 19, , 
2014/9/7, 24, , 8
2014/9/8, 28, , 1
2014/9/9, 30, , 2
2014/9/10, 46, , 1
2014/9/11, 33, , 2
2014/9/12, 13, , 2
2014/9/13, 15, , 6
2014/9/14, 17, , 
2014/9/15, 18, , 2
2014/9/16, 19, , 10
2014/9/17, 18, , 16
2014/9/23, 24, , 15
2014/9/24, 29, , 1
2014/9/25, 45, , 3
2014/9/26, 47, , 1
2014/9/27, 68, , 1
2014/9/28, 62, , 18
2014/9/29, 60, , 1
2014/9/30, 38, , 
2014/10/1, 10, , 
2020/4/1, , 24, 
2019/7/8, , 36, 
2019/5/30, , 39, 
2019/5/31, , 51, 
2019/6/1, , 27, 
2019/6/2, , 28, 
2019/6/3, , 29, 
2020/1/1, , , 
2019/1/22, , , 1
2018/10/29, , , 1
2018/10/30, , , 2
2018/4/22, , , 1
2018/4/23, , , 2
2018/4/24, , , 1
2017/10/25, , , 1
2017/10/26, , , 1
2017/10/27, , , 1
2017/5/25, , , 1
2017/5/26, , , 1
2017/2/13, , , 2
2016/10/10, , , 1
2016/10/11, , , 1
2016/6/29, , , 5
2015/11/12, , , 1
2016/1/3, , , 1
2015/7/20, , , 16
2015/9/21, , , 1
2015/1/1, , , 19
2015/1/17, , , 4
2014/8/17, , , 1
2014/9/20, , , 13
2014/9/22, , , 4