date, pm25, pm10, o3, so2
2023/4/2, 21, 13, 22, 
2023/4/3, 34, , , 
2023/4/7, 18, 16, 42, 
2023/4/8, 28, 15, 42, 
2023/4/9, 38, 21, 45, 
2023/4/10, 49, 20, 45, 
2023/4/11, 46, 28, 33, 
2023/4/12, 54, , , 
2023/1/3, 57, 15, , 
2023/1/4, 44, 11, , 
2023/1/5, 36, 11, , 
2023/1/6, 42, 11, , 
2023/1/7, 40, 12, , 
2023/1/8, 45, 15, , 
2023/1/9, 50, 27, , 
2023/1/10, 68, 25, , 
2023/1/11, 70, 33, , 
2023/1/12, 82, 17, , 
2023/1/13, 49, 11, , 
2023/1/14, 19, 10, , 
2023/1/15, 34, 15, , 
2023/1/16, 43, 12, , 
2023/1/17, 31, 10, , 
2023/1/18, 29, 12, , 
2023/1/19, 33, 5, , 
2023/1/20, 17, 7, , 
2023/1/21, 18, 8, , 
2023/1/22, 31, 11, , 
2023/1/23, 41, 12, , 
2023/1/24, 42, 13, , 
2023/1/25, 51, 19, , 
2023/1/26, 65, 8, , 
2023/1/27, 30, 9, , 
2023/1/28, 30, 10, , 
2023/1/29, 26, 6, , 
2023/1/30, 18, 9, , 
2023/1/31, 24, 11, , 
2023/2/1, 34, 16, , 
2023/2/2, 45, 23, , 
2023/2/3, 41, 16, , 
2023/2/4, 19, 15, , 
2023/2/5, 40, 24, , 
2023/2/6, 60, 25, , 
2023/2/7, 69, 13, , 
2023/2/8, 39, 11, , 
2023/2/9, 26, 21, , 
2023/2/10, 60, 6, , 
2023/2/11, 15, 9, , 
2023/2/12, 19, 12, , 
2023/2/13, 31, 16, , 
2023/2/14, 33, 12, , 
2023/2/15, 31, 9, , 
2023/2/16, 21, 5, , 
2023/2/17, 14, 5, , 
2023/2/18, 16, 12, , 
2023/2/19, 34, 12, , 
2023/2/20, 27, 17, , 
2023/2/21, 49, 15, , 
2023/2/22, 23, 8, , 
2023/2/23, 19, 5, , 
2023/2/24, 13, 11, , 
2023/2/25, 17, 12, , 
2023/2/26, 33, 20, , 
2023/2/27, 36, 7, , 
2023/2/28, 18, 17, , 
2023/3/1, 32, 13, , 
2023/3/2, 33, 11, , 
2023/3/3, 23, 17, , 
2023/3/4, 46, 16, , 
2023/3/5, 48, 12, , 
2023/3/6, 26, 12, , 
2023/3/7, 33, 12, , 
2023/3/8, 13, 14, , 
2023/3/9, 17, 12, , 
2023/3/10, 17, 5, , 
2023/3/11, 15, 10, , 
2023/3/12, 20, 10, , 
2023/3/13, 27, 7, , 
2023/3/14, 16, 10, , 
2023/3/15, 22, 15, , 
2023/3/16, 41, 16, , 
2023/3/17, 47, 8, , 
2023/3/18, 14, 9, , 
2023/3/19, 16, 8, , 
2023/3/20, 17, 17, , 
2023/3/21, 37, 28, , 
2023/3/22, 63, 14, , 
2023/3/23, 49, 15, , 
2023/3/24, 44, 14, 32, 
2023/3/25, 31, 9, 40, 
2023/3/26, 24, 14, 44, 
2023/3/27, 38, 13, 44, 
2023/3/28, 39, 13, 43, 
2023/3/29, 37, 11, 39, 
2023/3/30, 32, 21, 27, 
2023/3/31, 50, 18, 27, 
2023/4/1, 48, 8, 36, 
2022/10/2, 54, 14, 21, 
2022/10/3, 29, 12, 32, 
2022/10/4, 18, 15, 35, 
2022/10/5, 29, 20, 39, 
2022/10/6, 30, 20, 25, 
2022/10/7, 32, 11, 21, 
2022/10/8, 11, 16, 29, 
2022/10/9, 16, 25, 28, 
2022/10/10, 32, 17, 30, 
2022/10/11, 35, 20, 31, 
2022/10/12, 49, 16, 26, 
2022/10/13, 35, 19, 18, 
2022/10/14, 38, 22, 23, 
2022/10/15, 34, 13, 17, 
2022/10/16, 19, 8, 17, 
2022/10/17, 13, 9, 19, 
2022/10/18, 10, 17, , 
2022/10/19, 15, 13, , 
2022/10/20, 14, 41, , 
2022/10/21, 47, 53, , 
2022/10/22, 62, 30, , 
2022/10/23, 50, 24, , 
2022/10/24, 39, 17, , 
2022/10/25, 30, 8, , 
2022/10/26, 20, 10, , 
2022/10/27, 26, 15, , 
2022/10/28, 41, 15, , 
2022/10/29, 48, 25, , 
2022/10/30, 68, 32, , 
2022/10/31, 78, 34, , 
2022/11/1, 89, 27, , 
2022/11/2, 61, 20, , 
2022/11/3, 47, 17, , 
2022/11/4, 43, 14, , 
2022/11/5, 36, 5, , 
2022/11/6, 14, 8, , 
2022/11/7, 15, 15, , 
2022/11/8, 27, 13, , 
2022/11/9, 25, 18, , 
2022/11/10, 42, 19, , 
2022/11/11, 45, 6, , 
2022/11/12, 15, 4, , 
2022/11/13, 12, 4, , 
2022/11/14, 12, 14, , 
2022/11/15, 35, 13, , 
2022/11/16, 47, 7, , 
2022/11/17, 23, 9, , 
2022/11/18, 33, 11, , 
2022/11/19, 20, 14, , 
2022/11/20, 21, 11, , 
2022/11/21, 21, 15, , 
2022/11/22, 35, 21, , 
2022/11/23, 58, 29, , 
2022/11/24, 69, 22, , 
2022/11/25, 63, 15, , 
2022/11/26, 40, 12, , 
2022/11/27, 27, 11, , 
2022/11/28, 30, 11, , 
2022/11/29, 39, 18, , 
2022/11/30, 52, 10, , 
2022/12/1, 23, 9, , 
2022/12/2, 21, 10, , 
2022/12/3, 24, 10, , 
2022/12/4, 21, 18, , 
2022/12/5, 33, 19, , 
2022/12/6, 43, 14, , 1
2022/12/7, 39, 23, , 
2022/12/8, 64, 15, , 
2022/12/9, 39, 11, , 
2022/12/10, 37, 18, , 
2022/12/11, 52, 11, , 
2022/12/12, 36, 12, , 
2022/12/13, 35, 17, , 
2022/12/14, 52, 13, , 
2022/12/15, 34, 8, , 
2022/12/16, 26, 11, , 
2022/12/17, 37, 7, , 
2022/12/18, 22, 8, , 
2022/12/19, 22, 15, , 
2022/12/20, 42, 18, , 
2022/12/21, 41, 20, , 
2022/12/22, 42, 16, , 
2022/12/23, 50, 8, , 
2022/12/24, 19, 5, , 
2022/12/25, 14, 5, , 
2022/12/26, 15, 7, , 
2022/12/27, 20, 11, , 
2022/12/28, 37, 14, , 
2022/12/29, 47, 13, , 
2022/12/30, 41, 15, , 
2022/12/31, 40, 16, , 
2023/1/1, 47, 19, , 
2023/1/2, 58, 19, , 
2022/7/2, 27, 15, 37, 
2022/7/3, 28, 15, 46, 
2022/7/4, 36, 18, 34, 
2022/7/5, 44, 18, 35, 
2022/7/6, 27, 15, 31, 
2022/7/7, 20, 15, 38, 
2022/7/8, 23, 16, 30, 
2022/7/9, 30, 11, 32, 
2022/7/10, 22, 10, 37, 
2022/7/11, 24, 13, 37, 
2022/7/12, 22, 12, 32, 
2022/7/13, 19, 14, 29, 
2022/7/14, 22, 18, 34, 
2022/7/15, 23, 10, 34, 
2022/7/16, 19, 11, 33, 
2022/7/17, 19, 14, 39, 
2022/7/18, 28, 15, 37, 
2022/7/19, 26, 18, 36, 
2022/7/20, 31, 25, 35, 
2022/7/21, 43, 22, 37, 
2022/7/22, 38, 16, 33, 
2022/7/23, 18, 18, 39, 
2022/7/24, 28, 12, 37, 
2022/7/25, 21, 8, 28, 
2022/7/26, 15, 11, 31, 
2022/7/27, 20, 15, 30, 
2022/7/28, 34, 13, 28, 
2022/7/29, 26, 10, 22, 
2022/7/30, 13, 10, 32, 
2022/7/31, 19, 13, 33, 
2022/8/1, 24, 12, 26, 
2022/8/2, 23, 14, 39, 
2022/8/3, 26, 14, 29, 
2022/8/4, 27, 11, 27, 
2022/8/5, 18, 12, 40, 
2022/8/6, 24, 17, 33, 
2022/8/7, 38, 8, 36, 
2022/8/8, 14, 8, 24, 
2022/8/9, 13, 8, 38, 
2022/8/10, 16, 11, 32, 
2022/8/11, 21, 11, 25, 
2022/8/12, 19, 10, 21, 
2022/8/13, 17, 13, 24, 
2022/8/14, 22, 11, 24, 
2022/8/15, 22, 11, 34, 
2022/8/16, 24, 14, 30, 
2022/8/17, 30, 14, 31, 
2022/8/18, 34, 14, 36, 
2022/8/19, 36, 16, 36, 
2022/8/20, 34, 10, 34, 
2022/8/21, 21, 11, 35, 
2022/8/22, 26, 11, 28, 
2022/8/23, 29, 12, 34, 
2022/8/24, 28, 14, 36, 
2022/8/25, 28, 13, 31, 
2022/8/26, 28, 15, 27, 
2022/8/27, 37, 15, 40, 
2022/8/28, 34, 16, 26, 
2022/8/29, 30, 15, 27, 
2022/8/30, 26, 20, 25, 
2022/8/31, 34, 19, 28, 
2022/9/1, 30, 19, 32, 
2022/9/2, 26, 17, 37, 
2022/9/3, 36, 14, 23, 
2022/9/4, 27, 11, 14, 
2022/9/5, 16, 10, 20, 
2022/9/6, 21, 12, 31, 
2022/9/7, 21, 14, 34, 
2022/9/8, 31, 17, 35, 
2022/9/9, 38, 13, 38, 
2022/9/10, 27, 11, 24, 
2022/9/11, 23, 6, 17, 
2022/9/12, 14, 7, 16, 
2022/9/13, 20, 15, 25, 
2022/9/14, 27, 20, 22, 
2022/9/15, 38, 15, 35, 
2022/9/16, 27, 15, 36, 
2022/9/17, 30, 17, 34, 
2022/9/18, 41, 10, 31, 
2022/9/19, 23, 18, 37, 
2022/9/20, 42, 20, 31, 
2022/9/21, 40, 15, 24, 
2022/9/22, 26, 9, 23, 
2022/9/23, 20, 9, 23, 
2022/9/24, 17, 10, 20, 
2022/9/25, 23, 7, 24, 
2022/9/26, 13, 11, 21, 
2022/9/27, 17, 10, 16, 
2022/9/28, 16, 10, 21, 
2022/9/29, 10, 9, 29, 
2022/9/30, 21, 15, 32, 
2022/10/1, 39, 15, 35, 
2022/4/2, 15, 11, 23, 
2022/4/3, 37, 9, 32, 
2022/4/4, 25, 10, 24, 
2022/4/5, 35, 15, 27, 
2022/4/6, 48, 10, 27, 
2022/4/7, 20, 2, 27, 
2022/4/8, 5, 4, 27, 
2022/4/9, 9, 7, 36, 
2022/4/10, 15, 11, 40, 
2022/4/11, 32, 11, 38, 
2022/4/12, 20, 20, 38, 
2022/4/13, 37, 12, 25, 
2022/4/14, 22, 21, 28, 
2022/4/15, 16, 12, 27, 
2022/4/16, 13, 7, 32, 
2022/4/17, 17, 7, 33, 
2022/4/18, 17, 8, 28, 
2022/4/19, 18, 6, 34, 
2022/4/20, 14, 11, 32, 
2022/4/21, 26, 9, 37, 
2022/4/22, 21, 11, 30, 
2022/4/23, 29, 21, 40, 
2022/4/24, 47, 13, 38, 
2022/4/25, 22, 5, 25, 
2022/4/26, 10, 7, 27, 
2022/4/27, 19, 11, 33, 
2022/4/28, 21, 14, 28, 
2022/4/29, 27, 19, 39, 
2022/4/30, 42, 18, 34, 
2022/5/1, 42, 4, 27, 
2022/5/2, 11, 7, 27, 
2022/5/3, 19, 8, 23, 
2022/5/4, 28, 6, 32, 
2022/5/5, 17, 11, 37, 
2022/5/6, 27, 12, 37, 
2022/5/7, 28, 13, 41, 
2022/5/8, 25, 13, 36, 
2022/5/9, 26, 18, 39, 
2022/5/10, 30, 31, 36, 
2022/5/11, 64, 41, 45, 
2022/5/12, 75, 37, 44, 
2022/5/13, 69, 28, 50, 
2022/5/14, 37, 15, 48, 
2022/5/15, 22, 11, 41, 
2022/5/16, 17, 14, 41, 
2022/5/17, 19, 16, 29, 
2022/5/18, 12, 12, 32, 
2022/5/19, 24, 24, 44, 
2022/5/20, 41, 14, 33, 
2022/5/21, 27, 8, 26, 
2022/5/22, 16, 7, 29, 
2022/5/23, 13, 11, 36, 
2022/5/24, 20, 40, 33, 
2022/5/25, 23, 15, 26, 
2022/5/26, 23, 14, 31, 
2022/5/27, 23, 11, 28, 
2022/5/28, 14, 11, 36, 
2022/5/29, 18, 14, 43, 
2022/5/30, 27, 17, 46, 
2022/5/31, 33, 20, 36, 
2022/6/1, 30, 10, 33, 
2022/6/2, 14, 13, 42, 
2022/6/3, 20, 18, 43, 
2022/6/4, 24, 10, 35, 
2022/6/5, 26, 11, 42, 
2022/6/6, 21, 11, 30, 
2022/6/7, 20, 11, 38, 
2022/6/8, 23, 11, 27, 
2022/6/9, 24, 12, 32, 
2022/6/10, 22, 12, 40, 
2022/6/11, 22, 11, 32, 
2022/6/12, 23, 14, 33, 
2022/6/13, 23, 15, 33, 
2022/6/14, 23, 38, 41, 
2022/6/15, 50, 53, 36, 
2022/6/16, 68, 18, 40, 
2022/6/17, 22, 16, 39, 
2022/6/18, 19, 20, 32, 
2022/6/19, 16, 11, 46, 
2022/6/20, 19, 19, 53, 
2022/6/21, 27, 26, 50, 
2022/6/22, 33, 14, 36, 
2022/6/23, 19, 17, 47, 
2022/6/24, 24, 17, 52, 
2022/6/25, 25, 14, 39, 
2022/6/26, 25, 13, 35, 
2022/6/27, 19, 14, 35, 
2022/6/28, 28, 21, 43, 
2022/6/29, 42, 25, 48, 
2022/6/30, 35, 23, 48, 
2022/7/1, 32, 19, 38, 
2022/1/4, 38, 13, , 
2022/1/5, 44, 17, , 
2022/1/6, 32, 15, , 
2022/1/7, 16, 29, , 
2022/1/8, 34, 14, , 
2022/1/9, 41, 28, , 
2022/1/10, 40, 28, , 
2022/1/11, 31, 17, , 
2022/1/12, 38, 14, , 
2022/1/13, 33, 26, , 
2022/1/14, 73, 14, , 
2022/1/15, 24, 18, , 
2022/1/16, 25, 15, , 
2022/1/17, 56, 21, , 
2022/1/18, 39, 12, , 
2022/1/19, 41, 21, , 
2022/1/20, 28, 15, , 
2022/1/21, 26, 14, , 
2022/1/22, 41, 20, , 
2022/1/23, 31, 7, , 
2022/1/24, 19, 8, , 
2022/1/25, 28, 14, , 
2022/1/26, 28, 13, , 
2022/1/27, 37, 13, , 
2022/1/28, 24, 27, , 
2022/1/29, 28, 14, , 
2022/1/30, 33, 26, , 
2022/1/31, 53, 26, , 
2022/2/1, 78, 27, , 
2022/2/2, 57, 17, , 
2022/2/3, 30, 13, , 
2022/2/4, 24, 14, , 
2022/2/5, 33, 14, , 
2022/2/6, 51, , , 
2022/2/7, 50, 34, , 
2022/2/8, 42, 24, , 
2022/2/9, 57, 9, , 
2022/2/10, 21, 17, , 
2022/2/11, 24, 8, , 
2022/2/12, 18, 8, , 
2022/2/13, 16, 12, , 
2022/2/14, 22, 18, , 
2022/2/15, 47, 24, , 
2022/2/16, 74, 18, , 
2022/2/17, 56, 10, , 
2022/2/18, 31, 13, , 
2022/2/19, 22, 11, , 
2022/2/20, 21, 14, , 
2022/2/21, 33, 13, , 
2022/2/22, 38, 8, , 
2022/2/23, 28, 19, , 
2022/2/24, 22, 19, , 
2022/2/25, 22, 8, , 
2022/2/26, 21, 15, , 
2022/2/27, 46, 20, , 
2022/2/28, 39, 15, , 
2022/3/1, 44, 18, , 
2022/3/2, 38, 25, , 
2022/3/3, 64, 8, , 
2022/3/4, 17, 12, , 
2022/3/5, 28, 19, , 
2022/3/6, 52, 9, , 
2022/3/7, 24, 9, , 
2022/3/8, 24, 9, , 
2022/3/9, 29, 12, , 
2022/3/10, 31, 8, , 
2022/3/11, 18, 12, , 
2022/3/12, 23, 9, , 
2022/3/13, 18, 11, , 
2022/3/14, 23, 13, , 
2022/3/15, 37, 20, , 
2022/3/16, 56, 28, , 
2022/3/17, 79, 18, , 
2022/3/18, 55, 7, , 
2022/3/19, 24, 5, , 
2022/3/20, 15, 9, , 
2022/3/21, 34, 17, , 
2022/3/22, 51, 13, , 
2022/3/23, 35, 6, , 
2022/3/24, 19, 4, , 
2022/3/25, 13, 7, 27, 
2022/3/26, 19, 5, 26, 
2022/3/27, 12, 5, 32, 
2022/3/28, 14, 8, 32, 
2022/3/29, 19, 10, 32, 
2022/3/30, 23, 12, 21, 
2022/3/31, 36, 4, 31, 
2022/4/1, 14, 7, 35, 
2021/10/2, 52, 16, 28, 
2021/10/3, 43, 14, 17, 
2021/10/4, 26, , 19, 
2021/10/5, 20, , 23, 
2021/10/6, 24, , 32, 
2021/10/7, 32, , 15, 
2021/10/8, 32, , 26, 
2021/10/9, 24, , 9, 
2021/10/10, 28, , , 
2021/10/12, 29, , 16, 
2021/10/13, 24, , 26, 
2021/10/14, 30, , 24, 
2021/10/15, 17, , 24, 
2021/10/16, 18, , 29, 
2021/10/17, 20, , 30, 
2021/10/18, 21, , 32, 
2021/10/19, 34, , 34, 
2021/10/20, 34, , 35, 
2021/10/21, 35, , 8, 
2021/10/22, 16, , , 
2021/10/23, 19, , , 
2021/10/24, 29, , , 
2021/10/25, 29, , , 
2021/10/26, 10, , , 
2021/10/27, 19, 8, , 
2021/10/28, 22, 11, , 
2021/10/29, 35, 9, , 
2021/10/30, 22, 12, , 
2021/10/31, 45, 8, , 
2021/11/1, 18, 7, , 
2021/11/2, 13, 7, , 
2021/11/3, 15, 8, , 
2021/11/4, 22, 15, , 
2021/11/5, 38, 19, , 
2021/11/6, 44, 21, , 
2021/11/7, 53, 18, , 
2021/11/8, 48, 22, , 
2021/11/9, 51, 12, , 
2021/11/10, 24, 15, , 
2021/11/11, 41, 17, , 
2021/11/12, 45, 4, , 
2021/11/13, 11, 4, , 
2021/11/14, 10, 6, , 
2021/11/15, 16, 7, , 
2021/11/16, 22, 17, , 
2021/11/17, 50, 18, , 
2021/11/18, 39, 8, , 
2021/11/19, 14, 8, , 
2021/11/20, 18, 21, , 
2021/11/21, 40, 19, , 
2021/11/22, 39, 8, , 
2021/11/23, 15, 18, , 
2021/11/24, 29, 16, , 
2021/11/25, 37, 10, , 
2021/11/26, 28, 7, , 
2021/11/27, 16, 12, , 
2021/11/28, 28, 12, , 
2021/11/29, 21, 14, , 
2021/11/30, 31, 14, , 
2021/12/1, 37, 14, , 
2021/12/2, 42, 10, , 
2021/12/3, 17, 10, , 
2021/12/4, 33, 8, , 
2021/12/5, 26, 8, , 
2021/12/6, 25, 10, , 
2021/12/7, 18, 8, , 
2021/12/8, 16, 13, , 
2021/12/9, 34, 21, , 
2021/12/10, 52, 22, , 
2021/12/11, 59, 6, , 
2021/12/12, 15, 7, , 
2021/12/13, 18, 16, , 
2021/12/14, 30, 18, , 
2021/12/15, 57, 15, , 
2021/12/16, 42, 28, , 
2021/12/17, 41, 9, , 
2021/12/18, 26, 8, , 
2021/12/19, 24, 9, , 
2021/12/20, 35, 17, , 
2021/12/21, 51, 14, , 
2021/12/22, 34, 11, , 
2021/12/23, 33, 15, , 
2021/12/24, 47, 30, , 
2021/12/25, 70, 11, , 
2021/12/26, 35, 10, , 
2021/12/27, 29, 10, , 
2021/12/28, 29, 10, , 
2021/12/29, 28, 14, , 
2021/12/30, 42, 18, , 
2021/12/31, 54, 21, , 
2022/1/1, 61, 13, , 
2022/1/2, 35, 8, , 
2022/1/3, 24, 13, , 
2021/7/2, 29, 7, 32, 
2021/7/3, 14, 12, 33, 
2021/7/4, 25, 22, 42, 
2021/7/5, 45, 23, 43, 
2021/7/6, 48, 23, 40, 
2021/7/7, 50, 16, 14, 
2021/7/8, 38, 7, 18, 
2021/7/9, 14, 10, 31, 
2021/7/10, 21, 10, 32, 
2021/7/11, 23, 10, 31, 
2021/7/12, 23, 12, 29, 
2021/7/13, 29, 16, 38, 
2021/7/14, 31, 19, 34, 
2021/7/15, 31, 13, 40, 
2021/7/16, 31, 19, 27, 
2021/7/17, 45, 18, 32, 
2021/7/18, 51, 17, 28, 
2021/7/19, 48, 19, 37, 
2021/7/20, 51, 25, 41, 
2021/7/21, 62, 25, 32, 
2021/7/22, 56, 28, 43, 
2021/7/23, 64, 36, 44, 
2021/7/24, 77, 25, 44, 
2021/7/25, 59, 25, 43, 
2021/7/26, 60, 31, 48, 
2021/7/27, 66, 27, 40, 
2021/7/28, 55, 23, 41, 
2021/7/29, 53, 28, 45, 
2021/7/30, 67, 15, 28, 
2021/7/31, 38, 29, 37, 
2021/8/1, 72, 37, 25, 
2021/8/2, 95, 14, 25, 
2021/8/3, 37, 26, 36, 
2021/8/4, 61, 41, 43, 
2021/8/5, 96, 22, 37, 
2021/8/6, 51, 23, 44, 
2021/8/7, 55, 20, 30, 
2021/8/8, 52, 28, 39, 
2021/8/9, 63, 12, 28, 
2021/8/10, 27, 19, 34, 
2021/8/11, 40, 20, 33, 
2021/8/12, 43, 18, 33, 
2021/8/13, 29, 15, 29, 
2021/8/14, 22, 15, 40, 
2021/8/15, 34, 13, 42, 
2021/8/16, 32, 12, 43, 
2021/8/17, 29, 13, 44, 
2021/8/18, 32, 18, 46, 
2021/8/19, 45, 17, 47, 
2021/8/20, 44, 18, 44, 
2021/8/21, 47, 14, 31, 
2021/8/22, 37, 10, 36, 
2021/8/23, 24, 11, 36, 
2021/8/24, 28, 13, 30, 
2021/8/25, 26, 13, 31, 
2021/8/26, 20, 14, 41, 
2021/8/27, 31, 21, 35, 
2021/8/28, 47, 17, 37, 
2021/8/29, 38, 21, 37, 
2021/8/30, 42, 12, 40, 
2021/8/31, 31, 13, 30, 
2021/9/1, 31, 10, 35, 
2021/9/2, 26, 12, 36, 
2021/9/3, 30, 13, 28, 
2021/9/4, 33, 12, 28, 
2021/9/5, 28, 12, 36, 
2021/9/6, 24, 11, 36, 
2021/9/7, 32, 15, 36, 
2021/9/8, 35, 11, 26, 
2021/9/9, 16, 8, 23, 
2021/9/10, 18, 12, 36, 
2021/9/11, 23, 20, 39, 
2021/9/12, 36, 18, 21, 
2021/9/13, 38, 12, 18, 
2021/9/14, 27, 14, 29, 
2021/9/15, 30, 11, 31, 
2021/9/16, 23, 13, 42, 
2021/9/17, 25, 13, 38, 
2021/9/18, 25, 12, 36, 
2021/9/19, 22, 16, 43, 
2021/9/20, 33, 12, 32, 
2021/9/21, 28, 9, 23, 
2021/9/22, 20, 7, 18, 
2021/9/23, 14, 8, 27, 
2021/9/24, 16, 17, 39, 
2021/9/25, 21, 12, 30, 
2021/9/26, 18, 21, 40, 
2021/9/27, 26, 24, 42, 
2021/9/28, 35, 12, 35, 
2021/9/29, 22, 17, 46, 
2021/9/30, 34, 19, 50, 
2021/10/1, 41, 23, 45, 
2021/4/2, 37, 17, 38, 
2021/4/3, 48, 33, 44, 
2021/4/4, 70, 45, 55, 
2021/4/5, 92, 27, 36, 
2021/4/6, 52, 24, 39, 
2021/4/7, 47, 24, 33, 
2021/4/8, 51, 10, 30, 
2021/4/9, 25, 6, 16, 
2021/4/10, 16, 6, 20, 
2021/4/11, 17, 4, 23, 
2021/4/12, 8, 11, 26, 
2021/4/13, 22, 10, 28, 
2021/4/14, 17, 7, 19, 
2021/4/15, 17, 6, 20, 
2021/4/16, 17, 10, 39, 
2021/4/17, 24, 14, 38, 
2021/4/18, 34, 15, 37, 
2021/4/19, 32, 8, 28, 
2021/4/20, 14, 7, 33, 
2021/4/21, 16, 10, 35, 
2021/4/22, 22, 21, 43, 
2021/4/23, 39, 25, 42, 
2021/4/24, 46, 21, 35, 
2021/4/25, 48, 8, 31, 
2021/4/26, 15, 23, 40, 
2021/4/27, 33, 25, 39, 
2021/4/28, 45, 18, 32, 
2021/4/29, 46, 16, 38, 
2021/4/30, 38, 11, 35, 
2021/5/1, 24, 36, 44, 
2021/5/2, 35, 22, 37, 
2021/5/3, 33, 14, 23, 
2021/5/4, 35, 7, 26, 
2021/5/5, 13, 6, 32, 
2021/5/6, 12, 10, 36, 
2021/5/7, 21, 8, 32, 
2021/5/8, 19, 8, 34, 
2021/5/9, 18, 8, 35, 
2021/5/10, 17, 7, 29, 
2021/5/11, 13, 7, 27, 
2021/5/12, 11, 10, 34, 
2021/5/13, 19, 15, 40, 
2021/5/14, 24, 16, 45, 
2021/5/15, 33, 12, 37, 
2021/5/16, 27, 13, 43, 
2021/5/17, 36, 19, 50, 
2021/5/18, 47, 17, 36, 
2021/5/19, 42, 16, 32, 
2021/5/20, 40, 18, 36, 
2021/5/21, 38, 14, 29, 
2021/5/22, 27, 16, 36, 
2021/5/23, 29, 11, 28, 
2021/5/24, 21, 18, 35, 
2021/5/25, 37, 19, 31, 
2021/5/26, 38, 18, 31, 
2021/5/27, 18, 7, 26, 
2021/5/28, 11, 6, 27, 
2021/5/29, 13, 8, 33, 
2021/5/30, 20, 10, 43, 
2021/5/31, 32, 12, 44, 
2021/6/1, 31, 12, 45, 
2021/6/2, 26, 14, 61, 
2021/6/3, 32, 21, 55, 
2021/6/4, 30, 25, 57, 
2021/6/5, 25, 21, 50, 
2021/6/6, 28, 19, 40, 
2021/6/7, 31, 14, 31, 
2021/6/8, 25, 12, 41, 
2021/6/9, 23, 16, 45, 
2021/6/10, 26, 17, 58, 
2021/6/11, 32, 18, 51, 
2021/6/12, 30, 17, 46, 
2021/6/13, 29, 15, 48, 
2021/6/14, 20, 13, 39, 
2021/6/15, 21, 13, 30, 
2021/6/16, 24, 34, 38, 
2021/6/17, 20, 21, 53, 
2021/6/18, 27, 18, 47, 
2021/6/19, 26, 15, 46, 
2021/6/20, 22, 15, 41, 
2021/6/21, 27, 9, 26, 
2021/6/22, 14, 9, 36, 
2021/6/23, 12, 13, 48, 
2021/6/24, 21, 16, 40, 
2021/6/25, 28, 13, 31, 
2021/6/26, 25, 10, 33, 
2021/6/27, 19, 7, 33, 
2021/6/28, 12, 10, 35, 
2021/6/29, 19, 9, 37, 
2021/6/30, 18, 12, 41, 
2021/7/1, 22, 13, 28, 
2021/1/5, 44, 18, , 
2021/1/6, 64, 21, , 
2021/1/7, 71, 19, , 
2021/1/8, 60, 13, , 
2021/1/9, 36, 12, , 
2021/1/10, 36, 19, , 
2021/1/11, 56, 14, , 
2021/1/12, 50, 17, , 
2021/1/13, 56, 22, , 
2021/1/14, 62, 24, , 
2021/1/15, 66, 9, , 
2021/1/16, 29, 7, , 
2021/1/17, 23, 5, , 
2021/1/18, 14, 11, , 
2021/1/19, 36, 11, , 
2021/1/20, 38, 9, , 
2021/1/21, 28, 11, , 
2021/1/22, 11, 13, , 
2021/1/23, 15, 12, , 
2021/1/24, 28, 9, , 
2021/1/25, 59, 2, , 
2021/1/26, 43, 1, , 
2021/1/27, 16, 19, , 
2021/1/28, 27, 27, , 
2021/1/29, 45, 27, , 
2021/1/30, 59, 18, , 
2021/1/31, 46, 7, , 
2021/2/1, 25, 8, , 
2021/2/2, 31, 15, , 
2021/2/3, 43, 21, , 
2021/2/4, 58, 14, , 
2021/2/5, 47, 11, , 
2021/2/6, 28, 14, , 
2021/2/7, 20, 26, , 
2021/2/8, 23, 20, , 
2021/2/9, 32, 31, , 
2021/2/10, 43, 44, , 
2021/2/11, 40, 31, , 
2021/2/12, 40, 9, , 
2021/2/13, 26, 9, , 
2021/2/14, 25, 8, , 
2021/2/15, 23, 11, , 
2021/2/16, 19, 10, , 
2021/2/17, 20, 16, , 
2021/2/18, 45, 28, , 
2021/2/19, 53, 35, , 
2021/2/20, 82, 32, , 
2021/2/21, 89, 25, , 
2021/2/22, 74, 20, , 
2021/2/23, 63, 10, , 
2021/2/24, 21, 12, , 
2021/2/25, 26, 12, , 
2021/2/26, 34, 18, , 
2021/2/27, 55, 29, , 
2021/2/28, 71, 25, , 
2021/3/1, 65, 15, , 
2021/3/2, 24, 18, , 
2021/3/3, 46, 22, , 
2021/3/4, 48, 16, , 
2021/3/5, 37, 19, , 
2021/3/6, 41, 22, , 
2021/3/7, 48, 22, , 
2021/3/8, 63, 33, , 
2021/3/9, 58, 36, , 
2021/3/10, 82, 22, , 
2021/3/11, 55, 13, , 
2021/3/12, 17, 20, , 
2021/3/13, 33, 22, , 
2021/3/14, 45, 13, , 
2021/3/15, 32, 11, , 
2021/3/16, 21, 15, , 
2021/3/17, 43, 19, , 
2021/3/18, 57, 9, , 
2021/3/19, 21, 12, , 
2021/3/20, 22, 14, , 
2021/3/21, 34, 12, , 
2021/3/22, 28, 19, , 
2021/3/23, 45, 27, , 
2021/3/24, 54, 7, , 
2021/3/25, 17, 8, , 
2021/3/26, 19, 10, 21, 
2021/3/27, 29, 20, 16, 
2021/3/28, 56, 6, 33, 
2021/3/29, 14, 13, 40, 
2021/3/30, 29, 26, 32, 
2021/3/31, 34, 21, 31, 
2021/4/1, 25, 19, 37, 
2020/10/2, 9, 6, 22, 
2020/10/3, 19, 11, 17, 
2020/10/4, 24, 10, 23, 
2020/10/5, 31, 14, 28, 
2020/10/6, 20, 25, 31, 
2020/10/7, 28, 25, 30, 
2020/10/8, 35, 14, 26, 
2020/10/9, 29, 30, 40, 
2020/10/10, 42, 26, 31, 
2020/10/11, 43, 15, 21, 
2020/10/12, 32, 11, 27, 
2020/10/13, 26, 17, 29, 
2020/10/14, 16, 29, 35, 
2020/10/15, 24, 11, 25, 
2020/10/16, 12, 22, 24, 
2020/10/17, 27, 30, 27, 
2020/10/18, 28, 14, 26, 
2020/10/19, 31, 11, 16, 
2020/10/20, 30, 11, 21, 
2020/10/21, 38, 9, , 
2020/10/22, 30, 7, , 
2020/10/23, 24, 2, , 
2020/10/24, 8, 8, , 
2020/10/25, 25, 8, , 
2020/10/26, 26, 6, , 
2020/10/27, 21, 10, , 
2020/10/28, 28, 18, , 
2020/10/29, 41, 7, , 
2020/10/30, 24, 8, , 
2020/10/31, 34, 18, , 
2020/11/1, 38, 12, , 
2020/11/2, 16, 24, , 
2020/11/3, 28, 39, , 
2020/11/4, 48, 36, , 
2020/11/5, 45, 44, , 
2020/11/6, 59, 41, , 
2020/11/7, 62, 24, , 
2020/11/8, 58, 17, , 
2020/11/9, 44, 14, , 
2020/11/10, 27, 4, , 
2020/11/11, 19, 7, , 
2020/11/12, 20, 11, , 
2020/11/13, 41, 11, , 
2020/11/14, 36, 16, , 
2020/11/15, 48, 12, , 
2020/11/16, 38, 10, , 
2020/11/17, 30, 7, , 
2020/11/18, 18, 11, , 
2020/11/19, 26, 21, , 
2020/11/20, 35, 19, , 
2020/11/21, 44, 17, , 
2020/11/22, 47, 21, , 
2020/11/23, 61, 15, , 
2020/11/24, 49, 17, , 
2020/11/25, 54, 15, , 
2020/11/26, 49, 12, , 
2020/11/27, 37, 12, , 
2020/11/28, 36, 9, , 
2020/11/29, 27, 9, , 
2020/11/30, 22, 5, , 
2020/12/1, 12, 8, , 
2020/12/2, 20, 11, , 
2020/12/3, 27, 18, , 
2020/12/4, 44, 22, , 
2020/12/5, 39, 14, , 
2020/12/6, 48, 15, , 
2020/12/7, 52, 9, , 
2020/12/8, 35, 22, , 
2020/12/9, 56, 24, , 
2020/12/10, 74, 25, , 1
2020/12/11, 80, 13, , 
2020/12/12, 33, 3, , 
2020/12/13, 9, 7, , 
2020/12/14, 24, 13, , 
2020/12/15, 30, 14, , 
2020/12/16, 25, 13, , 
2020/12/17, 38, 15, , 
2020/12/18, 52, 25, , 
2020/12/19, 72, 30, , 
2020/12/20, 73, 19, , 
2020/12/21, 57, 15, , 
2020/12/22, 37, 11, , 
2020/12/23, 32, 11, , 
2020/12/24, 22, 9, , 
2020/12/25, 14, 7, , 
2020/12/26, 17, 12, , 
2020/12/27, 27, 17, , 
2020/12/28, 55, 7, , 
2020/12/29, 23, 12, , 
2020/12/30, 42, 10, , 
2020/12/31, 40, 13, , 
2021/1/1, 55, 25, , 
2021/1/2, 78, 22, , 
2021/1/3, 71, 16, , 
2021/1/4, 59, 12, , 
2020/7/2, 46, 18, 62, 
2020/7/3, 44, 22, 49, 
2020/7/4, 51, 24, 32, 
2020/7/5, 54, 25, 40, 
2020/7/6, 66, 21, 43, 
2020/7/7, 47, 23, 39, 
2020/7/8, 39, 20, 40, 
2020/7/9, 37, 17, 40, 
2020/7/10, 38, 13, 31, 
2020/7/11, 20, 12, 35, 
2020/7/12, 20, 10, 28, 
2020/7/13, 24, 11, 31, 
2020/7/14, 24, 12, 38, 
2020/7/15, 22, 12, 27, 
2020/7/16, 22, 10, 43, 
2020/7/17, 19, 13, 34, 
2020/7/18, 23, 25, 29, 
2020/7/19, 45, 14, 27, 
2020/7/20, 23, 11, 23, 
2020/7/21, 17, 11, 35, 
2020/7/22, 19, 10, 25, 
2020/7/23, 19, 10, 27, 
2020/7/24, 20, 12, 35, 
2020/7/25, 22, 16, 36, 
2020/7/26, 33, 15, 30, 
2020/7/27, 32, 12, 24, 
2020/7/28, 16, 17, 33, 
2020/7/29, 18, 16, 32, 
2020/7/30, 25, 13, 25, 
2020/7/31, 24, 10, 24, 
2020/8/1, 26, 12, 25, 
2020/8/2, 29, 10, 21, 
2020/8/3, 23, 7, 16, 
2020/8/4, 16, 7, 23, 
2020/8/5, 15, 13, 29, 
2020/8/6, 23, 16, 35, 
2020/8/7, 28, 15, 41, 
2020/8/8, 29, 15, 38, 
2020/8/9, 31, 14, 31, 
2020/8/10, 34, 15, 27, 
2020/8/11, 36, 14, 30, 
2020/8/12, 20, 14, 44, 
2020/8/13, 25, 17, 48, 
2020/8/14, 28, 18, 54, 
2020/8/15, 32, 14, 35, 
2020/8/16, 28, 11, 31, 
2020/8/17, 22, 12, 27, 
2020/8/18, 23, 8, 25, 
2020/8/19, 23, 10, 28, 
2020/8/20, 23, 15, 33, 
2020/8/21, 24, 16, 38, 
2020/8/22, 24, 19, 38, 
2020/8/23, 33, 20, 42, 
2020/8/24, 43, 23, 36, 
2020/8/25, 49, 21, 42, 
2020/8/26, 40, 28, 37, 
2020/8/27, 54, 23, 38, 
2020/8/28, 41, 13, 36, 
2020/8/29, 22, 10, 26, 
2020/8/30, 23, 7, 25, 
2020/8/31, 15, 10, 26, 
2020/9/1, 21, 10, 27, 
2020/9/2, 18, 18, 29, 
2020/9/3, 22, 18, 30, 
2020/9/4, 20, 15, 26, 
2020/9/5, 23, 14, 29, 
2020/9/6, 37, 14, 31, 
2020/9/7, 28, 13, 22, 
2020/9/8, 14, 5, 18, 
2020/9/9, 11, 3, 18, 
2020/9/10, 7, 5, 15, 
2020/9/11, 15, 8, 19, 
2020/9/12, 17, 9, 18, 
2020/9/13, 21, 10, 18, 
2020/9/14, 23, 15, 22, 
2020/9/15, 32, 15, 32, 
2020/9/16, 31, 22, 26, 
2020/9/17, 43, 11, 24, 
2020/9/18, 22, 8, 26, 
2020/9/19, 17, 10, 31, 
2020/9/20, 33, 15, 35, 
2020/9/21, 32, 15, 37, 
2020/9/22, 23, 18, 37, 
2020/9/23, 36, 26, 37, 
2020/9/24, 51, 26, 28, 
2020/9/25, 53, 18, 41, 
2020/9/26, 31, 22, 28, 
2020/9/27, 40, 24, 26, 
2020/9/28, 38, 11, 14, 
2020/9/29, 17, 7, 14, 
2020/9/30, 13, 10, 23, 
2020/10/1, 14, 5, 19, 
2020/4/2, 30, 11, 33, 
2020/4/3, 31, 12, 34, 
2020/4/4, 34, 7, 31, 
2020/4/5, 21, 13, 35, 
2020/4/6, 45, 18, 30, 
2020/4/7, 54, 25, 27, 
2020/4/8, 61, 14, 34, 
2020/4/9, 38, 8, 33, 
2020/4/10, 17, 7, 33, 
2020/4/11, 20, 23, 39, 
2020/4/12, 55, 16, 30, 
2020/4/13, 47, 5, 35, 
2020/4/14, 15, 9, 33, 
2020/4/15, 23, 9, 32, 
2020/4/16, 26, 10, 36, 
2020/4/17, 26, 15, 37, 
2020/4/18, 34, 16, 38, 
2020/4/19, 40, 8, 36, 
2020/4/20, 17, 13, 36, 
2020/4/21, 24, 8, 34, 
2020/4/22, 19, 18, 27, 
2020/4/23, 39, 24, 20, 
2020/4/24, 61, 22, 29, 
2020/4/25, 60, 16, 33, 
2020/4/26, 47, 12, 37, 
2020/4/27, 32, 13, 26, 
2020/4/28, 33, 20, 33, 
2020/4/29, 52, 8, 34, 
2020/4/30, 25, 11, 38, 
2020/5/1, 25, 12, 40, 
2020/5/2, 25, 17, 40, 
2020/5/3, 26, 13, 40, 
2020/5/4, 17, 8, 33, 
2020/5/5, 15, 10, 32, 
2020/5/6, 24, 11, 36, 
2020/5/7, 26, 11, 40, 
2020/5/8, 22, 9, 29, 
2020/5/9, 15, 13, 37, 
2020/5/10, 21, 7, 26, 
2020/5/11, 18, 7, 30, 
2020/5/12, 16, 11, 38, 
2020/5/13, 24, 17, 41, 
2020/5/14, 30, 9, 20, 
2020/5/15, 24, 13, 36, 
2020/5/16, 33, 10, 37, 
2020/5/17, 26, 5, 28, 
2020/5/18, 14, 2, 28, 
2020/5/19, 4, 10, 28, 
2020/5/20, 22, 16, 42, 
2020/5/21, 29, 14, 33, 
2020/5/22, 26, 21, 29, 
2020/5/23, 32, 18, 33, 
2020/5/24, 34, 18, 37, 
2020/5/25, 36, 17, 31, 
2020/5/26, 32, 14, 38, 
2020/5/27, 23, 14, 35, 
2020/5/28, 27, 12, 31, 
2020/5/29, 22, 14, 21, 
2020/5/30, 17, 9, 33, 
2020/5/31, 18, 8, 34, 
2020/6/1, 18, 17, 37, 
2020/6/2, 24, 26, 50, 
2020/6/3, 33, 14, 46, 
2020/6/4, 20, 18, 53, 
2020/6/5, 28, 15, 44, 
2020/6/6, 27, 13, 32, 
2020/6/7, 20, 13, 39, 
2020/6/8, 23, 20, 65, 
2020/6/9, 31, 19, 38, 
2020/6/10, 26, 9, 33, 
2020/6/11, 13, 13, 39, 
2020/6/12, 17, 11, 40, 
2020/6/13, 19, 7, 31, 
2020/6/14, 15, 9, 37, 
2020/6/15, 17, 12, 50, 
2020/6/16, 20, 15, 60, 
2020/6/17, 28, 20, 58, 
2020/6/18, 41, 22, 58, 
2020/6/19, 44, 24, 45, 
2020/6/20, 46, 16, 33, 
2020/6/21, 38, 11, 39, 
2020/6/22, 20, 9, 30, 
2020/6/23, 13, 10, 24, 
2020/6/24, 17, 9, 28, 
2020/6/25, 16, 12, 30, 
2020/6/26, 23, 14, 28, 
2020/6/27, 23, 14, 34, 
2020/6/28, 28, 18, 43, 
2020/6/29, 38, 22, 29, 
2020/6/30, 38, 23, 37, 
2020/7/1, 38, 21, 56, 
2020/1/2, 29, 9, , 
2020/1/3, 23, 17, , 
2020/1/4, 37, 10, , 
2020/1/5, 28, 10, , 
2020/1/6, 30, 11, , 
2020/1/7, 16, 10, , 
2020/1/8, 17, 9, , 
2020/1/9, 16, 12, , 
2020/1/10, 27, 24, , 
2020/1/11, 63, 7, , 
2020/1/12, 23, 8, , 
2020/1/13, 22, 11, , 
2020/1/14, 40, 14, , 
2020/1/15, 50, 15, , 
2020/1/16, 54, 18, , 
2020/1/17, 38, 12, , 
2020/1/18, 33, 10, , 
2020/1/19, 34, 15, , 
2020/1/20, 27, 14, , 
2020/1/21, 35, 15, , 
2020/1/22, 54, 16, , 
2020/1/23, 60, 19, , 
2020/1/24, 61, 17, , 
2020/1/25, 53, 10, , 
2020/1/26, 32, 13, , 
2020/1/27, 48, 15, , 
2020/1/28, 47, 11, , 
2020/1/29, 31, 18, , 
2020/1/30, 54, 25, , 
2020/1/31, 71, 29, , 
2020/2/1, 74, 18, , 
2020/2/2, 49, 13, , 
2020/2/3, 21, 12, , 
2020/2/4, 31, 8, , 
2020/2/5, 13, 13, , 
2020/2/6, 22, 16, , 
2020/2/7, 28, 23, , 
2020/2/8, 37, 18, , 
2020/2/9, 38, , , 
2020/2/10, 52, , , 
2020/2/11, 40, , , 
2020/2/12, 50, , , 
2020/2/13, 41, , , 
2020/2/14, 17, , , 
2020/2/15, 32, , , 
2020/2/16, 32, , , 
2020/2/17, 44, , , 
2020/2/18, 48, , , 
2020/2/19, 39, , , 1
2020/2/20, 26, , , 1
2020/2/21, 31, , , 
2020/2/22, 46, , , 
2020/2/23, 39, , , 
2020/2/24, 42, 16, , 
2020/2/25, 33, 9, , 
2020/2/26, 16, 7, 29, 
2020/2/27, 15, 11, 33, 
2020/2/28, 22, 10, 34, 
2020/2/29, 21, 10, 34, 
2020/3/1, 26, 17, 37, 
2020/3/2, 45, 13, 31, 
2020/3/3, 31, 13, 32, 
2020/3/4, 25, 13, 33, 
2020/3/5, 23, 10, 28, 
2020/3/6, 21, 10, 33, 
2020/3/7, 16, 14, 31, 
2020/3/8, 42, 18, 36, 
2020/3/9, 50, 14, 27, 
2020/3/10, 48, 14, 25, 
2020/3/11, 37, 19, 16, 
2020/3/12, 58, 22, 29, 
2020/3/13, 53, 8, 32, 
2020/3/14, 17, 8, 26, 
2020/3/15, 24, 8, 31, 
2020/3/16, 26, 12, 25, 
2020/3/17, 40, 11, 33, 
2020/3/18, 36, 19, 20, 
2020/3/19, 58, 20, 11, 
2020/3/20, 47, 6, 29, 
2020/3/21, 14, 7, 33, 
2020/3/22, 19, 12, 27, 
2020/3/23, 42, 13, 26, 
2020/3/24, 45, 23, 27, 
2020/3/25, 61, 20, 24, 
2020/3/26, 56, 11, 18, 
2020/3/27, 36, 16, 27, 
2020/3/28, 49, 9, 22, 
2020/3/29, 26, 4, 33, 
2020/3/30, 9, 5, 37, 
2020/3/31, 25, 8, 22, 
2020/4/1, 27, 10, 26, 
2019/10/2, 28, 6, 10, 
2019/10/3, 10, 5, 16, 
2019/10/4, 7, 7, 21, 
2019/10/5, 11, 11, 20, 
2019/10/6, 20, 9, 22, 
2019/10/7, 16, 9, 24, 
2019/10/8, 16, 11, 29, 
2019/10/9, 21, 17, 40, 
2019/10/10, 28, 17, 29, 
2019/10/11, 35, 8, 24, 
2019/10/12, 17, 9, 29, 
2019/10/13, 15, 5, 22, 
2019/10/14, 12, 5, 20, 
2019/10/15, 13, 14, 25, 
2019/10/16, 25, 7, 19, 
2019/10/17, 11, 10, 18, 
2019/10/18, 23, 17, 26, 
2019/10/19, 34, 16, 27, 
2019/10/20, 33, 13, 23, 
2019/10/21, 35, 14, 22, 
2019/10/22, 31, 5, , 
2019/10/23, 7, 7, , 
2019/10/24, 14, 6, , 
2019/10/25, 18, 9, , 
2019/10/26, 24, 17, , 
2019/10/27, 44, 21, , 
2019/10/28, 52, 11, , 
2019/10/29, 25, 11, , 
2019/10/30, 33, 12, , 
2019/10/31, 31, 10, , 
2019/11/1, 28, 16, , 
2019/11/2, 37, 9, , 
2019/11/3, 23, 10, , 
2019/11/4, 25, 9, , 
2019/11/5, 25, 9, , 
2019/11/6, 20, 9, , 
2019/11/7, 28, 15, , 
2019/11/8, 18, 13, , 
2019/11/9, 30, 22, , 
2019/11/10, 38, 16, , 
2019/11/11, 41, 5, , 
2019/11/12, 11, 13, , 
2019/11/13, 14, 11, , 
2019/11/14, 29, 17, , 
2019/11/15, 52, 24, , 
2019/11/16, 61, 27, , 
2019/11/17, 68, 26, , 
2019/11/18, 72, 16, , 
2019/11/19, 47, 16, , 
2019/11/20, 47, 18, , 
2019/11/21, 52, 9, , 
2019/11/22, 28, 7, , 
2019/11/23, 19, 12, , 
2019/11/24, 33, 14, , 
2019/11/25, 35, 15, , 
2019/11/26, 40, 10, , 
2019/11/27, 26, 5, , 
2019/11/28, 14, 4, , 
2019/11/29, 13, 8, , 
2019/11/30, 25, 12, , 
2019/12/1, 38, 4, , 
2019/12/2, 13, 6, , 
2019/12/3, 14, 10, , 
2019/12/4, 33, 9, , 
2019/12/5, 21, 13, , 
2019/12/6, 46, 12, , 
2019/12/7, 33, 13, , 
2019/12/8, 43, 22, , 
2019/12/9, 63, 19, , 
2019/12/10, 56, 12, , 
2019/12/11, 34, 14, , 
2019/12/12, 35, 17, , 
2019/12/13, 45, 25, , 
2019/12/14, 68, 25, , 
2019/12/15, 67, 10, , 
2019/12/16, 24, 24, , 
2019/12/17, 31, 15, , 
2019/12/18, 48, 13, , 
2019/12/19, 24, 34, , 
2019/12/20, 79, 33, , 
2019/12/21, 85, 24, , 
2019/12/22, 65, 16, , 
2019/12/23, 51, 19, , 
2019/12/24, 54, 24, , 
2019/12/25, 64, 13, , 
2019/12/26, 36, 13, , 
2019/12/27, 40, 16, , 1
2019/12/28, 54, 24, , 1
2019/12/29, 74, , , 
2019/12/30, 22, , , 
2019/7/2, 20, 22, 37, 
2019/7/3, 28, 19, 38, 
2019/7/4, 24, 20, 36, 
2019/7/5, 30, 17, 36, 
2019/7/6, 26, 35, 29, 
2019/7/7, 66, 34, 29, 
2019/7/8, 68, 53, 39, 
2019/7/9, 95, 34, 46, 
2019/7/10, 57, 15, 36, 
2019/7/11, 28, 14, 39, 
2019/7/12, 32, 18, 40, 
2019/7/13, 42, 20, 32, 
2019/7/14, 30, 16, 40, 
2019/7/15, 33, 18, 29, 
2019/7/16, 31, 18, 32, 
2019/7/17, 27, 14, 37, 
2019/7/18, 27, 11, 33, 
2019/7/19, 19, 17, 35, 
2019/7/20, 30, 14, 27, 
2019/7/21, 24, 11, 26, 
2019/7/22, 20, 11, 29, 
2019/7/23, 21, 17, 31, 
2019/7/24, 41, 21, 37, 
2019/7/25, 52, 23, 38, 
2019/7/26, 57, 19, 37, 
2019/7/27, 46, 23, 40, 
2019/7/28, 49, 24, 40, 
2019/7/29, 52, 12, 32, 
2019/7/30, 36, 11, 27, 
2019/7/31, 15, 12, 39, 
2019/8/1, 21, 12, 39, 
2019/8/2, 20, 16, 52, 
2019/8/3, 25, 14, 37, 
2019/8/4, 26, 13, 39, 
2019/8/5, 24, 20, 41, 
2019/8/6, 32, 14, 29, 
2019/8/7, 27, 16, 33, 
2019/8/8, 28, 10, 25, 
2019/8/9, 18, 13, 22, 
2019/8/10, 17, 13, 30, 
2019/8/11, 26, 14, 33, 
2019/8/12, 29, 15, 26, 
2019/8/13, 32, 13, 31, 
2019/8/14, 25, 11, 18, 
2019/8/15, 21, 11, 30, 
2019/8/16, 20, 11, 31, 
2019/8/17, 21, 14, 36, 
2019/8/18, 25, 7, 31, 
2019/8/19, 11, 11, 34, 
2019/8/20, 20, 14, 36, 
2019/8/21, 24, 11, 24, 
2019/8/22, 21, 11, 26, 
2019/8/23, 18, 10, 23, 
2019/8/24, 14, 11, 28, 
2019/8/25, 21, 11, 33, 
2019/8/26, 24, 10, 19, 
2019/8/27, 16, 11, 26, 
2019/8/28, 14, 15, 24, 
2019/8/29, 15, 18, 33, 
2019/8/30, 19, 17, 29, 
2019/8/31, 18, 11, 26, 
2019/9/1, 20, 10, 34, 
2019/9/2, 23, 12, 28, 
2019/9/3, 26, 13, 27, 
2019/9/4, 25, 11, 15, 
2019/9/5, 14, 9, 27, 
2019/9/6, 17, 17, 23, 
2019/9/7, 14, 11, 20, 
2019/9/8, 18, 10, 13, 
2019/9/9, 15, 13, 20, 
2019/9/10, 24, 12, 33, 
2019/9/11, 27, 15, 24, 
2019/9/12, 31, 11, 29, 
2019/9/13, 17, 10, 25, 
2019/9/14, 10, 12, 26, 
2019/9/15, 17, 13, 27, 
2019/9/16, 28, 12, 29, 
2019/9/17, 23, 16, 35, 
2019/9/18, 33, 17, 36, 
2019/9/19, 39, 13, 25, 
2019/9/20, 31, 24, 38, 
2019/9/21, 50, 14, 22, 
2019/9/22, 34, 9, 27, 
2019/9/23, 18, 9, 22, 
2019/9/24, 18, 12, 33, 
2019/9/25, 18, 11, 28, 
2019/9/26, 15, 14, 26, 
2019/9/27, 15, 10, 24, 
2019/9/28, 16, 11, 21, 
2019/9/29, 22, 9, 14, 
2019/9/30, 13, 16, 26, 
2019/10/1, 35, 12, 15, 
2019/4/2, 31, 8, 31, 
2019/4/3, 39, 4, 37, 
2019/4/4, 20, 7, 30, 
2019/4/5, 30, 13, 34, 
2019/4/6, 62, 14, 36, 
2019/4/7, 61, 17, 29, 
2019/4/8, 58, 7, 40, 
2019/4/9, 27, 5, 38, 
2019/4/10, 14, 3, 24, 
2019/4/11, 11, 4, 29, 
2019/4/12, 25, 7, 28, 
2019/4/13, 20, 3, 33, 
2019/4/14, 12, 3, 34, 
2019/4/15, 16, 4, 37, 1
2019/4/16, 26, 7, 33, 
2019/4/17, 41, 27, 25, 1
2019/4/18, 64, 5, 32, 
2019/4/19, 19, 4, 35, 
2019/4/20, 11, 5, 42, 1
2019/4/21, 30, 24, 44, 
2019/4/22, 42, 13, 39, 
2019/4/23, 29, 7, 34, 
2019/4/24, 18, , , 
2019/5/6, 21, 11, 32, 
2019/5/7, 22, 9, 31, 
2019/5/8, 15, 12, 27, 
2019/5/9, 24, 10, 28, 
2019/5/10, 21, 8, 34, 
2019/5/11, 12, 11, 33, 
2019/5/12, 26, 10, 33, 
2019/5/13, 27, 13, 37, 
2019/5/14, 24, 17, 43, 
2019/5/15, 29, 25, 41, 
2019/5/16, 38, 29, 39, 
2019/5/17, 39, 15, 25, 
2019/5/18, 18, 18, 27, 
2019/5/19, 36, 18, 27, 
2019/5/20, 23, 7, 26, 
2019/5/21, 8, 13, 26, 
2019/5/22, 14, 23, 41, 
2019/5/23, 25, 16, 30, 
2019/5/24, 11, 17, 32, 
2019/5/25, 21, 17, 38, 
2019/5/26, 21, 14, 36, 
2019/5/27, 18, 18, 28, 
2019/5/28, 22, 13, 26, 
2019/5/29, 20, 17, 31, 
2019/5/30, 26, 16, 45, 
2019/5/31, 16, 34, 47, 
2019/6/1, 50, 38, 35, 
2019/6/2, 62, 26, 37, 
2019/6/3, 29, 19, 30, 
2019/6/4, 15, 23, 41, 
2019/6/5, 36, 18, 47, 1
2019/6/6, 27, 29, 54, 
2019/6/7, 46, 25, 50, 
2019/6/8, 36, 24, 44, 
2019/6/9, 35, 22, 39, 
2019/6/10, 35, 14, 37, 
2019/6/11, 20, 21, 34, 
2019/6/12, 26, 13, 27, 
2019/6/13, 20, 12, 30, 
2019/6/14, 16, 22, 39, 
2019/6/15, 24, 21, 35, 
2019/6/16, 29, 12, 18, 
2019/6/17, 22, 18, 38, 
2019/6/18, 25, 17, 36, 
2019/6/19, 27, 15, 27, 
2019/6/20, 22, 19, 31, 
2019/6/21, 32, 20, 31, 
2019/6/22, 30, 20, 38, 
2019/6/23, 27, 18, 32, 
2019/6/24, 32, 12, 33, 
2019/6/25, 19, 14, 36, 
2019/6/26, 20, 17, 45, 
2019/6/27, 24, 21, 48, 
2019/6/28, 29, 18, 41, 
2019/6/29, 24, 26, 47, 
2019/6/30, 37, 23, 33, 
2019/7/1, 33, 14, 36, 
2019/1/2, 15, 8, , 
2019/1/3, 30, 8, , 
2019/1/4, 33, 7, , 
2019/1/5, 30, 8, , 
2019/1/6, 32, 6, , 
2019/1/7, 28, 8, , 
2019/1/8, 43, 9, , 
2019/1/9, 37, 7, , 
2019/1/10, 25, 6, , 
2019/1/11, 27, 13, , 
2019/1/12, 53, 18, , 
2019/1/13, 63, 6, , 
2019/1/14, 36, 13, , 
2019/1/15, 57, 7, , 
2019/1/16, 35, 7, , 
2019/1/17, 28, 7, , 
2019/1/18, 37, 17, , 
2019/1/19, 34, 8, , 
2019/1/20, 16, 4, , 
2019/1/21, 21, 5, , 
2019/1/22, 33, 12, , 
2019/1/23, 41, 11, , 
2019/1/24, 50, 12, , 
2019/1/25, 54, 7, , 
2019/1/26, 26, 7, , 
2019/1/27, 40, 10, , 
2019/1/28, 47, 11, , 
2019/1/29, 26, 6, , 
2019/1/30, 19, 5, , 
2019/1/31, 23, 6, , 
2019/2/1, 25, 14, , 
2019/2/2, 41, 17, , 
2019/2/3, 75, 5, , 
2019/2/4, 53, 7, , 
2019/2/6, 27, 4, , 
2019/2/7, 30, 4, , 
2019/2/8, 26, 4, , 
2019/2/9, 16, 8, , 
2019/2/10, 22, 15, , 
2019/2/11, 61, 11, , 
2019/2/12, 66, 6, , 
2019/2/13, 28, 6, , 
2019/2/14, 36, 13, , 1
2019/2/15, 53, 6, , 
2019/2/16, 32, 5, , 
2019/2/17, 27, 6, , 
2019/2/18, 28, 4, , 
2019/2/19, 23, 8, , 1
2019/2/20, 56, 11, , 
2019/2/21, 45, 14, , 
2019/2/22, 66, 19, , 
2019/2/23, 77, 18, , 
2019/2/25, 29, 4, , 
2019/2/26, 16, 5, , 
2019/2/27, 19, 7, , 
2019/2/28, 31, 11, , 
2019/3/1, 46, 10, , 
2019/3/2, 40, 9, , 
2019/3/3, 48, 5, , 
2019/3/4, 22, 9, , 
2019/3/5, 29, 8, , 
2019/3/6, 25, 8, , 
2019/3/7, 30, 10, , 
2019/3/8, 48, 20, , 1
2019/3/9, 68, 17, , 
2019/3/10, 65, 9, , 
2019/3/11, 45, 8, , 
2019/3/12, 33, 10, , 
2019/3/13, 48, 7, , 
2019/3/14, 42, 17, , 
2019/3/15, 25, 3, , 
2019/3/16, 14, 4, , 
2019/3/17, 19, 7, , 
2019/3/18, 37, 10, , 
2019/3/19, 46, 6, , 1
2019/3/20, 34, 12, , 
2019/3/21, 49, 6, , 
2019/3/22, 29, 5, , 
2019/3/23, 23, 7, , 
2019/3/24, 37, 9, , 
2019/3/25, 50, 3, , 
2019/3/26, 14, 4, , 1
2019/3/27, 22, 9, , 
2019/3/28, 37, 8, 31, 
2019/3/29, 35, 4, 33, 
2019/3/30, 24, 8, 35, 
2019/3/31, 19, 3, 34, 2
2019/4/1, 13, 11, 34, 
2018/10/2, 15, 5, 16, 
2018/10/3, 15, 16, 26, 
2018/10/4, 30, 8, 24, 
2018/10/5, 11, , 15, 
2018/10/6, 18, , 11, 
2018/10/7, 21, , 11, 
2018/10/8, 11, , 24, 
2018/10/9, 27, , 27, 
2018/10/10, 35, , 22, 
2018/10/11, 16, 4, 26, 
2018/10/12, 6, 3, 25, 
2018/10/13, 20, 7, 23, 
2018/10/14, 26, 7, 17, 
2018/10/15, 30, 4, 21, 
2018/10/16, 17, 7, 26, 
2018/10/17, 20, 5, 23, 
2018/10/18, 13, 12, , 1
2018/10/19, 23, 11, , 
2018/10/20, 22, 8, , 
2018/10/21, 12, 9, , 1
2018/10/22, 15, 19, , 
2018/10/23, 24, 3, , 
2018/10/24, 17, 8, , 1
2018/10/25, 37, 15, , 
2018/10/26, 44, 14, , 
2018/10/27, 57, 13, , 
2018/10/28, 58, 7, , 
2018/10/29, 75, 7, , 
2018/10/31, 54, 10, , 
2018/11/1, 34, 8, , 1
2018/11/2, 34, 6, , 
2018/11/3, 31, 6, , 
2018/11/4, 29, 5, , 
2018/11/5, 29, 5, , 
2018/11/6, 32, 4, , 
2018/11/7, 18, 4, , 
2018/11/8, 16, 5, , 
2018/11/9, 33, 7, , 
2018/11/10, 38, 4, , 
2018/11/11, 18, 7, , 
2018/11/12, 31, 6, , 
2018/11/13, 37, 5, , 
2018/11/14, 25, 18, , 
2018/11/15, 50, 18, , 1
2018/11/16, 65, 14, , 
2018/11/17, 51, 5, , 
2018/11/18, 29, 5, , 
2018/11/19, 24, 8, , 
2018/11/20, 41, 6, , 
2018/11/21, 35, 10, , 
2018/11/22, 46, 14, , 
2018/11/23, 48, 15, , 
2018/11/24, 58, 5, , 
2018/11/25, 37, 4, , 
2018/11/26, 22, 4, , 
2018/11/27, 16, 4, , 
2018/11/28, 22, 9, , 
2018/11/29, 38, 20, , 
2018/11/30, 70, 17, , 
2018/12/1, 77, 11, , 
2018/12/2, 58, 2, , 
2018/12/3, 11, 2, , 
2018/12/4, 8, 4, , 
2018/12/5, 22, 7, , 
2018/12/6, 35, 7, , 
2018/12/7, 32, 10, , 
2018/12/8, 34, 15, , 
2018/12/9, 53, 18, , 
2018/12/10, 61, 22, , 
2018/12/12, 74, 28, , 
2018/12/13, 87, 30, , 
2018/12/14, 93, 15, , 1
2018/12/15, 82, 10, , 1
2018/12/16, 64, 10, , 1
2018/12/17, 55, 5, , 1
2018/12/18, 27, 8, , 1
2018/12/19, 41, 12, , 
2018/12/20, 58, 16, , 
2018/12/21, 68, 3, , 
2018/12/22, 21, 6, , 
2018/12/23, 33, 8, , 
2018/12/24, 33, 6, , 
2018/12/25, 29, 11, , 
2018/12/26, 56, 15, , 
2018/12/27, 70, 9, , 
2018/12/28, 40, 4, , 
2018/12/29, 17, 3, , 
2018/12/30, 15, 9, , 
2018/12/31, 34, , , 
2018/7/2, 29, , 36, 
2018/7/3, 18, , 49, 2
2018/7/4, 28, , 35, 
2018/7/5, 53, , 33, 
2018/7/6, 34, , 35, 
2018/7/7, 20, , 38, 
2018/7/8, 19, , 41, 
2018/7/9, 23, , 43, 
2018/7/10, 30, , 35, 1
2018/7/11, 30, , 40, 1
2018/7/12, 38, , 39, 1
2018/7/13, 48, , 41, 
2018/7/14, 49, , 37, 
2018/7/15, 27, , 44, 
2018/7/16, 44, , 28, 
2018/7/17, 26, , 27, 
2018/7/18, 20, , 31, 
2018/7/19, 23, , 27, 
2018/7/20, 28, , 28, 
2018/7/21, 19, , 37, 
2018/7/22, 39, , 31, 
2018/7/23, 61, , 39, 2
2018/7/24, 76, , 29, 
2018/7/25, 42, , 29, 
2018/7/26, 22, , 26, 
2018/7/27, 20, , 25, 
2018/7/28, 22, , 30, 
2018/7/29, 28, , 32, 
2018/7/30, 36, , 35, 
2018/7/31, 38, , 40, 1
2018/8/1, 38, , , 
2018/8/3, 27, , 33, 
2018/8/4, 35, , 39, 
2018/8/5, 47, , 42, 
2018/8/6, 50, , 36, 
2018/8/7, 25, , 16, 
2018/8/8, 43, , 31, 2
2018/8/9, 39, , 28, 
2018/8/10, 44, , 29, 
2018/8/11, 48, , 26, 1
2018/8/12, 57, , 34, 
2018/8/13, 74, , 37, 
2018/8/14, 77, , 38, 1
2018/8/15, 74, , 30, 
2018/8/16, 61, , 30, 
2018/8/17, 48, , 32, 
2018/8/18, 54, , 27, 
2018/8/19, 61, , 32, 
2018/8/20, 66, , 29, 
2018/8/21, 64, , 32, 
2018/8/22, 66, , 26, 
2018/8/23, 45, 17, 34, 
2018/8/24, 53, 13, 29, 1
2018/8/25, 49, 15, 32, 
2018/8/26, 61, 14, 33, 
2018/8/27, 54, 22, 32, 
2018/8/28, 64, 9, 30, 
2018/8/29, 28, 6, 23, 
2018/8/30, 20, 8, 29, 
2018/8/31, 26, 9, 35, 
2018/9/1, 32, 6, 29, 
2018/9/2, 20, 7, 25, 
2018/9/3, 20, 5, 16, 
2018/9/4, 18, 12, 25, 
2018/9/5, 25, 9, 21, 
2018/9/6, 20, 10, 24, 
2018/9/7, 22, 6, 23, 
2018/9/8, 18, 8, 23, 
2018/9/9, 20, 5, 25, 
2018/9/10, 13, 5, 32, 
2018/9/11, 21, 9, 33, 
2018/9/12, 24, 11, 38, 
2018/9/13, 31, 12, 42, 
2018/9/14, 26, 14, 37, 1
2018/9/15, 38, 16, 45, 1
2018/9/16, 39, 14, 36, 
2018/9/17, 44, 14, 15, 
2018/9/18, 34, 9, , 
2018/9/20, 29, 11, 32, 
2018/9/21, 30, 6, 25, 
2018/9/22, 13, 4, 28, 1
2018/9/23, 17, 12, 35, 
2018/9/24, 25, 11, 34, 1
2018/9/25, 33, 11, 22, 
2018/9/26, 28, 6, 23, 
2018/9/27, 21, 9, 30, 
2018/9/28, 21, 6, 21, 
2018/9/29, 14, 6, 18, 
2018/9/30, 19, 4, 16, 
2018/10/1, 15, 4, 15, 
2018/4/2, 18, , 33, 
2018/4/3, 28, , 31, 
2018/4/4, 30, , 35, 
2018/4/5, 21, , 36, 
2018/4/6, 28, , 38, 
2018/4/7, 25, , 36, 
2018/4/8, 21, , 40, 
2018/4/9, 24, , 36, 
2018/4/10, 32, , 36, 
2018/4/11, 34, , 37, 
2018/4/12, 45, , 29, 
2018/4/13, 65, , 32, 
2018/4/14, 14, , 34, 
2018/4/15, 10, , 33, 
2018/4/16, 14, , 35, 
2018/4/17, 16, , 36, 
2018/4/18, 15, , , 
2018/4/21, 27, , 42, 
2018/4/22, 43, , 48, 
2018/4/23, 39, , 49, 
2018/4/24, 35, , 53, 1
2018/4/25, 37, , 36, 
2018/4/26, 11, , 43, 
2018/4/27, 31, , 33, 
2018/4/28, 19, , 38, 
2018/4/29, 18, , 42, 
2018/4/30, 25, , 46, 1
2018/5/1, 29, , 42, 
2018/5/2, 33, , 32, 
2018/5/9, 35, , 39, 
2018/5/10, 41, , 34, 
2018/5/11, 23, , 29, 
2018/5/12, 15, , 35, 
2018/5/13, 19, , 28, 
2018/5/14, 29, , 26, 
2018/5/15, 42, , 41, 1
2018/5/16, 34, , 36, 
2018/5/17, 28, , , 
2018/5/23, 29, , 42, 
2018/5/24, 28, , 53, 1
2018/5/25, 34, , 44, 
2018/5/26, 38, , 52, 
2018/5/27, 18, , 53, 1
2018/5/28, 34, , 56, 
2018/5/29, 40, , 65, 1
2018/5/30, 42, , 40, 
2018/5/31, 38, , 45, 
2018/6/1, 26, , 35, 
2018/6/2, 26, , 23, 
2018/6/3, 21, , 27, 
2018/6/4, 13, , 46, 
2018/6/5, 18, , 36, 
2018/6/6, 20, , 32, 
2018/6/7, 23, , 48, 
2018/6/8, 35, , 34, 
2018/6/9, 27, , 45, 
2018/6/10, 38, , 29, 
2018/6/11, 36, , 36, 
2018/6/12, 33, , 32, 
2018/6/13, 50, , 39, 
2018/6/14, 18, , 39, 1
2018/6/15, 20, , 44, 1
2018/6/16, 35, , 37, 
2018/6/17, 49, , 32, 
2018/6/18, 45, , 27, 
2018/6/19, 35, , 16, 
2018/6/20, 36, , 26, 
2018/6/21, 43, , 25, 
2018/6/22, 37, , 29, 
2018/6/23, 27, , 35, 1
2018/6/24, 33, , 35, 
2018/6/25, 40, , 33, 
2018/6/26, 34, , 29, 
2018/6/27, 39, , 39, 
2018/6/28, 34, , 39, 
2018/6/29, 28, , 32, 
2018/6/30, 30, , 31, 
2018/7/1, 40, , 33, 
2018/1/2, 32, , , 1
2018/1/3, 34, , , 1
2018/1/4, 42, , , 1
2018/1/5, 26, , , 1
2018/1/6, 38, , , 1
2018/1/7, 33, , , 2
2018/1/8, 43, , , 
2018/1/9, 46, , , 1
2018/1/10, 60, , , 
2018/1/11, 39, , , 
2018/1/12, 17, , , 1
2018/1/13, 14, , , 2
2018/1/14, 25, , , 1
2018/1/15, 39, , , 1
2018/1/16, 42, , , 1
2018/1/17, 37, , , 1
2018/1/18, 44, , , 
2018/1/19, 47, , , 
2018/1/20, 45, , , 
2018/1/21, 55, , , 
2018/1/22, 72, , , 
2018/1/23, 13, , , 
2018/1/24, 20, , , 
2018/1/25, 25, , , 
2018/1/26, 54, , , 
2018/1/27, 37, , , 
2018/1/28, 29, , , 
2018/1/29, 38, , , 
2018/1/30, 21, , , 1
2018/1/31, 27, , , 
2018/2/1, 28, , , 1
2018/2/2, 176, , , 
2018/2/3, 21, , , 
2018/2/4, 31, , , 
2018/2/5, 18, , , 
2018/2/6, 24, , , 
2018/2/7, 42, , , 
2018/2/8, 52, , , 
2018/2/9, 46, , , 
2018/2/10, 51, , , 
2018/2/11, 44, , , 1
2018/2/12, 54, , , 
2018/2/13, 41, , , 
2018/2/14, 59, , , 
2018/2/15, 71, , , 
2018/2/16, 55, , , 
2018/2/17, 24, , , 
2018/2/24, 31, , , 
2018/2/25, 42, , , 
2018/2/26, 19, , , 
2018/2/27, 27, , , 
2018/2/28, 23, , , 
2018/3/1, 47, , 33, 
2018/3/2, 20, , 35, 1
2018/3/3, 26, , 34, 
2018/3/4, 21, , 35, 
2018/3/5, 16, , 29, 
2018/3/6, 18, , 30, 
2018/3/7, 33, , 34, 
2018/3/8, 16, , 36, 
2018/3/9, 19, , 37, 
2018/3/10, 31, , 39, 
2018/3/11, 46, , 41, 
2018/3/12, 43, , 37, 1
2018/3/13, 38, , 35, 
2018/3/14, 20, , 36, 
2018/3/15, 24, , 39, 
2018/3/16, 34, , 31, 
2018/3/17, 15, , 36, 
2018/3/18, 29, , 42, 1
2018/3/19, 46, , 35, 
2018/3/20, 21, , 31, 
2018/3/21, 13, , 35, 
2018/3/22, 18, , 38, 
2018/3/23, 26, , 36, 
2018/3/24, 24, , 33, 
2018/3/25, 14, , 36, 
2018/3/26, 13, , 31, 
2018/3/27, 35, , 26, 
2018/3/28, 31, , 31, 
2018/3/29, 53, , 35, 
2018/3/30, 27, , 34, 
2018/3/31, 17, , 32, 
2018/4/1, 20, , 35, 
2017/10/2, 21, , , 
2017/10/8, 45, , 33, 1
2017/10/9, 17, , 26, 
2017/10/10, 32, , 19, 
2017/10/11, 19, , 20, 1
2017/10/12, 15, , 24, 1
2017/10/13, 22, , 16, 1
2017/10/14, 40, , 18, 1
2017/10/15, 31, , 26, 1
2017/10/16, 12, , 26, 1
2017/10/17, 22, , 33, 
2017/10/18, 23, , 20, 1
2017/10/19, 27, , , 
2017/10/20, 26, , , 
2017/10/21, 47, , , 
2017/10/22, 46, , , 1
2017/10/23, 23, , , 1
2017/10/24, 18, , , 
2017/10/25, 19, , , 
2017/10/26, 22, , , 2
2017/10/27, 30, , , 
2017/10/28, 16, , , 
2017/10/29, 14, , , 
2017/10/30, 22, , , 
2017/10/31, 25, , , 1
2017/11/1, 17, , , 1
2017/11/2, 36, , , 
2017/11/3, 45, , , 1
2017/11/4, 28, , , 1
2017/11/5, 22, , , 
2017/11/6, 23, , , 1
2017/11/7, 28, , , 1
2017/11/8, 9, , , 1
2017/11/9, 14, , , 1
2017/11/10, 13, , , 1
2017/11/11, 17, , , 1
2017/11/12, 11, , , 
2017/11/13, 9, , , 1
2017/11/14, 54, , , 1
2017/11/15, 61, , , 1
2017/11/16, 32, , , 1
2017/11/17, 11, , , 1
2017/11/18, 39, , , 
2017/11/19, 25, , , 
2017/11/20, 28, , , 
2017/11/21, 21, , , 
2017/11/22, 18, , , 
2017/11/24, 33, , , 
2017/11/25, 26, , , 
2017/11/26, 16, , , 1
2017/11/27, 26, , , 2
2017/11/28, 46, , , 1
2017/11/29, 30, , , 1
2017/11/30, 16, , , 
2017/12/1, 16, , , 1
2017/12/2, 19, , , 2
2017/12/3, 36, , , 2
2017/12/4, 66, , , 2
2017/12/5, 44, , , 
2017/12/6, 15, , , 
2017/12/7, 11, , , 1
2017/12/8, 14, , , 
2017/12/9, 21, , , 
2017/12/10, 25, , , 
2017/12/11, 24, , , 1
2017/12/12, 41, , , 1
2017/12/13, 13, , , 
2017/12/14, 21, , , 1
2017/12/15, 13, , , 
2017/12/16, 21, , , 
2017/12/17, 28, , , 1
2017/12/18, 66, , , 
2017/12/19, 72, , , 
2017/12/20, 17, , , 1
2017/12/21, 18, , , 
2017/12/22, 39, , , 
2017/12/23, 53, , , 
2017/12/24, 41, , , 
2017/12/25, 16, , , 1
2017/12/26, 18, , , 1
2017/12/27, 21, , , 2
2017/12/28, 37, , , 1
2017/12/29, 45, , , 1
2017/12/30, 54, , , 1
2017/12/31, 36, , , 1
2018/1/1, 24, , , 1
2017/7/2, 19, , 33, 1
2017/7/3, 26, , 36, 1
2017/7/4, 32, , 44, 1
2017/7/5, 37, , 43, 1
2017/7/6, 50, , 41, 
2017/7/7, 34, , 29, 1
2017/7/8, 24, , 27, 1
2017/7/9, 20, , 36, 1
2017/7/10, 23, , 44, 1
2017/7/11, 19, , 38, 
2017/7/12, 34, , 33, 1
2017/7/13, 25, , 27, 1
2017/7/14, 24, , 19, 1
2017/7/15, 17, , 29, 
2017/7/16, 17, , 27, 
2017/7/17, 37, , 32, 1
2017/7/18, 26, , 36, 1
2017/7/19, 34, , 35, 
2017/7/20, 32, , 35, 1
2017/7/21, 16, , 35, 1
2017/7/22, 44, , 38, 
2017/7/23, 33, , 35, 1
2017/7/24, 31, , 31, 
2017/7/25, 21, , 35, 1
2017/7/26, 25, , 30, 1
2017/7/27, 34, , 30, 1
2017/7/28, 31, , 27, 1
2017/7/29, 27, , 27, 1
2017/7/30, 27, , 1, 
2017/7/31, 50, , , 
2017/8/2, 36, , 37, 1
2017/8/3, 43, , 33, 1
2017/8/4, 25, , 24, 1
2017/8/5, 16, , 27, 
2017/8/6, 20, , 28, 1
2017/8/7, 27, , 28, 1
2017/8/8, 21, , 34, 1
2017/8/9, 29, , 36, 1
2017/8/10, 34, , 36, 1
2017/8/11, 35, , 28, 1
2017/8/12, 20, , 28, 1
2017/8/13, 29, , 26, 1
2017/8/14, 42, , 34, 1
2017/8/15, 37, , 35, 1
2017/8/16, 38, , 39, 1
2017/8/17, 39, , 26, 1
2017/8/18, 18, , 27, 1
2017/8/19, 36, , 33, 1
2017/8/20, 52, , 35, 1
2017/8/21, 47, , 30, 
2017/8/22, 47, , 30, 
2017/8/23, 21, , 25, 
2017/8/24, 27, , 30, 1
2017/8/25, 22, , 33, 1
2017/8/26, 21, , 34, 1
2017/8/27, 36, , 30, 
2017/8/28, 47, , 28, 1
2017/8/29, 40, , 39, 1
2017/8/30, 46, , 34, 1
2017/8/31, 37, , 22, 1
2017/9/1, 61, , 29, 1
2017/9/2, 17, , 8, 1
2017/9/3, 31, , , 
2017/9/4, 50, , , 
2017/9/5, 70, , 23, 
2017/9/6, 28, , , 
2017/9/11, 37, , 37, 1
2017/9/12, 34, , 48, 
2017/9/13, 43, , 55, 
2017/9/14, 45, , 48, 
2017/9/15, 49, , 44, 2
2017/9/16, 39, , 40, 
2017/9/17, 57, , 29, 1
2017/9/18, 32, , 33, 1
2017/9/19, 17, , 43, 
2017/9/20, 30, , 36, 
2017/9/21, 50, , 29, 1
2017/9/22, 30, , 31, 
2017/9/23, 48, , 45, 
2017/9/24, 56, , 50, 1
2017/9/25, 57, , 41, 
2017/9/26, 50, , 31, 
2017/9/27, 28, , 20, 1
2017/9/28, 19, , 30, 1
2017/9/29, 16, , 24, 1
2017/9/30, 21, , 31, 1
2017/10/1, 17, , 21, 1
2017/4/2, 36, , 33, 
2017/4/3, 42, , 28, 
2017/4/4, 39, , 35, 
2017/4/5, 26, , 30, 
2017/4/6, 14, , 35, 
2017/4/7, 14, , 38, 
2017/4/8, 20, , 44, 1
2017/4/9, 33, , 41, 1
2017/4/10, 44, , 42, 
2017/4/11, 37, , 24, 
2017/4/12, 13, , 37, 
2017/4/13, 29, , 41, 
2017/4/14, 24, , 36, 1
2017/4/15, 44, , 42, 
2017/4/16, 43, , 39, 
2017/4/17, 11, , 40, 
2017/4/18, 16, , 48, 1
2017/4/19, 19, , 27, 
2017/4/20, 23, , 26, 
2017/4/21, 11, , 34, 
2017/4/22, 16, , 39, 1
2017/4/23, 31, , 47, 
2017/4/24, 39, , 52, 1
2017/4/25, 23, , 47, 1
2017/4/26, 27, , 25, 1
2017/4/27, 31, , 23, 
2017/4/28, 10, , 30, 
2017/4/29, 13, , 36, 
2017/4/30, 15, , 31, 
2017/5/1, 8, , 27, 
2017/5/2, 9, , 36, 
2017/5/3, 11, , 39, 1
2017/5/4, 18, , 42, 1
2017/5/5, 22, , 37, 1
2017/5/6, 15, , 33, 
2017/5/7, 15, , 37, 
2017/5/8, 19, , 42, 
2017/5/9, 18, , 35, 
2017/5/10, 18, , 34, 1
2017/5/11, 44, , 44, 
2017/5/12, 50, , 44, 
2017/5/19, 13, , 30, 
2017/5/20, 14, , 26, 
2017/5/21, 22, , 27, 
2017/5/22, 20, , 34, 
2017/5/23, 19, , 34, 
2017/5/24, 23, , 25, 
2017/5/25, 19, , 41, 
2017/5/26, 37, , 36, 
2017/5/27, 48, , 40, 
2017/5/28, 39, , 38, 1
2017/5/29, 25, , 30, 
2017/5/30, 20, , 32, 
2017/5/31, 14, , 35, 
2017/6/1, 17, , 40, 
2017/6/2, 24, , 53, 1
2017/6/3, 40, , 48, 1
2017/6/4, 41, , 53, 
2017/6/5, 27, , 35, 1
2017/6/6, 31, , 37, 1
2017/6/7, 14, , 43, 1
2017/6/8, 21, , 47, 1
2017/6/9, 22, , 47, 1
2017/6/10, 43, , 48, 1
2017/6/11, 46, , 47, 1
2017/6/12, 43, , 40, 1
2017/6/13, 43, , 44, 
2017/6/14, 19, , 35, 1
2017/6/15, 31, , 46, 1
2017/6/16, 21, , 53, 1
2017/6/17, 16, , 38, 
2017/6/18, 16, , 28, 
2017/6/19, 16, , 29, 
2017/6/20, 12, , 35, 
2017/6/21, 14, , 46, 1
2017/6/22, 23, , 30, 1
2017/6/23, 33, , 36, 1
2017/6/24, 21, , 27, 
2017/6/25, 15, , 18, 
2017/6/26, 16, , 22, 
2017/6/27, 16, , 30, 
2017/6/28, 20, , 41, 1
2017/6/29, 23, , 33, 
2017/6/30, 17, , 40, 
2017/7/1, 14, , 34, 1
2017/1/3, 61, , , 
2017/1/4, 48, , , 
2017/1/5, 21, , , 
2017/1/6, 33, , , 
2017/1/7, 47, , , 1
2017/1/8, 36, , , 
2017/1/9, 27, , , 
2017/1/10, 51, , , 
2017/1/11, 38, , , 
2017/1/12, 50, , , 
2017/1/13, 27, , , 1
2017/1/14, 37, , , 
2017/1/15, 73, , , 1
2017/1/16, 71, , , 
2017/1/17, 62, , , 
2017/1/18, 29, , , 
2017/1/19, 34, , , 
2017/1/20, 60, , , 
2017/1/21, 32, , , 
2017/1/22, 41, , , 
2017/1/23, 41, , , 
2017/1/24, 30, , , 
2017/1/25, 22, , , 
2017/1/26, 14, , , 
2017/1/27, 13, , , 
2017/1/28, 28, , , 
2017/1/29, 49, , , 
2017/1/30, 17, , , 
2017/1/31, 21, , , 
2017/2/1, 36, , , 1
2017/2/2, 24, , , 
2017/2/3, 24, , , 
2017/2/4, 28, , , 1
2017/2/5, 28, , , 1
2017/2/6, 46, , , 1
2017/2/7, 70, , , 
2017/2/8, 54, , , 
2017/2/9, 20, , , 
2017/2/10, 26, , , 1
2017/2/11, 41, , , 
2017/2/12, 53, , , 
2017/2/13, 33, , 31, 
2017/2/14, 19, , 38, 1
2017/2/15, 17, , 34, 1
2017/2/16, 17, , 26, 
2017/2/17, 28, , 29, 1
2017/2/18, 55, , 29, 
2017/2/19, 28, , 32, 1
2017/2/20, 48, , 29, 1
2017/2/21, 70, , 24, 
2017/2/22, 27, , 30, 
2017/2/23, 30, , 27, 
2017/2/24, 20, , 28, 
2017/2/25, 10, , 30, 
2017/2/26, 28, , 29, 
2017/2/27, 24, , 30, 
2017/2/28, 41, , 17, 
2017/3/1, 54, , 31, 
2017/3/2, 19, , 33, 
2017/3/3, 23, , 35, 1
2017/3/4, 26, , 27, 
2017/3/5, 44, , 27, 
2017/3/6, 48, , 27, 
2017/3/7, 30, , 34, 
2017/3/8, 19, , 34, 
2017/3/9, 11, , 32, 1
2017/3/10, 15, , 32, 
2017/3/11, 21, , 32, 
2017/3/12, 18, , 32, 
2017/3/13, 22, , 32, 
2017/3/14, 21, , 34, 
2017/3/15, 21, , 36, 
2017/3/16, 28, , 38, 
2017/3/17, 47, , 28, 
2017/3/18, 49, , 25, 
2017/3/19, 18, , 30, 
2017/3/20, 29, , 31, 
2017/3/21, 41, , 36, 
2017/3/22, 27, , 35, 
2017/3/23, 18, , 28, 
2017/3/24, 33, , 22, 1
2017/3/25, 48, , 23, 
2017/3/26, 23, , 15, 
2017/3/27, 21, , 13, 
2017/3/28, 22, , 34, 
2017/3/29, 32, , 27, 
2017/3/30, 30, , 27, 
2017/3/31, 17, , 34, 
2017/4/1, 18, , 40, 1
2016/10/2, 12, , 16, 
2016/10/3, 24, , 28, 
2016/10/4, 28, , 32, 
2016/10/5, 36, , 30, 
2016/10/6, 38, , 22, 
2016/10/7, 29, , 28, 
2016/10/8, 12, , 20, 
2016/10/9, 18, , , 
2016/10/12, 39, , 26, 
2016/10/13, 32, , 21, 
2016/10/14, 19, , 28, 
2016/10/15, 23, , 18, 
2016/10/16, 42, , 17, 
2016/10/17, 34, , 17, 
2016/10/18, 35, , , 
2016/10/19, 20, , , 
2016/10/20, 25, , , 
2016/10/21, 26, , , 
2016/10/22, 19, , , 
2016/10/23, 36, , , 
2016/10/24, 46, , , 
2016/10/25, 22, , , 
2016/10/26, 37, , , 
2016/10/27, 18, , , 
2016/10/28, 21, , , 
2016/10/29, 44, , , 
2016/10/30, 40, , , 
2016/10/31, 24, , , 
2016/11/1, 26, , , 
2016/11/2, 44, , , 
2016/11/3, 36, , , 
2016/11/4, 30, , , 
2016/11/5, 31, , , 
2016/11/6, 48, , , 
2016/11/7, 56, , , 1
2016/11/8, 47, , , 
2016/11/9, 33, , , 
2016/11/10, 17, , , 
2016/11/11, 22, , , 
2016/11/12, 20, , , 
2016/11/13, 29, , , 
2016/11/14, 26, , , 
2016/11/15, 33, , , 
2016/11/16, 37, , , 
2016/11/19, 5, , , 
2016/11/20, 13, , , 
2016/11/21, 21, , , 
2016/11/22, 34, , , 
2016/11/23, 40, , , 
2016/11/24, 33, , , 
2016/11/25, 25, , , 
2016/11/26, 28, , , 
2016/11/27, 19, , , 
2016/11/28, 57, , , 
2016/11/29, 24, , , 
2016/11/30, 28, , , 
2016/12/1, 15, , , 
2016/12/2, 17, , , 
2016/12/3, 19, , , 
2016/12/4, 26, , , 
2016/12/5, 42, , , 
2016/12/6, 45, , , 
2016/12/7, 41, , , 
2016/12/8, 26, , , 
2016/12/9, 23, , , 
2016/12/10, 19, , , 
2016/12/11, 35, , , 
2016/12/12, 57, , , 
2016/12/13, 58, , , 
2016/12/14, 45, , , 
2016/12/15, 28, , , 
2016/12/16, 27, , , 
2016/12/17, 44, , , 
2016/12/18, 40, , , 
2016/12/19, 27, , , 
2016/12/20, 40, , , 
2016/12/21, 31, , , 
2016/12/22, 47, , , 
2016/12/23, 34, , , 
2016/12/24, 43, , , 
2016/12/25, 45, , , 
2016/12/26, 45, , , 
2016/12/27, 16, , , 
2016/12/28, 22, , , 
2016/12/29, 34, , , 
2016/12/30, 19, , , 
2016/12/31, 20, , , 
2017/1/1, 33, , , 
2017/1/2, 45, , , 
2016/7/2, 22, , 34, 
2016/7/3, 21, , 40, 
2016/7/4, 41, , 35, 
2016/7/5, 53, , 32, 
2016/7/6, 22, , 33, 
2016/7/7, 19, , 37, 1
2016/7/8, 29, , 32, 1
2016/7/9, 16, , 28, 
2016/7/10, 24, , 33, 
2016/7/11, 31, , 35, 
2016/7/12, 40, , 36, 
2016/7/13, 23, , 30, 
2016/7/14, 37, , 25, 
2016/7/15, 20, , 20, 
2016/7/16, 22, , 29, 
2016/7/17, 29, , 33, 
2016/7/18, 21, , 30, 
2016/7/19, 22, , 37, 
2016/7/20, 37, , 32, 
2016/7/21, 23, , 35, 
2016/7/22, 33, , 33, 
2016/7/23, 21, , 26, 
2016/7/24, 27, , 28, 
2016/7/25, 34, , 24, 
2016/7/26, 23, , 34, 
2016/7/27, 28, , 34, 
2016/7/28, 32, , 23, 
2016/7/29, 41, , 20, 
2016/7/30, 27, , 23, 
2016/7/31, 23, , 32, 
2016/8/1, 33, , 38, 
2016/8/2, 35, , 35, 
2016/8/3, 38, , 35, 
2016/8/4, 51, , 36, 
2016/8/5, 43, , 30, 
2016/8/6, 20, , 24, 
2016/8/7, 18, , 22, 
2016/8/8, 20, , 34, 
2016/8/9, 24, , 35, 
2016/8/10, 31, , 36, 
2016/8/11, 56, , 27, 
2016/8/12, 42, , 29, 
2016/8/13, 19, , 26, 
2016/8/14, 13, , 27, 
2016/8/15, 22, , 35, 
2016/8/16, 32, , 36, 
2016/8/17, 42, , 34, 
2016/8/18, 18, , 37, 
2016/8/19, 25, , 32, 
2016/8/20, 19, , 24, 
2016/8/21, 16, , 19, 
2016/8/22, 12, , 25, 
2016/8/23, 20, , 34, 
2016/8/24, 25, , 32, 
2016/8/25, 29, , 28, 
2016/8/26, 24, , 28, 
2016/8/27, 22, , 20, 
2016/8/28, 25, , 24, 
2016/8/29, 26, , 32, 
2016/8/30, 29, , 28, 
2016/8/31, 36, , 23, 
2016/9/1, 25, , 23, 
2016/9/2, 16, , 29, 
2016/9/3, 14, , 34, 
2016/9/4, 25, , 33, 
2016/9/5, 29, , 33, 
2016/9/6, 41, , 25, 
2016/9/7, 36, , 22, 
2016/9/8, 15, , 26, 
2016/9/9, 16, , 21, 
2016/9/10, 28, , 22, 
2016/9/11, 20, , 24, 
2016/9/12, 17, , 30, 
2016/9/13, 22, , 24, 
2016/9/14, 32, , 20, 
2016/9/15, 28, , 36, 
2016/9/16, 25, , 24, 
2016/9/17, 33, , 24, 
2016/9/18, 17, , 26, 
2016/9/19, 16, , 25, 
2016/9/20, 23, , 34, 
2016/9/21, 16, , 25, 
2016/9/22, 26, , 21, 
2016/9/23, 45, , 18, 
2016/9/24, 28, , 22, 
2016/9/25, 24, , 28, 
2016/9/26, 46, , 25, 
2016/9/27, 14, , 21, 
2016/9/28, 15, , 13, 
2016/9/29, 15, , 29, 
2016/9/30, 24, , 15, 
2016/10/1, 25, , 18, 
2016/4/2, 14, , , 
2016/4/3, 21, , , 
2016/4/4, 29, , , 
2016/4/5, 23, , , 
2016/4/6, 27, , , 
2016/4/7, 47, , , 
2016/4/8, 18, , , 
2016/4/9, 15, , , 
2016/4/10, 20, , , 
2016/4/11, 32, , , 
2016/4/12, 26, , , 
2016/4/13, 29, , , 
2016/4/14, 38, , 39, 
2016/4/15, 50, , 51, 
2016/4/16, 49, , 59, 
2016/4/17, 54, , 58, 
2016/4/18, 57, , 53, 
2016/4/19, 48, , 25, 
2016/4/20, 32, , 37, 1
2016/4/21, 36, , 35, 
2016/4/22, 18, , 27, 
2016/4/23, 29, , 36, 
2016/4/24, 26, , 38, 
2016/4/25, 51, , 40, 
2016/4/26, 38, , 26, 
2016/4/27, 29, , 32, 
2016/4/28, 23, , 29, 
2016/4/29, 30, , 31, 
2016/4/30, 33, , 28, 
2016/5/1, 44, , 34, 
2016/5/2, 18, , 31, 
2016/5/3, 24, , 40, 
2016/5/4, 23, , 33, 
2016/5/5, 16, , 32, 
2016/5/6, 18, , 43, 
2016/5/7, 25, , 32, 
2016/5/8, 25, , , 
2016/5/10, 51, , 24, 
2016/5/11, 22, , 26, 
2016/5/12, 53, , 24, 
2016/5/13, 33, , 26, 
2016/5/14, 24, , 26, 
2016/5/15, 13, , 34, 
2016/5/16, 20, , 35, 
2016/5/17, 25, , 34, 
2016/5/18, 13, , 41, 
2016/5/19, 22, , 46, 
2016/5/20, 41, , 15, 
2016/5/21, 32, , , 
2016/5/24, 43, , 47, 
2016/5/25, 39, , 46, 
2016/5/26, 42, , 52, 
2016/5/27, 19, , 33, 
2016/5/28, 29, , 39, 
2016/5/29, 20, , 38, 
2016/6/2, 14, , 34, 
2016/6/3, 13, , 44, 
2016/6/4, 25, , 43, 
2016/6/5, 22, , 36, 
2016/6/6, 16, , 33, 
2016/6/7, 17, , 28, 
2016/6/8, 14, , 37, 
2016/6/9, 22, , 34, 
2016/6/10, 27, , 49, 
2016/6/11, 41, , 42, 
2016/6/12, 22, , 33, 
2016/6/13, 16, , 49, 
2016/6/14, 24, , 55, 
2016/6/15, 46, , 41, 
2016/6/16, 17, , 33, 
2016/6/17, 25, , 46, 
2016/6/18, 35, , 52, 
2016/6/19, 44, , 60, 
2016/6/20, 52, , 42, 
2016/6/21, 34, , 38, 
2016/6/22, 18, , 35, 
2016/6/23, 29, , 36, 
2016/6/24, 45, , 53, 
2016/6/25, 36, , 44, 
2016/6/26, 46, , 35, 
2016/6/27, 18, , 33, 
2016/6/28, 19, , 32, 
2016/6/29, 18, , 34, 
2016/6/30, 20, , 40, 
2016/7/1, 27, , 25, 
2016/1/5, 25, , , 
2016/1/6, 42, , , 
2016/1/7, 54, , , 
2016/1/8, 61, , , 
2016/1/9, 71, , , 
2016/1/12, 57, , , 
2016/1/13, 49, , , 
2016/1/14, 47, , , 
2016/1/15, 68, , , 
2016/1/16, 64, , , 
2016/1/17, 34, , , 
2016/1/18, 26, , , 
2016/1/19, 37, , , 
2016/1/20, 48, , , 
2016/1/21, 55, , , 
2016/1/22, 65, , , 
2016/1/23, 46, , , 
2016/1/24, 40, , , 
2016/1/25, 60, , , 
2016/1/26, 79, , , 
2016/1/27, 43, , , 
2016/1/28, 26, , , 
2016/1/29, 33, , , 
2016/1/30, 30, , , 
2016/1/31, 52, , , 
2016/2/1, 57, , , 
2016/2/2, 52, , , 
2016/2/3, 61, , , 
2016/2/4, 29, , , 
2016/2/5, 30, , , 
2016/2/6, 61, , , 
2016/2/7, 58, , , 
2016/2/8, 25, , , 
2016/2/9, 25, , , 
2016/2/10, 25, , , 
2016/2/11, 25, , , 
2016/2/12, 28, , , 
2016/2/13, 31, , , 1
2016/2/14, 31, , , 
2016/2/15, 40, , , 
2016/2/16, 65, , , 
2016/2/17, 69, , , 
2016/2/18, 23, , , 1
2016/2/19, 56, , , 
2016/2/20, 26, , , 
2016/2/21, 22, , , 
2016/2/22, 32, , , 
2016/2/23, 47, , , 
2016/2/24, 65, , , 
2016/2/25, 53, , , 178
2016/2/26, 18, , , 1
2016/2/27, 29, , , 
2016/2/28, 36, , , 
2016/2/29, 26, , , 
2016/3/1, 22, , , 
2016/3/2, 23, , , 
2016/3/3, 37, , , 
2016/3/4, 61, , , 
2016/3/5, 70, , , 
2016/3/6, 54, , , 
2016/3/7, 45, , , 
2016/3/8, 48, , , 
2016/3/9, 37, , , 
2016/3/10, 31, , , 
2016/3/11, 27, , , 
2016/3/12, 50, , , 
2016/3/13, 62, , , 
2016/3/14, 45, , , 
2016/3/15, 44, , , 
2016/3/16, 55, , , 
2016/3/17, 17, , , 
2016/3/18, 18, , , 
2016/3/19, 27, , , 
2016/3/20, 24, , , 
2016/3/21, 23, , , 
2016/3/22, 33, , , 
2016/3/23, 58, , , 
2016/3/24, 29, , , 
2016/3/25, 23, , , 1
2016/3/26, 41, , , 
2016/3/27, 59, , , 
2016/3/28, 54, , , 
2016/3/29, 23, , , 
2016/3/30, 37, , , 
2016/3/31, 36, , , 
2016/4/1, 18, , , 
2015/10/2, 12, , 21, 
2015/10/3, 8, , 19, 
2015/10/4, 13, , 17, 
2015/10/5, 12, , 10, 
2015/10/6, 30, , 23, 
2015/10/7, 28, , 24, 
2015/10/8, 22, , 26, 
2015/10/9, 27, , 21, 
2015/10/10, 24, , 28, 
2015/10/11, 18, , 38, 
2015/10/12, 25, , 29, 
2015/10/13, 20, , 19, 
2015/10/14, 12, , 25, 
2015/10/15, 17, , 31, 
2015/10/16, 21, , 22, 
2015/10/17, 12, , , 
2015/10/18, 16, , , 
2015/10/19, 63, , , 
2015/10/20, 22, , , 
2015/10/21, 34, , , 
2015/10/22, 39, , , 
2015/10/23, 21, , , 
2015/10/24, 19, , , 
2015/10/25, 9, , , 
2015/10/26, 28, , , 
2015/10/27, 50, , , 
2015/11/3, 19, , , 
2015/11/4, 32, , , 
2015/11/5, 41, , , 
2015/11/6, 36, , , 
2015/11/7, 15, , , 
2015/11/8, 28, , , 
2015/11/9, 43, , , 
2015/11/10, 47, , , 1
2015/11/11, 60, , , 
2015/11/12, 55, , , 
2015/11/13, 24, , , 
2015/11/14, 19, , , 
2015/11/15, 37, , , 
2015/11/16, 30, , , 
2015/11/17, 28, , , 
2015/11/18, 22, , , 
2015/11/19, 16, , , 
2015/11/20, 13, , , 
2015/11/21, 15, , , 
2015/11/22, 16, , , 
2015/11/23, 36, , , 
2015/11/24, 43, , , 1
2015/11/25, 52, , , 
2015/11/26, 51, , , 
2015/11/28, 14, , , 
2015/11/29, 28, , , 
2015/11/30, 47, , , 
2015/12/1, 44, , , 
2015/12/2, 26, , , 
2015/12/3, 37, , , 
2015/12/4, 42, , , 1
2015/12/5, 54, , , 1
2015/12/6, 56, , , 
2015/12/7, 71, , , 
2015/12/8, 65, , , 
2015/12/9, 64, , , 
2015/12/10, 49, , , 
2015/12/11, 14, , , 
2015/12/12, 26, , , 
2015/12/13, 60, , , 
2015/12/14, 17, , , 
2015/12/15, 13, , , 
2015/12/16, 16, , , 
2015/12/17, 25, , , 
2015/12/18, 22, , , 
2015/12/19, 29, , , 
2015/12/20, 27, , , 
2015/12/21, 33, , , 
2015/12/22, 36, , , 
2015/12/23, 41, , , 
2015/12/24, 36, , , 
2015/12/25, 31, , , 
2015/12/26, 29, , , 
2015/12/27, 28, , , 
2015/12/28, 19, , , 
2015/12/29, 14, , , 
2015/12/30, 27, , , 
2015/12/31, 40, , , 
2016/1/1, 53, , , 
2016/1/4, 25, , , 
2015/7/2, 17, , 29, 
2015/7/3, 24, , 34, 
2015/7/4, 22, , 40, 
2015/7/5, 48, , 43, 
2015/7/6, 61, , 31, 
2015/7/7, 50, , 27, 
2015/7/8, 93, , 33, 
2015/7/9, 21, , 41, 
2015/7/10, 34, , 43, 
2015/7/11, 34, , 41, 
2015/7/12, 41, , 35, 
2015/7/13, 42, , 38, 
2015/7/14, 14, , 29, 
2015/7/15, 16, , 34, 
2015/7/16, 17, , 30, 1
2015/7/17, 21, , 35, 
2015/7/18, 26, , 39, 
2015/7/19, 18, , 28, 
2015/7/20, 13, , 30, 
2015/7/21, 12, , 28, 2
2015/7/22, 14, , 37, 
2015/7/23, 17, , 41, 
2015/7/24, 18, , 41, 
2015/7/25, 34, , 36, 
2015/7/26, 31, , 29, 1
2015/7/27, 27, , 45, 
2015/7/28, 37, , 38, 1
2015/7/29, 34, , 30, 
2015/7/30, 11, , 33, 
2015/7/31, 13, , 32, 
2015/8/1, 10, , 34, 
2015/8/2, 14, , 38, 
2015/8/3, 11, , 32, 
2015/8/4, 12, , 29, 
2015/8/5, 10, , 45, 
2015/8/6, 12, , 43, 
2015/8/7, 18, , 32, 1
2015/8/8, 38, , 25, 
2015/8/9, 27, , 34, 
2015/8/10, 44, , 28, 
2015/8/11, 29, , 27, 1
2015/8/12, 19, , 28, 
2015/8/13, 15, , 35, 
2015/8/14, 15, , 37, 
2015/8/15, 22, , 38, 
2015/8/16, 23, , 39, 
2015/8/17, 42, , 35, 
2015/8/18, 39, , 39, 
2015/8/19, 23, , 24, 
2015/8/20, 11, , 28, 
2015/8/21, 7, , 38, 
2015/8/22, 14, , 40, 
2015/8/23, 23, , 32, 
2015/8/24, 42, , 30, 
2015/8/25, 7, , 25, 
2015/8/26, 12, , 28, 
2015/8/27, 15, , 32, 
2015/8/28, 19, , 21, 
2015/8/29, 50, , 28, 
2015/8/30, 30, , 37, 
2015/8/31, 28, , 33, 
2015/9/1, 38, , 43, 
2015/9/2, 62, , 40, 
2015/9/3, 59, , 38, 
2015/9/4, 39, , 36, 
2015/9/5, 30, , 33, 
2015/9/6, 40, , 38, 
2015/9/7, 54, , 29, 
2015/9/8, 21, , 27, 
2015/9/9, 11, , 35, 
2015/9/10, 13, , 28, 
2015/9/11, 16, , 20, 
2015/9/12, 10, , 27, 
2015/9/13, 13, , 30, 
2015/9/14, 17, , 37, 
2015/9/15, 18, , 42, 
2015/9/16, 32, , 43, 
2015/9/17, 48, , 34, 
2015/9/18, 44, , 28, 
2015/9/19, 12, , 25, 
2015/9/20, 20, , 28, 
2015/9/21, 30, , 34, 1
2015/9/22, 26, , 35, 1
2015/9/23, 28, , 48, 1
2015/9/24, 40, , 43, 1
2015/9/25, 43, , 42, 
2015/9/26, 49, , 42, 
2015/9/27, 41, , 26, 
2015/9/28, 46, , 27, 
2015/9/29, 25, , 24, 
2015/9/30, 15, , 21, 
2015/10/1, 12, , 25, 
2015/4/2, 25, , , 
2015/4/3, 23, , , 
2015/4/4, 17, , , 
2015/4/5, 19, , , 
2015/4/6, 31, , 27, 
2015/4/7, 39, , 28, 
2015/4/8, 40, , 26, 
2015/4/9, 38, , 16, 
2015/4/10, 20, , 30, 
2015/4/11, 17, , 41, 
2015/4/12, 26, , 40, 
2015/4/13, 28, , 39, 
2015/4/14, 23, , 41, 
2015/4/15, 19, , 43, 
2015/4/16, 22, , 47, 
2015/4/17, 28, , 44, 
2015/4/18, 32, , 39, 
2015/4/19, 26, , 47, 1
2015/4/20, 19, , 27, 
2015/4/21, 17, , 30, 
2015/4/22, 11, , 33, 
2015/4/23, 11, , 39, 
2015/4/24, 10, , 35, 
2015/4/25, 39, , 37, 
2015/4/26, 24, , 34, 
2015/4/27, 17, , 39, 
2015/4/28, 19, , 40, 
2015/4/29, 14, , 39, 
2015/4/30, 24, , 35, 
2015/5/1, 10, , 42, 
2015/5/2, 16, , 54, 
2015/5/3, 25, , 47, 
2015/5/4, 33, , 44, 
2015/5/5, 26, , 29, 
2015/5/6, 28, , 39, 
2015/5/7, 58, , 49, 
2015/5/8, 51, , 29, 
2015/5/9, 17, , 25, 
2015/5/10, 17, , 14, 
2015/5/11, 17, , 23, 
2015/5/12, 20, , 27, 
2015/5/13, 8, , 40, 
2015/5/14, 12, , 32, 
2015/5/15, 20, , 29, 
2015/5/16, 31, , 26, 
2015/5/17, 36, , , 
2015/5/19, 11, , 32, 
2015/5/20, 10, , 28, 
2015/5/21, 15, , 42, 
2015/5/22, 19, , 40, 
2015/5/23, 16, , 52, 1
2015/5/24, 22, , 36, 
2015/5/25, 64, , 42, 
2015/5/26, 67, , 37, 
2015/5/27, 16, , 38, 
2015/5/28, 16, , 47, 
2015/5/29, 30, , 34, 
2015/5/30, 30, , 21, 
2015/5/31, 10, , 25, 1
2015/6/1, 9, , 36, 
2015/6/2, 13, , 54, 
2015/6/3, 15, , 47, 
2015/6/4, 37, , 37, 
2015/6/5, 22, , 35, 
2015/6/6, 38, , 41, 
2015/6/7, 19, , 36, 
2015/6/8, 25, , 45, 
2015/6/9, 27, , 59, 
2015/6/10, 55, , 44, 
2015/6/11, 36, , 23, 
2015/6/12, 58, , 30, 
2015/6/13, 11, , 23, 
2015/6/14, 26, , 32, 
2015/6/15, 13, , 32, 
2015/6/16, 15, , 36, 
2015/6/17, 14, , 44, 
2015/6/18, 11, , 36, 
2015/6/19, 28, , 35, 
2015/6/20, 10, , 32, 
2015/6/21, 29, , 39, 
2015/6/22, 21, , 27, 
2015/6/23, 29, , 35, 
2015/6/24, 12, , 39, 
2015/6/25, 22, , 39, 
2015/6/26, 30, , 37, 1
2015/6/27, 49, , 34, 1
2015/6/28, 30, , 31, 
2015/6/29, 45, , 41, 
2015/6/30, 26, , 34, 
2015/7/1, 55, , 32, 
2015/2/12, 43, , , 
2015/2/13, 20, , , 
2015/2/14, 44, , , 
2015/2/15, 31, , , 
2015/2/16, 25, , , 1
2015/2/17, 49, , , 
2015/2/18, 40, , , 1
2015/2/19, 39, , , 1
2015/2/20, 35, , , 1
2015/2/21, 49, , , 1
2015/2/22, 66, , , 2
2015/2/23, 35, , , 
2015/2/24, 38, , , 
2015/2/25, 24, , , 
2015/2/26, 15, , , 
2015/2/27, 31, , , 
2015/2/28, 45, , , 2
2015/3/1, 61, , , 
2015/3/2, 65, , , 
2015/3/3, 44, , , 
2015/3/4, 52, , , 
2015/3/5, 35, , , 
2015/3/6, 37, , , 
2015/3/7, 53, , , 
2015/3/8, 45, , , 
2015/3/9, 26, , , 
2015/3/10, 39, , , 
2015/3/11, 70, , , 
2015/3/12, 55, , , 1
2015/3/13, 36, , , 1
2015/3/14, 64, , , 
2015/3/15, 20, , , 
2015/3/16, 29, , , 
2015/3/17, 31, , , 
2015/3/18, 14, , , 
2015/3/19, 18, , , 2
2015/3/20, 36, , , 
2015/3/21, 38, , , 
2015/3/22, 19, , , 
2015/3/23, 26, , , 
2015/3/24, 17, , , 
2015/3/25, 38, , , 
2015/3/26, 36, , , 
2015/3/27, 15, , , 
2015/3/28, 8, , , 
2015/3/29, 27, , , 
2015/3/30, 26, , , 
2015/3/31, 13, , , 
2015/4/1, 24, , , 1
2023/4/6, , 9, 34, 
2019/5/5, , 11, 33, 
2019/1/1, , 3, , 
2019/2/5, , 6, , 
2019/2/24, , 8, , 
2018/10/30, , 15, , 
2018/12/11, , 27, , 
2018/9/19, , 9, 17, 
2021/10/11, , , 18, 
2018/8/2, , , 31, 
2018/4/20, , , 45, 
2018/5/3, , , 24, 
2018/5/4, , , 43, 
2018/5/5, , , 46, 1
2018/5/6, , , 41, 
2018/5/7, , , 45, 
2018/5/8, , , 53, 
2018/5/22, , , 30, 
2017/10/7, , , 25, 1
2017/8/1, , , 40, 1
2017/9/10, , , 32, 
2017/5/13, , , 45, 1
2017/5/14, , , 37, 
2017/5/15, , , 44, 1
2017/5/16, , , 47, 1
2017/5/17, , , 43, 1
2017/5/18, , , 30, 
2016/10/11, , , 38, 
2016/5/9, , , 35, 
2016/5/23, , , 51, 
2016/5/30, , , 30, 
2016/5/31, , , 40, 
2016/6/1, , , 37, 
2015/5/18, , , 24, 
2020/1/1, , , , 