date, pm25, o3, no2, co
2023/4/2, 24, 35, 8, 3
2023/4/3, 31, 32, 14, 4
2023/4/4, 27, 24, 9, 3
2023/4/5, 22, 37, 5, 3
2023/4/6, 19, 34, 8, 3
2023/4/7, 22, 35, 13, 3
2023/4/8, 30, 39, 7, 3
2023/4/9, 47, 39, 5, 3
2023/4/10, 45, 35, 17, 5
2023/4/11, 41, 27, 13, 5
2023/4/12, 50, , , 
2023/1/3, 65, , 11, 3
2023/1/4, 50, , 10, 3
2023/1/5, 17, , 12, 4
2023/1/6, 29, , 19, 5
2023/1/7, 61, , 28, 6
2023/1/8, 101, , 22, 5
2023/1/9, 97, , 23, 6
2023/1/10, 92, , 22, 6
2023/1/11, 128, , 19, 5
2023/1/12, 117, , 10, 3
2023/1/13, 54, , 12, 3
2023/1/14, 40, , 6, 2
2023/1/15, 46, , 6, 3
2023/1/16, 41, , 16, 4
2023/1/17, 46, , 12, 4
2023/1/18, 34, , 10, 3
2023/1/19, 25, , 10, 3
2023/1/20, 21, , 9, 3
2023/1/21, 21, , 6, 3
2023/1/22, 33, , 11, 4
2023/1/23, 53, , 12, 4
2023/1/24, 51, , 16, 4
2023/1/25, 44, , 12, 4
2023/1/26, 50, , 11, 3
2023/1/27, 28, , 10, 3
2023/1/28, 36, , 9, 4
2023/1/29, 32, , 8, 3
2023/1/30, 30, , 14, 4
2023/1/31, 32, , 17, 4
2023/2/1, 30, , 17, 4
2023/2/2, 52, , 17, 4
2023/2/3, 49, , 13, 4
2023/2/4, 25, , 20, 6
2023/2/5, 42, , 16, 5
2023/2/6, 60, , 16, 4
2023/2/7, 69, , 14, 3
2023/2/8, 36, , 20, 4
2023/2/9, 35, , 19, 4
2023/2/10, 42, , 13, 3
2023/2/11, 21, , 10, 3
2023/2/12, 21, , 22, 4
2023/2/13, 50, , 13, 3
2023/2/14, 32, , 12, 3
2023/2/15, 41, , 11, 3
2023/2/16, 22, , 13, 3
2023/2/17, 18, , 15, 3
2023/2/18, 24, , 15, 3
2023/2/19, 46, , 15, 4
2023/2/20, 42, , 14, 3
2023/2/21, 35, , 13, 3
2023/2/22, 26, 29, 6, 3
2023/2/23, 13, 29, 7, 3
2023/2/24, 15, 16, 22, 4
2023/2/25, 32, 29, 12, 3
2023/2/26, 43, 37, 15, 3
2023/2/27, 41, 27, 20, 4
2023/2/28, 51, 24, 22, 4
2023/3/1, 43, 28, 10, 3
2023/3/2, 29, 27, 9, 3
2023/3/3, 30, 23, 12, 4
2023/3/4, 55, 33, 17, 4
2023/3/5, 45, 34, 19, 4
2023/3/6, 46, 29, 13, 4
2023/3/7, 20, 31, 12, 3
2023/3/8, 23, 29, 13, 4
2023/3/9, 29, 28, 13, 2
2023/3/10, 29, 26, 14, 3
2023/3/11, 26, 28, 6, 2
2023/3/12, 22, 31, 7, 2
2023/3/13, 31, 26, 18, 3
2023/3/14, 25, 41, 22, 6
2023/3/15, 47, 33, 9, 2
2023/3/16, 50, 29, 10, 3
2023/3/17, 40, 25, 7, 2
2023/3/18, 29, 29, 7, 3
2023/3/19, 22, 35, 8, 2
2023/3/20, 23, 30, 17, 3
2023/3/21, 35, 31, 8, 2
2023/3/22, 34, 30, 9, 3
2023/3/23, 44, 31, 15, 3
2023/3/24, 33, 36, 21, 4
2023/3/25, 41, 40, 14, 3
2023/3/26, 40, 35, 10, 3
2023/3/27, 41, 36, 16, 3
2023/3/28, 35, 41, 9, 3
2023/3/29, 35, 33, 13, 3
2023/3/30, 36, 27, 20, 3
2023/3/31, 48, 35, 10, 3
2023/4/1, 33, 35, 8, 3
2022/10/2, 29, 30, 4, 3
2022/10/3, 30, 29, 6, 3
2022/10/4, 36, 32, 9, 3
2022/10/5, 48, 24, 13, 4
2022/10/6, 49, 15, 7, 3
2022/10/7, 36, 10, 12, 4
2022/10/8, 15, 25, 7, 2
2022/10/9, 26, 21, 14, 4
2022/10/10, 48, 29, 12, 3
2022/10/11, 40, 37, 4, 3
2022/10/12, 57, 16, 9, 3
2022/10/13, 36, 13, 8, 3
2022/10/14, 32, 10, 10, 4
2022/10/15, 20, 13, 7, 3
2022/10/16, 16, 21, 5, 3
2022/10/17, 9, 17, 7, 2
2022/10/18, 9, 14, 13, 3
2022/10/19, 14, 14, 20, 4
2022/10/20, 23, 14, 23, 6
2022/10/21, 64, 18, 23, 9
2022/10/22, 85, 36, 18, 8
2022/10/23, 82, 31, 3, 4
2022/10/24, 53, 19, 5, 4
2022/10/25, 45, 9, 11, 5
2022/10/26, 28, 16, 18, 5
2022/10/27, 35, 17, 11, 4
2022/10/28, 44, 25, 9, 4
2022/10/29, 47, 31, 11, 5
2022/10/30, 55, 19, 20, 8
2022/10/31, 68, 22, 28, 10
2022/11/1, 65, 26, 21, 7
2022/11/2, 66, 40, 7, 5
2022/11/3, 43, , 6, 4
2022/11/4, 63, , 9, 5
2022/11/5, 33, , 8, 5
2022/11/6, 27, , 5, 4
2022/11/7, 26, , 10, 4
2022/11/8, 21, , 4, 4
2022/11/9, 27, , 10, 6
2022/11/10, 51, , 6, 7
2022/11/11, 30, , 7, 4
2022/11/12, 11, , 6, 4
2022/11/13, 8, , 6, 4
2022/11/14, 15, , 8, 4
2022/11/15, 36, , 9, 4
2022/11/16, 58, , 12, 5
2022/11/17, 52, , 10, 5
2022/11/18, 31, , 7, 4
2022/11/19, 27, , 7, 5
2022/11/20, 24, , 12, 4
2022/11/21, 33, , 18, 4
2022/11/22, 47, , 21, 4
2022/11/23, 68, , 22, 6
2022/11/24, 85, , 15, 4
2022/11/25, 67, , 10, 2
2022/11/26, 37, , 7, 2
2022/11/27, 31, , 12, 4
2022/11/28, 30, , 15, 4
2022/11/29, 42, , 9, 2
2022/11/30, 29, , 9, 2
2022/12/1, 19, , 12, 2
2022/12/2, 28, , 8, 2
2022/12/3, 34, , 9, 2
2022/12/4, 26, , 14, 3
2022/12/5, 30, , 16, 3
2022/12/6, 38, , 18, 3
2022/12/7, 41, , 16, 4
2022/12/8, 42, , 20, 4
2022/12/9, 54, , 12, 3
2022/12/10, 55, , 8, 3
2022/12/11, 49, , 11, 3
2022/12/12, 60, , 5, 2
2022/12/13, 45, , 5, 2
2022/12/14, 54, , 7, 3
2022/12/15, 23, , 17, 3
2022/12/16, 31, , 12, 3
2022/12/17, 33, , 7, 3
2022/12/18, 21, , 8, 3
2022/12/19, 29, , 18, 3
2022/12/20, 41, , 12, 3
2022/12/21, 28, , 17, 3
2022/12/22, 38, , 8, 2
2022/12/23, 22, , 6, 2
2022/12/24, 16, , 7, 2
2022/12/25, 12, , 14, 3
2022/12/26, 26, , 14, 3
2022/12/27, 18, , 10, 3
2022/12/28, 25, , 13, 3
2022/12/29, 42, , 19, 5
2022/12/30, 61, , 12, 4
2022/12/31, 36, , 8, 3
2023/1/1, 48, , 8, 4
2023/1/2, 50, , 16, 4
2022/7/2, 15, 37, 11, 4
2022/7/3, 40, 37, 5, 3
2022/7/4, 27, 36, 3, 3
2022/7/5, 35, 24, 9, 4
2022/7/6, 24, 28, 7, 3
2022/7/7, 16, 31, 9, 4
2022/7/8, 18, 26, 8, 4
2022/7/9, 17, 34, 4, 3
2022/7/10, 15, 27, 5, 3
2022/7/11, 20, 30, 9, 3
2022/7/12, 17, 25, 9, 3
2022/7/13, 13, 23, 13, 4
2022/7/14, 16, 37, 6, 3
2022/7/15, 17, 42, 5, 3
2022/7/26, 16, 23, 6, 3
2022/7/27, 27, 21, 9, 3
2022/7/28, 33, 13, 10, 3
2022/7/29, 15, 20, 10, 3
2022/7/30, 20, 33, 6, 3
2022/7/31, 31, 30, 2, 2
2022/8/1, 31, 25, 11, 3
2022/8/2, 26, 35, 4, 2
2022/8/3, 37, 25, 8, 3
2022/8/4, 29, 36, 8, 3
2022/8/5, 25, 34, 4, 3
2022/8/6, 28, 23, 7, 4
2022/8/7, 36, 11, 4, 3
2022/8/8, 23, 20, 10, 3
2022/8/9, 24, 27, 8, 3
2022/8/10, 43, 21, 12, 4
2022/8/11, 31, 25, 7, 2
2022/8/12, 24, 20, 4, 2
2022/8/13, 22, 17, 5, 3
2022/8/14, 21, 18, 4, 3
2022/8/15, 29, 24, 7, 3
2022/8/16, 29, 29, 10, 3
2022/8/17, 38, 28, 8, 3
2022/8/18, 31, 24, 9, 3
2022/8/19, 31, 22, 6, 3
2022/8/20, 23, 19, 7, 4
2022/8/21, 33, 22, 10, 4
2022/8/22, 38, 34, 14, 4
2022/8/23, 38, 36, 11, 4
2022/8/24, 45, 28, 7, 3
2022/8/25, 46, 15, 10, 4
2022/8/26, 30, 29, 9, 3
2022/8/27, 44, 29, 2, 3
2022/8/28, 36, 25, 2, 3
2022/8/29, 23, 19, 7, 3
2022/8/30, 35, 16, 9, 3
2022/8/31, 44, 27, 11, 3
2022/9/1, 30, 40, 11, 4
2022/9/2, 40, 31, 5, 3
2022/9/3, 30, 13, 5, 2
2022/9/4, 16, 21, 3, 2
2022/9/5, 15, 22, 3, 2
2022/9/6, 26, 23, 6, 3
2022/9/7, 39, 33, 9, 4
2022/9/8, 55, 31, 2, 2
2022/9/9, 53, 25, 9, 3
2022/9/10, 41, 17, 10, 4
2022/9/11, 34, 22, 11, 3
2022/9/12, 35, 19, 18, 4
2022/9/13, 29, 28, 18, 5
2022/9/14, 44, 30, 13, 4
2022/9/15, 48, 36, 4, 2
2022/9/16, 52, 26, 6, 3
2022/9/17, 56, 33, 4, 3
2022/9/18, 50, 18, 5, 3
2022/9/19, 32, 31, 8, 4
2022/9/20, 45, 29, 7, 3
2022/9/21, 45, 17, 8, 2
2022/9/22, 19, 17, 8, 2
2022/9/23, 15, 17, 4, 2
2022/9/24, 23, 13, 4, 3
2022/9/25, 28, 20, 5, 2
2022/9/26, 17, 17, 11, 2
2022/9/27, 14, 16, 15, 3
2022/9/28, 16, 19, 11, 3
2022/9/29, 26, 26, 5, 2
2022/9/30, 26, 29, 6, 2
2022/10/1, 31, 26, 7, 3
2022/4/2, 19, 26, 10, 3
2022/4/3, 20, 24, 9, 3
2022/4/4, 14, 21, 10, 2
2022/4/5, 18, 23, 4, 2
2022/4/6, 20, 21, 7, 3
2022/4/7, 10, 25, 8, 2
2022/4/8, 10, 29, 8, 2
2022/4/9, 12, 32, 11, 3
2022/4/10, 19, 36, 5, 2
2022/4/11, 26, 30, 6, 3
2022/4/12, 14, 32, 11, 3
2022/4/13, 27, 26, 7, 3
2022/4/14, 20, 26, 3, 2
2022/4/15, 16, 25, 6, 2
2022/4/16, 16, 32, 7, 2
2022/4/17, 20, 31, 11, 3
2022/4/18, 27, 29, 8, 2
2022/4/19, 17, 32, 11, 3
2022/4/20, 18, 28, 9, 3
2022/4/21, 29, 24, 14, 4
2022/4/22, 26, 26, 5, 3
2022/4/23, 21, 38, 3, 3
2022/4/24, 43, 25, 2, 2
2022/4/25, 14, 22, 9, 3
2022/4/26, 15, 24, 9, 3
2022/4/27, 11, 32, 7, 2
2022/4/28, 18, 27, 5, 2
2022/4/29, 20, 37, 5, 3
2022/4/30, 42, 33, 6, 3
2022/5/1, 37, 23, 7, 4
2022/5/2, 17, 24, 11, 4
2022/5/3, 12, 24, 11, 4
2022/5/4, 11, 34, 10, 3
2022/5/5, 19, 30, 19, 5
2022/5/6, 41, 39, 12, 4
2022/5/7, 34, 39, 4, 3
2022/5/8, 29, 34, 2, 3
2022/5/9, 21, 30, 3, 3
2022/5/10, 28, 30, 14, 4
2022/5/11, 17, 29, 10, 4
2022/5/12, 34, 31, 9, 4
2022/5/13, 23, 34, 8, 4
2022/5/14, 24, 35, 9, 4
2022/5/15, 21, 35, 7, 3
2022/5/16, 14, 24, 11, 3
2022/5/17, 18, 25, 7, 3
2022/5/18, 21, 32, 7, 3
2022/5/19, 23, 29, 10, 3
2022/5/20, 18, 27, 6, 3
2022/5/21, 14, 23, 5, 3
2022/5/22, 10, 28, 7, 3
2022/5/23, 17, 37, 7, 3
2022/5/24, 21, 36, 6, 2
2022/5/25, 23, 29, 9, 3
2022/5/26, 16, 22, 11, 4
2022/5/27, 12, 38, 11, 5
2022/5/28, 27, 45, 4, 3
2022/5/29, 22, 30, 3, 3
2022/5/30, 25, 40, 5, 3
2022/5/31, 30, 31, 3, 3
2022/6/1, 11, 29, 10, 4
2022/6/2, 13, 35, 9, 3
2022/6/3, 12, 29, 13, 4
2022/6/4, 14, 39, 6, 4
2022/6/5, 28, 34, 4, 3
2022/6/6, 28, 32, 11, 4
2022/6/7, 22, 27, 13, 4
2022/6/8, 22, 30, 19, 5
2022/6/9, 26, 36, 17, 4
2022/6/10, 23, 42, 18, 5
2022/6/11, 37, 37, 6, 3
2022/6/12, 15, 27, 3, 3
2022/6/13, 17, 26, 5, 3
2022/6/14, 19, 39, 4, 4
2022/6/15, 48, 31, 11, 4
2022/6/16, 27, 25, 7, 3
2022/6/17, 14, 29, 14, 4
2022/6/18, 17, 35, 3, 2
2022/6/19, 13, 40, 2, 3
2022/6/20, 26, 41, 2, 3
2022/6/21, 34, 37, 8, 3
2022/6/22, 15, 32, 10, 3
2022/6/23, 14, 46, 5, 3
2022/6/24, 17, 42, 4, 3
2022/6/25, 16, 33, 4, 3
2022/6/26, 13, 28, 5, 2
2022/6/27, 11, 35, 9, 3
2022/6/28, 30, 39, 7, 3
2022/6/29, 22, 46, 5, 2
2022/6/30, 15, 41, 8, 3
2022/7/1, 18, 31, 11, 3
2022/1/4, 48, , 17, 3
2022/1/5, 48, , 9, 2
2022/1/6, 20, , 13, 2
2022/1/7, 22, , 14, 2
2022/1/8, 37, , 8, 2
2022/1/9, 36, , 7, 2
2022/1/10, 45, , 17, 3
2022/1/11, 48, , 14, 2
2022/1/12, 26, , 29, 5
2022/1/13, 42, , 22, 5
2022/1/14, 55, , 8, 2
2022/1/15, 18, , 14, 3
2022/1/16, 38, , 13, 3
2022/1/17, 35, , 16, 3
2022/1/18, 19, , 10, 3
2022/1/19, 38, , 13, 3
2022/1/20, 32, , 18, 4
2022/1/21, 38, , 16, 3
2022/1/22, 37, , 8, 3
2022/1/23, 25, , 11, 3
2022/1/24, 44, , 15, 4
2022/1/25, 33, , 16, 4
2022/1/26, 35, , 15, 4
2022/1/27, 34, , 15, 4
2022/1/28, 24, , 19, 4
2022/1/29, 34, , 19, 5
2022/1/30, 44, , 12, 4
2022/1/31, 46, , 12, 4
2022/2/1, 63, , 9, 4
2022/2/2, 40, , 12, 4
2022/2/3, 31, , 21, 5
2022/2/4, 48, , 17, 5
2022/2/5, 52, , 16, 5
2022/2/6, 52, , 17, 5
2022/2/7, 48, , 18, 5
2022/2/8, 50, , 16, 5
2022/2/9, 41, , 11, 4
2022/2/10, 12, 19, 8, 4
2022/2/11, 16, 23, 10, 3
2022/2/12, 20, , 9, 2
2022/2/13, 20, , 11, 2
2022/2/14, 34, , 18, 3
2022/2/15, 48, , 18, 3
2022/2/16, 55, , 20, 4
2022/2/17, 63, , 14, 3
2022/2/18, 29, , 12, 2
2022/2/19, 28, , 7, 2
2022/2/20, 16, , 8, 3
2022/2/21, 22, , 7, 2
2022/2/22, 19, 23, 7, 2
2022/2/23, 20, 17, 15, 3
2022/2/24, 39, 18, 21, 4
2022/2/25, 45, 28, 17, 3
2022/2/26, 33, 33, 10, 3
2022/2/27, 30, 33, 14, 3
2022/2/28, 34, 27, 18, 4
2022/3/1, 42, 24, 20, 4
2022/3/2, 41, 25, 27, 5
2022/3/3, 41, 24, 16, 4
2022/3/4, 21, 30, 14, 3
2022/3/5, 32, 25, 12, 5
2022/3/6, 38, 28, 9, 3
2022/3/7, 27, 27, 16, 4
2022/3/8, 27, 26, 12, 3
2022/3/9, 27, 27, 10, 3
2022/3/10, 17, 28, 13, 3
2022/3/11, 17, 27, 8, 3
2022/3/12, 23, 28, 7, 3
2022/3/13, 18, 30, 13, 4
2022/3/14, 25, 21, 19, 6
2022/3/15, 33, 31, 23, 8
2022/3/16, 39, 26, 14, 5
2022/3/17, 45, 28, 16, 5
2022/3/18, 32, 23, 15, 5
2022/3/19, 23, 26, 14, 5
2022/3/20, 30, 34, 14, 5
2022/3/21, 38, 28, 7, 4
2022/3/22, 29, 21, 13, 5
2022/3/23, 27, 28, 8, 4
2022/3/24, 13, 25, 14, 5
2022/3/25, 20, 25, 10, 4
2022/3/26, 14, 26, 4, 3
2022/3/27, 13, 25, 6, 4
2022/3/28, 14, 29, 10, 4
2022/3/29, 14, 28, 5, 4
2022/3/30, 25, 30, 12, 5
2022/3/31, 25, 24, 12, 4
2022/4/1, 18, 28, 17, 3
2021/10/2, 38, 13, 5, 5
2021/10/3, 19, 19, 7, 5
2021/10/4, 36, 15, 15, 7
2021/10/5, 37, 27, 10, 5
2021/10/6, 22, 24, 8, 4
2021/10/7, 21, 20, 5, 3
2021/10/8, 19, 17, 8, 3
2021/10/9, 27, 32, 4, 3
2021/10/10, 19, 22, 2, 2
2021/10/11, 25, 21, 11, 3
2021/10/12, 25, 14, 11, 4
2021/10/13, 18, 22, 5, 2
2021/10/14, 15, 13, 5, 3
2021/10/15, 13, 15, 10, 3
2021/10/16, 15, 21, 10, 3
2021/10/17, 24, 25, 14, 4
2021/10/18, 29, 29, 13, 3
2021/10/19, 31, 33, 15, 4
2021/10/20, 33, 13, 14, 4
2021/10/21, 32, 15, 9, 3
2021/10/22, 11, 12, 15, 4
2021/10/23, 18, 16, 14, 4
2021/10/24, 29, 15, 10, 3
2021/10/25, 22, 16, 12, 4
2021/10/26, 11, 19, 7, 2
2021/10/27, 12, 19, 5, 2
2021/10/28, 11, 12, 11, 4
2021/10/29, 26, 14, 11, 4
2021/10/30, 16, 18, 13, 7
2021/10/31, 37, 19, 6, 3
2021/11/1, 12, 14, 11, 4
2021/11/2, 16, 12, 13, 4
2021/11/3, 13, , 15, 3
2021/11/4, 20, , 14, 4
2021/11/5, 40, , 6, 3
2021/11/6, 24, , 11, 7
2021/11/7, 42, , 13, 6
2021/11/8, 50, , 15, 5
2021/11/9, 31, , 22, 7
2021/11/10, 32, , 15, 5
2021/11/11, 24, , 8, 4
2021/11/12, 19, , 7, 4
2021/11/13, 11, , 6, 3
2021/11/14, 9, , 6, 3
2021/11/15, 14, , 10, 3
2021/11/16, 19, , 6, 4
2021/11/17, 28, , 9, 4
2021/11/18, 23, , 10, 4
2021/11/19, 14, , 12, 4
2021/11/20, 10, , 17, 6
2021/11/21, 11, , 11, 6
2021/11/22, 10, , 12, 4
2021/11/23, 16, , 10, 4
2021/11/24, 26, , 8, 4
2021/11/25, 25, , 8, 4
2021/11/26, 19, , 9, 4
2021/11/27, 22, , 11, 5
2021/11/28, 33, , 13, 5
2021/11/29, 22, , 12, 5
2021/11/30, 21, , 19, 6
2021/12/1, 19, , 11, 5
2021/12/2, 15, , 14, 6
2021/12/3, 14, , 14, 6
2021/12/4, 26, , 9, 5
2021/12/5, 13, , 4, 4
2021/12/6, 19, , 9, 5
2021/12/7, 19, , 12, 5
2021/12/8, 21, , 21, 6
2021/12/9, 56, , 9, 2
2021/12/10, 41, , 18, 3
2021/12/11, 34, , 9, 2
2021/12/12, 24, , 12, 2
2021/12/13, 16, , 29, 6
2021/12/14, 42, , 15, 3
2021/12/15, 44, , 10, 3
2021/12/16, 49, , 7, 2
2021/12/17, 32, , 13, 3
2021/12/18, 30, , 12, 3
2021/12/19, 32, , 12, 3
2021/12/20, 36, , 15, 3
2021/12/21, 35, , 12, 3
2021/12/22, 35, , 19, 3
2021/12/23, 40, , 16, 5
2021/12/24, 49, , 11, 4
2021/12/25, 35, , 8, 3
2021/12/26, 34, , 8, 3
2021/12/27, 25, , 6, 3
2021/12/28, 24, , 17, 3
2021/12/29, 33, , 18, 4
2021/12/30, 34, , 18, 4
2021/12/31, 50, , 13, 4
2022/1/1, 54, , 10, 3
2022/1/2, 53, , 19, 4
2022/1/3, 60, , 22, 5
2021/7/2, 53, 32, 5, 3
2021/7/3, 20, 36, 6, 3
2021/7/4, 34, 41, 3, 3
2021/7/5, 46, 42, 7, 4
2021/7/6, 44, 11, 12, 5
2021/7/7, 41, 11, 7, 4
2021/7/8, 18, 20, 9, 4
2021/7/9, 22, 24, 6, 3
2021/7/10, 16, 34, 6, 3
2021/7/11, 24, 33, 10, 5
2021/7/12, 76, 37, 8, 4
2021/7/13, 35, 42, 7, 4
2021/7/14, 43, 25, 11, 4
2021/7/15, 31, 20, 11, 5
2021/7/16, 55, 35, 15, 6
2021/7/17, 68, 35, 10, 5
2021/7/18, 48, 42, 9, 5
2021/7/19, 50, 41, 9, 4
2021/7/20, 36, 34, 12, 7
2021/7/21, 84, 33, 6, 6
2021/7/22, 98, 37, 3, 4
2021/7/23, 61, 40, 3, 4
2021/7/24, 61, 42, 9, 5
2021/7/25, 44, 34, 6, 4
2021/7/26, 52, 39, 5, 4
2021/7/27, 48, 41, 6, 4
2021/7/28, 52, 39, 5, 4
2021/7/29, 41, 24, 11, 8
2021/7/30, 126, 30, 10, 7
2021/7/31, 144, 31, 7, 6
2021/8/1, 126, 19, 6, 4
2021/8/2, 64, 28, 10, 5
2021/8/3, 61, 41, 6, 4
2021/8/4, 83, 31, 5, 3
2021/8/5, 52, 31, 2, 3
2021/8/6, 41, 48, 11, 7
2021/8/7, 66, 26, 6, 5
2021/8/8, 41, 27, 6, 4
2021/8/9, 25, 36, 10, 5
2021/8/10, 22, 32, 7, 4
2021/8/11, 32, 27, 9, 4
2021/8/12, 24, 21, 9, 3
2021/8/13, 17, 28, 11, 4
2021/8/14, 18, 31, 7, 3
2021/8/15, 20, 34, 2, 2
2021/8/16, 15, 32, 4, 3
2021/8/17, 28, 33, 4, 3
2021/8/18, 26, 35, 5, 3
2021/8/19, 34, 32, 5, 3
2021/8/20, 33, 32, 3, 3
2021/8/21, 42, 25, 6, 4
2021/8/22, 18, 29, 8, 5
2021/8/23, 35, 42, 11, 5
2021/8/24, 22, 28, 9, 4
2021/8/25, 17, 27, 15, 5
2021/8/26, 22, 20, 11, 5
2021/8/27, 53, 21, 6, 4
2021/8/28, 16, 30, 5, 4
2021/8/29, 18, 33, 5, 4
2021/8/30, 21, 30, 13, 5
2021/8/31, 17, 24, 14, 5
2021/9/1, 28, 30, 7, 4
2021/9/2, 29, 21, 5, 4
2021/9/3, 21, 27, 6, 4
2021/9/4, 7, 29, 8, 4
2021/9/5, 13, 28, 7, 4
2021/9/6, 12, 34, 8, 4
2021/9/7, 25, 23, 12, 4
2021/9/8, 24, 18, 11, 4
2021/9/9, 13, 22, 14, 4
2021/9/10, 16, 33, 9, 4
2021/9/11, 20, 22, 7, 4
2021/9/12, 19, 23, 10, 4
2021/9/13, 17, 30, 11, 5
2021/9/14, 29, 21, 10, 4
2021/9/15, 13, 32, 7, 3
2021/9/16, 12, 39, 2, 3
2021/9/17, 22, 25, 11, 4
2021/9/18, 19, 30, 8, 6
2021/9/19, 38, 36, 2, 3
2021/9/20, 23, 26, 4, 3
2021/9/21, 16, 16, 9, 4
2021/9/22, 14, 21, 15, 5
2021/9/23, 21, 29, 16, 6
2021/9/24, 32, 20, 11, 4
2021/9/25, 21, 23, 11, 5
2021/9/26, 30, 28, 16, 7
2021/9/27, 41, 20, 18, 6
2021/9/28, 30, 31, 9, 4
2021/9/29, 19, 42, 8, 4
2021/9/30, 27, 36, 12, 5
2021/10/1, 43, 24, 10, 5
2021/4/2, 22, 37, 4, 2
2021/4/3, 51, 34, 16, 5
2021/4/4, 59, 42, 18, 6
2021/4/5, 71, 38, 15, 4
2021/4/6, 50, 25, 10, 4
2021/4/7, 38, 21, 8, 4
2021/4/8, 31, 20, 7, 4
2021/4/9, 27, 12, 12, 4
2021/4/10, 26, 22, 7, 3
2021/4/11, 11, 22, 4, 3
2021/4/12, 11, 16, 4, 3
2021/4/13, 10, 18, 6, 2
2021/4/14, 8, 13, 9, 3
2021/4/15, 14, 15, 10, 3
2021/4/16, 11, 29, 17, 4
2021/4/17, 25, 28, 17, 4
2021/4/18, 31, 35, 8, 3
2021/4/19, 22, 23, 11, 3
2021/4/20, 10, 25, 14, 3
2021/4/21, 17, 25, 12, 3
2021/4/22, 18, 40, 13, 3
2021/4/23, 37, 32, 9, 3
2021/4/24, 36, 23, 7, 3
2021/4/25, 21, 25, 8, 3
2021/4/26, 20, 19, 7, 3
2021/4/27, 25, 18, 9, 4
2021/4/28, 26, 22, 15, 5
2021/4/29, 28, 29, 16, 5
2021/4/30, 24, 31, 8, 3
2021/5/1, 20, 35, 7, 4
2021/5/2, 29, 25, 11, 4
2021/5/3, 26, 25, 7, 3
2021/5/4, 21, 22, 9, 3
2021/5/5, 14, 22, 15, 4
2021/5/6, 17, 30, 12, 4
2021/5/7, 24, 24, 12, 4
2021/5/8, 16, 31, 9, 3
2021/5/9, 22, 29, 10, 4
2021/5/10, 21, 22, 11, 4
2021/5/11, 13, 27, 15, 4
2021/5/12, 20, 35, 16, 5
2021/5/13, 36, 38, 10, 3
2021/5/14, 30, 34, 4, 3
2021/5/15, 20, 37, 6, 3
2021/5/16, 27, 35, 6, 4
2021/5/17, 47, 45, 8, 4
2021/5/18, 38, 34, 5, 4
2021/5/19, 33, 21, 3, 4
2021/5/20, 17, 20, 4, 4
2021/5/21, 10, 29, 4, 4
2021/5/22, 13, 30, 2, 3
2021/5/23, 11, 13, 3, 4
2021/5/24, 18, 43, 4, 4
2021/5/25, 19, 37, 4, 3
2021/5/26, 18, 24, 8, 4
2021/5/27, 13, 20, 6, 3
2021/5/28, 16, 26, 10, 4
2021/5/29, 19, 34, 6, 3
2021/5/30, 25, 28, 2, 3
2021/5/31, 25, 36, 6, 3
2021/6/1, 14, 41, 18, 5
2021/6/2, 31, 41, 11, 4
2021/6/3, 25, 41, 12, 4
2021/6/4, 24, 45, 4, 3
2021/6/5, 19, 47, 2, 3
2021/6/6, 26, 38, 1, 3
2021/6/7, 23, 45, 4, 3
2021/6/8, 21, 48, 7, 4
2021/6/9, 26, 45, 6, 4
2021/6/10, 19, 47, 6, 4
2021/6/11, 27, 42, 7, 4
2021/6/12, 26, 37, 9, 3
2021/6/13, 17, 51, 8, 4
2021/6/14, 26, 29, 11, 4
2021/6/15, 18, 23, 7, 3
2021/6/16, 19, 41, 5, 3
2021/6/17, 29, 37, 10, 4
2021/6/18, 48, 38, 12, 4
2021/6/19, 31, 30, 4, 4
2021/6/20, 18, 25, 2, 3
2021/6/21, 25, 17, 6, 3
2021/6/22, 10, 39, 6, 3
2021/6/23, 13, 48, 2, 3
2021/6/24, 23, 33, 8, 4
2021/6/25, 36, 26, 8, 4
2021/6/26, 25, 18, 5, 5
2021/6/27, 36, 29, 4, 4
2021/6/28, 28, 30, 6, 4
2021/6/29, 17, 33, 9, 4
2021/6/30, 10, 34, 13, 5
2021/7/1, 35, 26, 10, 6
2021/1/5, 51, , 22, 7
2021/1/6, 44, , 17, 5
2021/1/7, 71, , 12, 4
2021/1/8, 80, , 16, 5
2021/1/9, 66, , 12, 5
2021/1/10, 72, , 13, 5
2021/1/11, 62, , 9, 5
2021/1/12, 21, , 13, 5
2021/1/13, 39, , 19, 5
2021/1/14, 43, , 11, 3
2021/1/15, 57, , , 2
2021/1/16, 28, , , 2
2021/1/17, 16, , , 2
2021/1/18, 33, , , 2
2021/1/19, 25, , 14, 2
2021/1/20, 28, , 10, 2
2021/1/21, 24, , 10, 2
2021/1/22, 20, , 18, 3
2021/1/23, 28, , 15, 2
2021/1/24, 32, , 15, 3
2021/1/25, 43, , 13, 3
2021/1/26, 39, , 14, 3
2021/1/27, 35, , 19, 4
2021/1/28, 37, , 12, 2
2021/1/29, 37, , 9, 2
2021/1/30, 62, , 9, 3
2021/1/31, 61, , 10, 3
2021/2/1, 29, , 13, 4
2021/2/2, 51, , 14, 3
2021/2/3, 61, , 10, 3
2021/2/4, 53, , 10, 3
2021/2/5, 41, , 10, 3
2021/2/6, 36, , 6, 2
2021/2/7, 23, , 12, 3
2021/2/8, 32, , 15, 3
2021/2/9, 35, , 12, 3
2021/2/10, 35, , 18, 4
2021/2/11, 39, , 17, 4
2021/2/12, 47, , 13, 3
2021/2/13, 45, , 11, 3
2021/2/14, 49, , 9, 3
2021/2/15, 45, , 19, 4
2021/2/16, 53, , 27, 6
2021/2/17, 66, , 21, 5
2021/2/18, 60, , 13, 4
2021/2/19, 81, , 19, 5
2021/2/20, 85, , 20, 5
2021/2/21, 77, , 15, 5
2021/2/22, 92, , 10, 4
2021/2/23, 52, 9, 13, 5
2021/2/24, 29, 13, 12, 5
2021/2/25, 25, 17, 11, 4
2021/2/26, 39, 20, 7, 4
2021/2/27, 41, 13, 17, 6
2021/2/28, 52, 14, 9, 5
2021/3/1, 44, 15, 12, 4
2021/3/2, 41, 15, 11, 5
2021/3/3, 38, 10, 19, 6
2021/3/4, 48, 17, 17, 5
2021/3/5, 38, 13, 23, 7
2021/3/6, 53, 18, 19, 8
2021/3/7, 55, 18, 8, 5
2021/3/8, 51, 13, 16, 6
2021/3/9, 38, 22, 6, 5
2021/3/10, 60, 9, 11, 6
2021/3/11, 50, 14, 7, 5
2021/3/12, 25, 24, 14, 6
2021/3/13, 37, 30, 17, 7
2021/3/14, 51, 31, 7, 5
2021/3/15, 29, 26, 7, 5
2021/3/16, 22, 22, 9, 5
2021/3/17, 47, 22, 15, 6
2021/3/18, 46, 24, 15, 6
2021/3/19, 24, 31, 12, 6
2021/3/20, 32, 32, 5, 5
2021/3/21, 37, 34, 3, 5
2021/3/22, 55, 25, 13, 6
2021/3/23, 33, 20, 11, 6
2021/3/24, 38, 21, 8, 6
2021/3/25, 18, 20, 13, 7
2021/3/26, 27, 21, 7, 4
2021/3/27, 29, 20, 5, 3
2021/3/28, 38, 28, 6, 2
2021/3/29, 25, 36, 2, 2
2021/3/30, 35, 26, 4, 2
2021/3/31, 32, 26, 9, 2
2021/4/1, 22, 31, 13, 2
2020/10/2, 13, 14, 13, 3
2020/10/3, 20, 12, 11, 3
2020/10/4, 28, 23, 10, 5
2020/10/5, 43, 23, 5, 2
2020/10/6, 25, 26, 8, 3
2020/10/7, 20, 19, 13, 4
2020/10/8, 28, 21, 9, 3
2020/10/9, 18, 28, 8, 4
2020/10/10, 49, 18, 9, 4
2020/10/11, 28, 20, 2, 3
2020/10/12, 22, 21, 8, 3
2020/10/13, 16, 21, 8, 3
2020/10/14, 16, 19, 6, 3
2020/10/15, 16, 15, 9, 3
2020/10/16, 9, 15, 11, 4
2020/10/17, 11, 19, 7, 3
2020/10/18, 8, 14, 6, 3
2020/10/19, 11, 10, 12, 4
2020/10/20, 11, 8, 9, 3
2020/10/21, 18, 10, 11, 4
2020/10/22, 31, 12, 9, 4
2020/10/23, 27, 16, 8, 4
2020/10/24, 23, 13, 10, 4
2020/10/25, 27, 15, 8, 3
2020/10/26, 19, 16, 13, 4
2020/10/27, 22, 24, 9, 4
2020/10/28, 36, 16, 10, 4
2020/10/29, 24, 15, 15, 5
2020/10/30, 26, 19, 15, 5
2020/10/31, 35, 18, 3, 4
2020/11/1, 19, 19, 7, 4
2020/11/2, 15, 8, 17, 6
2020/11/3, 19, , 16, 7
2020/11/4, 35, , 17, 7
2020/11/5, 46, , 16, 7
2020/11/6, 57, , 11, 6
2020/11/7, 53, , 2, 4
2020/11/8, 34, , 2, 4
2020/11/9, 35, , 4, 4
2020/11/10, 11, , 8, 4
2020/11/11, 14, , 9, 4
2020/11/12, 24, , 12, 5
2020/11/13, 30, , 10, 4
2020/11/14, 22, , 6, 4
2020/11/15, 24, , 4, 4
2020/11/16, 34, , 13, 5
2020/11/17, 30, , 12, 5
2020/11/18, 23, , 7, 5
2020/11/19, 27, , 20, 8
2020/11/20, 48, , 10, 5
2020/11/21, 30, , 12, 6
2020/11/22, 40, , 9, 5
2020/11/23, 45, , 12, 5
2020/11/24, 31, , 9, 5
2020/11/25, 29, , 10, 5
2020/11/26, 22, , 7, 5
2020/11/27, 33, , 13, 5
2020/11/28, 29, , 11, 6
2020/11/29, 35, , 7, 5
2020/11/30, 16, , 17, 6
2020/12/1, 19, , 20, 8
2020/12/2, 47, , 20, 7
2020/12/3, 45, , 12, 3
2020/12/4, 16, , 17, 4
2020/12/5, 33, , 18, 5
2020/12/6, 51, , 10, 3
2020/12/7, 52, , 7, 2
2020/12/8, 40, , 8, 4
2020/12/9, 58, , 22, 9
2020/12/10, 54, , 14, 5
2020/12/11, 48, , 10, 3
2020/12/12, 17, , 6, 3
2020/12/13, 9, , 4, 2
2020/12/14, 21, , 14, 3
2020/12/15, 23, , 12, 3
2020/12/16, 26, , 11, 3
2020/12/17, 34, , 13, 4
2020/12/18, 74, , 8, 3
2020/12/19, 57, , 6, 3
2020/12/20, 39, , 12, 4
2020/12/21, 30, , 10, 4
2020/12/22, 24, , 7, 3
2020/12/23, 27, , 8, 4
2020/12/24, 21, , 11, 3
2020/12/25, 21, , 14, 4
2020/12/26, 30, , 16, 5
2020/12/27, 44, , 12, 4
2020/12/28, 45, , 14, 4
2020/12/29, 23, , 18, 4
2020/12/30, 40, , 10, 4
2020/12/31, 39, , 11, 4
2021/1/1, 34, , 15, 5
2021/1/2, 58, , 20, 6
2021/1/3, 82, , 14, 5
2021/1/4, 64, , 13, 5
2020/7/2, 29, 35, 6, 2
2020/7/3, 42, 36, 7, 2
2020/7/4, 44, 32, 14, 3
2020/7/5, 89, 27, 7, 2
2020/7/6, 89, 25, 5, 1
2020/7/7, 22, 28, 7, 3
2020/7/8, 22, 29, 4, 4
2020/7/9, 30, 20, 8, 4
2020/7/10, 20, 23, 13, 4
2020/7/11, 14, 25, 11, 4
2020/7/12, 21, 20, 8, 3
2020/7/13, 16, 26, 5, 3
2020/7/14, 20, 21, 10, 4
2020/7/15, 23, 33, 12, 5
2020/7/16, 26, 29, 4, 3
2020/7/17, 16, 33, 2, 3
2020/7/18, 16, 30, 3, 3
2020/7/19, 27, 19, 4, 3
2020/7/20, 9, 32, 8, 3
2020/7/21, 18, 20, 5, 4
2020/7/22, 13, 9, 9, 3
2020/7/23, 11, 25, 6, 3
2020/7/24, 12, 27, 2, 3
2020/7/25, 23, 26, 1, 3
2020/7/26, 18, 26, 2, 3
2020/7/27, 8, 18, 9, 3
2020/7/28, 11, 23, 11, 4
2020/7/29, 17, 20, 14, 4
2020/7/30, 24, 15, 10, 3
2020/7/31, 12, 25, 10, 4
2020/8/1, 24, 28, 5, 3
2020/8/2, 22, 17, 2, 2
2020/8/3, 10, 12, 8, 3
2020/8/4, 13, 19, 8, 4
2020/8/5, 15, 25, 4, 3
2020/8/6, 18, 26, 3, 3
2020/8/7, 21, 24, 1, 3
2020/8/8, 27, 22, 4, 3
2020/8/9, 23, 24, 5, 4
2020/8/10, 17, 24, 10, 3
2020/8/11, 15, 28, 3, 3
2020/8/12, 12, 19, 5, 3
2020/8/13, 22, 30, 2, 4
2020/8/14, 24, 27, 5, 3
2020/8/15, 19, 27, 7, 3
2020/8/16, 31, 28, 3, 3
2020/8/17, 17, 13, 7, 3
2020/8/18, 12, 20, 12, 4
2020/8/19, 17, 22, 3, 3
2020/8/20, 15, 27, 1, 3
2020/8/21, 19, 32, 2, 3
2020/8/22, 21, 32, 3, 4
2020/8/23, 26, 31, 6, 5
2020/8/24, 33, 33, 13, 5
2020/8/25, 43, 33, 2, 4
2020/8/26, 37, 36, 4, 4
2020/8/27, 45, 20, 9, 5
2020/8/28, 37, 20, 7, 4
2020/8/29, 17, 16, 6, 3
2020/8/30, 15, 22, 5, 4
2020/8/31, 27, 20, 8, 3
2020/9/1, 12, 22, 4, 3
2020/9/2, 15, 24, 8, 3
2020/9/3, 21, 25, 6, 3
2020/9/4, 11, 18, 9, 3
2020/9/5, 15, 25, 10, 4
2020/9/6, 39, 24, 2, 3
2020/9/7, 15, 15, 4, 3
2020/9/8, 15, 8, 8, 3
2020/9/9, 11, 8, 13, 4
2020/9/10, 13, 20, 13, 5
2020/9/11, 30, 16, 9, 4
2020/9/12, 28, 7, 4, 4
2020/9/13, 9, 18, 4, 4
2020/9/14, 16, 24, 3, 3
2020/9/15, 17, 28, 4, 4
2020/9/16, 20, 14, 7, 4
2020/9/17, 30, 12, 13, 4
2020/9/18, 20, 21, 9, 4
2020/9/19, 25, 26, 4, 3
2020/9/20, 30, 30, 1, 3
2020/9/21, 20, 30, 7, 4
2020/9/22, 34, 32, 9, 6
2020/9/23, 56, 35, 8, 5
2020/9/24, 52, 26, 10, 4
2020/9/25, 27, 27, 6, 4
2020/9/26, 37, 12, 9, 5
2020/9/27, 50, 17, 4, 3
2020/9/28, 18, 8, 6, 3
2020/9/29, 9, 13, 7, 3
2020/9/30, 16, 15, 10, 3
2020/10/1, 14, 14, 7, 3
2020/4/2, 16, 16, 6, 4
2020/4/3, 29, 14, 8, 3
2020/4/4, 19, 17, 9, 3
2020/4/5, 28, 20, 15, 4
2020/4/6, 45, 13, 7, 4
2020/4/7, 54, 13, 12, 5
2020/4/8, 52, 23, 14, 4
2020/4/9, 27, 17, 9, 1
2020/4/10, 12, 18, 12, 2
2020/4/11, 24, 22, 16, 3
2020/4/12, 47, 19, 5, 1
2020/4/13, 14, 20, 9, 1
2020/4/14, 20, 16, 9, 1
2020/4/15, 17, 17, 13, 1
2020/4/16, 19, 21, 11, 1
2020/4/17, 22, 22, 13, 2
2020/4/18, 31, 23, 6, 2
2020/4/19, 25, 22, 6, 2
2020/4/20, 14, 22, 9, 2
2020/4/21, 21, 20, 9, 2
2020/4/22, 20, 20, 8, 2
2020/4/23, 29, 17, 10, 2
2020/4/24, 40, 20, 12, 3
2020/4/25, 42, 23, 14, 3
2020/4/26, 31, 24, 9, 2
2020/4/27, 26, 23, 11, 3
2020/4/28, 31, 19, 10, 3
2020/4/29, 24, 20, 7, 2
2020/4/30, 15, 23, 13, 3
2020/5/1, 30, 27, 7, 3
2020/5/2, 39, 30, 6, 2
2020/5/3, 26, 22, 5, 2
2020/5/4, 13, 17, 5, 2
2020/5/5, 11, 21, 8, 2
2020/5/6, 23, 22, 11, 2
2020/5/7, 18, 23, 10, 2
2020/5/8, 20, 18, 7, 2
2020/5/9, 14, 20, 11, 3
2020/5/10, 31, 17, 4, 2
2020/5/11, 14, 19, 11, 2
2020/5/12, 18, 23, 13, 3
2020/5/13, 31, 20, 6, 2
2020/5/14, 30, 20, 8, 3
2020/5/15, 15, 18, 10, 3
2020/5/16, 17, 16, 6, 3
2020/5/17, 19, 18, 3, 2
2020/5/18, 15, 22, 7, 3
2020/5/19, 17, 22, 7, 3
2020/5/20, 28, 29, 4, 3
2020/5/21, 27, 20, 5, 3
2020/5/22, 28, 17, 5, 3
2020/5/23, 30, 20, 6, 3
2020/5/24, 32, 25, 6, 4
2020/5/25, 38, 26, 7, 4
2020/5/26, 33, 19, 5, 3
2020/5/27, 15, 22, 9, 3
2020/5/28, 18, 25, 12, 4
2020/5/29, 24, 12, 6, 3
2020/5/30, 23, 24, 6, 3
2020/5/31, 19, 31, 5, 3
2020/6/1, 37, 34, 6, 4
2020/6/2, 40, 25, 14, 4
2020/6/3, 38, 30, 13, 4
2020/6/4, 36, 27, 13, 4
2020/6/5, 21, 25, 13, 3
2020/6/6, 24, 20, 6, 3
2020/6/7, 18, 30, 2, 2
2020/6/8, 22, 38, 3, 3
2020/6/9, 44, 29, 10, 4
2020/6/10, 43, 18, 7, 2
2020/6/11, 14, 23, 10, 1
2020/6/12, 17, 14, 11, 2
2020/6/13, 39, 18, 3, 
2020/6/14, 17, 28, 2, 
2020/6/15, 21, 33, 3, 
2020/6/16, 30, 37, 3, 1
2020/6/17, 38, 36, 3, 
2020/6/18, 42, 28, 6, 1
2020/6/19, 27, 15, 11, 2
2020/6/20, 19, 16, 7, 2
2020/6/21, 28, 26, 6, 2
2020/6/22, 38, 20, 11, 2
2020/6/23, 17, 14, 9, 1
2020/6/24, 13, 19, 12, 2
2020/6/25, 22, 33, 9, 2
2020/6/26, 30, 23, 10, 2
2020/6/27, 25, 38, 7, 1
2020/6/28, 38, 26, 5, 1
2020/6/29, 28, 23, 7, 1
2020/6/30, 17, 16, 6, 2
2020/7/1, 34, 24, 4, 1
2020/1/2, 40, , 16, 4
2020/1/3, 31, , 19, 4
2020/1/4, 39, , 10, 3
2020/1/5, 31, , 10, 3
2020/1/6, 29, , 14, 4
2020/1/7, 20, , 14, 3
2020/1/8, 23, , 12, 3
2020/1/9, 27, , 13, 3
2020/1/10, 45, , 11, 2
2020/1/11, 42, , 12, 3
2020/1/12, 27, , 11, 2
2020/1/13, 24, , 15, 3
2020/1/14, 45, , 14, 3
2020/1/15, 46, , 15, 4
2020/1/16, 60, , 21, 4
2020/1/17, 52, , 15, 2
2020/1/18, 50, , 11, 3
2020/1/19, 37, , 12, 3
2020/1/20, 28, , 20, 4
2020/1/21, 47, , 17, 3
2020/1/22, 53, , 15, 3
2020/1/23, 48, , 17, 4
2020/1/24, 67, , 16, 4
2020/1/25, 32, , 13, 4
2020/1/26, 34, , 13, 4
2020/1/27, 45, , 16, 4
2020/1/28, 40, , 19, 4
2020/1/29, 40, , 20, 4
2020/1/30, 63, , 11, 3
2020/1/31, 66, , 13, 3
2020/2/1, 70, , 11, 3
2020/2/2, 38, , 11, 4
2020/2/3, 26, , 16, 4
2020/2/4, 24, , 18, 4
2020/2/5, 30, , 22, 4
2020/2/6, 32, , 23, 5
2020/2/7, 39, , 22, 5
2020/2/8, 52, , 16, 3
2020/2/9, 38, , 19, 4
2020/2/10, 44, , 19, 4
2020/2/11, 48, , 14, 3
2020/2/12, 41, , 11, 4
2020/2/13, 24, , 13, 4
2020/2/14, 35, , 18, 4
2020/2/15, 40, , 10, 4
2020/2/16, 39, , 14, 4
2020/2/17, 34, , 12, 4
2020/2/18, 43, 15, 14, 4
2020/2/19, 48, 19, 15, 4
2020/2/20, 46, 17, 19, 4
2020/2/21, 62, 18, 14, 4
2020/2/22, 49, 16, 22, 6
2020/2/23, 58, 21, 14, 5
2020/2/24, 34, 12, 22, 6
2020/2/25, 40, 16, 17, 6
2020/2/26, 28, 18, 13, 5
2020/2/27, 29, 16, 16, 5
2020/2/28, 44, 14, 17, 5
2020/2/29, 35, 18, 11, 5
2020/3/1, 48, 19, 12, 5
2020/3/2, 34, 18, 10, 4
2020/3/3, 24, 20, 13, 3
2020/3/4, 30, 18, 13, 3
2020/3/5, 34, 18, 11, 2
2020/3/6, 25, 17, 14, 3
2020/3/7, 30, 20, 8, 2
2020/3/8, 38, 21, 9, 3
2020/3/9, 57, 13, 13, 3
2020/3/10, 44, 10, 18, 3
2020/3/11, 39, 16, 13, 3
2020/3/12, 42, 22, 13, 3
2020/3/13, 39, 19, 11, 3
2020/3/14, 28, 16, 9, 3
2020/3/15, 28, 16, 9, 3
2020/3/16, 32, 18, 8, 3
2020/3/17, 34, 15, 10, 3
2020/3/18, 26, 9, 9, 3
2020/3/19, 40, 17, 11, 4
2020/3/20, 29, 16, 9, 3
2020/3/21, 18, 15, 8, 2
2020/3/22, 22, 15, 4, 3
2020/3/23, 33, 9, 13, 4
2020/3/24, 37, 14, 8, 4
2020/3/25, 36, 10, 14, 4
2020/3/26, 36, 14, 15, 4
2020/3/27, 28, 16, 19, 5
2020/3/28, 44, 16, 6, 3
2020/3/29, 20, 17, 5, 3
2020/3/30, 5, , , 
2019/10/2, 13, 7, 6, 4
2019/10/3, 15, 8, 7, 4
2019/10/4, 15, 14, 6, 3
2019/10/5, 12, 13, 3, 3
2019/10/6, 10, 17, 3, 3
2019/10/7, 11, 18, 12, 4
2019/10/8, 19, 28, 6, 3
2019/10/9, 14, 30, 4, 3
2019/10/10, 20, 26, 6, 3
2019/10/11, 27, 23, 2, 3
2019/10/12, 13, 23, 1, 2
2019/10/13, 13, 17, 5, 3
2019/10/14, 12, 18, 10, 2
2019/10/15, 18, 14, 12, 1
2019/10/16, 22, 11, 10, 1
2019/10/17, 18, 21, 10, 1
2019/10/18, 27, 30, 4, 
2019/10/19, 25, 19, 9, 1
2019/10/20, 34, 23, 11, 2
2019/10/21, 37, 20, 6, 2
2019/10/22, 15, 20, 7, 2
2019/10/23, 13, 16, 11, 3
2019/10/24, 22, 15, 15, 4
2019/10/25, 22, 21, 12, 3
2019/10/26, 26, 25, 7, 2
2019/10/27, 26, 14, 9, 3
2019/10/28, 29, 17, 10, 2
2019/10/29, 25, 13, 15, 3
2019/10/30, 23, 14, 14, 3
2019/10/31, 25, 15, 12, 3
2019/11/1, 40, 10, 13, 4
2019/11/2, 31, 15, 10, 3
2019/11/3, 22, 12, 13, 4
2019/11/4, 40, 12, 14, 4
2019/11/5, 33, , 11, 3
2019/11/6, 22, , 13, 3
2019/11/7, 26, , 16, 3
2019/11/8, 28, , 15, 3
2019/11/9, 37, , 12, 4
2019/11/10, 44, , 6, 2
2019/11/11, 27, , 10, 3
2019/11/12, 20, , 9, 2
2019/11/13, 18, , 11, 3
2019/11/14, 35, , 11, 3
2019/11/15, 42, , 18, 5
2019/11/16, 42, , 7, 3
2019/11/17, 54, , 9, 4
2019/11/18, 47, , 9, 3
2019/11/19, 33, , 13, 5
2019/11/20, 41, , 10, 4
2019/11/21, 38, , 10, 4
2019/11/22, 24, , 10, 3
2019/11/23, 21, , 12, 4
2019/11/24, 24, , 13, 5
2019/11/25, 25, , 10, 4
2019/11/26, 16, , 10, 5
2019/11/27, 17, , 7, 3
2019/11/28, 15, , 7, 3
2019/11/29, 19, , 8, 4
2019/11/30, 30, , 6, 4
2019/12/1, 18, , 7, 4
2019/12/2, 17, , 19, 5
2019/12/3, 30, , 19, 5
2019/12/4, 31, , 18, 5
2019/12/5, 31, , 22, 7
2019/12/6, 54, , 13, 5
2019/12/7, 32, , 13, 5
2019/12/8, 35, , 11, 5
2019/12/9, 45, , 13, 3
2019/12/10, 38, , 14, 2
2019/12/11, 49, , 17, 2
2019/12/12, 54, , 18, 3
2019/12/13, 57, , 23, 4
2019/12/14, 83, , 13, 3
2019/12/15, 55, , 17, 2
2019/12/16, 37, , 23, 2
2019/12/17, 42, , 38, 3
2019/12/18, 51, , 25, 2
2019/12/19, 36, , 27, 7
2019/12/20, 70, , 11, 3
2019/12/21, 68, , 15, 3
2019/12/22, 67, , 17, 4
2019/12/23, 45, , 22, 7
2019/12/24, 60, , 12, 4
2019/12/25, 72, , 8, 4
2019/12/26, 73, , 8, 3
2019/12/27, 47, , 13, 3
2019/12/28, 51, , 15, 3
2019/12/29, 41, , 7, 4
2019/12/30, 15, , , 
2019/7/2, 15, 41, 15, 5
2019/7/3, 20, 32, 12, 6
2019/7/4, 27, 31, 5, 4
2019/7/5, 30, 21, 11, 5
2019/7/6, 46, 23, 7, 5
2019/7/7, 35, 34, 5, 4
2019/7/8, 53, 35, 4, 4
2019/7/9, 51, 31, 5, 5
2019/7/10, 59, 25, 6, 4
2019/7/11, 13, 35, 12, 5
2019/7/12, 37, 31, 6, 4
2019/7/13, 31, 34, 6, 4
2019/7/14, 24, 35, 3, 4
2019/7/15, 9, 30, 4, 4
2019/7/16, 26, 29, 11, 5
2019/7/17, 25, 31, 7, 4
2019/7/18, 15, 38, 7, 4
2019/7/19, 20, 31, 10, 5
2019/7/20, 30, 22, 9, 5
2019/7/21, 22, 21, 11, 5
2019/7/22, 31, 18, 12, 4
2019/7/23, 22, 28, 14, 5
2019/7/24, 33, 37, 7, 4
2019/7/25, 36, 36, 5, 4
2019/7/26, 30, 37, 5, 4
2019/7/27, 34, 28, 8, 4
2019/7/28, 21, 26, 6, 5
2019/7/29, 28, 19, 9, 4
2019/7/30, 16, 24, 11, 4
2019/7/31, 19, 32, 14, 4
2019/8/1, 23, 35, 5, 4
2019/8/2, 24, 41, 8, 4
2019/8/3, 37, 43, 9, 5
2019/8/4, 38, 40, 11, 5
2019/8/5, 42, 24, 12, 5
2019/8/6, 38, 23, , 5
2019/8/7, 33, 22, , 4
2019/8/8, 25, 19, 13, 4
2019/8/9, 20, 25, 14, 5
2019/8/10, 34, 20, 10, 4
2019/8/11, 27, 21, 10, 5
2019/8/12, 30, 17, 15, 6
2019/8/13, 34, 28, 10, 5
2019/8/14, 23, 17, 12, 4
2019/8/15, 22, 29, 9, 4
2019/8/16, 23, 24, 8, 4
2019/8/17, 19, 32, 6, 4
2019/8/18, 30, 25, 6, 4
2019/8/19, 13, 26, 10, 4
2019/8/20, 16, 24, 11, 5
2019/8/21, 16, 19, 14, 5
2019/8/22, 23, 15, 13, 4
2019/8/23, 15, 26, 7, 3
2019/8/24, 25, 24, 4, 3
2019/8/25, 17, 26, 3, 3
2019/8/26, 21, 24, 7, 4
2019/8/27, 21, 19, 6, 4
2019/8/28, 16, 17, 9, 4
2019/8/29, 15, 20, 11, 4
2019/8/30, 17, 17, 15, 5
2019/8/31, 20, 24, 9, 4
2019/9/1, 25, 21, 5, 4
2019/9/2, 24, 23, 5, 4
2019/9/3, 23, 20, 9, 4
2019/9/4, 17, 25, 10, 4
2019/9/5, 26, 22, 7, 4
2019/9/6, 19, 21, 10, 5
2019/9/7, 18, 10, 10, 5
2019/9/8, 26, 10, 4, 3
2019/9/9, 16, 10, 4, 3
2019/9/10, 13, 14, 8, 5
2019/9/11, 20, 7, 7, 5
2019/9/12, 12, 7, 4, 4
2019/9/13, 8, 9, 5, 4
2019/9/14, 11, 17, 7, 4
2019/9/15, 20, 30, 10, 6
2019/9/16, 38, 26, 8, 5
2019/9/17, 23, 35, 4, 4
2019/9/18, 32, 29, 6, 4
2019/9/19, 29, 35, 12, 5
2019/9/20, 22, 30, 6, 4
2019/9/21, 30, 25, 3, 4
2019/9/22, 29, 17, 7, 4
2019/9/23, 16, 20, 11, 5
2019/9/24, 21, 24, 11, 5
2019/9/25, 22, 20, 10, 4
2019/9/26, 12, 23, 7, 3
2019/9/27, 13, 21, 11, 4
2019/9/28, 21, 17, 6, 4
2019/9/29, 19, 13, 3, 3
2019/9/30, 10, 16, 5, 5
2019/10/1, 21, 5, 6, 4
2019/4/2, 35, 29, 9, 4
2019/4/3, 26, 28, 18, 4
2019/4/4, 30, 30, 10, 3
2019/4/5, 18, 21, 13, 4
2019/4/6, 9, 18, 10, 4
2019/4/7, 9, 21, 11, 5
2019/4/8, 10, 28, 15, 4
2019/4/9, 10, 24, 12, 4
2019/4/10, 16, 23, 9, 3
2019/4/11, 12, 33, 5, 2
2019/4/12, 10, 27, 8, 3
2019/4/13, 15, 30, 14, 4
2019/4/14, 20, 33, 23, 5
2019/4/15, 27, 34, 19, 4
2019/4/16, 23, 33, 26, 5
2019/4/17, 36, 27, 15, 4
2019/4/18, 28, 30, 15, 4
2019/4/19, 15, 31, 19, 5
2019/4/20, 23, 41, 18, 5
2019/4/21, 40, 32, 8, 4
2019/4/22, 39, 24, 11, 4
2019/4/23, 15, 31, 16, 4
2019/4/24, 26, 41, 14, 4
2019/4/25, 31, 37, 17, 4
2019/4/26, 36, 31, 12, 4
2019/4/27, 16, 30, 10, 4
2019/4/28, 20, 33, 6, 3
2019/4/29, 25, 28, 9, 4
2019/4/30, 26, 21, 11, 4
2019/5/1, 22, 19, 12, 4
2019/5/2, 18, 18, 15, 5
2019/5/3, 22, 30, 15, 6
2019/5/4, 32, 40, 9, 4
2019/5/5, 36, 28, 11, 5
2019/5/6, 30, 29, 11, 4
2019/5/7, 14, 33, 11, 4
2019/5/8, 15, 28, 8, 3
2019/5/9, 13, 28, 11, 4
2019/5/10, 15, 31, 17, 5
2019/5/11, 25, 38, 13, 5
2019/5/12, 34, 36, 8, 4
2019/5/13, 26, 38, 20, 7
2019/5/14, 34, 36, 13, 5
2019/5/15, 30, 44, 13, 4
2019/5/16, 26, 33, 12, 5
2019/5/17, 29, 29, 9, 4
2019/5/18, 14, 24, 5, 4
2019/5/19, 11, 21, 4, 4
2019/5/20, 9, 21, 14, 4
2019/5/21, 23, 25, 10, 4
2019/5/22, 18, 24, 4, 3
2019/5/23, 16, 21, 11, 4
2019/5/24, 17, 25, 12, 5
2019/5/25, 20, 28, 6, 4
2019/5/26, 11, 34, 8, 5
2019/5/27, 24, 20, 8, 5
2019/5/28, 28, 23, 10, 4
2019/5/29, 17, 27, 19, 6
2019/5/30, 37, 34, 22, 8
2019/5/31, 57, 44, 10, 5
2019/6/1, 62, 27, 8, 4
2019/6/2, 31, 36, 11, 4
2019/6/3, 36, 42, 10, 4
2019/6/4, 36, 42, 8, 4
2019/6/5, 28, 35, 14, 5
2019/6/6, 26, 55, 9, 4
2019/6/7, 25, 49, 6, 4
2019/6/8, 25, 52, 3, 3
2019/6/9, 28, 34, 6, 4
2019/6/10, 19, 28, 15, 4
2019/6/11, 20, 25, 13, 5
2019/6/12, 24, 25, 10, 4
2019/6/13, 15, 35, 13, 4
2019/6/14, 17, 39, 7, 4
2019/6/15, 20, 27, 4, 4
2019/6/16, 21, 31, 3, 3
2019/6/17, 12, 27, 8, 4
2019/6/18, 12, 24, 15, 5
2019/6/19, 18, 24, 15, 5
2019/6/20, 20, 26, 6, 4
2019/6/21, 21, 29, 5, 3
2019/6/22, 20, 33, 4, 3
2019/6/23, 23, 25, 8, 5
2019/6/24, 30, 24, 15, 5
2019/6/25, 21, 32, 14, 5
2019/6/26, 21, 40, 10, 4
2019/6/27, 22, 31, 13, 5
2019/6/28, 17, 35, 14, 5
2019/6/29, 21, 42, 9, 4
2019/6/30, 29, 30, 5, 4
2019/7/1, 22, 27, 12, 5
2019/1/2, 37, , 12, 4
2019/1/3, 29, , 15, 4
2019/1/4, 29, , 21, 5
2019/1/5, 32, , 18, 5
2019/1/6, 34, , 11, 4
2019/1/7, 30, , 12, 5
2019/1/8, 48, , 10, 4
2019/1/9, 30, , 16, 4
2019/1/10, 31, , 12, 4
2019/1/11, 31, , 12, 5
2019/1/12, 52, , 13, 6
2019/1/13, 72, , 8, 4
2019/1/14, 51, , 13, 5
2019/1/15, 41, , 9, 5
2019/1/16, 35, , 17, 5
2019/1/17, 32, , 23, 6
2019/1/18, 54, , 16, 5
2019/1/19, 34, , 11, 5
2019/1/20, 40, , 12, 5
2019/1/21, 37, , 11, 4
2019/1/22, 33, , 17, 6
2019/1/23, 49, , 18, 6
2019/1/24, 60, , 14, 5
2019/1/25, 44, , 20, 6
2019/1/26, 46, , 22, 6
2019/1/27, 60, , 12, 5
2019/1/28, 37, , 14, 5
2019/1/29, 31, , 14, 5
2019/1/30, 39, , 9, 4
2019/1/31, 38, , 19, 6
2019/2/1, 45, , 13, 5
2019/2/2, 58, , 22, 8
2019/2/3, 78, , 12, 8
2019/2/4, 58, , 13, 6
2019/2/5, 34, , 20, 6
2019/2/6, 32, , 23, 7
2019/2/7, 36, , 16, 6
2019/2/8, 32, , 14, 5
2019/2/9, 26, , 21, 6
2019/2/10, 52, , 18, 7
2019/2/11, 58, , 18, 6
2019/2/12, 52, , 18, 6
2019/2/13, 31, 19, 15, 5
2019/2/14, 51, 21, 22, 4
2019/2/15, 56, 22, 20, 3
2019/2/16, 40, 20, 26, 4
2019/2/17, 53, 30, 10, 3
2019/2/18, 32, 22, 22, 3
2019/2/19, 47, 24, 23, 4
2019/2/20, 65, 31, 15, 3
2019/2/21, 59, 32, 16, 3
2019/2/22, 66, 30, 24, 4
2019/2/23, 77, 34, 14, 4
2019/2/24, 72, 36, 7, 3
2019/2/25, 47, 20, 18, 4
2019/2/26, 43, 19, 20, 3
2019/2/27, 40, 24, 19, 4
2019/2/28, 45, 30, 22, 4
2019/3/1, 50, 21, 33, 6
2019/3/2, 70, 22, 16, 4
2019/3/3, 50, 25, 11, 3
2019/3/4, 46, 31, 13, 3
2019/3/5, 44, 26, 18, 4
2019/3/6, 45, 28, 21, 4
2019/3/7, 56, 29, 25, 4
2019/3/8, 47, 37, 14, 4
2019/3/9, 64, 34, 10, 4
2019/3/10, 76, 38, 11, 4
2019/3/11, 51, 37, 22, 4
2019/3/12, 60, 29, 21, 4
2019/3/13, 64, 19, 16, 5
2019/3/14, 43, 22, 20, 7
2019/3/15, 40, 29, 11, 4
2019/3/16, 23, 31, 12, 4
2019/3/17, 32, 36, 12, 4
2019/3/18, 57, 35, 18, 5
2019/3/19, 53, 33, 19, 5
2019/3/20, 43, 31, 13, 5
2019/3/21, 42, 32, 19, 5
2019/3/22, 39, 32, 21, 6
2019/3/23, 38, 40, 24, 8
2019/3/24, 49, 31, 20, 6
2019/3/25, 50, 28, 19, 5
2019/3/26, 35, 36, 21, 7
2019/3/27, 42, 35, 7, 5
2019/3/28, 49, 23, 14, 5
2019/3/29, 33, 28, 17, 5
2019/3/30, 22, 32, 6, 4
2019/3/31, 18, 31, 7, 4
2019/4/1, 20, 26, 13, 5
2018/10/2, 19, 10, 8, 2
2018/10/3, 8, 19, 6, 3
2018/10/4, 14, 15, 11, 1
2018/10/5, 11, 11, 9, 2
2018/10/6, 11, 12, 7, 2
2018/10/7, 7, 9, 5, 2
2018/10/8, 8, 4, 7, 4
2018/10/9, 29, 6, 6, 3
2018/10/10, 6, 9, 6, 2
2018/10/11, 8, 16, 10, 2
2018/10/12, 11, 18, 15, 3
2018/10/13, 23, 16, 7, 2
2018/10/14, 15, 16, 7, 2
2018/10/15, 12, 21, 9, 2
2018/10/16, 11, 21, 10, 3
2018/10/17, 8, 17, 17, 4
2018/10/18, 16, 24, 13, 4
2018/10/19, 25, 23, 9, 3
2018/10/20, 11, 23, 8, 2
2018/10/21, 9, 23, 16, 5
2018/10/22, 32, 18, 17, 5
2018/10/23, 44, 14, 16, 4
2018/10/24, 15, 18, 15, 5
2018/10/25, 35, 14, 14, 5
2018/10/26, 27, 14, 10, 3
2018/10/27, 8, 13, 7, 3
2018/10/28, 5, 21, 7, 3
2018/10/29, 5, 16, 13, 4
2018/10/30, 11, 15, 15, 5
2018/10/31, 25, 17, 18, 5
2018/11/1, 23, 14, 18, 5
2018/11/2, 23, 13, 16, 4
2018/11/3, 19, 15, 11, 3
2018/11/4, 23, 17, 8, 3
2018/11/5, 12, 12, 10, 3
2018/11/6, 12, 11, 11, 4
2018/11/7, 18, 12, 12, 3
2018/11/8, 24, 15, 12, 3
2018/11/9, 27, 16, 14, 3
2018/11/10, 36, 20, 10, 3
2018/11/11, 20, 17, 9, 3
2018/11/12, 32, 18, 15, 3
2018/11/13, 27, 17, 22, 4
2018/11/14, 35, 2, 16, 4
2018/11/15, 50, , 11, 4
2018/11/16, 39, , 14, 5
2018/11/17, 43, , 10, 4
2018/11/18, 25, , 10, 3
2018/11/19, 22, , 15, 4
2018/11/20, 41, , 12, 4
2018/11/21, 46, , 10, 3
2018/11/22, 41, , 6, 3
2018/11/23, 56, , 8, 4
2018/11/24, 37, , 8, 5
2018/11/25, 46, , 8, 4
2018/11/26, 27, , 13, 4
2018/11/27, 21, , 16, 5
2018/11/28, 28, , 14, 5
2018/11/29, 39, , 11, 4
2018/11/30, 57, , 11, 4
2018/12/1, 60, , 6, 4
2018/12/2, 42, , 5, 4
2018/12/3, 16, , 16, 5
2018/12/4, 25, , 10, 4
2018/12/5, 24, , 13, 5
2018/12/6, 43, , 15, 5
2018/12/7, 33, , 19, 5
2018/12/8, 41, , 21, 7
2018/12/9, 76, , 17, 6
2018/12/10, 68, , 14, 5
2018/12/11, 69, , 24, 8
2018/12/12, 94, , 16, 6
2018/12/13, 98, , 12, 6
2018/12/14, 80, , 16, 7
2018/12/15, 41, , 17, 8
2018/12/16, 58, , 14, 6
2018/12/17, 26, , 19, 6
2018/12/18, 35, , 15, 6
2018/12/19, 42, , 14, 7
2018/12/20, 68, , 10, 5
2018/12/21, 39, , 12, 4
2018/12/22, 30, , 9, 3
2018/12/23, 47, , 8, 3
2018/12/24, 28, , 13, 3
2018/12/25, 32, , 14, 4
2018/12/26, 48, , 14, 5
2018/12/27, 58, , 14, 5
2018/12/28, 35, , 8, 3
2018/12/29, 23, , 8, 3
2018/12/30, 34, , 11, 3
2018/12/31, 37, , , 
2018/7/2, 14, 28, 4, 1
2018/7/3, 13, 24, 6, 2
2018/7/4, 19, 26, 5, 2
2018/7/5, 43, 20, 11, 2
2018/7/6, 32, 26, 7, 1
2018/7/7, 15, 33, 2, 1
2018/7/8, 11, 35, 1, 
2018/7/9, 7, 23, 12, 2
2018/7/10, 15, 31, 13, 2
2018/7/11, 13, 30, 4, 1
2018/7/12, 17, 29, 7, 2
2018/7/13, 18, 26, 14, 3
2018/7/14, 17, 32, 9, 3
2018/7/15, 27, 25, 8, 2
2018/7/16, 25, 20, 10, 1
2018/7/17, 10, 20, 9, 1
2018/7/18, 10, 37, 7, 1
2018/7/19, 17, 21, 4, 1
2018/7/20, 11, 16, 9, 2
2018/7/21, 15, 28, 3, 2
2018/7/22, 23, 21, 2, 2
2018/7/23, 32, 19, 11, 3
2018/7/24, 40, 17, 12, 2
2018/7/25, 13, 17, 10, 2
2018/7/26, 10, 9, 8, 1
2018/7/27, 9, 15, 11, 2
2018/7/28, 13, 21, 12, 3
2018/7/29, 28, 23, 10, 3
2018/7/30, 32, 19, 16, 3
2018/7/31, 33, 25, 14, 3
2018/8/1, 23, 14, 7, 1
2018/8/2, 11, 18, 9, 1
2018/8/3, 10, 34, 6, 1
2018/8/4, 11, 30, 5, 2
2018/8/5, 24, 36, 4, 1
2018/8/6, 21, 20, 14, 3
2018/8/7, 22, 28, 13, 2
2018/8/8, 17, 30, 7, 2
2018/8/9, 18, 17, 16, 3
2018/8/10, 53, 24, 16, 3
2018/8/11, 34, 32, 10, 3
2018/8/12, 60, 29, 7, 2
2018/8/13, 48, 35, 3, 1
2018/8/14, 34, 28, 8, 2
2018/8/15, 43, 25, 13, 2
2018/8/16, 25, 27, 13, 3
2018/8/17, 21, 18, 19, 3
2018/8/18, 33, 41, 12, 3
2018/8/19, 56, 32, 3, 1
2018/8/20, 51, 19, 13, 3
2018/8/21, 48, 17, 11, 3
2018/8/22, 55, 26, 15, 2
2018/8/23, 39, 32, 5, 1
2018/8/24, 48, 22, 11, 3
2018/8/25, 27, 28, 10, 4
2018/8/26, 29, 26, 6, 2
2018/8/27, 31, 25, 6, 2
2018/8/28, 28, 9, 10, 3
2018/8/29, 18, 20, 15, 3
2018/8/30, 29, 27, 7, 2
2018/8/31, 21, 28, 3, 1
2018/9/1, 7, 25, 7, 2
2018/9/2, 15, 24, 6, 1
2018/9/3, 17, 21, 4, 1
2018/9/4, 15, 20, 9, 2
2018/9/6, 18, 22, 15, 2
2018/9/7, 14, 23, 15, 2
2018/9/8, 19, 29, 8, 1
2018/9/9, 18, 24, 2, 1
2018/9/10, 16, 30, 6, 1
2018/9/11, 11, 32, 5, 1
2018/9/12, 13, 33, 3, 1
2018/9/13, 11, 30, 3, 1
2018/9/14, 16, 28, 6, 1
2018/9/15, 14, 32, 5, 1
2018/9/16, 13, 32, 2, 1
2018/9/17, 14, 23, 10, 2
2018/9/18, 20, 2, 7, 3
2018/9/19, 11, 3, 4, 2
2018/9/20, 15, 14, 6, 2
2018/9/21, 7, 14, 10, 3
2018/9/22, 21, 28, 7, 2
2018/9/23, 24, 30, 4, 1
2018/9/24, 16, 27, 4, 1
2018/9/25, 12, 11, 10, 2
2018/9/26, 14, 23, 9, 1
2018/9/27, 12, 17, 11, 2
2018/9/28, 6, 14, 11, 2
2018/9/29, 10, 16, 10, 1
2018/9/30, 15, 10, 8, 2
2018/10/1, 19, 8, 11, 2
2018/4/2, 18, 26, 16, 4
2018/4/3, 26, 28, 10, 3
2018/4/4, 25, 36, 12, 3
2018/4/5, 25, 36, 16, 4
2018/4/6, 43, 33, 6, 3
2018/4/7, 19, 31, 7, 3
2018/4/8, 23, 31, 13, 4
2018/4/9, 31, 28, 18, 4
2018/4/10, 39, 30, 7, 3
2018/4/11, 37, 35, 14, 4
2018/4/12, 50, 30, 14, 5
2018/4/13, 37, 34, 8, 4
2018/4/14, 22, 35, 1, 3
2018/4/15, 14, 30, 2, 3
2018/4/16, 10, 32, 7, 3
2018/4/17, 16, 35, 11, 4
2018/4/18, 18, 33, 14, 4
2018/4/19, 20, 34, 19, 5
2018/4/20, 21, 43, 20, 5
2018/4/21, 34, 42, 22, 6
2018/4/22, 45, 45, 23, 6
2018/4/23, 44, 39, 20, 7
2018/4/24, 49, 28, 23, 7
2018/4/25, 36, 31, 9, 4
2018/4/26, 13, 30, 11, 5
2018/4/27, 18, 33, 8, 4
2018/4/28, 14, 31, 5, 4
2018/4/29, 15, 41, 5, 4
2018/4/30, 22, 45, 6, 5
2018/5/1, 39, 33, 11, 5
2018/5/2, 31, 30, 14, 5
2018/5/3, 30, 34, 24, 5
2018/5/4, 30, 36, 17, 4
2018/5/5, 25, 42, 8, 3
2018/5/6, 22, 37, 10, 4
2018/5/7, 29, 41, 9, 3
2018/5/8, 17, 38, 7, 2
2018/5/9, 17, 31, 16, 3
2018/5/10, 29, 27, 14, 2
2018/5/11, 15, 26, 9, 1
2018/5/12, 11, 31, 8, 2
2018/5/13, 16, 39, 9, 2
2018/5/14, 20, 28, 15, 3
2018/5/15, 26, 41, 17, 3
2018/5/16, 34, 45, 18, 4
2018/5/17, 36, 49, 10, 2
2018/5/18, 39, 45, 5, 2
2018/5/19, 29, 27, 4, 2
2018/5/20, 28, 37, 4, 1
2018/5/21, 13, 27, 6, 2
2018/5/22, 18, 34, 6, 2
2018/5/23, 22, 42, 7, 2
2018/5/24, 16, 41, 5, 2
2018/5/25, 20, 39, 7, 2
2018/5/26, 11, 51, 12, 3
2018/5/27, 24, , 16, 6
2018/5/28, 45, , 7, 2
2018/5/29, 34, 42, 8, 2
2018/5/30, 13, 28, 13, 4
2018/5/31, 13, 37, 14, 3
2018/6/1, 19, 25, 8, 2
2018/6/2, 10, 17, 6, 2
2018/6/3, 9, 27, 4, 1
2018/6/4, 10, 37, 15, 2
2018/6/5, 14, 35, 7, 1
2018/6/6, 14, 30, 13, 3
2018/6/7, 21, 29, 12, 2
2018/6/8, 17, 26, 5, 1
2018/6/9, 14, 22, 6, 2
2018/6/10, 14, 30, 3, 2
2018/6/11, 21, 25, 10, 3
2018/6/12, 19, 21, 11, 3
2018/6/13, 19, 26, 13, 2
2018/6/14, 14, 37, 8, 2
2018/6/15, 14, 29, 5, 2
2018/6/16, 13, 23, 5, 2
2018/6/17, 13, 25, 4, 2
2018/6/18, 13, 12, 8, 3
2018/6/19, 13, 13, 8, 2
2018/6/20, 18, 16, 12, 3
2018/6/21, 20, 15, 11, 3
2018/6/22, 21, 26, 12, 3
2018/6/23, 30, 27, 12, 4
2018/6/24, 48, 24, 10, 3
2018/6/25, 35, 27, 4, 1
2018/6/26, 11, 19, 10, 2
2018/6/27, 20, 23, 13, 3
2018/6/28, 22, 33, 7, 2
2018/6/29, 11, 28, 3, 1
2018/6/30, 10, 27, 5, 2
2018/7/1, 8, 24, 5, 2
2018/1/2, 38, , 15, 3
2018/1/3, 43, , 18, 3
2018/1/4, 43, , 28, 5
2018/1/5, 53, , 31, 5
2018/1/6, 65, , 24, 6
2018/1/7, 56, , 14, 4
2018/1/8, 58, , 22, 6
2018/1/9, 38, , 17, 6
2018/1/10, 46, , 9, 4
2018/1/11, 45, , 12, 2
2018/1/12, 26, , 20, 3
2018/1/13, 31, , 20, 3
2018/1/14, 46, , 21, 4
2018/1/15, 40, , 14, 2
2018/1/16, 28, , 19, 3
2018/1/17, 26, , 16, 3
2018/1/18, 30, , 18, 4
2018/1/19, 27, , 16, 5
2018/1/20, 38, , 23, 6
2018/1/21, 36, , 19, 5
2018/1/22, 43, , 11, 3
2018/1/23, 13, , 21, 4
2018/1/24, 22, , 22, 4
2018/1/25, 42, , 10, 3
2018/1/26, 58, , 10, 3
2018/1/27, 35, , 10, 3
2018/1/28, 45, , 13, 3
2018/1/29, 23, , 25, 4
2018/1/30, 27, , 18, 4
2018/1/31, 39, , 14, 4
2018/2/1, 36, , 18, 4
2018/2/2, 37, , 18, 4
2018/2/3, 22, , 17, 4
2018/2/4, 37, , 13, 3
2018/2/5, 19, , 19, 4
2018/2/6, 28, , 16, 4
2018/2/7, 29, , 18, 5
2018/2/8, 40, , 21, 5
2018/2/9, 58, , 18, 5
2018/2/10, 42, , 12, 4
2018/2/11, 44, , 14, 4
2018/2/12, 39, , 27, 6
2018/2/13, 46, , 16, 5
2018/2/14, 51, , 18, 5
2018/2/15, 63, , 18, 5
2018/2/16, 32, , 11, 4
2018/2/17, 29, , 10, 5
2018/2/18, 16, , 19, 5
2018/2/19, 21, , 12, 5
2018/2/20, 13, , 16, 5
2018/2/21, 20, , 18, 5
2018/2/22, 26, 16, 32, 6
2018/2/23, 47, 27, 21, 4
2018/2/24, 46, 22, 32, 5
2018/2/25, 72, 30, 9, 3
2018/2/26, 34, 28, 29, 5
2018/2/27, 33, 21, 38, 6
2018/2/28, 59, 18, 37, 6
2018/3/1, 47, 28, 19, 5
2018/3/2, 44, 28, 22, 5
2018/3/3, 60, 32, 4, 4
2018/3/4, 23, 30, 3, 4
2018/3/5, 15, 30, 2, 3
2018/3/6, 9, 27, 10, 4
2018/3/7, 20, 24, 18, 5
2018/3/8, 27, 26, 18, 5
2018/3/9, 36, 31, 20, 5
2018/3/10, 59, 34, 10, 4
2018/3/11, 55, 27, 9, 5
2018/3/12, 49, 29, 15, 5
2018/3/13, 32, 28, 13, 5
2018/3/14, 21, 27, 16, 5
2018/3/15, 32, 29, 16, 5
2018/3/16, 21, 32, 10, 5
2018/3/17, 12, 30, 16, 6
2018/3/18, 31, 27, 25, 8
2018/3/19, 50, 29, 12, 5
2018/3/20, 22, 27, 11, 5
2018/3/21, 15, 22, 21, 6
2018/3/22, 35, 23, 21, 7
2018/3/23, 47, 34, 16, 5
2018/3/24, 22, 33, 3, 4
2018/3/25, 11, 33, 5, 5
2018/3/26, 18, 27, 11, 5
2018/3/27, 30, 28, 10, 6
2018/3/28, 46, 28, 11, 4
2018/3/29, 37, 28, 11, 3
2018/3/30, 17, 26, 12, 3
2018/3/31, 33, 31, 4, 2
2018/4/1, 19, 33, 4, 2
2017/10/2, 21, 25, 11, 5
2017/10/3, 34, 16, 15, 5
2017/10/4, 20, 9, 9, 4
2017/10/5, 22, 12, 12, 5
2017/10/6, 22, 10, 14, 5
2017/10/7, 25, 15, 9, 4
2017/10/8, 17, 25, 9, 4
2017/10/9, 21, 17, 12, 3
2017/10/10, 18, 13, 19, 5
2017/10/11, 30, 14, 13, 3
2017/10/12, 26, 21, 5, 2
2017/10/13, 11, 16, 16, 4
2017/10/14, 32, 17, 9, 3
2017/10/15, 25, 22, 9, 3
2017/10/16, 30, 23, 10, 3
2017/10/17, 19, 22, 16, 4
2017/10/18, 33, 24, 13, 4
2017/10/19, 38, 29, 14, 3
2017/10/20, 29, 41, 9, 4
2017/10/21, 45, 26, 4, 3
2017/10/22, 33, 24, 7, 3
2017/10/23, 20, 23, 9, 3
2017/10/24, 19, 21, 11, 3
2017/10/25, 20, 17, 16, 4
2017/10/26, 48, 16, 9, 3
2017/10/27, 34, 19, 8, 3
2017/10/28, 26, 21, 13, 4
2017/10/29, 28, 17, 10, 4
2017/10/30, 30, 18, 10, 3
2017/10/31, 19, 21, 13, 3
2017/11/1, 27, 14, 10, 3
2017/11/2, 28, 10, 13, 5
2017/11/3, 33, 13, 16, 4
2017/11/4, 15, 14, 9, 4
2017/11/5, 7, 15, 9, 4
2017/11/6, 9, 13, 16, 4
2017/11/7, 10, 15, 15, 4
2017/11/8, 26, 14, 12, 5
2017/11/9, 30, 22, 13, 4
2017/11/10, 19, 22, 8, 3
2017/11/11, 13, 17, 12, 5
2017/11/12, 33, 16, 17, 6
2017/11/13, 58, 14, 17, 7
2017/11/14, 60, 6, 10, 5
2017/11/15, 34, 12, 12, 5
2017/11/16, 27, 14, 9, 3
2017/11/17, 15, 9, 9, 4
2017/11/18, 44, 15, 10, 3
2017/11/19, 43, 18, 12, 4
2017/11/20, 33, 10, 16, 4
2017/11/21, 23, 21, 12, 3
2017/11/22, 23, 17, 13, 3
2017/11/23, 15, 12, 16, 4
2017/11/24, 33, 15, 10, 4
2017/11/25, 10, 17, 14, 4
2017/11/26, 21, 12, 19, 6
2017/11/27, 37, 22, 14, 5
2017/11/28, 37, 11, 15, 4
2017/11/29, 13, , 13, 3
2017/11/30, 14, , 15, 5
2017/12/1, 16, , 21, 7
2017/12/2, 36, , 18, 7
2017/12/3, 41, , 15, 6
2017/12/4, 56, , 13, 6
2017/12/5, 52, , 9, 3
2017/12/6, 17, , 14, 4
2017/12/7, 21, , 13, 3
2017/12/8, 19, , 14, 4
2017/12/9, 32, , 8, 3
2017/12/10, 17, , 16, 5
2017/12/11, 49, , 15, 4
2017/12/12, 39, , 17, 4
2017/12/13, 21, , 15, 4
2017/12/14, 42, , 17, 5
2017/12/15, 37, , 20, 5
2017/12/16, 32, , 14, 5
2017/12/17, 47, , 20, 5
2017/12/18, 74, , 13, 5
2017/12/19, 47, , 16, 5
2017/12/20, 16, , 15, 4
2017/12/21, 17, , 16, 5
2017/12/22, 33, , 17, 4
2017/12/23, 31, , 12, 3
2017/12/24, 28, , 10, 2
2017/12/25, 23, , 7, 2
2017/12/26, 29, , 12, 2
2017/12/27, 22, , 19, 3
2017/12/28, 29, , 13, 3
2017/12/29, 39, , 18, 3
2017/12/30, 45, , 14, 3
2017/12/31, 38, , 10, 2
2018/1/1, 32, , 14, 3
2017/7/2, 16, 23, 6, 3
2017/7/3, 21, 31, 9, 3
2017/7/4, 30, 36, 5, 3
2017/7/5, 36, 38, 7, 3
2017/7/6, 26, 37, 10, 3
2017/7/7, 30, 21, 10, 3
2017/7/8, 20, 26, 9, 3
2017/7/9, 21, 31, 7, 3
2017/7/10, 25, 28, 12, 4
2017/7/11, 24, 39, 9, 4
2017/7/12, 28, 31, 9, 3
2017/7/13, 23, 12, 8, 3
2017/7/14, 15, 31, 9, 3
2017/7/15, 19, 34, 7, 3
2017/7/16, 31, 29, 5, 3
2017/7/17, 29, 37, 4, 3
2017/7/18, 25, 24, 11, 4
2017/7/19, 29, 29, 13, 4
2017/7/20, 45, 46, 18, 5
2017/7/21, 47, 29, 10, 4
2017/7/22, 37, 35, 10, 4
2017/7/23, 21, 30, 7, 3
2017/7/24, 25, 31, 6, 3
2017/7/25, 25, 30, 5, 3
2017/7/26, 25, 22, 15, 5
2017/7/27, 27, 21, 16, 4
2017/7/28, 31, 28, 10, 3
2017/7/29, 39, 31, 9, 3
2017/7/30, 33, 30, 10, 4
2017/7/31, 35, 33, 12, 5
2017/8/1, 36, 31, 11, 4
2017/8/2, 41, 20, 10, 3
2017/8/3, 41, 20, 7, 2
2017/8/4, 17, 22, 12, 3
2017/8/5, 19, 24, 12, 4
2017/8/6, 29, 24, 14, 5
2017/8/7, 32, 25, 17, 4
2017/8/8, 32, 26, 10, 3
2017/8/9, 22, 19, 9, 3
2017/8/10, 26, 22, 13, 4
2017/8/11, 14, 17, 15, 4
2017/8/12, 32, 36, 10, 3
2017/8/13, 40, 20, 7, 3
2017/8/14, 27, 24, 12, 4
2017/8/15, 17, 27, 8, 3
2017/8/16, 26, 25, 6, 3
2017/8/17, 23, 19, 11, 4
2017/8/18, 14, 22, 13, 5
2017/8/19, 44, 38, 10, 5
2017/8/20, 49, 27, 7, 4
2017/8/21, 42, 25, 11, 3
2017/8/22, 25, 18, 11, 3
2017/8/23, 25, 18, 12, 4
2017/8/24, 33, 24, 7, 3
2017/8/25, 25, 23, 4, 2
2017/8/26, 21, 19, 5, 3
2017/8/27, 24, 18, 8, 3
2017/8/28, 18, 16, 13, 4
2017/8/29, 14, 30, 16, 6
2017/8/30, 30, 21, 10, 4
2017/8/31, 41, 24, 7, 3
2017/9/1, 65, 29, 6, 3
2017/9/2, 71, 27, 8, 4
2017/9/3, 57, 32, 5, 4
2017/9/4, 51, 27, 6, 4
2017/9/5, 47, 17, 9, 3
2017/9/6, 34, , , 
2017/9/11, 34, 34, 11, 5
2017/9/12, 34, 39, 15, 6
2017/9/13, 51, 41, 9, 4
2017/9/14, 49, 42, 9, 4
2017/9/15, 57, 39, 8, 4
2017/9/16, 55, 37, 4, 3
2017/9/17, 22, 19, 6, 3
2017/9/18, 18, 14, 11, 4
2017/9/19, 23, 31, 5, 3
2017/9/20, 17, 26, 13, 4
2017/9/21, 23, 29, 13, 4
2017/9/22, 20, 28, 5, 4
2017/9/23, 30, 26, 6, 3
2017/9/24, 25, 35, 5, 3
2017/9/25, 34, 6, 4, 4
2017/9/26, 9, 10, 7, 4
2017/9/27, 13, 14, 12, 4
2017/9/28, 16, 17, 13, 4
2017/9/29, 22, 15, 13, 4
2017/9/30, 26, 26, 7, 3
2017/10/1, 21, 28, 4, 2
2017/4/2, 47, 28, 13, 5
2017/4/3, 45, 16, 13, 6
2017/4/4, 44, 24, 17, 5
2017/4/5, 25, 24, 21, 5
2017/4/6, 23, 30, 12, 3
2017/4/7, 20, 36, 20, 5
2017/4/8, 33, 35, 3, 3
2017/4/9, 35, 34, 8, 4
2017/4/10, 52, 30, 6, 3
2017/4/11, 19, 26, 13, 4
2017/4/12, 27, 16, 15, 4
2017/4/13, 42, 23, 9, 4
2017/4/14, 49, 29, 3, 3
2017/4/15, 53, 31, 6, 4
2017/4/16, 28, 32, 5, 3
2017/4/17, 18, 28, 8, 3
2017/4/18, 25, 27, 6, 4
2017/4/19, 27, 22, 8, 4
2017/4/20, 18, 19, 9, 4
2017/4/21, 19, 25, 15, 5
2017/4/22, 25, 34, 17, 7
2017/4/23, 52, 36, 7, 4
2017/4/24, 36, 41, 6, 3
2017/4/25, 25, 31, 8, 4
2017/4/26, 39, 20, 8, 3
2017/4/27, 20, 19, 10, 3
2017/4/28, 18, 29, 15, 4
2017/4/29, 23, 34, 6, 3
2017/4/30, 23, 29, 2, 3
2017/5/1, 20, 31, 10, 3
2017/5/2, 18, 33, 16, 4
2017/5/3, 24, 37, 17, 4
2017/5/4, 24, 27, 20, 4
2017/5/5, 29, 34, 24, 6
2017/5/6, 40, 31, 11, 3
2017/5/7, 27, 32, 5, 2
2017/5/8, 25, 37, 6, 2
2017/5/9, 22, 27, 16, 4
2017/5/10, 31, 26, 19, 4
2017/5/11, 29, 29, 16, 3
2017/5/12, 22, 40, 17, 3
2017/5/13, 31, 41, 16, 4
2017/5/14, 45, 45, 7, 3
2017/5/15, 34, 30, 9, 3
2017/5/16, 34, 37, 9, 3
2017/5/17, 37, 29, 13, 4
2017/5/18, 18, 16, 8, 3
2017/5/19, 18, 23, 11, 3
2017/5/20, 19, 25, 7, 3
2017/5/21, 27, 19, 7, 3
2017/5/22, 21, 26, 12, 3
2017/5/23, 21, 24, 14, 3
2017/5/24, 29, 17, 13, 3
2017/5/25, 23, 38, 10, 3
2017/5/26, 26, 36, 10, 3
2017/5/27, 24, 32, 11, 3
2017/5/28, 29, 30, 8, 3
2017/5/29, 24, 24, 6, 2
2017/5/30, 16, 20, 13, 3
2017/5/31, 23, 28, 17, 3
2017/6/1, 25, 40, 22, 5
2017/6/2, 37, 47, 14, 3
2017/6/3, 34, 39, 10, 4
2017/6/4, 32, 42, 12, 3
2017/6/5, 24, 32, 12, 3
2017/6/6, 33, 42, 10, 2
2017/6/7, 24, 47, 9, 3
2017/6/8, 30, 35, 17, 4
2017/6/9, 36, 48, 11, 3
2017/6/10, 34, 47, 6, 3
2017/6/11, 39, 38, 10, 4
2017/6/12, 25, 25, 22, 5
2017/6/13, 36, 34, 6, 3
2017/6/14, 30, 39, 7, 3
2017/6/15, 17, 29, 13, 3
2017/6/16, 20, 36, 15, 4
2017/6/17, 19, 27, 10, 3
2017/6/18, 18, 17, 7, 3
2017/6/19, 11, 19, 12, 3
2017/6/20, 15, 25, 17, 3
2017/6/21, 20, 41, 11, 3
2017/6/22, 24, 22, 19, 5
2017/6/23, 32, 17, 12, 4
2017/6/24, 25, 21, 6, 2
2017/6/25, 17, 19, 6, 2
2017/6/26, 12, 18, 12, 3
2017/6/27, 16, 33, 10, 3
2017/6/28, 24, 31, 6, 3
2017/6/29, 19, 24, 12, 4
2017/6/30, 23, 24, 15, 4
2017/7/1, 28, 25, 6, 3
2017/1/3, 52, 20, 13, 3
2017/1/4, 38, 21, 13, 4
2017/1/5, 30, 18, 17, 5
2017/1/6, 56, 17, 17, 5
2017/1/7, 53, 17, 15, 4
2017/1/8, 45, 21, 16, 5
2017/1/9, 38, 13, 19, 5
2017/1/10, 60, 16, 15, 5
2017/1/11, 59, 15, 18, 5
2017/1/12, 41, 21, 15, 5
2017/1/13, 42, 16, 20, 5
2017/1/14, 50, 14, 23, 7
2017/1/15, 59, 14, 30, 9
2017/1/16, 75, 8, 31, 10
2017/1/17, 86, 22, 21, 6
2017/1/18, 59, 20, 17, 6
2017/1/19, 54, 10, 17, 20
2017/1/20, 52, 9, 12, 25
2017/1/21, 42, 4, 12, 8
2017/1/22, 36, 8, 11, 7
2017/1/23, 33, 11, 15, 7
2017/1/24, 51, 12, 16, 5
2017/1/25, 46, 14, 13, 3
2017/1/26, 22, 13, 13, 3
2017/1/27, 25, 17, 14, 4
2017/1/28, 39, 21, 12, 3
2017/1/29, 36, 24, 13, 3
2017/1/30, 16, 18, 22, 5
2017/1/31, 39, 20, 16, 4
2017/2/1, 27, 22, 15, 3
2017/2/2, 22, 22, 16, 3
2017/2/3, 22, 21, 17, 3
2017/2/4, 32, 22, 14, 4
2017/2/5, 34, 24, 14, 4
2017/2/6, 36, 17, 20, 4
2017/2/7, 58, 20, 18, 4
2017/2/8, 36, 20, 14, 4
2017/2/9, 31, 23, 13, 3
2017/2/10, 34, 19, 13, 5
2017/2/11, 40, 17, 21, 6
2017/2/12, 40, 28, 13, 4
2017/2/13, 26, 21, 19, 6
2017/2/14, 21, 28, 15, 4
2017/2/15, 21, 25, 20, 5
2017/2/16, 23, 22, 11, 4
2017/2/17, 33, 17, 15, 6
2017/2/18, 49, 20, 17, 6
2017/2/19, 21, 27, 16, 10
2017/2/20, 50, 25, 9, 5
2017/2/21, 46, 21, 12, 5
2017/2/22, 24, 7, 22, 8
2017/2/23, 49, 19, 13, 4
2017/2/24, 22, 22, 10, 4
2017/2/25, 32, 25, 8, 4
2017/2/26, 27, 26, 10, 4
2017/2/27, 30, 31, 14, 5
2017/2/28, 36, 20, 20, 6
2017/3/1, 48, 25, 13, 4
2017/3/2, 28, 23, 17, 5
2017/3/3, 31, 27, 13, 4
2017/3/4, 31, 31, 5, 4
2017/3/5, 40, 27, 7, 5
2017/3/6, 51, 21, 6, 6
2017/3/7, 26, 29, 5, 4
2017/3/8, 20, 26, 11, 3
2017/3/9, 20, 24, 16, 3
2017/3/10, 24, 25, 14, 3
2017/3/11, 23, 25, 13, 3
2017/3/12, 25, 25, 10, 3
2017/3/13, 26, 23, 16, 4
2017/3/14, 32, 22, 23, 5
2017/3/15, 33, 32, 16, 3
2017/3/16, 37, 35, 10, 3
2017/3/17, 55, 23, 17, 5
2017/3/18, 46, 21, 12, 4
2017/3/19, 29, 25, 11, 4
2017/3/20, 35, 21, 24, 6
2017/3/21, 39, 26, 13, 4
2017/3/22, 17, 31, 10, 3
2017/3/23, 20, 26, 8, 3
2017/3/24, 39, 14, 15, 5
2017/3/25, 50, 21, 7, 4
2017/3/26, 35, 16, 10, 5
2017/3/27, 21, 20, 18, 5
2017/3/28, 23, 25, 28, 9
2017/3/29, 49, 29, 22, 6
2017/3/30, 35, 29, 12, 4
2017/3/31, 19, 27, 18, 5
2017/4/1, 25, 34, 27, 10
2016/10/2, 32, 23, 15, 5
2016/10/3, 43, 27, 12, 4
2016/10/4, 27, 30, 4, 1
2016/10/5, 30, 27, 8, 2
2016/10/6, 17, 17, 17, 3
2016/10/7, 22, 13, 11, 2
2016/10/8, 20, 11, 13, 2
2016/10/9, 29, 16, 8, 2
2016/10/10, 39, 29, 5, 2
2016/10/11, 25, 23, 7, 3
2016/10/12, 32, 10, 9, 2
2016/10/13, 21, 17, 9, 1
2016/10/14, 20, 19, 6, 1
2016/10/15, 20, 19, 8, 4
2016/10/16, 37, 21, 10, 5
2016/10/17, 37, 8, 12, 4
2016/10/18, 40, 14, 15, 4
2016/10/19, 24, 16, 12, 3
2016/10/20, 32, 13, 15, 3
2016/10/21, 28, 20, 11, 3
2016/10/25, 25, 17, 15, 2
2016/10/26, 24, 14, 10, 3
2016/10/27, 17, 12, 7, 3
2016/10/28, 20, 16, 11, 4
2016/10/29, 30, 4, 10, 4
2016/10/30, 34, 12, 5, 2
2016/10/31, 14, 9, 5, 3
2016/11/1, 29, 10, 16, 4
2016/11/2, 28, 2, 25, 8
2016/11/3, 44, 7, 21, 8
2016/11/4, 45, 17, 22, 9
2016/11/5, 45, 21, 24, 9
2016/11/6, 67, 28, 14, 4
2016/11/7, 36, 19, 10, 3
2016/11/8, 32, 17, 18, 5
2016/11/9, 27, 21, 16, 9
2016/11/10, 35, 20, 12, 3
2016/11/11, 24, 17, 18, 6
2016/11/12, 30, 19, 10, 3
2016/11/13, 29, 17, 8, 3
2016/11/14, 25, 8, 13, 5
2016/11/15, 45, 8, 13, 6
2016/11/16, 45, 19, 13, 5
2016/11/17, 33, 11, 14, 5
2016/11/18, 46, 21, 8, 3
2016/11/19, 24, 16, 12, 3
2016/11/20, 16, 19, 12, 3
2016/11/21, 18, 17, 13, 3
2016/11/22, 23, 16, 10, 3
2016/11/23, 36, 6, 21, 5
2016/11/24, 38, 8, 11, 4
2016/11/25, 48, 7, 9, 4
2016/11/26, 28, 7, 11, 6
2016/11/27, 37, 13, 9, 6
2016/11/28, 48, 15, 6, 3
2016/11/29, 32, 5, 5, 3
2016/11/30, 19, 1, 8, 5
2016/12/1, 24, 17, 10, 3
2016/12/2, 21, 19, 14, 2
2016/12/3, 24, 20, 6, 1
2016/12/4, 18, 14, 7, 2
2016/12/5, 27, 12, 11, 2
2016/12/6, 32, 15, 4, 1
2016/12/7, 30, 14, 9, 2
2016/12/8, 27, 12, 13, 2
2016/12/9, 29, 14, 11, 2
2016/12/10, 31, 12, 13, 2
2016/12/11, 39, 10, 12, 3
2016/12/12, 47, 13, 13, 3
2016/12/13, 41, 16, 15, 3
2016/12/14, 44, 20, 13, 3
2016/12/15, 36, 15, 17, 3
2016/12/16, 40, 12, 16, 3
2016/12/17, 49, 18, 13, 3
2016/12/18, 34, 17, 17, 4
2016/12/19, 41, 19, 11, 3
2016/12/20, 37, 23, 13, 3
2016/12/21, 40, 18, 17, 3
2016/12/22, 28, 16, 15, 3
2016/12/23, 25, 15, 16, 4
2016/12/24, 22, 20, 12, 3
2016/12/25, 55, 22, 3, 
2016/12/26, 28, 19, 3, 
2016/12/27, 15, 19, 15, 4
2016/12/28, 28, 19, 13, 4
2016/12/29, 30, 20, 11, 3
2016/12/30, 24, 16, 14, 4
2016/12/31, 28, 20, 9, 3
2017/1/1, 29, 18, 12, 4
2017/1/2, 28, 16, 13, 4
2016/7/2, 17, 36, 8, 3
2016/7/3, 28, 37, 4, 3
2016/7/4, 28, 34, 4, 2
2016/7/5, 40, 28, 4, 2
2016/7/6, 27, 29, 16, 4
2016/7/7, 25, 33, 15, 4
2016/7/8, 30, 23, 10, 3
2016/7/9, 18, 35, 6, 3
2016/7/10, 19, 33, 3, 2
2016/7/11, 12, 23, 6, 2
2016/7/12, 30, 24, 4, 2
2016/7/13, 23, 25, 6, 2
2016/7/14, 13, 15, 9, 3
2016/7/15, 17, 20, 13, 3
2016/7/16, 25, 28, 8, 4
2016/7/17, 35, 29, 4, 3
2016/7/18, 17, 28, 13, 3
2016/7/19, 30, 35, 12, 3
2016/7/20, 28, 25, 4, 3
2016/7/21, 17, 42, 10, 4
2016/7/22, 24, 38, 19, 4
2016/7/23, 32, 25, 10, 3
2016/7/24, 19, 28, 6, 3
2016/7/25, 13, 22, 13, 3
2016/7/26, 26, 30, 7, 2
2016/7/27, 26, 20, 9, 3
2016/7/28, 23, 11, 8, 3
2016/7/29, 25, 19, 11, 3
2016/7/30, 19, 27, 7, 3
2016/7/31, 29, 27, 3, 2
2016/8/1, 24, 27, 4, 2
2016/8/2, 25, 42, 5, 2
2016/8/3, 27, 34, 8, 3
2016/8/4, 22, 29, 8, 3
2016/8/5, 21, 15, 13, 3
2016/8/6, 14, 17, 12, 3
2016/8/7, 18, 26, 13, 4
2016/8/8, 30, 27, 6, 2
2016/8/9, 24, 26, 4, 2
2016/8/10, 30, 28, 6, 3
2016/8/11, 24, 25, 17, 4
2016/8/12, 13, 13, 15, 3
2016/8/13, 19, 22, 10, 3
2016/8/14, 19, 19, 8, 3
2016/8/15, 18, 28, 10, 4
2016/8/16, 27, 28, 12, 3
2016/8/17, 28, 33, 19, 4
2016/8/18, 34, 23, 15, 4
2016/8/19, 28, 23, 12, 3
2016/8/20, 19, 7, 10, 4
2016/8/21, 21, 16, 8, 3
2016/8/22, 18, 30, 5, 3
2016/8/23, 17, 28, 4, 2
2016/8/24, 25, 17, 14, 4
2016/8/25, 23, 15, 10, 3
2016/8/26, 26, 20, 9, 2
2016/8/27, 16, 13, 7, 4
2016/8/28, 22, 28, 6, 3
2016/8/29, 24, 28, 7, 4
2016/8/30, 21, 15, 17, 4
2016/8/31, 26, 18, 21, 4
2016/9/1, 26, 18, 12, 2
2016/9/2, 19, 22, 6, 2
2016/9/3, 13, 27, 3, 2
2016/9/4, 23, 30, 2, 
2016/9/5, 28, 25, 3, 3
2016/9/6, 33, 20, 12, 3
2016/9/7, 24, 12, 11, 3
2016/9/8, 19, 18, 12, 3
2016/9/9, 18, 20, 10, 2
2016/9/10, 14, 15, 10, 3
2016/9/11, 17, 24, 6, 2
2016/9/12, 24, 25, 6, 2
2016/9/13, 14, 11, 9, 2
2016/9/14, 16, 15, 9, 2
2016/9/15, 17, 21, 8, 2
2016/9/16, 17, 21, 7, 2
2016/9/17, 17, 12, 8, 3
2016/9/18, 24, 30, 6, 3
2016/9/19, 27, 23, 15, 4
2016/9/20, 22, 21, 19, 4
2016/9/21, 31, 21, 13, 3
2016/9/22, 23, 18, 11, 3
2016/9/23, 18, 13, 6, 2
2016/9/24, 14, 20, 1, 1
2016/9/25, 33, 19, 4, 1
2016/9/26, 24, 17, 10, 2
2016/9/27, 13, 12, 10, 2
2016/9/28, 15, 4, 7, 2
2016/9/29, 15, 9, 13, 3
2016/9/30, 20, 13, 14, 3
2016/10/1, 32, 13, 12, 4
2016/4/2, 24, 28, 5, 5
2016/4/3, 20, 26, 5, 5
2016/4/4, 22, 26, 13, 5
2016/4/5, 25, 22, 7, 4
2016/4/6, 36, 17, 12, 6
2016/4/7, 40, 21, 16, 6
2016/4/8, 27, 25, 10, 5
2016/4/9, 21, 31, 7, 5
2016/4/10, 27, 25, 5, 5
2016/4/11, 29, 24, 9, 3
2016/4/12, 21, 29, 12, 2
2016/4/13, 29, 36, 5, 2
2016/4/14, 50, 45, 4, 2
2016/4/15, 53, 43, 4, 2
2016/4/16, 43, 42, 4, 3
2016/4/17, 44, 36, 4, 2
2016/4/18, 37, 34, 11, 3
2016/4/19, 44, 23, 7, 3
2016/4/20, 30, 29, 9, 3
2016/4/21, 51, 22, 12, 4
2016/4/22, 43, 22, 9, 3
2016/4/23, 16, 36, 7, 2
2016/4/24, 31, 30, 4, 3
2016/4/25, 45, 15, 10, 3
2016/4/26, 48, 20, 8, 3
2016/4/27, 19, 28, 9, 2
2016/4/28, 26, 28, 16, 3
2016/4/29, 26, 26, 19, 3
2016/4/30, 28, 28, 7, 3
2016/5/1, 27, 23, 7, 3
2016/5/2, 16, 29, 19, 4
2016/5/3, 37, 34, 16, 3
2016/5/4, 29, 28, 17, 4
2016/5/5, 22, 35, 17, 4
2016/5/6, 32, 38, 11, 3
2016/5/7, 37, 31, 11, 5
2016/5/8, 84, 37, 14, 5
2016/5/9, 56, 32, 9, 3
2016/5/10, 53, 25, 8, 2
2016/5/11, 36, 19, 10, 4
2016/5/12, 32, 11, 12, 4
2016/5/13, 22, 16, 12, 3
2016/5/14, 21, 27, 10, 2
2016/5/15, 19, 28, 12, 2
2016/5/16, 22, 22, 16, 4
2016/5/17, 35, 25, 15, 3
2016/5/18, 24, 37, 22, 4
2016/5/19, 37, 40, 15, 4
2016/5/20, 34, 44, 11, 3
2016/5/21, 35, 54, 24, 8
2016/5/22, 63, 48, 14, 7
2016/5/23, 54, 38, 6, 3
2016/5/24, 34, 33, 14, 4
2016/5/25, 27, 29, 13, 3
2016/5/26, 26, 36, 10, 4
2016/5/27, 17, 24, 18, 5
2016/5/28, 20, 17, 12, 4
2016/5/29, 30, 28, 9, 4
2016/5/30, 19, 43, 8, 4
2016/5/31, 43, 34, 6, 3
2016/6/1, 15, 21, 7, 3
2016/6/2, 18, 28, 13, 4
2016/6/3, 18, 27, 14, 4
2016/6/4, 29, 24, 8, 4
2016/6/5, 21, 35, 9, 3
2016/6/6, 20, 23, 13, 3
2016/6/7, 19, 23, 15, 3
2016/6/8, 17, 42, 11, 3
2016/6/9, 27, 36, 7, 3
2016/6/10, 22, 35, 9, 5
2016/6/11, 34, 37, 13, 4
2016/6/12, 29, 27, 4, 2
2016/6/13, 18, 17, 12, 5
2016/6/14, 33, 19, 12, 4
2016/6/15, 37, 18, 11, 4
2016/6/16, 16, 33, 11, 4
2016/6/17, 18, 36, 9, 4
2016/6/18, 26, 41, 10, 4
2016/6/19, 23, 43, 6, 4
2016/6/20, 37, 28, 14, 3
2016/6/21, 21, 28, 14, 4
2016/6/22, 19, 40, 17, 4
2016/6/23, 33, 26, 12, 3
2016/6/24, 23, 35, 9, 3
2016/6/25, 32, 34, 3, 3
2016/6/26, 29, 29, 5, 2
2016/6/27, 15, 23, 10, 3
2016/6/28, 16, 32, 10, 3
2016/6/29, 19, 44, 11, 3
2016/6/30, 24, 22, 12, 3
2016/7/1, 24, 32, 8, 3
2016/1/5, 43, , 9, 5
2016/1/6, 38, , 17, 7
2016/1/7, 61, , 13, 6
2016/1/8, 79, , 13, 7
2016/1/9, 71, , 8, 4
2016/1/10, 31, , 10, 5
2016/1/11, 33, , 22, 6
2016/1/12, 64, , 14, 5
2016/1/13, 51, , 22, 8
2016/1/14, 70, , 19, 6
2016/1/15, 90, , 13, 3
2016/1/16, 57, , 8, 2
2016/1/17, 31, , 9, 2
2016/1/18, 34, , 17, 3
2016/1/19, 35, , 24, 5
2016/1/20, 65, , 16, 3
2016/1/21, 67, , 19, 4
2016/1/22, 71, , 16, 4
2016/1/23, 53, , 6, 2
2016/1/24, 47, , 10, 3
2016/1/25, 74, , 12, 4
2016/1/26, 57, , 16, 3
2016/1/27, 30, , 16, 3
2016/1/28, 29, , 15, 4
2016/1/29, 32, , 15, 5
2016/1/30, 44, , 18, 4
2016/1/31, 32, , 16, 4
2016/2/1, 40, , 22, 6
2016/2/2, 58, , 11, 3
2016/2/3, 29, , 13, 4
2016/2/4, 26, , 26, 5
2016/2/5, 48, , 20, 5
2016/2/6, 49, , 7, 2
2016/2/7, 42, , 8, 3
2016/2/8, 27, , 9, 3
2016/2/9, 30, , 11, 3
2016/2/10, 30, , 18, 4
2016/2/11, 34, , 20, 4
2016/2/12, 44, , 16, 4
2016/2/13, 45, , 13, 3
2016/2/14, 38, , 6, 3
2016/2/15, 37, , 12, 4
2016/2/16, 66, , 21, 5
2016/2/17, 60, , 16, 4
2016/2/18, 38, , 7, 4
2016/2/19, 54, , 13, 5
2016/2/20, 46, , 9, 4
2016/2/21, 22, , 13, 4
2016/2/22, 35, , 10, 4
2016/2/23, 29, , 13, 5
2016/2/24, 41, , 14, 5
2016/2/25, 39, , 12, 4
2016/2/26, 31, , 7, 4
2016/2/27, 23, , 10, 9
2016/2/28, 26, , 13, 6
2016/2/29, 39, , 10, 4
2016/3/1, 24, , 15, 5
2016/3/2, 30, , 11, 4
2016/3/3, 32, , 17, 5
2016/3/4, 45, 3, 11, 4
2016/3/5, 46, 17, 9, 4
2016/3/6, 39, 29, 7, 5
2016/3/7, 40, 27, 12, 6
2016/3/8, 58, 23, 4, 5
2016/3/9, 40, 12, 7, 5
2016/3/10, 24, 9, 14, 8
2016/3/11, 48, 28, 11, 7
2016/3/12, 48, 34, 6, 5
2016/3/13, 46, 31, 5, 5
2016/3/14, 36, 17, 9, 5
2016/3/15, 59, 15, 7, 5
2016/3/16, 35, 22, 8, 5
2016/3/17, 23, 17, 9, 5
2016/3/18, 23, 17, 13, 5
2016/3/19, 27, 22, 9, 5
2016/3/20, 24, 25, 13, 5
2016/3/21, 31, 29, 12, 5
2016/3/22, 29, 24, 12, 5
2016/3/23, 43, 27, 8, 4
2016/3/24, 26, 26, 14, 5
2016/3/25, 25, 34, 14, 6
2016/3/26, 35, 20, 10, 6
2016/3/27, 34, 18, 9, 5
2016/3/28, 23, 30, 16, 7
2016/3/29, 32, 31, 13, 5
2016/3/30, 34, 30, 10, 6
2016/3/31, 34, 21, 14, 5
2016/4/1, 24, 25, 13, 5
2015/10/2, 28, 18, 11, 2
2015/10/3, 21, 20, 9, 2
2015/10/4, 23, 18, 7, 2
2015/10/5, 25, 15, 11, 2
2015/10/6, 28, 15, 15, 3
2015/10/7, 36, 20, 14, 3
2015/10/8, 29, 16, 11, 3
2015/10/9, 36, 12, 18, 5
2015/10/10, 42, 27, 9, 3
2015/10/11, 35, 28, 6, 2
2015/10/12, 34, 27, 7, 2
2015/10/13, 19, 11, 12, 3
2015/10/14, 21, 17, 19, 4
2015/10/15, 23, 24, 15, 3
2015/10/16, 27, 16, 15, 2
2015/10/17, 24, 16, 19, 5
2015/10/18, 44, 27, 13, 7
2015/10/19, 52, 26, 16, 7
2015/10/20, 55, 14, 22, 4
2015/10/21, 60, 14, 14, 3
2015/10/22, 42, 18, 20, 4
2015/10/23, 38, 20, 10, 2
2015/10/24, 26, 15, 12, 3
2015/10/25, 27, 17, 14, 3
2015/10/26, 40, 15, 14, 3
2015/10/27, 33, 17, 13, 3
2015/10/28, 37, 9, 11, 3
2015/10/29, 23, 6, 11, 4
2015/10/30, 24, 19, 7, 2
2015/10/31, 25, 20, 7, 3
2015/11/1, 24, 16, 10, 3
2015/11/2, 27, 12, 20, 8
2015/11/3, 41, 25, 13, 4
2015/11/4, 44, 18, 7, 4
2015/11/5, 45, 19, 4, 3
2015/11/6, 32, , 13, 3
2015/11/7, 19, , 15, 3
2015/11/8, 37, , 6, 2
2015/11/9, 30, , 12, 3
2015/11/10, 33, , 13, 3
2015/11/11, 41, , 20, 4
2015/11/12, 56, , 9, 3
2015/11/13, 35, , 17, 4
2015/11/14, 28, , 18, 5
2015/11/15, 35, , 15, 5
2015/11/16, 36, , 7, 3
2015/11/17, 27, , 8, 3
2015/11/18, 11, , 5, 3
2015/11/19, 13, , 7, 2
2015/11/20, 20, , 13, 4
2015/11/21, 20, , 10, 3
2015/11/22, 23, , 9, 3
2015/11/23, 36, , 16, 5
2015/11/24, 37, , 13, 4
2015/11/25, 39, , 11, 4
2015/11/26, 48, , 5, 3
2015/11/27, 33, , 12, 4
2015/11/28, 27, , 16, 5
2015/11/29, 49, , 18, 5
2015/11/30, 53, , 16, 4
2015/12/1, 45, , 12, 4
2015/12/2, 36, , 16, 5
2015/12/3, 50, , 14, 4
2015/12/4, 55, , 19, 4
2015/12/5, 57, , 8, 4
2015/12/6, 37, , 10, 4
2015/12/7, 54, , 7, 3
2015/12/8, 39, , 14, 6
2015/12/9, 42, , 12, 5
2015/12/10, 41, , 11, 5
2015/12/11, 24, , 7, 4
2015/12/12, 31, , 7, 5
2015/12/13, 40, , 4, 4
2015/12/14, 23, , 5, 4
2015/12/15, 16, , 10, 4
2015/12/16, 23, , 6, 4
2015/12/17, 18, , 8, 4
2015/12/18, 29, , 10, 4
2015/12/19, 29, , 7, 3
2015/12/20, 33, , 10, 6
2015/12/21, 44, , 12, 5
2015/12/22, 45, , 9, 4
2015/12/23, 40, , 10, 6
2015/12/24, 48, , 6, 4
2015/12/25, 28, , 7, 4
2015/12/26, 47, , 9, 4
2015/12/27, 41, , 8, 4
2015/12/28, 40, , 14, 5
2015/12/29, 38, , 15, 5
2015/12/30, 33, , 13, 4
2015/12/31, 43, , 10, 4
2016/1/1, 52, , , 
2016/1/4, 30, , 16, 7
2015/7/2, 26, 34, 14, 3
2015/7/3, 36, 33, 12, 2
2015/7/4, 46, 39, 8, 3
2015/7/5, 92, 33, 3, 2
2015/7/6, 51, 25, 11, 4
2015/7/7, 101, 21, 13, 1
2015/7/8, 17, 31, 13, 3
2015/7/9, 28, 36, 13, 2
2015/7/10, 29, 40, 7, 2
2015/7/11, 41, 28, 4, 2
2015/7/12, 33, 22, 3, 1
2015/7/13, 16, 29, 14, 2
2015/7/14, 12, 21, 14, 2
2015/7/15, 23, 26, 7, 2
2015/7/16, 24, 19, 8, 3
2015/7/17, 18, 38, 14, 3
2015/7/18, 14, 36, 7, 2
2015/7/19, 9, 28, 5, 1
2015/7/20, 11, 22, 13, 2
2015/7/21, 18, 22, 15, 2
2015/7/22, 20, 31, 8, 1
2015/7/23, 18, 37, 7, 2
2015/7/24, 15, 31, 6, 1
2015/7/25, 10, 38, 8, 1
2015/7/26, 10, 33, 6, 1
2015/7/27, 10, 30, 5, 1
2015/7/28, 8, 29, 5, 2
2015/7/29, 10, 21, 8, 2
2015/7/30, 12, 19, 13, 2
2015/7/31, 14, 23, 15, 2
2015/8/1, 11, 32, 10, 3
2015/8/2, 18, 27, 6, 2
2015/8/3, 10, 22, 16, 2
2015/8/4, 14, 23, 15, 3
2015/8/5, 19, 42, 14, 3
2015/8/6, 31, 18, 10, 3
2015/8/7, 20, 24, 13, 3
2015/8/8, 10, 22, 6, 2
2015/8/9, 14, 23, 9, 3
2015/8/10, 16, 13, 14, 3
2015/8/11, 18, 15, 15, 3
2015/8/12, 16, 30, 11, 4
2015/8/13, 21, 21, 11, 3
2015/8/14, 24, 32, 11, 3
2015/8/15, 31, 36, 6, 3
2015/8/16, 28, 27, 7, 3
2015/8/17, 41, 11, 14, 3
2015/8/18, 22, 10, 11, 3
2015/8/19, 19, 11, 10, 2
2015/8/20, 15, 18, 14, 2
2015/8/21, 17, 33, 9, 2
2015/8/22, 23, 29, 4, 2
2015/8/23, 31, 16, 5, 1
2015/8/24, 18, 19, 13, 2
2015/8/25, 16, 19, 16, 3
2015/8/26, 17, 28, 16, 3
2015/8/27, 18, 27, 9, 3
2015/8/28, 20, 35, 7, 3
2015/8/29, 30, 28, 11, 4
2015/8/30, 38, 25, 5, 3
2015/8/31, 24, 33, 6, 3
2015/9/1, 42, 32, 9, 4
2015/9/2, 53, 24, 15, 4
2015/9/3, 44, 27, 9, 3
2015/9/4, 27, 30, 5, 2
2015/9/5, 15, 29, 4, 2
2015/9/6, 26, 24, 5, 3
2015/9/7, 25, 23, 10, 3
2015/9/8, 11, 21, 16, 4
2015/9/9, 17, 16, 16, 3
2015/9/10, 23, 15, 14, 3
2015/9/11, 24, 15, 13, 3
2015/9/12, 17, 20, 15, 4
2015/9/16, 36, 35, 6, 3
2015/9/17, 35, 21, 11, 4
2015/9/18, 25, 11, 16, 4
2015/9/19, 26, 25, 12, 3
2015/9/20, 21, 25, 9, 3
2015/9/21, 30, 32, 7, 3
2015/9/22, 24, 21, 12, 4
2015/9/23, 29, 17, 12, 3
2015/9/24, 34, 16, 15, 4
2015/9/25, 48, 30, 21, 5
2015/9/26, 51, 40, 16, 5
2015/9/27, 58, 40, 7, 3
2015/9/28, 41, 23, 15, 3
2015/9/29, 33, 20, 16, 3
2015/9/30, 23, 19, 16, 3
2015/10/1, 27, 18, 17, 4
2015/4/2, 44, 28, 11, 3
2015/4/3, 27, 24, 10, 3
2015/4/4, 23, 25, 10, 3
2015/4/5, 25, 32, 6, 2
2015/4/6, 25, 25, 9, 3
2015/4/7, 31, 25, 10, 3
2015/4/8, 31, 24, 12, 3
2015/4/9, 38, 18, 14, 4
2015/4/10, 36, 23, 19, 4
2015/4/11, 42, 41, 13, 4
2015/4/12, 44, 40, 4, 3
2015/4/13, 40, 27, 14, 3
2015/4/14, 28, 37, 15, 4
2015/4/15, 28, 39, 11, 2
2015/4/16, 34, 35, 12, 2
2015/4/17, 38, 30, 25, 3
2015/4/18, 42, 35, 13, 4
2015/4/19, 32, 29, 6, 2
2015/4/20, 25, 22, 10, 2
2015/4/21, 22, 27, 11, 5
2015/4/22, 22, 26, 14, 2
2015/4/23, 26, 29, 20, 3
2015/4/24, 28, 32, 13, 2
2015/4/25, 45, 36, 8, 3
2015/4/26, 40, 30, 10, 2
2015/4/27, 24, 28, 27, 4
2015/4/28, 35, 27, 29, 5
2015/4/29, 49, 25, 16, 2
2015/4/30, 27, 28, 14, 2
2015/5/1, 26, 33, 10, 2
2015/5/2, 39, 52, 7, 2
2015/5/3, 39, 39, 9, 3
2015/5/4, 40, 27, 21, 3
2015/5/5, 27, 42, 9, 2
2015/5/6, 27, 34, 4, 2
2015/5/7, 46, 30, 6, 2
2015/5/8, 25, 14, 11, 3
2015/5/9, 32, 20, 8, 2
2015/5/10, 22, 18, 5, 1
2015/5/11, 23, 11, 4, 2
2015/5/12, 12, 24, 14, 2
2015/5/13, 20, 37, 5, 1
2015/5/14, 19, 30, 6, 1
2015/5/15, 32, 18, 19, 3
2015/5/16, 41, 27, 7, 2
2015/5/17, 25, 34, 1, 1
2015/5/18, 15, 18, 8, 2
2015/5/19, 21, 25, 15, 2
2015/5/20, 24, 26, 24, 6
2015/5/21, 46, 27, 16, 2
2015/5/22, 27, 38, 20, 3
2015/5/23, 35, 35, 18, 4
2015/5/24, 47, 27, 9, 2
2015/5/25, 35, 28, 4, 2
2015/5/26, 20, 15, 16, 3
2015/5/27, 20, 40, 16, 3
2015/5/28, 36, 46, 17, 6
2015/5/29, 52, 27, 9, 2
2015/5/30, 16, 19, 5, 2
2015/5/31, 18, 22, 5, 1
2015/6/1, 19, 33, 7, 1
2015/6/2, 25, 36, 4, 1
2015/6/3, 25, 27, 10, 2
2015/6/4, 30, 16, 17, 4
2015/6/5, 31, 27, 15, 3
2015/6/6, 21, 35, 5, 2
2015/6/7, 23, 34, 7, 2
2015/6/8, 19, 29, 21, 3
2015/6/9, 43, 52, 18, 4
2015/6/10, 60, 25, 12, 3
2015/6/11, 57, 20, 14, 2
2015/6/12, 33, 27, 11, 2
2015/6/13, 25, 19, 8, 2
2015/6/14, 21, 36, 8, 2
2015/6/15, 13, 26, 15, 2
2015/6/16, 23, 29, 12, 1
2015/6/17, 24, 22, 10, 2
2015/6/18, 25, 22, 17, 2
2015/6/19, 25, 36, 6, 1
2015/6/20, 20, 28, 8, 2
2015/6/21, 19, 34, 12, 2
2015/6/22, 19, 31, 12, 2
2015/6/23, 14, 33, 14, 2
2015/6/24, 32, 37, 8, 2
2015/6/25, 30, 27, 22, 3
2015/6/26, 38, 30, 16, 2
2015/6/27, 20, 35, 12, 2
2015/6/28, 24, 37, 8, 2
2015/6/29, 16, 25, 18, 3
2015/6/30, 46, 22, 17, 3
2015/7/1, 59, 24, 10, 1
2015/1/16, 48, , 16, 3
2015/1/17, 52, , 12, 4
2015/1/18, 53, , 11, 3
2015/1/19, 33, , , 
2015/1/27, 46, , 10, 3
2015/1/28, 39, , 8, 4
2015/1/29, 69, , 12, 3
2015/1/30, 41, , 13, 3
2015/1/31, 35, , 14, 4
2015/2/1, 53, , 4, 3
2015/2/2, 34, , 15, 3
2015/2/3, 37, , 25, 6
2015/2/4, 64, , 18, 4
2015/2/5, 55, , 17, 4
2015/2/6, 54, , 18, 4
2015/2/7, 69, , 22, 5
2015/2/8, 89, , 13, 4
2015/2/9, 60, , 18, 4
2015/2/10, 41, , 14, 4
2015/2/11, 56, , 12, 3
2015/2/12, 47, , 17, 4
2015/2/13, 38, , 15, 4
2015/2/14, 48, , 8, 4
2015/2/15, 40, , 7, 3
2015/2/16, 38, , 12, 4
2015/2/17, 41, , 15, 4
2015/2/18, 35, , 15, 4
2015/2/19, 49, , 17, 4
2015/2/20, 50, , 13, 5
2015/2/21, 50, , 13, 5
2015/2/22, 56, , 9, 4
2015/2/23, 45, , 10, 4
2015/2/24, 33, , 15, 4
2015/2/25, 32, , 15, 3
2015/2/26, 40, , 17, 3
2015/2/27, 41, , 17, 2
2015/2/28, 46, , 14, 2
2015/3/1, 54, , 10, 2
2015/3/2, 57, , 13, 2
2015/3/3, 43, , 13, 2
2015/3/4, 54, , 15, 2
2015/3/5, 41, , 14, 3
2015/3/6, 42, , 21, 3
2015/3/7, 46, , 15, 3
2015/3/8, 38, , 15, 3
2015/3/9, 32, , 14, 3
2015/3/10, 32, , 14, 3
2015/3/11, 33, , 25, 6
2015/3/12, 41, , 11, 3
2015/3/13, 47, , 14, 4
2015/3/14, 53, , 17, 6
2015/3/15, 39, , 15, 6
2015/3/16, 62, , 16, 4
2015/3/17, 24, 20, 16, 3
2015/3/18, 22, 28, 22, 6
2015/3/19, 38, 29, 13, 3
2015/3/20, 38, 22, 11, 3
2015/3/21, 50, 25, 9, 3
2015/3/22, 23, 23, 6, 2
2015/3/23, 29, 32, 9, 2
2015/3/24, 40, 37, 6, 2
2015/3/25, 50, 22, 11, 3
2015/3/26, 41, 21, 14, 3
2015/3/27, 32, 27, 18, 3
2015/3/28, 31, 37, 13, 3
2015/3/29, 44, 25, 8, 3
2015/3/30, 36, 22, 16, 4
2015/3/31, 27, 25, 25, 6
2015/4/1, 39, 40, 12, 5
2022/7/16, , 37, 6, 3
2022/7/17, , 34, 5, 3
2022/7/18, , 40, 4, 3
2022/7/19, , 38, 2, 2
2022/7/20, , 27, 9, 3
2022/7/21, , 20, 10, 3
2022/7/22, , 36, 9, 3
2022/7/23, , 27, 13, 5
2022/7/24, , 18, 5, 3
2022/7/25, , 23, 7, 3
2020/4/1, , 16, 7, 3
2018/9/5, , 14, 13, 2
2017/9/10, , 34, 3, 3
2016/10/22, , 10, 19, 8
2016/10/23, , 13, 11, 4
2016/10/24, , 14, 22, 4
2015/9/13, , 27, 8, 3
2015/9/14, , 34, 7, 3
2015/9/15, , 36, 5, 3
2020/1/1, , , 20, 4
2019/1/1, , , 15, 4
2016/1/3, , , 16, 5
2015/1/15, , , 22, 4
2015/1/26, , , 14, 3