date, pm25, pm10, o3, no2, so2
2023/4/2, 13, 8, 30, 2, 
2023/4/3, 30, 9, 34, 3, 
2023/4/4, 32, 7, 35, 4, 
2023/4/5, 22, 15, 34, 8, 
2023/4/6, 51, 24, 35, 11, 
2023/4/7, 67, 27, 36, 9, 
2023/4/8, 72, 12, 21, 5, 
2023/4/9, 44, 24, 30, 7, 
2023/4/10, 70, 15, 36, 4, 
2023/4/11, 57, 14, 23, 9, 
2023/4/12, 38, , , , 
2023/1/3, 49, 12, 21, 7, 
2023/1/4, 40, 7, 24, 2, 
2023/1/5, 27, 3, 24, 2, 
2023/1/6, 14, 8, 23, 2, 
2023/1/7, 23, 6, 24, 3, 
2023/1/8, 21, 9, 16, 1, 
2023/1/9, 37, 11, 21, 4, 
2023/1/10, 41, 9, 22, 4, 
2023/1/11, 30, 9, 20, 3, 
2023/1/12, 29, 5, 26, 1, 
2023/1/13, 16, 5, 26, 1, 
2023/1/14, 21, 6, 28, 1, 
2023/1/15, 21, 4, 30, 1, 
2023/1/16, 23, 4, 26, 3, 
2023/1/17, 9, 8, 25, 7, 
2023/1/18, 40, 16, 12, 7, 
2023/1/19, 65, 13, 19, 6, 
2023/1/20, 44, 22, 17, 10, 
2023/1/21, 70, 9, 18, 5, 
2023/1/22, 38, 14, 11, 9, 
2023/1/23, 50, 19, 6, 11, 
2023/1/24, 44, 16, 8, 11, 
2023/1/25, 36, 23, 18, 10, 
2023/1/26, 46, 17, 16, 7, 
2023/1/27, 37, 11, 6, 8, 
2023/1/28, 28, 12, 27, 4, 
2023/1/29, 30, 9, 24, 2, 
2023/1/30, 19, 8, 28, 3, 
2023/1/31, 14, 6, 27, 2, 
2023/2/1, 10, 4, 29, 2, 
2023/2/2, 10, 7, 26, 3, 
2023/2/3, 21, 4, 31, 2, 
2023/2/4, 20, 5, 26, 2, 
2023/2/5, 17, 9, 23, 6, 
2023/2/6, 32, 32, 12, 14, 
2023/2/7, 48, 49, 10, 20, 
2023/2/8, 74, 43, 25, 13, 
2023/2/9, 71, 20, 24, 12, 
2023/2/10, 50, 36, 15, 9, 
2023/2/11, 52, 24, 21, 7, 
2023/2/12, 30, 17, 14, 8, 
2023/2/13, 25, 21, 24, 8, 
2023/2/14, 35, 22, 18, 7, 
2023/2/15, 43, 23, 19, 7, 
2023/2/16, 45, 24, 23, 7, 
2023/2/17, 51, 13, 23, 5, 
2023/2/18, 19, 4, 27, 2, 
2023/2/19, 15, 5, 25, 3, 
2023/2/20, 7, 8, 30, 4, 
2023/2/21, 16, 6, 27, 4, 
2023/2/22, 10, 16, 21, 8, 
2023/2/23, 20, 22, 21, 7, 
2023/2/24, 37, 15, 29, 4, 
2023/2/25, 36, 4, 28, 2, 
2023/2/27, 18, 8, 27, 6, 
2023/2/28, 39, 16, 21, 7, 
2023/3/1, 35, 30, 30, 12, 
2023/3/2, 57, 37, 28, 17, 1
2023/3/3, 75, 34, 23, 12, 
2023/3/4, 37, 20, 24, 8, 
2023/3/5, 30, 8, 33, 2, 
2023/3/6, 19, 9, 28, 4, 
2023/3/7, 29, 11, 30, 3, 
2023/3/8, 19, 11, 29, 4, 
2023/3/9, 16, 6, 30, 3, 1
2023/3/10, 12, 4, 33, 2, 1
2023/3/12, 21, 10, 34, 2, 
2023/3/13, 37, 5, 24, 2, 
2023/3/15, 48, 10, 31, 4, 
2023/3/16, 33, 11, 31, 5, 
2023/3/17, 32, 15, 33, 6, 
2023/3/18, 43, 20, 35, 8, 
2023/3/19, 38, 44, 32, 13, 2
2023/3/20, 64, 19, 29, 5, 
2023/3/21, 57, 9, 28, 5, 
2023/3/22, 25, 13, 35, 4, 1
2023/3/23, 34, 11, 33, 3, 
2023/3/24, 24, 7, 31, 2, 
2023/3/25, 26, 4, 35, 1, 
2023/3/26, 26, 4, 33, 1, 
2023/3/27, 21, 9, 34, 3, 
2023/3/28, 32, 7, 34, 2, 
2023/3/29, 42, 11, 31, 3, 
2023/3/30, 32, 10, 35, 3, 
2023/3/31, 30, 3, 31, 2, 1
2023/4/1, 13, 4, 29, 1, 
2022/10/2, 46, 6, 19, 2, 2
2022/10/3, 18, 8, 21, 2, 2
2022/10/4, 16, 9, 20, 4, 2
2022/10/5, 25, 14, 16, 4, 2
2022/10/6, 43, 15, 19, 7, 2
2022/10/7, 43, 21, 14, 11, 1
2022/10/8, 62, 19, 20, 4, 2
2022/10/9, 55, 10, 22, 4, 1
2022/10/10, 24, 14, 16, 7, 2
2022/10/11, 37, 22, 13, 8, 2
2022/10/12, 52, 24, 12, 15, 2
2022/10/13, 61, 24, 17, 6, 2
2022/10/14, 59, 19, 13, 5, 3
2022/10/15, 49, 11, 13, 2, 3
2022/10/16, 32, 12, 11, 4, 2
2022/10/17, 31, 25, 18, 5, 1
2022/10/18, 66, 22, 6, 7, 1
2022/10/19, 62, 10, 22, 7, 2
2022/10/20, 26, 15, 16, 7, 2
2022/10/21, 36, 20, 10, 6, 2
2022/10/22, 56, 17, 19, 4, 2
2022/10/23, 49, 15, 11, 5, 2
2022/10/24, 42, 16, 19, 4, 2
2022/10/25, 40, 9, 22, 3, 2
2022/10/26, 23, 15, 9, 5, 2
2022/10/27, 36, 20, 15, 7, 1
2022/10/28, 55, 19, 10, 5, 1
2022/10/29, 51, 27, 5, 8, 2
2022/10/30, 68, 31, 3, 9, 2
2022/10/31, 84, 28, 1, 11, 2
2022/11/1, 72, 19, 3, 7, 2
2022/11/2, 49, 14, 20, 5, 1
2022/11/3, 38, 17, 9, 10, 2
2022/11/4, 43, 15, 20, 6, 3
2022/11/5, 48, 10, 18, 4, 2
2022/11/6, 36, 17, 9, 5, 2
2022/11/7, 46, 11, 19, 5, 2
2022/11/8, 40, 14, 17, 5, 3
2022/11/9, 41, 13, 9, 3, 2
2022/11/10, 53, 16, 19, 5, 2
2022/11/11, 48, 16, 9, 7, 1
2022/11/12, 44, 25, 4, 8, 1
2022/11/13, 68, 17, 8, 9, 1
2022/11/14, 57, 24, 12, 11, 2
2022/11/15, 69, 18, 3, 8, 2
2022/11/16, 51, 13, 1, 10, 2
2022/11/17, 44, 11, 2, 6, 
2022/11/18, 39, 16, 12, 6, 
2022/11/19, 52, 18, 11, 7, 
2022/11/20, 58, 38, 6, 11, 
2022/11/21, 114, 10, 18, 8, 
2022/11/22, 37, 18, 4, 9, 
2022/11/23, 60, 27, 2, 8, 
2022/11/24, 78, 19, 9, 8, 
2022/11/25, 62, 14, 10, 8, 
2022/11/26, 42, 15, 16, 6, 
2022/11/27, 44, 16, 6, 4, 
2022/11/28, 50, 21, 4, 12, 
2022/11/29, 66, 24, 16, 8, 
2022/11/30, 76, 25, 12, 13, 
2022/12/1, 78, 38, 5, 13, 
2022/12/2, 99, 27, 7, 7, 
2022/12/3, 85, 24, 2, 8, 
2022/12/4, 78, 21, 12, 5, 1
2022/12/5, 66, 13, 9, 5, 
2022/12/6, 46, 9, 4, 7, 
2022/12/7, 33, 7, 13, 6, 
2022/12/8, 24, 9, 18, 5, 
2022/12/9, 32, 27, 7, 11, 
2022/12/10, 80, 27, 6, 10, 
2022/12/11, 84, 13, 18, 5, 
2022/12/12, 50, 16, 14, 9, 
2022/12/13, 59, 26, 12, 10, 
2022/12/14, 74, 35, 6, 16, 1
2022/12/15, 99, 50, 5, 18, 
2022/12/16, 139, 42, 7, 17, 2
2022/12/17, 118, 32, 18, 16, 
2022/12/18, 92, 41, 15, 14, 
2022/12/19, 111, 34, 14, 11, 
2022/12/20, 102, 28, 13, 8, 
2022/12/21, 83, 22, 6, 9, 
2022/12/22, 73, 10, 20, 6, 
2022/12/23, 37, 5, 18, 4, 
2022/12/24, 16, 8, 25, 3, 
2022/12/25, 28, 10, 18, 2, 
2022/12/26, 28, 7, 28, 2, 
2022/12/27, 26, 8, 25, 2, 
2022/12/28, 20, 5, 21, 1, 
2022/12/29, 24, 5, 25, 1, 
2022/12/30, 12, 5, 26, 1, 
2022/12/31, 21, 5, 23, , 
2023/1/1, 16, 12, 22, 1, 
2023/1/2, 43, 15, 15, 2, 
2022/7/2, 55, 10, 41, 3, 
2022/7/3, 22, 10, 40, 3, 
2022/7/4, 33, 18, 49, 5, 
2022/7/5, 55, 13, 46, 3, 2
2022/7/6, 40, 15, 42, 4, 
2022/7/7, 37, 10, 28, 5, 
2022/7/8, 33, 10, 26, 2, 
2022/7/9, 33, 8, 24, 3, 
2022/7/10, 15, 7, 25, 2, 
2022/7/11, 18, 9, 32, 2, 
2022/7/12, 20, 11, 34, 4, 
2022/7/13, 29, 13, 39, 4, 
2022/7/14, 33, 14, 48, 4, 1
2022/7/15, 40, 13, 31, 3, 
2022/7/16, 33, 11, 34, 3, 
2022/7/17, 41, 10, 42, 3, 
2022/7/18, 30, 15, 54, 6, 
2022/7/19, 43, 15, 46, 6, 
2022/7/20, 48, 19, 50, 8, 
2022/7/21, 49, 20, 61, 5, 
2022/7/22, 51, 16, 52, 4, 
2022/7/23, 47, 21, 48, 4, 
2022/7/24, 54, 15, 53, 4, 
2022/7/25, 44, 14, 49, 7, 
2022/7/26, 46, 24, 37, 3, 1
2022/7/27, 64, 32, 32, 4, 1
2022/7/28, 86, 16, 46, 5, 
2022/7/29, 36, 20, 45, 7, 1
2022/7/30, 58, 14, 34, 3, 
2022/7/31, 46, 17, 49, 4, 1
2022/8/1, 51, 13, 29, 5, 1
2022/8/2, 41, 8, 37, 5, 
2022/8/3, 26, 13, 44, 6, 
2022/8/4, 42, 14, 56, 6, 
2022/8/5, 47, 21, 84, 5, 
2022/8/6, 57, 10, 34, 2, 
2022/8/7, 33, 8, 34, 4, 
2022/8/8, 29, 11, 38, 6, 
2022/8/9, 30, 15, 39, 7, 
2022/8/10, 43, 16, 43, 7, 
2022/8/11, 44, 15, 43, 7, 
2022/8/12, 47, 18, 36, 5, 
2022/8/13, 40, 15, 43, 4, 1
2022/8/14, 43, 16, 42, 4, 1
2022/8/15, 44, 20, 41, 5, 1
2022/8/16, 55, 15, 48, 5, 1
2022/8/17, 41, 20, 62, 7, 1
2022/8/18, 55, 27, 57, 10, 1
2022/8/19, 64, 22, 52, 3, 1
2022/8/20, 64, 13, 31, 4, 
2022/8/21, 39, 12, 36, 3, 
2022/8/22, 32, 10, 25, 5, 
2022/8/23, 24, 13, 19, 5, 
2022/8/24, 38, 20, 33, 7, 
2022/8/25, 50, 28, 42, 6, 
2022/8/26, 57, 26, 44, 7, 
2022/8/27, 60, 17, 11, 4, 
2022/8/28, 46, 14, , 4, 
2022/8/29, 33, 18, 36, 5, 
2022/8/30, 43, 15, 37, 7, 
2022/8/31, 33, 12, 26, 6, 
2022/9/1, 31, 11, 28, 5, 
2022/9/2, 26, 8, 32, 5, 1
2022/9/3, 24, 11, 33, 4, 1
2022/9/4, 35, 16, 41, 5, 1
2022/9/5, 53, 18, 30, 7, 
2022/9/6, 51, 18, 34, 8, 
2022/9/7, 57, 17, 32, 4, 1
2022/9/8, 45, 9, 23, 3, 1
2022/9/9, 29, 7, 24, 4, 1
2022/9/10, 17, 5, 25, 2, 1
2022/9/11, 14, 6, 29, 3, 1
2022/9/12, 17, 11, 29, 7, 1
2022/9/13, 30, 11, 31, 4, 2
2022/9/14, 33, 10, 20, 5, 2
2022/9/15, 29, 10, 18, 7, 2
2022/9/16, 27, 8, 23, 3, 2
2022/9/17, 21, 6, 20, 2, 2
2022/9/18, 14, 5, 22, 1, 2
2022/9/19, 16, 3, 19, 3, 2
2022/9/20, 21, 4, 20, 5, 1
2022/9/21, 18, 11, 21, 5, 1
2022/9/22, 28, 12, 25, 7, 1
2022/9/23, 39, 14, 25, 7, 1
2022/9/24, 41, 18, 28, 5, 2
2022/9/25, 51, 22, 24, 5, 2
2022/9/26, 65, 11, 22, 5, 3
2022/9/27, 32, 5, 20, 2, 3
2022/9/28, 19, 5, 19, 2, 3
2022/9/29, 17, 10, 22, 5, 3
2022/9/30, 38, 21, 19, 10, 2
2022/10/1, 61, 15, 19, 3, 2
2022/4/2, 51, 22, 30, 3, 
2022/4/3, 60, 9, 32, 2, 
2022/4/4, 33, 8, 34, 2, 
2022/4/5, 30, 9, 28, 4, 
2022/4/6, 35, 5, 22, 3, 
2022/4/7, 19, 3, 27, 2, 
2022/4/8, 16, 7, 29, 3, 
2022/4/9, 23, 7, 30, 3, 
2022/4/10, 38, 7, 31, 2, 
2022/4/11, 20, 8, 34, 6, 
2022/4/12, 24, 17, 36, 11, 
2022/4/13, 47, 17, 38, 10, 
2022/4/14, 48, 23, 40, 10, 
2022/4/15, 69, 9, 25, 4, 
2022/4/16, 35, 8, 32, 3, 
2022/4/17, 33, 11, 34, 4, 
2022/4/18, 40, 11, 34, 5, 
2022/4/19, 43, 13, 30, 7, 
2022/4/20, 43, 15, 28, 8, 
2022/4/21, 54, 16, 25, 6, 
2022/4/22, 56, 19, 28, 8, 
2022/4/23, 60, 12, 36, 3, 
2022/4/24, 42, 15, 25, 6, 
2022/4/25, 54, 15, 26, 6, 
2022/4/26, 55, 16, 38, 6, 
2022/4/27, 54, 13, 39, 7, 
2022/4/28, 50, 17, 44, 7, 
2022/4/29, 55, 20, 44, 9, 
2022/4/30, 64, 26, 43, 8, 
2022/5/1, 77, 46, 47, 9, 
2022/5/2, 121, 18, 55, 8, 
2022/5/3, 58, 19, 57, 6, 
2022/5/4, 44, 16, 58, 6, 
2022/5/5, 53, 16, 40, 7, 
2022/5/6, 58, 18, 43, 7, 
2022/5/7, 59, 20, 46, 5, 
2022/5/8, 61, 21, 47, 4, 
2022/5/9, 71, 14, 50, 6, 
2022/5/10, 52, 15, 48, 7, 5
2022/5/11, 54, 13, 55, 5, 5
2022/5/12, 53, 15, 38, 3, 2
2022/5/13, 54, 16, 44, 4, 
2022/5/14, 50, 11, 46, 3, 
2022/5/15, 42, 16, 51, 5, 1
2022/5/16, 50, 20, 55, 7, 
2022/5/17, 57, 17, 40, 5, 1
2022/5/18, 51, 21, 50, 6, 
2022/5/19, 61, 12, 52, 5, 
2022/5/20, 38, 12, 39, 4, 
2022/5/21, 39, 10, 37, 1, 
2022/5/22, 27, 9, 41, 2, 
2022/5/23, 22, 10, 39, 5, 
2022/5/24, 29, 11, 32, 3, 
2022/5/25, 31, 11, 32, 4, 
2022/5/26, 30, 11, 34, 3, 
2022/5/27, 29, 6, 28, 2, 
2022/5/28, 17, 8, 35, 1, 
2022/5/29, 22, 7, 34, 3, 1
2022/5/30, 21, 9, 36, 4, 
2022/5/31, 25, 9, 44, 5, 
2022/6/1, 32, 8, 44, 2, 
2022/6/2, 26, 11, 45, 5, 1
2022/6/3, 38, 13, 49, 5, 
2022/6/4, 35, 16, 46, 3, 
2022/6/5, 54, 16, 48, 4, 
2022/6/6, 49, 10, 36, 2, 
2022/6/7, 28, 8, 25, 4, 
2022/6/8, 24, 10, 42, 4, 
2022/6/9, 26, 12, 28, 4, 1
2022/6/10, 38, 11, 42, 3, 
2022/6/11, 36, 16, 51, 5, 
2022/6/12, 51, 13, 46, 4, 1
2022/6/13, 42, 15, 36, 5, 
2022/6/14, 46, 11, 42, 5, 
2022/6/15, 28, 14, 44, 5, 
2022/6/16, 45, 15, 52, 4, 
2022/6/17, 47, 12, 41, 4, 
2022/6/18, 38, 10, 50, 2, 
2022/6/19, 33, 22, 47, 2, 1
2022/6/20, 50, 27, 33, 5, 1
2022/6/21, 62, 9, 36, 4, 
2022/6/22, 22, 11, 46, 5, 
2022/6/23, 33, 14, 59, 5, 1
2022/6/24, 42, 16, 43, 5, 
2022/6/25, 52, 12, 29, 4, 
2022/6/26, 41, 13, 45, 3, 
2022/6/27, 41, 17, 43, 5, 
2022/6/28, 51, 14, 40, 3, 
2022/6/29, 40, 14, 32, 5, 
2022/6/30, 46, 12, 42, 3, 
2022/7/1, 33, 21, 30, 4, 
2022/1/4, 19, 3, 26, 3, 1
2022/1/6, 14, 9, 22, 6, 
2022/1/7, 30, 15, 20, 5, 
2022/1/8, 55, 10, 26, 4, 
2022/1/9, 42, 6, 24, 2, 1
2022/1/10, 24, 11, 18, 8, 1
2022/1/11, 41, 28, 16, 10, 2
2022/1/12, 94, 19, 19, 6, 1
2022/1/13, 68, 15, 14, 6, 
2022/1/14, 57, 10, 18, 7, 1
2022/1/15, 41, 14, 16, 12, 1
2022/1/16, 50, 29, 11, 8, 1
2022/1/17, 87, 7, 22, 5, 
2022/1/18, 36, 15, 17, 11, 
2022/1/19, 46, 11, 20, 6, 
2022/1/20, 36, 6, 29, 2, 1
2022/1/21, 23, 7, 27, 3, 
2022/1/22, 17, 7, 27, 5, 
2022/1/23, 23, 10, 23, 4, 
2022/1/24, 35, 13, 15, 9, 
2022/1/25, 47, 11, 18, 6, 1
2022/1/26, 43, 12, 14, 6, 1
2022/1/27, 44, 11, 13, 7, 
2022/1/28, 44, 7, 30, 3, 
2022/1/29, 22, 8, 22, 3, 1
2022/1/30, 22, 6, 32, 1, 
2022/1/31, 28, 11, 28, 4, 1
2022/2/1, 20, 9, 25, 4, 
2022/2/2, 33, 5, 28, 2, 
2022/2/3, 24, 9, 25, 5, 
2022/2/4, 30, 9, 24, 4, 
2022/2/5, 38, 5, 28, 1, 
2022/2/6, 14, 5, 29, 1, 
2022/2/7, 19, 6, 30, 2, 
2022/2/8, 28, 7, 24, 3, 
2022/2/9, 24, 5, 23, 4, 1
2022/2/10, 17, 9, 25, 4, 1
2022/2/11, 30, 7, 27, 3, 
2022/2/12, 28, 8, 24, 6, 
2022/2/13, 37, 11, 27, 5, 
2022/2/14, 42, 15, 27, 8, 
2022/2/15, 57, 24, 22, 7, 
2022/2/16, 72, 5, 27, 3, 
2022/2/17, 22, 5, 31, 2, 1
2022/2/18, 23, 7, 34, 3, 1
2022/2/19, 23, 7, 32, 1, 
2022/2/20, 27, 4, 28, 1, 
2022/2/21, 18, 3, 31, 1, 1
2022/2/22, 12, 8, 28, 2, 
2022/2/23, 21, 8, 31, 3, 
2022/2/24, 29, 12, 28, 5, 
2022/2/25, 39, 6, 29, 3, 
2022/2/26, 24, 9, 24, 5, 
2022/2/27, 30, 14, 29, 9, 
2022/2/28, 48, 23, 26, 10, 
2022/3/1, 78, 23, 26, 14, 
2022/3/2, 74, 42, 18, 20, 1
2022/3/3, 121, 38, 27, 15, 1
2022/3/4, 114, 31, 15, 17, 
2022/3/5, 95, 21, 25, 11, 
2022/3/6, 71, 17, 22, 6, 
2022/3/7, 63, 16, 28, 7, 1
2022/3/8, 56, 19, 28, 13, 
2022/3/9, 59, 28, 27, 11, 
2022/3/10, 84, 28, 26, 9, 
2022/3/11, 92, 15, 33, 5, 
2022/3/12, 52, 13, 26, 5, 
2022/3/13, 47, 17, , 5, 
2022/3/14, 58, 20, 21, 8, 
2022/3/15, 66, 26, 24, 10, 
2022/3/16, 80, 29, 26, 9, 
2022/3/17, 92, 37, 32, 14, 
2022/3/18, 108, 44, 29, 13, 
2022/3/19, 129, 31, 38, 11, 
2022/3/20, 100, 20, 38, 4, 
2022/3/21, 70, 19, 35, 7, 
2022/3/22, 63, 23, 38, 11, 
2022/3/23, 69, 27, 36, 16, 
2022/3/24, 76, 38, 47, 11, 
2022/3/25, 97, 43, 42, 13, 
2022/3/26, 113, 35, 38, 7, 
2022/3/27, 90, 15, 32, 7, 
2022/3/28, 52, 21, 28, 7, 
2022/3/29, 63, 26, 25, 10, 
2022/3/30, 71, 29, 21, 12, 
2022/3/31, 80, 13, 19, 7, 
2022/4/1, 47, 12, 22, 6, 
2021/10/2, 39, 10, 34, 2, 
2021/10/3, 38, 21, 27, 5, 
2021/10/4, 64, 30, 15, 12, 1
2021/10/5, 81, 18, 14, 7, 
2021/10/6, 56, 9, 21, 4, 
2021/10/7, 25, 10, 22, 7, 1
2021/10/8, 29, 25, 30, 6, 1
2021/10/9, 61, 26, 31, 6, 1
2021/10/10, 68, 28, 27, 11, 2
2021/10/11, 70, 25, 26, 8, 1
2021/10/12, 72, 7, 21, 5, 1
2021/10/13, 22, 8, 24, 7, 
2021/10/14, 29, 8, 12, 4, 
2021/10/15, 31, 8, 27, 3, 
2021/10/16, 26, 10, 29, 4, 
2021/10/17, 36, , , , 
2021/10/19, 51, 14, 23, 5, 1
2021/10/20, 48, 6, 32, 2, 1
2021/10/21, 24, 10, 30, 2, 1
2021/10/22, 35, 7, 28, 2, 
2021/10/23, 18, 7, 31, 3, 1
2021/10/24, 26, 17, 26, 7, 
2021/10/25, 54, 24, 25, 11, 1
2021/10/26, 70, 25, 3, 7, 
2021/10/27, 77, 17, 18, 10, 
2021/10/28, 52, 30, 15, 14, 
2021/10/29, 83, 37, 18, 16, 1
2021/10/30, 102, 39, 28, 10, 2
2021/10/31, 104, 35, 28, 6, 1
2021/11/1, 104, 36, 12, 11, 
2021/11/2, 106, 11, 20, 6, 
2021/11/3, 32, 10, 13, 7, 
2021/11/4, 33, 11, 18, 6, 
2021/11/5, 41, 9, 20, 5, 
2021/11/6, 31, 11, 24, 4, 
2021/11/7, 40, 13, 14, 2, 
2021/11/8, 41, 9, 19, 5, 
2021/11/9, 27, 15, 16, 10, 
2021/11/10, 44, 28, 6, 14, 
2021/11/11, 81, 30, 9, 8, 
2021/11/12, 83, 23, 7, 5, 
2021/11/13, 77, 14, 8, 4, 
2021/11/14, 54, 33, 7, 7, 
2021/11/15, 93, 35, 10, 9, 
2021/11/16, 105, 35, 14, 14, 
2021/11/17, 93, 22, 11, 7, 
2021/11/18, 67, 10, 19, 5, 
2021/11/19, 25, 8, 17, 4, 
2021/11/20, 28, 6, 20, 3, 1
2021/11/21, 22, 15, 16, 3, 
2021/11/22, 47, 15, 19, 7, 
2021/11/23, 45, 9, 16, 7, 
2021/11/24, 31, 16, 23, 6, 1
2021/11/25, 53, 20, 20, 5, 
2021/11/26, 60, 21, 11, 9, 1
2021/11/27, 69, 17, 13, 6, 
2021/11/28, 61, 22, 11, 9, 
2021/11/29, 74, 16, 13, 8, 
2021/11/30, 55, 6, 19, 3, 
2021/12/1, 23, 3, 26, 2, 
2021/12/2, 10, 5, 24, 5, 1
2021/12/3, 27, 10, 22, 5, 
2021/12/4, 32, 11, 21, 7, 1
2021/12/5, 40, 14, 18, 6, 
2021/12/6, 48, 19, 9, 8, 
2021/12/7, 64, 25, 6, 9, 
2021/12/8, 85, 23, 7, 12, 1
2021/12/9, 74, 33, 5, 13, 
2021/12/10, 99, 13, 14, 10, 
2021/12/11, 46, 21, 16, 8, 1
2021/12/12, 73, 15, 20, 3, 
2021/12/13, 48, 9, 12, 7, 
2021/12/14, 39, 11, 13, 9, 
2021/12/15, 43, 15, 10, 7, 
2021/12/16, 40, 8, 14, 7, 
2021/12/17, 35, 11, 18, 8, 
2021/12/18, 47, 11, 14, 6, 
2021/12/19, 37, 4, 25, 2, 1
2021/12/20, 15, 6, 23, 6, 
2021/12/21, 31, 16, 9, 14, 
2021/12/22, 50, 30, 11, 15, 1
2021/12/23, 89, 24, 13, 9, 1
2021/12/24, 82, 9, 23, 4, 1
2021/12/25, 33, 7, 23, 5, 
2021/12/26, 28, 21, 11, 12, 2
2021/12/27, 75, 25, 14, 13, 1
2021/12/28, 88, 25, 14, 6, 
2021/12/29, 79, 11, 14, 9, 
2021/12/30, 42, 6, 16, 3, 
2021/12/31, 23, 4, 19, 2, 
2022/1/1, 17, 11, 19, 2, 
2022/1/2, 38, 8, 17, 3, 1
2022/1/3, 32, 5, 27, 2, 
2021/7/2, 15, 5, 19, 3, 
2021/7/3, 20, 9, 43, 2, 
2021/7/4, 24, 14, 41, 3, 
2021/7/5, 51, 9, 26, 1, 
2021/7/6, 35, 8, 30, 2, 
2021/7/7, 26, 7, 37, 3, 
2021/7/8, 38, 9, 32, 4, 
2021/7/9, 30, 8, 32, 2, 
2021/7/10, 31, 6, 38, 1, 
2021/7/11, 15, 14, 32, 3, 
2021/7/12, 43, 7, 32, 1, 
2021/7/13, 16, 16, 44, 5, 
2021/7/14, 51, 9, 32, 2, 
2021/7/15, 23, 10, 37, 3, 
2021/7/16, 26, 10, 47, 3, 
2021/7/17, 39, 13, 29, 1, 
2021/7/18, 44, 16, 29, 1, 
2021/7/19, 42, 12, 11, 5, 
2021/7/20, 43, 14, , , 
2021/7/21, 27, 22, , , 
2021/7/22, 55, , , , 
2021/7/28, 68, 16, 22, 4, 
2021/7/29, 54, 11, 38, 2, 
2021/7/30, 26, 10, 45, 4, 
2021/7/31, 39, 10, 37, 2, 
2021/8/1, 34, 11, 29, 3, 
2021/8/2, 35, 8, 28, 2, 
2021/8/3, 20, 6, 35, 2, 
2021/8/4, 20, 7, 29, 4, 
2021/8/5, 21, 8, 26, 5, 
2021/8/6, 29, 8, 29, 2, 
2021/8/7, 18, 6, 33, 1, 
2021/8/8, 18, 7, 28, , 
2021/8/9, 23, 7, 28, 2, 
2021/8/10, 19, 11, 36, 4, 
2021/8/11, 28, 13, 38, 5, 
2021/8/12, 41, 15, 47, 6, 
2021/8/13, 50, 23, 47, 5, 
2021/8/14, 66, 19, 29, 3, 
2021/8/15, 62, 16, 49, 4, 1
2021/8/16, 53, 14, 39, 3, 1
2021/8/17, 42, 7, 31, 2, 
2021/8/18, 21, 8, 25, 2, 
2021/8/19, 25, 5, 24, 2, 1
2021/8/20, 16, 8, 23, 4, 1
2021/8/21, 21, 8, 38, 5, 
2021/8/22, 26, 14, 28, 3, 1
2021/8/23, 50, 6, 23, 2, 
2021/8/24, 18, 9, 24, 3, 1
2021/8/25, 29, 9, 41, 4, 1
2021/8/26, 32, 7, 27, 3, 2
2021/8/27, 32, 5, 16, 3, 2
2021/8/28, 16, 7, 19, 3, 2
2021/8/29, 21, 10, 25, 3, 3
2021/8/30, 28, 10, 30, 4, 3
2021/8/31, 33, 10, 24, 3, 3
2021/9/1, 29, 12, 31, 3, 3
2021/9/2, 37, 16, 35, 7, 2
2021/9/3, 41, 13, 38, 7, 3
2021/9/4, 42, 19, 53, 7, 3
2021/9/5, 55, 23, 20, 5, 3
2021/9/6, 76, 15, 42, 6, 3
2021/9/7, 50, 25, 40, 10, 4
2021/9/8, 66, 20, 48, 8, 4
2021/9/9, 64, 16, 43, 7, 5
2021/9/10, 51, 18, 45, 4, 5
2021/9/11, 47, 14, 32, 4, 5
2021/9/12, 47, 12, 32, 3, 5
2021/9/13, 35, 13, 37, 7, 
2021/9/14, 42, 17, 40, 9, 
2021/9/15, 52, 18, 37, 7, 
2021/9/16, 58, 13, 22, 3, 
2021/9/17, 40, 9, 24, 4, 
2021/9/18, 20, 7, 26, 3, 
2021/9/19, 26, 7, 26, 3, 
2021/9/20, 23, 12, 27, 8, 
2021/9/21, 39, 15, 30, 7, 
2021/9/22, 43, 10, 27, 3, 
2021/9/23, 29, 11, 36, 3, 1
2021/9/24, 24, 8, 29, 3, 
2021/9/25, 25, 12, 32, 4, 
2021/9/26, 39, 18, 38, 5, 
2021/9/27, 61, 28, 16, 10, 
2021/9/28, 75, 15, 29, 4, 
2021/9/29, 45, 14, 24, 6, 
2021/9/30, 45, 7, 27, 5, 
2021/10/1, 28, 13, 25, 8, 
2021/4/2, 77, 12, 22, 3, 1
2021/4/3, 41, 9, 28, 2, 
2021/4/4, 30, 8, 31, 3, 1
2021/4/5, 33, 13, 29, 2, 1
2021/4/6, 44, 6, 25, 2, 1
2021/4/7, 18, 6, 27, 3, 1
2021/4/8, 22, 8, 28, 2, 1
2021/4/9, 26, 9, 33, 4, 4
2021/4/10, 30, 13, 26, 5, 1
2021/4/11, 44, 21, 33, 6, 1
2021/4/12, 56, 9, 23, 4, 1
2021/4/13, 38, 10, 29, 4, 1
2021/4/14, 28, 8, 31, 3, 1
2021/4/15, 23, 10, 26, 5, 1
2021/4/16, 32, 9, 22, 5, 1
2021/4/17, 26, 11, 23, 4, 
2021/4/18, 35, 22, 24, 5, 
2021/4/19, 68, 20, 24, 10, 1
2021/4/20, 62, 19, 33, 7, 1
2021/4/21, 63, 20, 35, 5, 
2021/4/22, 56, 17, 29, 3, 
2021/4/23, 43, 15, 29, 4, 1
2021/4/24, 40, 20, 34, 5, 1
2021/4/25, 58, 12, 33, 3, 1
2021/4/26, 36, 10, 32, 6, 
2021/4/27, 41, 13, 33, 4, 1
2021/4/28, 35, 17, 35, 5, 1
2021/4/29, 49, 12, 32, 4, 1
2021/4/30, 37, 13, 38, 3, 1
2021/5/1, 40, 20, 29, 5, 1
2021/5/2, 71, 10, 17, 3, 1
2021/5/3, 37, 8, 32, 4, 
2021/5/4, 24, 7, 37, 2, 
2021/5/5, 26, 5, 31, 1, 1
2021/5/6, 15, 7, 30, 2, 
2021/5/7, 20, 6, 30, 2, 
2021/5/8, 25, 7, 36, 2, 1
2021/5/9, 26, 9, 34, 2, 
2021/5/10, 39, 10, 37, 3, 1
2021/5/11, 29, 16, 39, 5, 1
2021/5/12, 31, 11, 19, 4, 2
2021/5/13, 36, 4, 21, 4, 1
2021/5/14, 18, 6, 23, 5, 1
2021/5/15, 21, 8, 14, 3, 
2021/5/16, 23, 5, , 2, 1
2021/5/17, 12, 5, 29, 3, 2
2021/5/18, 20, 4, 27, 2, 
2021/5/19, 16, 11, 33, 4, 
2021/5/20, 27, 9, 28, 5, 
2021/5/21, 26, 6, 33, 2, 
2021/5/22, 10, 3, 32, 1, 1
2021/5/23, 18, 8, 30, 2, 
2021/5/24, 25, 5, 29, 3, 
2021/5/25, 20, 5, 30, 2, 
2021/5/26, 14, 5, 27, 2, 
2021/5/27, 15, 5, 33, 2, 
2021/5/28, 13, 7, 28, 3, 
2021/5/29, 19, 9, 33, 4, 
2021/5/30, 30, 7, 31, 3, 
2021/5/31, 27, 12, 40, 5, 
2021/6/1, 33, 14, 40, 6, 1
2021/6/2, 38, 14, 41, 6, 
2021/6/3, 45, 16, 46, 7, 
2021/6/4, 45, 14, 45, 5, 
2021/6/5, 37, 15, 44, 3, 1
2021/6/6, 45, 14, 42, 3, 
2021/6/7, 44, 18, 47, 6, 
2021/6/8, 52, 18, 47, 6, 1
2021/6/9, 56, 18, 31, 7, 
2021/6/10, 45, 10, 38, 4, 
2021/6/11, 34, 16, 49, 5, 
2021/6/12, 44, 15, 37, 3, 1
2021/6/13, 43, 11, 28, 1, 
2021/6/14, 27, 13, 42, 5, 
2021/6/15, 28, 14, 43, 5, 1
2021/6/16, 40, 19, 48, 8, 1
2021/6/17, 51, 16, 46, 7, 1
2021/6/18, 44, 17, 44, 5, 1
2021/6/19, 43, 16, 55, 4, 1
2021/6/20, 46, 21, 57, 4, 1
2021/6/21, 53, 19, 43, 3, 1
2021/6/22, 51, 17, 31, 3, 
2021/6/23, 47, 16, 27, 4, 1
2021/6/24, 45, 11, 41, 3, 1
2021/6/25, 38, 17, 28, 5, 
2021/6/26, 47, 12, 38, 3, 
2021/6/27, 35, 16, 45, 4, 
2021/6/28, 51, 21, 44, 6, 
2021/6/29, 60, 13, 45, 4, 
2021/6/30, 46, 8, 31, 1, 
2021/7/1, 22, 5, 27, 1, 
2021/2/26, 124, 51, 23, 9, 
2021/2/27, 109, 10, 22, 4, 
2021/2/28, 35, 12, 25, 5, 
2021/3/1, 38, 31, 13, 13, 
2021/3/2, 90, 27, 5, 13, 
2021/3/3, 65, 25, 9, 11, 
2021/3/4, 67, 38, , 12, 
2021/3/5, 93, 15, 17, 8, 
2021/3/6, 57, 14, 28, 4, 
2021/3/7, 48, 21, 27, 7, 
2021/3/8, 68, 22, 24, 10, 
2021/3/9, 64, 32, 24, 12, 
2021/3/10, 91, 36, 23, 9, 
2021/3/11, 102, 14, 24, 4, 
2021/3/12, 49, 5, 27, 2, 
2021/3/13, 13, 3, 30, 1, 
2021/3/14, 11, 6, 28, 1, 
2021/3/15, 11, 7, 23, 4, 
2021/3/16, 21, 8, 23, 3, 
2021/3/17, 39, 8, 22, 5, 
2021/3/18, 33, 9, 26, 5, 
2021/3/19, 34, 8, 23, 4, 
2021/3/20, 33, 8, 23, 2, 
2021/3/21, 34, 10, 25, 2, 
2021/3/22, 33, 10, 29, 3, 
2021/3/23, 28, 15, 22, 5, 
2021/3/24, 44, 26, 24, 9, 
2021/3/25, 75, 33, 28, 11, 
2021/3/26, 91, 28, 33, 10, 1
2021/3/27, 73, 18, 29, 3, 
2021/3/28, 56, 7, 27, 2, 
2021/3/29, 20, 15, 31, 5, 
2021/3/30, 41, 16, 35, 7, 
2021/3/31, 44, 23, 38, 8, 
2021/4/1, 58, 28, 39, 6, 1
2020/10/2, 68, , , , 
2020/10/4, 43, 9, 26, 6, 2
2020/10/5, 30, 11, 16, 10, 2
2020/10/6, 41, 7, 21, 3, 2
2020/10/7, 15, 6, 19, 3, 2
2020/10/8, 18, 8, 24, 3, 1
2020/10/9, 13, 7, 18, 4, 1
2020/10/10, 19, 9, 15, 4, 1
2020/10/11, 27, 9, 15, 6, 1
2020/10/12, 24, 13, 20, 7, 1
2020/10/13, 40, 12, 19, 7, 2
2020/10/14, 32, 4, 22, 3, 2
2020/10/15, 20, 7, 10, 7, 2
2020/10/16, 22, 7, 18, 7, 2
2020/10/17, 29, 8, 16, 6, 2
2020/10/18, 20, 10, 20, 3, 1
2020/10/19, 31, 13, 17, 8, 1
2020/10/20, 43, 19, 16, 8, 1
2020/10/21, 53, 27, 13, 9, 1
2020/10/22, 72, 22, 10, 5, 1
2020/10/23, 60, 25, 18, 5, 2
2020/10/24, 61, 13, 23, 3, 1
2020/10/25, 32, 12, 17, 3, 2
2020/10/26, 43, 9, 16, 5, 2
2020/10/27, 29, 9, 16, 5, 2
2020/10/28, 26, 9, 14, 3, 2
2020/10/29, 33, 7, 18, 3, 1
2020/10/30, 18, 5, 15, 3, 1
2020/10/31, 15, 7, 13, 4, 1
2020/11/1, 19, 14, 14, 2, 1
2020/11/2, 36, 8, 13, 3, 1
2020/11/3, 18, 13, 15, 9, 1
2020/11/4, 33, 14, 16, 9, 1
2020/11/5, 35, 15, 15, 10, 
2020/11/6, 38, 20, 12, 7, 
2020/11/7, 52, 24, 2, 9, 
2020/11/8, 72, 24, 6, 7, 
2020/11/9, 60, 18, 4, 8, 
2020/11/10, 52, 24, 11, 8, 
2020/11/11, 63, 11, 13, 5, 
2020/11/12, 35, 16, 39, 6, 14
2020/11/13, 51, 20, 7, 8, 
2020/11/14, 56, 22, 13, 7, 
2020/11/15, 67, 16, 15, 2, 
2020/11/16, 50, 9, 20, 3, 
2020/11/17, 31, 6, 22, 2, 
2020/11/18, 20, 10, 17, 5, 
2020/11/19, 32, 13, 19, 5, 
2020/11/20, 41, 11, 24, 7, 
2020/11/21, 28, 14, 18, 5, 
2020/11/22, 49, 14, 20, 3, 
2020/11/23, 52, 12, 15, 7, 
2020/11/24, 46, 19, 5, 9, 
2020/11/25, 55, 18, 11, 4, 
2020/11/26, 63, 22, 11, 6, 
2020/11/27, 73, 21, 8, 5, 
2020/11/28, 65, 22, 3, 11, 
2020/11/29, 60, 18, 15, 6, 
2020/11/30, 59, 13, 11, 8, 2
2020/12/1, 44, 23, 5, 9, 
2020/12/2, 71, 24, 18, 8, 
2020/12/3, 77, , , , 
2020/7/2, 21, 9, 24, 4, 1
2020/7/3, 29, 8, 34, 4, 
2020/7/4, 19, 9, 38, 3, 
2020/7/5, 27, 9, 27, 2, 1
2020/7/6, 29, 7, 31, 2, 1
2020/7/7, 23, 7, 28, 5, 
2020/7/8, 26, 9, 24, 5, 
2020/7/9, 29, 11, 26, 4, 
2020/7/10, 23, 11, 40, 3, 
2020/7/11, 37, 8, 30, 2, 
2020/7/12, 26, 9, 35, 3, 
2020/7/13, 32, 8, 38, 6, 
2020/7/14, 35, 7, 33, 3, 
2020/7/15, 25, 11, 39, 3, 1
2020/7/16, 37, 8, 27, 5, 1
2020/7/17, 27, 10, 30, 4, 1
2020/7/18, 26, 10, 35, 4, 1
2020/7/19, 29, 13, 40, 2, 1
2020/7/20, 43, 16, 46, 3, 1
2020/7/21, 51, 14, 37, 5, 1
2020/7/22, 49, 13, 46, 5, 1
2020/7/23, 42, 15, 47, 7, 2
2020/7/24, 50, 17, 46, 6, 2
2020/7/25, 48, 13, 47, 4, 2
2020/7/26, 47, 11, 31, 2, 2
2020/7/27, 34, 8, 35, 3, 2
2020/7/28, 23, 8, 39, 2, 2
2020/7/29, 30, 10, 39, 4, 2
2020/7/30, 32, 17, 58, 7, 2
2020/7/31, 38, 18, 48, 7, 3
2020/8/1, 48, 14, 55, 5, 3
2020/8/2, 38, 16, 34, 5, 3
2020/8/3, 49, 10, 25, 4, 3
2020/8/4, 38, 10, 21, 4, 3
2020/8/5, 29, 10, 30, 5, 3
2020/8/6, 21, 14, 44, 6, 3
2020/8/7, 42, 20, 50, 7, 3
2020/8/8, 61, 27, 56, 6, 4
2020/8/9, 75, 26, 61, 4, 4
2020/8/10, 76, 27, 40, 7, 4
2020/8/11, 77, 21, 44, 6, 4
2020/8/12, 61, 18, 51, 4, 4
2020/8/13, 51, 19, 53, 6, 5
2020/8/14, 58, 16, 46, 3, 6
2020/8/15, 54, 17, 45, 4, 5
2020/8/16, 53, 17, 48, 6, 6
2020/8/17, 55, 19, 47, 5, 4
2020/8/18, 54, 10, 33, 3, 1
2020/8/19, 28, 8, 42, 2, 1
2020/8/20, 23, 10, 41, 3, 1
2020/8/21, 30, 11, 41, 4, 1
2020/8/22, 33, 12, 33, 1, 2
2020/8/23, 42, 7, 31, 1, 2
2020/8/24, 19, 7, 32, 2, 3
2020/8/25, 17, 8, 35, 3, 3
2020/8/26, 21, 9, 32, 1, 2
2020/8/27, 32, 6, 29, 4, 2
2020/8/28, 22, 9, 36, 5, 3
2020/8/29, 21, 6, 20, 1, 1
2020/8/30, 13, 9, 16, 4, 
2020/8/31, 24, 5, 29, 3, 
2020/9/1, 19, 9, 23, 3, 
2020/9/2, 27, 9, 29, 4, 
2020/9/3, 30, 10, 38, 3, 1
2020/9/4, 36, 9, 34, 3, 
2020/9/5, 27, 9, 33, 2, 1
2020/9/6, 32, 10, 35, 2, 1
2020/9/7, 28, 12, 33, 7, 1
2020/9/8, 31, 13, 34, 5, 1
2020/9/9, 38, 10, 40, 5, 1
2020/9/10, 31, 11, 28, 4, 2
2020/9/11, 26, 14, 20, 12, 2
2020/9/12, 28, 15, 35, 6, 3
2020/9/13, 48, 16, 43, 7, 3
2020/9/14, 52, 19, 43, 8, 2
2020/9/15, 57, 18, 37, 10, 1
2020/9/16, 56, 20, 50, 8, 2
2020/9/17, 61, 20, 30, 4, 1
2020/9/18, 50, 10, 28, 10, 
2020/9/19, 32, 16, 32, 9, 1
2020/9/20, 49, 15, 38, 7, 1
2020/9/21, 39, 22, 39, 10, 2
2020/9/22, 63, 29, 40, 9, 2
2020/9/23, 68, 28, 38, 7, 2
2020/9/24, 69, 11, 28, 8, 2
2020/9/25, 32, 7, 18, 7, 2
2020/9/26, 24, 3, 22, 3, 3
2020/9/27, 9, 4, 19, 4, 2
2020/9/28, 16, 14, 13, 8, 1
2020/9/29, 49, 12, 8, 10, 2
2020/9/30, 39, 12, 25, 9, 2
2020/10/1, 37, 28, 3, 13, 2
2020/4/2, 31, , , , 
2020/4/12, 49, 22, 44, 5, 
2020/4/13, 70, 18, 33, 4, 
2020/4/14, 64, 12, 31, 3, 
2020/4/15, 29, 16, 38, 4, 
2020/4/16, 35, 15, 43, 7, 
2020/4/17, 41, 21, 51, 8, 
2020/4/18, 59, 23, 48, 6, 
2020/4/19, 62, 21, 39, 4, 
2020/4/20, 65, 9, 39, 3, 
2020/4/21, 33, 15, 41, 4, 1
2020/4/22, 53, 17, 42, 5, 
2020/4/23, 50, 18, 47, 7, 
2020/4/24, 53, 20, 50, 6, 
2020/4/25, 55, 16, 38, 4, 
2020/4/26, 55, 17, 43, 4, 
2020/4/27, 50, 10, 46, 4, 
2020/4/28, 47, 14, 46, 5, 
2020/4/29, 49, 10, 31, 5, 
2020/4/30, 35, 7, 32, 4, 
2020/5/1, 26, 7, 33, 1, 
2020/5/2, 25, 5, 38, 2, 
2020/5/3, 18, 8, 33, 4, 
2020/5/4, 31, 9, 39, 4, 
2020/5/5, 37, 10, 35, 5, 
2020/5/6, 37, 10, 35, 6, 
2020/5/7, 28, 10, 43, 6, 
2020/5/8, 38, 15, 53, 6, 
2020/5/9, 54, 20, 57, 8, 
2020/5/10, 63, 12, 40, 4, 
2020/5/11, 40, 12, 28, 5, 
2020/5/12, 48, 7, 31, 4, 
2020/5/13, 27, 12, 32, 8, 4
2020/5/14, 49, 13, 35, 6, 
2020/5/15, 43, 16, 40, 7, 2
2020/5/16, 52, 14, 45, 5, 
2020/5/17, 43, 18, 46, 6, 
2020/5/18, 62, 15, 45, 7, 1
2020/5/19, 51, 14, 45, 6, 
2020/5/20, 44, 11, 32, 8, 
2020/5/21, 33, 13, 42, 6, 1
2020/5/22, 41, 10, 39, 5, 
2020/5/23, 37, 10, 28, 3, 
2020/5/24, 26, 10, 29, 3, 
2020/5/25, 21, 5, 27, 3, 
2020/5/26, 18, 7, 32, 4, 
2020/5/27, 22, 10, 42, 5, 8
2020/5/28, 30, 9, 31, 5, 
2020/5/29, 31, 7, 34, 3, 5
2020/5/30, 23, 6, 33, 3, 4
2020/5/31, 25, 8, 25, 4, 5
2020/6/1, 32, 12, 37, 4, 3
2020/6/2, 41, 11, 30, 5, 
2020/6/3, 33, 6, 35, 4, 1
2020/6/4, 15, 9, 32, 6, 1
2020/6/5, 30, 7, 33, 2, 1
2020/6/6, 23, 6, 24, 3, 
2020/6/7, 17, 9, 23, 3, 1
2020/6/8, 31, 11, 30, 5, 
2020/6/9, 33, 12, 36, 7, 
2020/6/10, 33, 12, 27, 9, 
2020/6/11, 44, 9, 31, 5, 1
2020/6/12, 32, 12, 42, 3, 2
2020/6/13, 38, 21, 42, 5, 2
2020/6/14, 61, 19, 27, 6, 2
2020/6/15, 53, 11, 44, 5, 1
2020/6/16, 41, 15, 45, 4, 2
2020/6/17, 47, 13, 40, 6, 1
2020/6/18, 42, 13, 24, 4, 
2020/6/19, 33, 9, 33, 3, 
2020/6/20, 21, 9, 26, 2, 
2020/6/21, 30, 9, 32, 2, 
2020/6/22, 25, 12, 43, 3, 
2020/6/23, 37, 11, 42, 2, 
2020/6/24, 31, 13, 30, 5, 
2020/6/25, 36, 8, 36, 5, 
2020/6/26, 30, 9, 37, 6, 
2020/6/27, 30, 11, 45, 3, 
2020/6/28, 39, 11, 41, 2, 
2020/6/29, 39, 9, 26, 4, 
2020/6/30, 25, 6, 35, 3, 
2020/7/1, 17, 7, 29, 4, 1
2020/1/2, 86, 48, 4, 14, 1
2020/1/3, 129, 33, 17, 9, 4
2020/1/4, 91, 7, 32, 3, 8
2020/1/5, 18, 13, 27, 4, 8
2020/1/6, 34, 10, 22, 5, 5
2020/1/7, 26, 19, 14, 9, 2
2020/1/8, 66, 9, 16, 6, 1
2020/1/9, 39, 10, 19, 6, 2
2020/1/10, 36, 11, 23, 6, 3
2020/1/11, 38, 7, 23, 4, 2
2020/1/12, 22, 10, 20, 3, 2
2020/1/13, 34, 13, 20, 9, 2
2020/1/14, 43, 25, 13, 6, 2
2020/1/15, 71, 24, 13, 7, 1
2020/1/16, 70, 33, 7, 15, 
2020/1/17, 95, 44, 4, 19, 1
2020/1/18, 112, 33, 11, 9, 
2020/1/19, 98, 23, 19, 10, 
2020/1/20, 71, 19, 16, 12, 
2020/1/21, 52, 21, 19, 7, 
2020/1/22, 58, 23, 13, 11, 1
2020/1/23, 71, 22, 16, 15, 
2020/1/24, 62, 27, 10, 13, 
2020/1/25, 80, 38, 7, 13, 
2020/1/26, 106, 32, 9, 9, 
2020/1/27, 97, 37, 15, 12, 
2020/1/28, 100, 9, 30, 5, 
2020/1/29, 29, 7, 27, 4, 
2020/1/30, 20, 7, 26, 4, 
2020/1/31, 17, 4, 22, 4, 
2020/2/1, 11, 3, 24, 2, 
2020/2/2, 9, 4, 30, 2, 
2020/2/3, 15, 4, 28, 3, 
2020/2/4, 15, 4, 27, 4, 
2020/2/5, 15, 7, 25, 4, 
2020/2/6, 19, 11, 22, 7, 
2020/2/7, 38, 12, 20, 10, 
2020/2/8, 33, 18, 22, 8, 
2020/2/9, 58, 17, 32, 4, 
2020/2/10, 59, 3, 31, 2, 
2020/2/11, 11, 5, 31, 2, 
2020/2/12, 15, 6, 28, 3, 
2020/2/13, 19, 5, 28, 3, 2
2020/2/14, 15, 7, 24, 6, 2
2020/2/15, 26, 10, 24, 7, 2
2020/2/16, 37, 10, 25, 4, 2
2020/2/17, 31, 8, 32, 5, 2
2020/2/18, 27, 6, 28, 3, 1
2020/2/19, 14, 5, 26, 4, 1
2020/2/20, 18, 7, 23, 5, 1
2020/2/21, 24, 7, 27, 4, 1
2020/2/22, 20, 6, 28, 3, 
2020/2/23, 15, 4, 31, 1, 
2020/2/24, 11, 4, 29, 4, 
2020/2/25, 15, 2, 28, 3, 22
2020/2/26, 7, 4, 30, 3, 27
2020/2/27, 13, 5, 31, 4, 
2020/2/28, 21, 8, 29, 5, 
2020/2/29, 28, 7, 27, 2, 2
2020/3/1, 23, 7, 33, 3, 25
2020/3/2, 21, 6, 31, 4, 
2020/3/3, 13, 10, 19, 7, 
2020/3/4, 35, 10, 28, 5, 
2020/3/5, 27, 10, 31, 5, 
2020/3/6, 25, 6, 25, 4, 
2020/3/7, 17, 10, 29, 4, 
2020/3/8, 42, 12, 33, 3, 
2020/3/9, 40, 13, 23, 6, 
2020/3/10, 40, 5, 27, 3, 2
2020/3/11, 19, 4, 21, 8, 
2020/3/12, 14, 3, 29, 3, 2
2020/3/13, 14, 4, 31, 3, 2
2020/3/14, 17, 12, 33, 8, 2
2020/3/15, 32, 20, 34, 4, 
2020/3/16, 58, 15, 30, 11, 1
2020/3/17, 43, 29, 25, 9, 1
2020/3/18, 79, 15, 34, 6, 3
2020/3/19, 54, 31, 21, 14, 5
2020/3/20, 91, 37, 23, 15, 4
2020/3/21, 100, 6, 29, 4, 2
2020/3/22, 28, 11, 32, 3, 2
2020/3/23, 38, 14, 31, 6, 
2020/3/24, 50, 17, 35, 7, 
2020/3/25, 63, 21, 38, 7, 
2020/3/26, 69, 25, 33, 7, 
2020/3/27, 71, 47, 39, 11, 2
2020/3/28, 93, 54, 47, 9, 2
2020/3/29, 119, 47, 31, 7, 1
2020/3/30, 117, , , , 
2019/10/2, 14, 5, 21, 5, 4
2019/10/3, 15, 8, 14, 5, 3
2019/10/4, 18, 6, 20, 4, 3
2019/10/5, 16, 6, 18, 3, 4
2019/10/6, 19, 9, 22, 3, 3
2019/10/7, 31, 14, 22, 11, 3
2019/10/8, 44, 12, 12, 6, 3
2019/10/9, 44, 5, 22, 4, 3
2019/10/10, 10, 5, 23, 3, 3
2019/10/11, 17, 7, 22, 4, 2
2019/10/12, 16, 9, 32, 3, 2
2019/10/13, 22, 13, 29, 4, 2
2019/10/14, 36, 19, 21, 6, 2
2019/10/15, 56, 24, 17, 12, 2
2019/10/16, 65, 15, 26, 5, 2
2019/10/17, 38, 9, 23, 10, 2
2019/10/18, 25, 15, 23, 6, 2
2019/10/19, 41, 14, 17, 6, 2
2019/10/20, 38, 15, 11, 7, 2
2019/10/21, 44, 22, 7, 10, 2
2019/10/22, 55, 28, 5, 12, 2
2019/10/23, 67, 42, 5, 14, 2
2019/10/24, 96, 28, 11, 11, 2
2019/10/25, 58, 22, 20, 8, 2
2019/10/26, 53, 18, 25, 7, 2
2019/10/27, 53, 13, 28, 4, 3
2019/10/28, 40, 10, 24, 9, 3
2019/10/29, 28, 19, 17, 10, 2
2019/10/30, 54, 24, 17, 15, 2
2019/10/31, 63, 32, 9, 19, 3
2019/11/1, 85, 21, 18, 11, 3
2019/11/2, 68, 10, 17, 3, 4
2019/11/3, 32, 12, 9, 6, 4
2019/11/4, 46, 6, 21, 5, 3
2019/11/5, 23, 8, 20, 8, 2
2019/11/6, 19, 11, 19, 6, 2
2019/11/7, 39, 11, 20, 8, 2
2019/11/8, 34, 21, 10, 13, 2
2019/11/9, 63, 19, 16, 6, 2
2019/11/10, 61, 20, 9, 8, 2
2019/11/11, 64, 17, 8, 9, 1
2019/11/12, 48, 20, 11, 10, 2
2019/11/13, 65, 10, 11, 10, 2
2019/11/14, 28, 12, 14, 9, 1
2019/11/15, 44, 10, 18, 8, 2
2019/11/16, 35, 17, 16, 8, 2
2019/11/17, 57, 20, 22, 8, 2
2019/11/18, 63, 16, 17, 7, 2
2019/11/19, 48, 16, 9, 13, 1
2019/11/20, 54, 38, 5, 15, 2
2019/11/21, 85, 28, 5, 12, 2
2019/11/22, 76, 14, 15, 10, 1
2019/11/23, 46, 12, 17, 4, 2
2019/11/24, 43, 18, 14, 3, 1
2019/11/25, 62, 19, 10, 5, 1
2019/11/26, 62, 13, 9, 6, 2
2019/11/27, 47, 16, 11, 6, 2
2019/11/28, 53, 8, 24, 5, 3
2019/11/29, 33, 7, 23, 5, 2
2019/11/30, 23, 10, 24, 7, 2
2019/12/1, 31, 20, 19, 9, 1
2019/12/2, 64, 19, 20, 10, 2
2019/12/3, 58, 13, 20, 13, 
2019/12/4, 35, 21, 15, 14, 
2019/12/5, 68, 26, 16, 7, 
2019/12/6, 75, 25, 13, 7, 
2019/12/7, 84, 9, 23, 5, 
2019/12/8, 36, 4, 26, 2, 
2019/12/9, 12, 5, 29, 4, 
2019/12/10, 13, 14, 26, 7, 
2019/12/11, 36, 20, 16, 15, 
2019/12/12, 51, 21, 13, 10, 
2019/12/13, 67, 18, 14, 10, 
2019/12/14, 63, 6, 31, 2, 
2019/12/15, 20, 6, 30, 2, 
2019/12/16, 20, 10, 24, 11, 
2019/12/17, 27, 25, 2, 11, 
2019/12/18, 76, 31, 1, 13, 2
2019/12/19, 82, 45, 1, 19, 2
2019/12/20, 109, 27, 7, 18, 3
2019/12/21, 72, 20, 15, 14, 3
2019/12/22, 54, 11, 21, 3, 3
2019/12/23, 42, 10, 22, 4, 2
2019/12/24, 33, 6, 23, 3, 1
2019/12/25, 20, 5, 23, 2, 1
2019/12/26, 19, 5, 21, 4, 
2019/12/27, 16, 10, 20, 6, 
2019/12/28, 32, 5, 24, 3, 
2019/12/29, 20, 10, 25, 5, 
2019/12/30, 40, , , , 
2019/7/2, 58, 16, 48, 3, 2
2019/7/3, 45, 12, 41, 4, 1
2019/7/4, 30, 11, 43, 6, 2
2019/7/5, 29, 10, , 5, 2
2019/7/6, 25, 8, , 4, 2
2019/7/7, 36, 12, , 3, 2
2019/7/8, 33, 10, , 5, 2
2019/7/9, 22, 11, 31, 3, 2
2019/7/10, 24, 8, 37, 3, 2
2019/7/11, 16, 13, 40, 6, 2
2019/7/12, 26, 9, 37, 4, 2
2019/7/13, 29, 8, 37, 4, 2
2019/7/14, 23, 10, 36, 4, 2
2019/7/15, 33, 12, 39, 4, 3
2019/7/16, 36, 13, 31, 6, 2
2019/7/17, 44, 14, 33, 6, 2
2019/7/18, 41, 12, 47, 9, 2
2019/7/19, 39, 15, 44, 6, 2
2019/7/20, 52, 16, 57, 4, 2
2019/7/21, 47, 13, 36, 4, 1
2019/7/22, 39, 10, 43, 5, 2
2019/7/23, 34, 14, 47, 6, 2
2019/7/24, 46, 16, 58, 9, 2
2019/7/25, 49, 22, 62, 11, 2
2019/7/26, 58, 23, 57, 8, 2
2019/7/27, 54, 18, 48, 3, 3
2019/7/28, 46, 12, 44, 3, 3
2019/7/29, 40, 20, 57, 8, 3
2019/7/30, 56, 21, 39, 7, 3
2019/7/31, 59, 16, 40, 7, 1
2019/8/1, 49, 11, 43, 6, 1
2019/8/2, 26, 16, 46, 10, 2
2019/8/3, 49, 11, 42, 4, 2
2019/8/4, 34, 10, 43, 4, 2
2019/8/5, 34, 10, 51, 7, 2
2019/8/6, 36, 12, 43, 6, 2
2019/8/7, 36, 6, 36, 4, 2
2019/8/8, 23, 8, 37, 3, 2
2019/8/9, 19, 9, 45, 4, 2
2019/8/10, 41, 11, 26, , 2
2019/8/11, 34, 7, 37, , 1
2019/8/12, 21, 13, 21, 10, 2
2019/8/13, 31, 7, 33, 2, 1
2019/8/14, 17, 9, 34, 5, 2
2019/8/15, 23, 8, 37, 3, 2
2019/8/16, 23, 8, 25, 4, 2
2019/8/17, 20, 10, 31, 3, 2
2019/8/18, 33, 6, 33, 3, 2
2019/8/19, 22, 9, 35, 4, 2
2019/8/20, 26, 12, 27, 8, 2
2019/8/21, 32, 10, 41, 6, 2
2019/8/22, 25, 16, 39, 7, 1
2019/8/23, 40, 15, 45, 9, 1
2019/8/24, 47, 22, 48, 7, 2
2019/8/25, 61, 18, 48, 7, 2
2019/8/26, 57, 19, 29, 11, 2
2019/8/27, 53, 19, 41, 9, 2
2019/8/28, 54, 25, 49, 8, 2
2019/8/29, 68, 23, 55, 8, 2
2019/8/30, 66, 15, 60, 8, 2
2019/8/31, 50, 20, 59, 5, 2
2019/9/1, 61, 19, 46, 3, 3
2019/9/2, 59, 12, 28, 7, 2
2019/9/3, 31, 11, 39, 6, 2
2019/9/4, 30, 8, 43, 6, 2
2019/9/5, 27, 13, 39, 7, 3
2019/9/6, 41, 11, 27, 9, 2
2019/9/7, 30, 14, 6, 16, 2
2019/9/8, 29, , , , 
2019/9/10, 12, 9, 30, 5, 3
2019/9/11, 24, 13, 30, 9, 2
2019/9/12, 41, 12, 30, 5, 2
2019/9/13, 31, 8, 23, 6, 2
2019/9/14, 20, 9, 33, 6, 2
2019/9/15, 24, 11, 35, 4, 2
2019/9/16, 34, 16, 34, 9, 4
2019/9/17, 37, 9, 32, 5, 3
2019/9/18, 24, 9, 28, 4, 3
2019/9/19, 20, 12, 27, 7, 2
2019/9/20, 26, 13, 31, 9, 2
2019/9/21, 27, 18, 33, 8, 2
2019/9/22, 50, 13, 36, 5, 4
2019/9/23, 41, 29, 22, 16, 5
2019/9/24, 66, 20, 21, 9, 4
2019/9/25, 44, 12, 25, 6, 4
2019/9/26, 32, 7, 23, 5, 3
2019/9/27, 17, 8, 22, 4, 3
2019/9/28, 15, 4, 26, 2, 3
2019/9/29, 12, 4, 32, 2, 3
2019/9/30, 8, 6, 28, 2, 4
2019/10/1, 16, 3, 24, 4, 4
2019/4/2, 83, , , , 
2019/4/7, 67, 14, 40, 8, 1
2019/4/8, 49, 28, 44, 17, 2
2019/4/9, 81, 39, 41, 12, 1
2019/4/10, 103, 37, 33, 11, 1
2019/4/11, 103, 24, 36, 9, 
2019/4/12, 71, 16, 31, 7, 
2019/4/13, 52, 26, 33, 6, 
2019/4/14, 71, 26, 21, 8, 1
2019/4/15, 75, 23, 44, 9, 1
2019/4/16, 65, 18, 44, 12, 1
2019/4/17, 57, 22, 40, 9, 1
2019/4/18, 63, 21, 46, 13, 
2019/4/19, 58, 19, 56, 8, 
2019/4/20, 54, 21, 53, 9, 
2019/4/21, 58, 20, 51, 8, 
2019/4/22, 52, 17, 44, 6, 
2019/4/23, 48, 18, 38, 4, 1
2019/4/24, 55, 18, 35, 4, 
2019/4/25, 50, 18, 44, 6, 1
2019/4/26, 43, 19, 42, 7, 1
2019/4/27, 43, 7, 33, 4, 
2019/4/28, 21, 6, 31, 3, 
2019/4/29, 24, 9, 23, 8, 1
2019/4/30, 25, 14, 37, 5, 1
2019/5/1, 44, 29, 39, 6, 1
2019/5/2, 78, 17, 47, 5, 1
2019/5/3, 51, 16, 29, 9, 1
2019/5/4, 45, 10, 31, 4, 1
2019/5/5, 32, 8, 32, 4, 1
2019/5/6, 33, 9, 37, 5, 1
2019/5/7, 33, 11, 36, 8, 
2019/5/8, 32, 13, 45, 7, 1
2019/5/9, 39, 8, 37, 4, 1
2019/5/10, 25, 5, 39, 3, 1
2019/5/11, 16, 12, 29, 8, 1
2019/5/12, 29, 9, 35, 3, 
2019/5/13, 30, 9, 36, 4, 
2019/5/14, 26, 9, 31, 6, 
2019/5/15, 23, 7, 22, 6, 
2019/5/16, 22, 11, 20, 10, 1
2019/5/17, 33, 13, 32, 10, 1
2019/5/18, 40, 10, 37, 4, 1
2019/5/19, 32, 16, 43, 4, 1
2019/5/20, 57, 12, 29, 9, 1
2019/5/21, 36, 8, 35, 5, 
2019/5/22, 20, 11, 26, 5, 1
2019/5/23, 38, 11, 41, 6, 1
2019/5/24, 34, 14, 46, 9, 1
2019/5/25, 43, 17, 52, 6, 1
2019/5/26, 47, 13, 45, 5, 
2019/5/27, 44, 10, 46, 5, 1
2019/5/28, 34, 10, 30, 5, 1
2019/5/29, 29, 13, 34, 4, 1
2019/5/30, 36, 10, 46, 6, 
2019/5/31, 34, 12, 34, 7, 1
2019/6/1, 39, 10, 41, 5, 
2019/6/2, 34, 15, 50, 5, 
2019/6/3, 44, 11, 43, 5, 1
2019/6/4, 35, 19, 74, 7, 2
2019/6/5, 58, 17, 56, 8, 1
2019/6/6, 53, 17, 43, 6, 1
2019/6/7, 53, 12, 37, 5, 
2019/6/8, 38, 10, 40, 4, 
2019/6/9, 34, 11, 44, 4, 1
2019/6/10, 32, 17, 47, 6, 1
2019/6/11, 49, 25, 49, 4, 1
2019/6/12, 58, 23, 45, 4, 1
2019/6/13, 58, 11, 51, 4, 1
2019/6/14, 39, 17, 55, 6, 
2019/6/15, 45, 28, 48, 4, 
2019/6/16, 66, 11, 48, 3, 
2019/6/17, 33, 10, 48, 4, 
2019/6/18, 29, 11, 52, 6, 1
2019/6/19, 26, 14, 51, 7, 1
2019/6/20, 37, 12, 49, 4, 1
2019/6/21, 34, 9, 41, 3, 1
2019/6/22, 28, 12, 38, 4, 
2019/6/23, 33, 11, 42, 3, 1
2019/6/24, 39, 11, 54, 6, 1
2019/6/25, 27, 16, 47, 7, 1
2019/6/26, 48, 22, 68, 4, 1
2019/6/27, 59, 18, 55, 5, 1
2019/6/28, 46, 15, 45, 4, 1
2019/6/29, 43, 13, 59, 6, 1
2019/6/30, 31, 12, 61, 4, 1
2019/7/1, 33, 20, 56, 5, 2
2019/1/2, 40, 7, 29, 3, 
2019/1/3, 28, 7, 26, 6, 
2019/1/4, 26, 9, 20, 8, 
2019/1/5, 32, 5, 22, 5, 
2019/1/6, 17, 6, 26, 5, 
2019/1/7, 18, 12, 18, 10, 
2019/1/8, 38, 3, 25, 4, 
2019/1/9, 9, 3, 26, 5, 1
2019/1/10, 17, 8, 22, 8, 
2019/1/11, 30, 6, 22, 8, 
2019/1/12, 30, 5, 10, 6, 
2019/1/13, 23, 3, 20, 3, 
2019/1/14, 10, 7, 31, 3, 1
2019/1/15, 16, 7, 29, 4, 
2019/1/16, 15, 6, 21, 5, 
2019/1/17, 18, 8, 25, 5, 
2019/1/18, 30, 9, 27, 9, 
2019/1/19, 32, 32, 14, 14, 2
2019/1/20, 95, 41, 6, 19, 
2019/1/21, 122, 49, 9, 21, 1
2019/1/22, 135, 52, 13, 19, 
2019/1/23, 138, 48, 21, 12, 1
2019/1/24, 138, 44, 16, 14, 2
2019/1/25, 124, 43, 14, 13, 2
2019/1/26, 125, 13, 21, 7, 
2019/1/27, 46, 5, 25, 4, 1
2019/1/28, 18, 7, 24, 5, 
2019/1/29, 30, 6, 27, 6, 
2019/1/30, 19, 14, 25, 10, 
2019/1/31, 48, 27, 24, 10, 
2019/2/1, 78, 24, 21, 9, 1
2019/2/2, 82, 38, 11, 11, 1
2019/2/3, 114, 18, 15, 10, 1
2019/2/4, 60, 14, 20, 13, 
2019/2/5, 50, 29, 23, 13, 
2019/2/6, 85, 21, 22, 8, 1
2019/2/7, 73, 19, 22, 7, 1
2019/2/8, 64, 18, 24, 9, 1
2019/2/9, 59, 8, 30, 4, 1
2019/2/10, 28, 8, 30, 3, 1
2019/2/11, 21, 7, 32, 3, 1
2019/2/12, 26, 11, 31, 5, 
2019/2/13, 26, 10, 22, 6, 
2019/2/14, 34, 15, 22, 11, 1
2019/2/15, 37, 27, 18, 18, 2
2019/2/16, 75, 41, 7, 16, 2
2019/2/17, 108, 49, 18, 15, 2
2019/2/18, 132, 52, 16, 21, 2
2019/2/19, 138, 39, 28, 12, 2
2019/2/20, 105, 19, 26, 10, 1
2019/2/21, 59, 23, 25, 8, 2
2019/2/22, 72, 14, 23, 8, 1
2019/2/23, 54, 19, 24, 11, 1
2019/2/24, 64, 36, 21, 12, 2
2019/2/25, 110, 29, 26, 14, 3
2019/2/26, 80, 22, 23, 14, 3
2019/2/27, 63, 26, 28, 16, 3
2019/2/28, 68, 21, 28, 8, 2
2019/3/1, 64, 16, 26, 8, 2
2019/3/2, 56, 24, 21, 7, 1
2019/3/3, 72, 11, 31, 3, 2
2019/3/4, 34, 6, 33, 3, 2
2019/3/5, 21, 7, 31, 3, 
2019/3/6, 29, 6, 30, 5, 
2019/3/7, 24, 12, 32, 7, 
2019/3/8, 38, 8, 31, 3, 1
2019/3/9, 26, 4, 30, 2, 1
2019/3/10, 14, 4, 34, 2, 
2019/3/11, 18, 7, 31, 3, 
2019/3/12, 19, 3, 30, 4, 1
2019/3/13, 21, 1, 34, 2, 1
2019/3/14, 11, , 29, 2, 1
2019/3/15, 17, , 30, 3, 1
2019/3/16, 14, , 31, 3, 1
2019/3/17, 17, , 39, 2, 1
2019/3/18, 15, 35, 33, 3, 
2019/3/19, 23, 22, 32, 5, 1
2019/3/20, 34, 23, 35, 10, 1
2019/3/21, 44, 28, 33, 13, 1
2019/3/22, 69, 31, 27, 12, 1
2019/3/23, 79, 26, 36, 10, 1
2019/3/24, 74, 33, 26, 8, 1
2019/3/25, 97, 15, 34, 7, 
2019/3/26, 46, 8, 32, 4, 
2019/3/27, 28, 9, 28, 7, 
2019/3/28, 33, 11, 20, 8, 
2019/3/29, 43, 16, 23, 13, 
2019/3/30, 54, 23, 40, 6, 2
2019/3/31, 70, 33, 40, , 1
2019/4/1, 97, 23, 26, , 
2018/10/2, 43, , , , 
2018/10/4, 36, 13, 31, 9, 
2018/10/5, 27, 23, 26, 13, 
2018/10/6, 51, 25, 35, 14, 1
2018/10/7, 63, 40, 32, 10, 2
2018/10/8, 103, 17, 27, 12, 1
2018/10/9, 52, 31, 11, 16, 
2018/10/10, 86, 37, 34, 15, 
2018/10/11, 92, 39, 43, 13, 1
2018/10/12, 94, 35, 37, 18, 
2018/10/13, 91, 40, 40, 11, 1
2018/10/14, 101, 30, 42, 6, 1
2018/10/15, 83, 32, 37, 9, 2
2018/10/16, 80, 40, 32, 19, 1
2018/10/17, 92, 51, 26, 21, 1
2018/10/18, 122, 60, 27, 18, 4
2018/10/19, 151, 46, 18, 14, 2
2018/10/20, 120, 26, 25, 12, 2
2018/10/21, 68, 24, 21, 14, 1
2018/10/22, 62, 27, 23, 10, 1
2018/10/23, 76, 8, 22, 7, 
2018/10/24, 22, 6, 28, 6, 
2018/10/25, 20, 7, 23, 5, 
2018/10/26, 17, 10, 23, 8, 1
2018/10/27, 28, 16, 22, 8, 1
2018/10/28, 57, 9, 22, 7, 
2018/10/29, 34, 8, 8, 12, 1
2018/10/30, 32, 13, 36, 4, 1
2018/10/31, 34, 8, 16, 12, 1
2018/11/1, 25, 29, 7, 20, 
2018/11/2, 77, 36, 4, 18, 
2018/11/3, 91, 16, 15, 9, 
2018/11/4, 60, 25, 9, 9, 
2018/11/5, 76, 41, 19, 14, 1
2018/11/6, 114, 35, 17, 14, 
2018/11/7, 93, 43, 12, 15, 
2018/11/8, 122, 47, 9, 17, 
2018/11/9, 127, 33, 12, 11, 
2018/11/10, 99, 21, 16, 6, 
2018/11/11, 73, 17, 16, 6, 
2018/11/12, 61, 22, 13, 8, 
2018/11/13, 71, 19, 13, 7, 
2018/11/14, 64, 16, 18, 14, 
2018/11/15, 49, 30, 14, 15, 
2018/11/16, 79, 34, 7, 16, 
2018/11/17, 101, 24, 17, 9, 
2018/11/18, 81, 29, 18, 15, 1
2018/11/19, 94, 28, 16, 11, 1
2018/11/20, 91, 30, 10, 9, 1
2018/11/21, 94, 35, 5, 11, 1
2018/11/22, 105, 37, 3, 12, 1
2018/11/23, 112, 19, 8, 9, 
2018/11/24, 68, 15, 8, 8, 
2018/11/25, 56, 16, 10, 7, 
2018/11/26, 60, 25, 11, 13, 
2018/11/27, 76, 32, 13, 13, 2
2018/11/28, 94, 51, 5, 18, 
2018/11/29, 131, 36, 13, 16, 
2018/11/30, 106, 24, 16, 12, 
2018/12/1, 78, 29, 12, 10, 
2018/12/2, 91, 18, 12, 6, 
2018/12/3, 67, 8, 21, 6, 
2018/12/4, 34, 8, 23, 8, 1
2018/12/5, 22, 20, 15, 15, 
2018/12/6, 52, 21, 9, 13, 
2018/12/7, 67, 7, 15, 6, 
2018/12/8, 26, 5, 27, 3, 
2018/12/9, 10, 4, 30, 2, 
2018/12/10, 13, 8, 31, 4, 
2018/12/11, 24, 6, 22, 5, 
2018/12/12, 12, 9, 10, 12, 
2018/12/13, 26, 27, 13, 14, 1
2018/12/14, 84, 33, 12, 15, 
2018/12/15, 106, 24, 21, 11, 1
2018/12/16, 80, 17, 34, 4, 
2018/12/17, 62, 26, 11, 10, 
2018/12/18, 86, 19, 11, 14, 
2018/12/19, 60, 23, 10, 18, 
2018/12/20, 77, 32, 15, 9, 
2018/12/21, 98, 6, 24, 6, 
2018/12/22, 31, 4, 26, 4, 
2018/12/23, 16, 7, 22, 4, 
2018/12/24, 20, 7, 22, 4, 1
2018/12/25, 24, 4, 19, 4, 
2018/12/26, 23, 9, 17, 5, 
2018/12/27, 32, 9, 12, 6, 
2018/12/28, 43, 13, 17, 7, 
2018/12/29, 40, 13, 9, 8, 
2018/12/30, 44, 7, 30, 3, 
2018/12/31, 28, , , , 
2018/7/2, 34, 14, 44, 6, 1
2018/7/3, 58, 14, 56, 7, 1
2018/7/4, 43, 18, 73, 9, 1
2018/7/5, 50, 16, 75, 5, 1
2018/7/6, 54, 14, 37, 4, 1
2018/7/7, 50, 12, 46, 5, 2
2018/7/8, 33, 14, 40, 5, 1
2018/7/9, 41, 17, 47, 6, 2
2018/7/10, 47, 19, 32, 11, 2
2018/7/11, 49, 15, 35, 7, 1
2018/7/12, 42, 9, 32, 5, 1
2018/7/13, 35, 14, 43, 4, 1
2018/7/14, 38, 13, 47, 5, 2
2018/7/15, 51, 15, 58, 6, 1
2018/7/16, 53, 18, 51, 7, 1
2018/7/17, 57, 18, 47, 5, 1
2018/7/18, 48, 23, 54, 6, 2
2018/7/19, 62, 18, 53, 5, 1
2018/7/20, 48, 19, 64, 7, 2
2018/7/21, 53, 21, 62, 7, 1
2018/7/22, 64, 18, 60, 4, 1
2018/7/23, 60, 21, 67, 5, 2
2018/7/24, 66, 18, 57, 6, 3
2018/7/25, 54, 18, 37, 7, 1
2018/7/26, 51, 16, 51, 7, 1
2018/7/27, 52, 16, 57, 6, 1
2018/7/28, 50, 15, 61, 5, 1
2018/7/29, 48, 16, 65, 4, 1
2018/7/30, 49, 16, 70, 8, 1
2018/7/31, 55, 21, 73, 11, 1
2018/8/1, 64, 24, 53, 7, 2
2018/8/2, 66, 28, 57, 9, 2
2018/8/3, 70, 23, 58, 8, 2
2018/8/4, 65, 24, 66, 9, 2
2018/8/5, 65, 17, 53, 4, 1
2018/8/6, 58, 10, 51, 9, 2
2018/8/7, 34, 14, 55, 8, 1
2018/8/8, 43, 22, 67, 7, 1
2018/8/9, 59, 16, 71, 10, 1
2018/8/10, 50, 13, 20, 6, 1
2018/8/11, 39, 7, , 5, 1
2018/8/12, 25, 8, , 7, 1
2018/8/13, 31, 12, 47, 9, 2
2018/8/14, 39, 9, 33, 4, 1
2018/8/15, 32, 10, 38, 5, 1
2018/8/16, 38, 16, 47, 9, 2
2018/8/17, 55, 18, 60, 8, 1
2018/8/18, 57, 18, 59, 7, 1
2018/8/19, 57, 16, 75, 9, 1
2018/8/20, 54, 21, 63, 7, 2
2018/8/21, 63, 18, 39, 7, 2
2018/8/22, 59, 21, 54, 9, 1
2018/8/23, 54, 26, 61, 12, 1
2018/8/24, 69, 16, 37, 7, 1
2018/8/25, 48, 12, 29, 5, 1
2018/8/26, 41, 7, 32, 4, 1
2018/8/27, 25, 9, 39, 7, 1
2018/8/28, 31, 13, 33, 6, 1
2018/8/29, 41, 17, 49, 12, 1
2018/8/30, 51, 13, 37, 4, 1
2018/8/31, 46, 14, 30, 7, 1
2018/9/1, 43, 13, 20, 7, 1
2018/9/2, 42, 11, 30, 7, 1
2018/9/3, 39, 15, 36, 9, 1
2018/9/4, 44, 24, 48, 10, 1
2018/9/5, 68, 20, 52, 11, 2
2018/9/6, 63, 21, 52, 13, 1
2018/9/7, 65, 25, 36, 12, 1
2018/9/8, 70, 11, 34, 6, 1
2018/9/9, 46, 12, 42, 6, 1
2018/9/10, 48, 14, 49, 8, 1
2018/9/11, 48, 14, 48, 7, 2
2018/9/12, 44, 16, 58, 9, 1
2018/9/13, 48, 22, 21, 15, 2
2018/9/14, 64, 10, 22, 8, 2
2018/9/15, 40, 15, 34, 8, 2
2018/9/16, 52, 15, 39, 10, 1
2018/9/17, 49, 18, 46, 11, 1
2018/9/18, 57, 20, 44, 9, 1
2018/9/19, 60, 22, 50, 8, 1
2018/9/20, 59, 16, 47, 8, 1
2018/9/21, 52, 16, 46, 5, 1
2018/9/22, 45, 9, 29, 3, 1
2018/9/23, 32, 4, 27, 2, 2
2018/9/24, 15, 10, 30, 3, 1
2018/9/25, 25, 9, 31, 8, 1
2018/9/26, 24, 13, 30, 8, 2
2018/9/27, 37, 10, 27, 8, 2
2018/9/28, 32, 16, 32, 7, 1
2018/9/29, 52, 13, 27, 9, 1
2018/9/30, 38, 20, 33, 8, 2
2018/10/1, 57, 9, 28, 4, 
2018/4/2, 60, 15, 36, 4, 1
2018/4/3, 58, 11, 37, 5, 1
2018/4/4, 47, 18, 31, 7, 1
2018/4/5, 53, 8, 33, 3, 1
2018/4/6, 33, 13, 34, 6, 1
2018/4/7, 41, 16, 38, 6, 1
2018/4/8, 48, 20, 27, 6, 1
2018/4/9, 61, 38, 30, 15, 
2018/4/10, 104, 20, 39, 6, 
2018/4/11, 54, 16, 37, 6, 
2018/4/12, 47, 22, 41, 8, 1
2018/4/13, 52, 23, 37, 4, 1
2018/4/14, 56, 7, 45, 4, 
2018/4/15, 24, 18, 40, 8, 1
2018/4/16, 52, 29, 23, 12, 1
2018/4/17, 75, 21, 40, 8, 1
2018/4/18, 62, 21, 37, 14, 1
2018/4/19, 57, 21, 44, 11, 1
2018/4/20, 52, 22, 42, 11, 
2018/4/21, 56, 25, 59, 7, 2
2018/4/22, 71, 25, 57, 7, 1
2018/4/23, 69, 27, 39, 7, 1
2018/4/24, 72, 16, 40, 6, 1
2018/4/25, 54, 19, 43, 5, 1
2018/4/26, 58, 9, 38, 5, 
2018/4/27, 43, 12, 43, 7, 
2018/4/28, 43, 15, 47, 5, 
2018/4/29, 51, 30, 47, 8, 1
2018/4/30, 82, 26, 46, 5, 1
2018/5/1, 88, 21, 40, 6, 
2018/5/2, 70, 15, 40, 8, 1
2018/5/3, 56, 28, 35, 9, 1
2018/5/4, 80, 19, 41, 6, 1
2018/5/5, 65, 15, 46, 6, 
2018/5/6, 61, 12, 46, 4, 1
2018/5/7, 48, 11, 48, 5, 
2018/5/8, 50, 16, 47, 5, 1
2018/5/9, 46, 21, 41, 7, 1
2018/5/10, 49, 27, 47, 7, 
2018/5/11, 65, 19, 40, 7, 1
2018/5/12, 58, 21, 45, 7, 1
2018/5/13, 70, 15, 55, 4, 1
2018/5/14, 51, 19, 48, 6, 1
2018/5/15, 59, 21, 44, 5, 
2018/5/16, 63, 12, 29, 8, 
2018/5/17, 41, 20, 28, 7, 1
2018/5/18, 63, 26, 34, 8, 2
2018/5/19, 71, 20, 42, 6, 1
2018/5/20, 64, 14, 45, 6, 1
2018/5/21, 48, 13, 46, 5, 2
2018/5/22, 43, 17, 51, 10, 1
2018/5/23, 53, 21, 42, 6, 1
2018/5/24, 60, 18, 47, 6, 1
2018/5/25, 58, 14, 54, 7, 
2018/5/26, 39, 21, 60, 6, 1
2018/5/27, 59, 20, 61, 6, 1
2018/5/28, 68, 21, 56, 8, 1
2018/5/29, 58, 22, 58, 4, 
2018/5/30, 69, 23, 43, 7, 
2018/5/31, 70, 27, 59, 7, 1
2018/6/1, 68, 26, 40, 8, 1
2018/6/2, 72, 13, 44, 3, 1
2018/6/3, 35, 13, 48, 4, 1
2018/6/4, 45, 16, 62, 7, 1
2018/6/5, 55, 21, 52, 7, 1
2018/6/6, 69, 21, 52, 6, 
2018/6/7, 64, 15, 62, 7, 
2018/6/8, 42, 18, 48, 8, 4
2018/6/9, 56, 21, 43, 7, 
2018/6/10, 58, 22, 40, 6, 
2018/6/11, 60, 24, 62, 7, 1
2018/6/12, 71, 19, 40, 6, 1
2018/6/13, 56, 16, 30, 8, 1
2018/6/14, 49, 12, 31, 6, 1
2018/6/15, 37, 17, 47, 7, 2
2018/6/16, 51, 21, 61, 8, 
2018/6/17, 64, 20, 56, 6, 1
2018/6/18, 64, 15, 38, 6, 1
2018/6/19, 44, 10, 33, 7, 1
2018/6/20, 45, 17, 43, 8, 
2018/6/21, 42, 18, 51, 5, 
2018/6/22, 62, 9, 28, 3, 
2018/6/23, 36, 8, 27, 3, 2
2018/6/24, 24, 7, 33, 2, 
2018/6/25, 19, 9, 26, 6, 2
2018/6/26, 26, 14, 35, 5, 1
2018/6/27, 56, 9, 38, 5, 
2018/6/28, 37, 15, 28, 8, 1
2018/6/29, 49, 17, 54, 5, 1
2018/6/30, 53, 13, 34, 3, 1
2018/7/1, 47, 9, 32, 4, 
2018/1/2, 32, 6, 24, 4, 2
2018/1/3, 32, 6, 29, 2, 1
2018/1/4, 18, 9, 28, 2, 1
2018/1/5, 26, 7, 27, 2, 2
2018/1/6, 24, 11, 25, 5, 2
2018/1/7, 41, 20, 13, 6, 1
2018/1/8, 66, 13, 11, 6, 
2018/1/9, 49, 18, 17, 7, 2
2018/1/10, 59, 34, 6, 12, 2
2018/1/11, 93, 27, 16, 11, 3
2018/1/12, 78, 38, 6, 11, 2
2018/1/13, 101, 22, 17, 5, 1
2018/1/14, 75, 20, 18, 5, 2
2018/1/15, 77, 12, 19, 3, 
2018/1/16, 47, 8, 26, 4, 1
2018/1/17, 36, 6, 28, 4, 1
2018/1/18, 25, 7, 28, 3, 1
2018/1/19, 21, 10, 24, 8, 
2018/1/20, 32, 7, 24, 4, 1
2018/1/21, 33, 21, 19, 9, 2
2018/1/22, 76, 24, 24, 7, 1
2018/1/23, 76, 19, 15, 8, 1
2018/1/24, 67, 8, 21, 5, 1
2018/1/25, 39, 16, 15, 8, 1
2018/1/26, 59, 41, 14, 11, 1
2018/1/27, 130, 61, 2, 15, 1
2018/1/28, 160, 18, 21, 5, 
2018/1/29, 56, 4, 21, 3, 
2018/1/30, 17, 8, 29, 8, 1
2018/1/31, 27, 12, 23, 5, 2
2018/2/1, 35, 5, 24, 4, 2
2018/2/2, 23, 9, 24, 5, 1
2018/2/3, 32, 11, 19, 7, 1
2018/2/4, 38, 20, 17, 9, 2
2018/2/5, 66, 20, 16, 12, 2
2018/2/6, 68, 19, 23, 10, 1
2018/2/7, 66, 32, 16, 12, 2
2018/2/8, 105, 49, 19, 13, 4
2018/2/9, 146, 56, 14, 16, 2
2018/2/10, 151, 48, 18, 15, 1
2018/2/11, 135, 26, 26, 7, 1
2018/2/12, 83, 10, 24, 7, 1
2018/2/13, 46, 20, 22, 15, 1
2018/2/14, 64, 43, 19, 21, 1
2018/2/15, 117, 42, 24, 12, 1
2018/2/16, 123, 24, 23, 10, 
2018/2/17, 73, 30, 15, 11, 1
2018/2/18, 93, 28, 23, 11, 
2018/2/19, 88, 24, 28, 11, 1
2018/2/20, 78, 43, 21, 20, 2
2018/2/21, 132, 48, 27, 13, 3
2018/2/22, 137, 21, 30, 7, 2
2018/2/23, 72, 29, 28, 7, 3
2018/2/24, 90, 34, 29, 8, 2
2018/2/25, 106, 18, 29, 5, 1
2018/2/26, 65, 25, 27, 9, 2
2018/2/27, 82, 35, 26, 10, 3
2018/2/28, 105, 30, 29, 6, 3
2018/3/1, 96, 36, 35, 9, 3
2018/3/2, 112, 50, 31, 8, 5
2018/3/3, 148, 54, 34, 8, 5
2018/3/4, 155, 52, 38, 12, 4
2018/3/5, 141, 50, 31, 13, 2
2018/3/6, 138, 43, 25, 16, 3
2018/3/7, 124, 33, 23, 11, 1
2018/3/8, 101, 8, 31, 6, 1
2018/3/9, 37, 11, 31, 5, 1
2018/3/10, 36, 16, 30, 7, 2
2018/3/11, 56, 13, 35, 4, 2
2018/3/12, 45, 22, 22, 8, 1
2018/3/13, 70, 7, 28, 4, 1
2018/3/14, 29, 8, 22, 8, 1
2018/3/15, 30, 17, 26, 8, 2
2018/3/16, 64, 24, 15, 11, 1
2018/3/17, 81, 18, 29, 3, 
2018/3/18, 72, 16, 35, 2, 
2018/3/19, 59, 18, 33, 6, 2
2018/3/20, 62, 31, 35, 10, 3
2018/3/21, 88, 16, 31, 9, 1
2018/3/22, 59, 17, 29, 7, 2
2018/3/23, 57, 22, 12, 14, 2
2018/3/24, 74, 35, 29, 15, 1
2018/3/25, 101, 42, 35, 13, 1
2018/3/26, 127, 43, 28, 11, 2
2018/3/27, 129, 32, 17, 11, 1
2018/3/28, 102, 20, 25, 8, 1
2018/3/29, 75, 8, 33, 6, 1
2018/3/30, 34, 19, 37, 6, 2
2018/3/31, 60, 18, 23, 6, 1
2018/4/1, 68, 14, 34, 3, 
2017/10/2, 75, 24, 22, 7, 4
2017/10/3, 69, 10, 19, 6, 4
2017/10/4, 28, 9, 22, 5, 3
2017/10/5, 25, 9, 26, 3, 4
2017/10/6, 24, 7, 23, 4, 3
2017/10/7, 25, 6, 24, 4, 1
2017/10/8, 18, 4, 21, , 1
2017/10/9, 17, 9, 26, 6, 1
2017/10/10, 27, 11, 19, 5, 
2017/10/11, 35, 10, 15, 10, 
2017/10/12, 23, 12, 21, 8, 
2017/10/13, 34, 15, 21, 8, 1
2017/10/14, 41, 14, 26, 4, 1
2017/10/15, 42, 18, 26, 8, 1
2017/10/16, 59, 23, 27, 9, 2
2017/10/17, 55, 29, 22, 13, 2
2017/10/18, 72, 36, 8, 14, 2
2017/10/19, 83, 28, 15, 7, 3
2017/10/20, 67, 28, 12, 11, 3
2017/10/21, 65, 22, 23, 10, 3
2017/10/22, 57, 12, 24, 5, 3
2017/10/23, 39, 9, 17, 6, 3
2017/10/24, 26, 11, 17, 6, 3
2017/10/25, 36, 9, 16, 5, 3
2017/10/26, 29, 11, 13, 7, 3
2017/10/27, 40, 11, 23, 5, 4
2017/10/28, 37, 6, 22, 3, 3
2017/10/29, 21, 7, 30, 2, 4
2017/10/30, 23, 9, 25, 5, 4
2017/10/31, 35, 9, 23, 6, 3
2017/11/1, 29, 13, 17, 6, 4
2017/11/2, 39, 14, 18, 8, 4
2017/11/3, 40, 24, 17, 14, 3
2017/11/4, 66, 30, 14, 7, 2
2017/11/5, 84, 30, 14, 7, 2
2017/11/6, 87, 14, 19, 10, 2
2017/11/7, 45, 16, 11, 10, 2
2017/11/8, 46, 44, 7, 14, 
2017/11/9, 112, 30, 5, 11, 1
2017/11/10, 80, 13, 13, 8, 1
2017/11/11, 48, 7, 25, 3, 2
2017/11/12, 16, 7, 23, 5, 2
2017/11/13, 24, 12, 21, 10, 3
2017/11/14, 45, 14, 14, 6, 1
2017/11/15, 45, 17, 12, 9, 1
2017/11/16, 56, 31, 12, 12, 2
2017/11/17, 81, 25, 6, 8, 1
2017/11/18, 78, 13, 20, 7, 1
2017/11/19, 36, 9, 23, 3, 1
2017/11/20, 24, 7, 21, 5, 1
2017/11/21, 25, 5, 14, 5, 1
2017/11/22, 17, 17, 14, 8, 2
2017/11/23, 52, 21, 10, 10, 2
2017/11/24, 65, 19, 17, 8, 2
2017/11/25, 57, 16, 18, 5, 2
2017/11/26, 50, 8, 19, 4, 2
2017/11/27, 32, 8, 22, 4, 1
2017/11/28, 32, 5, 23, 4, 1
2017/11/29, 19, 17, 8, 12, 2
2017/11/30, 62, 30, 9, 12, 3
2017/12/1, 79, 26, 10, 11, 2
2017/12/2, 72, 43, 5, 14, 4
2017/12/3, 100, 35, 18, 8, 2
2017/12/4, 102, 12, 14, 9, 
2017/12/5, 43, 7, 14, 8, 
2017/12/6, 31, 11, 18, 6, 
2017/12/7, 40, 9, 24, 5, 1
2017/12/8, 32, 8, 23, 6, 1
2017/12/9, 35, 10, 23, 3, 1
2017/12/10, 34, 4, 27, 2, 1
2017/12/11, 17, 11, 26, 11, 2
2017/12/12, 33, 15, 24, 5, 2
2017/12/13, 45, 9, 22, 5, 1
2017/12/14, 30, 5, 30, 3, 2
2017/12/15, 16, 10, 26, 9, 2
2017/12/16, 37, 16, 16, 7, 3
2017/12/17, 53, 15, 19, 7, 1
2017/12/18, 56, 19, 12, 13, 1
2017/12/19, 71, 25, 9, 14, 2
2017/12/20, 80, 22, 4, 13, 1
2017/12/21, 71, 10, 2, 12, 1
2017/12/22, 46, 11, 13, 11, 2
2017/12/23, 40, 11, 19, 5, 1
2017/12/24, 45, 4, 21, 2, 
2017/12/25, 21, 8, 21, 4, 
2017/12/26, 30, 17, 15, 4, 1
2017/12/27, 62, 16, 12, 12, 2
2017/12/28, 59, 22, 13, 10, 2
2017/12/29, 74, 11, 21, 4, 1
2017/12/30, 39, 9, 23, 3, 1
2017/12/31, 34, , , , 
2017/7/2, 24, 9, 33, 2, 1
2017/7/3, 32, 10, 36, 3, 1
2017/7/4, 32, 13, 35, 5, 1
2017/7/5, 40, 16, 45, 4, 1
2017/7/6, 47, 19, 52, 4, 1
2017/7/7, 55, 14, 45, 6, 1
2017/7/8, 47, 18, 46, 2, 1
2017/7/9, 55, 19, 41, 6, 1
2017/7/10, 57, 17, 40, 4, 1
2017/7/11, 48, 12, 31, 3, 1
2017/7/12, 30, 12, 26, 4, 1
2017/7/13, 32, 12, 29, 3, 1
2017/7/14, 38, 14, 33, 7, 1
2017/7/15, 41, 13, 35, 5, 1
2017/7/16, 44, 11, 35, 2, 1
2017/7/17, 41, 13, 32, 6, 2
2017/7/18, 44, 14, 38, 7, 1
2017/7/19, 42, 19, 57, 8, 1
2017/7/20, 56, 21, 46, 5, 2
2017/7/21, 61, 14, 45, 4, 2
2017/7/22, 47, 19, 46, 7, 2
2017/7/23, 57, 20, 32, 5, 2
2017/7/24, 54, 9, 23, 6, 2
2017/7/25, 26, 6, 27, 3, 2
2017/7/26, 20, 4, 23, 3, 2
2017/7/27, 22, 10, , 4, 2
2017/7/28, 33, 10, , 4, 2
2017/7/29, 28, 13, 40, 3, 2
2017/7/30, 32, 16, 37, 3, 2
2017/7/31, 48, 18, 40, 5, 2
2017/8/1, 45, 26, 59, 8, 2
2017/8/2, 62, 19, 44, 5, 2
2017/8/3, 54, 24, 28, 8, 2
2017/8/4, 58, 17, 36, 5, 2
2017/8/5, 46, 10, 39, 3, 2
2017/8/6, 30, 13, 36, 3, 2
2017/8/7, 46, 14, 42, 7, 2
2017/8/8, 39, 14, 42, 4, 2
2017/8/9, 44, 10, 44, 3, 2
2017/8/10, 32, 15, 48, 7, 3
2017/8/11, 46, 11, 17, 7, 2
2017/8/12, 38, 7, 34, 2, 2
2017/8/13, 19, 7, 24, 2, 4
2017/8/14, 20, 10, 38, 6, 3
2017/8/15, 33, 14, 42, 9, 3
2017/8/16, 46, 16, 26, 7, 3
2017/8/17, 53, 12, 35, 9, 2
2017/8/18, 34, 25, 40, 6, 3
2017/8/19, 75, 11, 29, 2, 2
2017/8/20, 30, 11, 31, 3, 2
2017/8/21, 32, 11, 30, 5, 3
2017/8/22, 25, 12, 34, 6, 3
2017/8/23, 40, 12, 32, 9, 3
2017/8/24, 37, 16, 27, 8, 3
2017/8/25, 51, 17, 48, 6, 3
2017/8/26, 44, 17, 49, 6, 3
2017/8/27, 43, 22, 44, 5, 3
2017/8/28, 61, 15, 37, 9, 3
2017/8/29, 44, 14, 42, 9, 3
2017/8/30, 42, 13, 45, 7, 3
2017/8/31, 43, 18, 39, 7, 4
2017/9/1, 53, 6, 20, 5, 3
2017/9/2, 19, , , , 
2017/9/5, 34, 10, 43, 6, 3
2017/9/6, 28, 15, 22, 12, 3
2017/9/7, 60, , , , 
2017/9/12, 17, 10, 24, 3, 4
2017/9/13, 27, 5, 24, 2, 4
2017/9/14, 18, 5, 29, 4, 4
2017/9/15, 19, 5, 25, 4, 4
2017/9/16, 17, 19, 8, 10, 5
2017/9/17, 59, 16, 27, 6, 4
2017/9/18, 53, 11, 22, 6, 3
2017/9/19, 38, 14, 7, 12, 3
2017/9/20, 46, 17, 28, 10, 4
2017/9/21, 51, 14, 21, 9, 4
2017/9/22, 38, 21, 19, 12, 4
2017/9/23, 61, 19, 27, 7, 3
2017/9/24, 55, 14, 20, 8, 4
2017/9/25, 48, 20, 14, 9, 3
2017/9/26, 50, 17, 19, 8, 3
2017/9/27, 49, 20, 28, 9, 3
2017/9/28, 63, 30, 25, 9, 3
2017/9/29, 73, 24, 31, 9, 3
2017/9/30, 62, 23, 33, 6, 3
2017/10/1, 65, 26, 28, 10, 4
2017/4/2, 52, 31, 44, 8, 3
2017/4/3, 88, 21, 36, 9, 2
2017/4/4, 72, 11, 25, 8, 2
2017/4/5, 42, 20, 29, 8, 5
2017/4/6, 61, 11, 33, 4, 1
2017/4/7, 32, 12, 27, 5, 1
2017/4/8, 36, 14, 26, 5, 1
2017/4/9, 46, 16, 30, 6, 1
2017/4/10, 50, 12, 45, 4, 1
2017/4/11, 50, 12, 30, 4, 1
2017/4/12, 40, 9, 28, 5, 2
2017/4/13, 30, 11, 30, 5, 2
2017/4/14, 32, 13, 32, 5, 2
2017/4/15, 42, 17, 33, 3, 2
2017/4/16, 49, 9, 34, 2, 2
2017/4/17, 28, 10, 28, 4, 2
2017/4/18, 33, 13, 29, 6, 2
2017/4/19, 40, 13, 32, 4, 2
2017/4/20, 48, 12, 27, 4, 2
2017/4/21, 40, 20, 36, 5, 2
2017/4/22, 63, 16, 31, 5, 2
2017/4/23, 54, 8, 32, 2, 1
2017/4/24, 20, 8, 36, 3, 2
2017/4/25, 24, 13, 37, 5, 3
2017/4/26, 42, 12, 27, 8, 2
2017/4/27, 36, 13, 28, 9, 2
2017/4/28, 36, 20, 27, 9, 2
2017/4/29, 60, 18, 28, 4, 2
2017/4/30, 57, 19, 35, 4, 2
2017/5/1, 60, 26, 40, 4, 3
2017/5/2, 75, 10, 33, 5, 2
2017/5/3, 35, 19, 37, 10, 3
2017/5/4, 55, 27, 31, 7, 9
2017/5/5, 72, 17, 20, 7, 3
2017/5/6, 62, 22, 36, 6, 3
2017/5/7, 64, 18, 40, 4, 4
2017/5/8, 58, 18, 27, 5, 3
2017/5/9, 59, 7, 32, 4, 3
2017/5/10, 22, 12, 39, 6, 3
2017/5/11, 37, 14, 42, 6, 3
2017/5/12, 40, 16, 38, 8, 4
2017/5/13, 36, 13, 33, 4, 3
2017/5/14, 42, 16, 30, 4, 3
2017/5/15, 44, 11, 30, 5, 3
2017/5/16, 34, 14, 44, 7, 3
2017/5/17, 41, 15, 43, 8, 2
2017/5/18, 41, 16, 43, 7, 1
2017/5/19, 49, 17, 50, 5, 2
2017/5/20, 49, 12, 33, 3, 2
2017/5/21, 36, 13, 41, 3, 2
2017/5/22, 48, 14, 44, 7, 1
2017/5/23, 37, 20, 48, 11, 2
2017/5/24, 51, 14, 34, 4, 2
2017/5/25, 47, 10, 36, 4, 2
2017/5/26, 29, 13, 36, 5, 2
2017/5/27, 40, 14, 40, 6, 2
2017/5/28, 42, 13, 41, 4, 2
2017/5/29, 38, 19, 55, 4, 2
2017/5/30, 33, 20, 54, 8, 3
2017/5/31, 60, 20, 39, 6, 2
2017/6/1, 49, 14, 46, 7, 3
2017/6/2, 43, 15, 54, 9, 3
2017/6/3, 33, 21, 54, 9, 3
2017/6/4, 59, 15, 33, 4, 3
2017/6/5, 45, 11, 42, 4, 2
2017/6/6, 35, 9, 34, 5, 3
2017/6/7, 31, 10, 28, 2, 2
2017/6/8, 31, 7, 37, 3, 2
2017/6/9, 24, 9, 39, 7, 2
2017/6/10, 32, 11, 41, 3, 2
2017/6/11, 37, 15, 42, 5, 2
2017/6/12, 46, 14, 45, 3, 3
2017/6/13, 47, 18, 37, 4, 3
2017/6/14, 50, 13, 40, 5, 3
2017/6/15, 44, 12, 46, 7, 2
2017/6/16, 37, 17, 40, 4, 3
2017/6/17, 56, 9, 32, 1, 3
2017/6/18, 31, 10, 39, 3, 2
2017/6/19, 35, 13, 49, 7, 2
2017/6/20, 44, 14, 70, 5, 3
2017/6/21, 50, 17, 47, 5, 3
2017/6/22, 50, 16, 65, 7, 3
2017/6/23, 44, 18, 40, 3, 3
2017/6/24, 55, 16, 50, 5, 3
2017/6/25, 49, 15, 42, 3, 3
2017/6/26, 44, 10, 32, 3, 3
2017/6/27, 39, 12, 29, 8, 4
2017/6/28, 31, 18, 34, 10, 4
2017/6/29, 49, 15, 26, 6, 3
2017/6/30, 40, 9, 31, 2, 1
2017/7/1, 27, 9, 30, 2, 
2017/1/3, 90, 11, 20, 6, 
2017/1/4, 41, 7, 24, 4, 3
2017/1/5, 21, 10, 26, 6, 1
2017/1/6, 37, 8, 26, 7, 
2017/1/7, 43, 17, 26, 6, 2
2017/1/8, 59, 30, 18, 13, 1
2017/1/9, 87, 43, 3, 20, 2
2017/1/10, 117, 30, 20, 12, 1
2017/1/11, 81, 36, 21, 13, 1
2017/1/12, 97, 10, 26, 7, 1
2017/1/13, 33, 7, 27, 4, 1
2017/1/14, 21, 6, 27, 4, 1
2017/1/15, 26, 11, 28, 4, 
2017/1/16, 36, 13, 20, 10, 2
2017/1/17, 42, 15, 19, 13, 1
2017/1/18, 52, 33, 19, 18, 
2017/1/19, 95, 68, 9, 27, 1
2017/1/20, 150, 94, 4, 32, 4
2017/1/21, 179, 96, 8, 33, 6
2017/1/22, 187, 80, 25, 29, 5
2017/1/23, 167, 73, 28, 18, 3
2017/1/24, 164, 44, 20, 18, 4
2017/1/25, 121, 51, 6, 23, 2
2017/1/26, 133, 30, 23, 19, 1
2017/1/27, 83, 41, 20, 21, 2
2017/1/28, 119, 48, 27, 6, 1
2017/1/29, 129, 60, 25, 12, 1
2017/1/30, 155, 65, 20, 18, 1
2017/1/31, 150, 38, 17, 17, 4
2017/2/1, 107, 64, 1, 26, 4
2017/2/2, 160, 49, 12, 21, 1
2017/2/3, 120, 61, 3, 26, 1
2017/2/4, 139, 52, 7, 20, 1
2017/2/5, 111, 19, 26, 11, 1
2017/2/6, 54, 41, 6, 17, 3
2017/2/7, 111, 43, 15, 15, 3
2017/2/8, 123, 50, 14, 14, 2
2017/2/9, 142, 49, 17, 11, 4
2017/2/10, 139, 47, 22, 12, 3
2017/2/11, 125, 30, 24, 6, 3
2017/2/12, 89, 34, 24, 6, 2
2017/2/13, 100, 54, 32, 21, 4
2017/2/14, 135, 66, 28, 29, 2
2017/2/15, 157, 68, 22, 29, 2
2017/2/16, 158, 62, 16, 23, 2
2017/2/17, 156, 33, 24, 14, 2
2017/2/18, 90, 13, 17, 12, 1
2017/2/19, 49, 21, 26, 9, 1
2017/2/20, 70, 19, 23, 7, 
2017/2/21, 56, 6, , 6, 1
2017/2/22, 26, 6, 22, 5, 1
2017/2/23, 23, 5, 28, 5, 1
2017/2/24, 12, 8, 34, 4, 1
2017/2/25, 35, 14, 31, 5, 1
2017/2/26, 39, 12, 28, 4, 1
2017/2/27, 41, 14, 33, 6, 2
2017/2/28, 61, 17, 36, 6, 1
2017/3/1, 49, 8, 30, 4, 1
2017/3/2, 27, 7, 33, 3, 1
2017/3/3, 19, 11, 33, 8, 1
2017/3/4, 26, 16, 31, 11, 1
2017/3/5, 54, 8, 33, 3, 1
2017/3/6, 30, 8, 30, 5, 1
2017/3/7, 27, 12, 20, 7, 1
2017/3/8, 45, 17, 29, 8, 1
2017/3/9, 45, 8, 24, 7, 1
2017/3/10, 32, 9, 29, 7, 1
2017/3/11, 26, 15, 30, 8, 2
2017/3/12, 38, 22, 29, 9, 
2017/3/13, 65, 37, 27, 17, 1
2017/3/14, 99, 31, 25, 13, 2
2017/3/15, 93, 26, 27, 9, 1
2017/3/16, 66, 23, 30, 11, 2
2017/3/17, 58, 24, 31, 8, 2
2017/3/18, 72, 9, 26, 4, 1
2017/3/19, 29, 8, 26, 4, 1
2017/3/20, 28, 8, 26, 5, 2
2017/3/21, 27, 10, 28, 9, 2
2017/3/22, 33, 8, 31, 7, 1
2017/3/23, 33, 19, 19, 11, 1
2017/3/24, 60, 31, 27, 9, 1
2017/3/25, 83, 22, 37, 12, 2
2017/3/26, 69, 12, 37, 6, 1
2017/3/27, 43, 24, 33, 11, 1
2017/3/28, 70, 21, 33, 11, 2
2017/3/29, 64, 16, 39, 6, 2
2017/3/30, 49, 15, 32, 10, 1
2017/3/31, 39, 18, 38, 6, 1
2017/4/1, 43, 19, 45, 10, 2
2016/10/2, 45, 10, 25, 3, 1
2016/10/3, 29, 8, 17, 7, 
2016/10/4, 27, 9, 24, 6, 
2016/10/5, 36, 6, 22, 5, 1
2016/10/6, 25, 3, 15, 6, 1
2016/10/7, 14, 9, 13, 8, 1
2016/10/8, 36, 11, 18, 5, 1
2016/10/9, 44, 8, 20, 6, 1
2016/10/10, 25, 15, 12, 11, 2
2016/10/11, 41, 15, 15, 11, 1
2016/10/12, 46, 8, 6, 7, 1
2016/10/13, 25, 11, 9, 6, 1
2016/10/14, 35, 21, 14, 6, 1
2016/10/15, 63, 26, 15, 10, 1
2016/10/16, 72, 33, 13, 10, 2
2016/10/17, 86, 21, 9, 9, 
2016/10/18, 69, 25, 9, 7, 1
2016/10/19, 72, 11, 24, 5, 1
2016/10/20, 39, 11, 21, 6, 1
2016/10/21, 34, 12, 15, 6, 1
2016/10/22, 35, 13, 19, 4, 1
2016/10/23, 48, 24, 17, 5, 1
2016/10/24, 65, 21, 9, 9, 1
2016/10/25, 71, 19, 7, 9, 1
2016/10/26, 61, 24, 12, 12, 3
2016/10/27, 75, 32, 13, 10, 1
2016/10/28, 84, 16, 20, 5, 
2016/10/29, 58, 11, 28, 5, 1
2016/10/30, 30, 14, 25, 7, 1
2016/10/31, 35, 21, 13, 9, 1
2016/11/1, 60, 21, 20, 7, 1
2016/11/2, 55, 14, 25, 5, 1
2016/11/3, 46, 14, 19, 10, 1
2016/11/4, 36, 12, 20, 7, 1
2016/11/5, 48, 23, 12, 6, 1
2016/11/6, 78, 25, 14, 6, 1
2016/11/7, 79, 13, 18, 6, 1
2016/11/8, 54, 22, 14, 9, 1
2016/11/9, 67, 21, 15, 13, 1
2016/11/10, 58, 19, 9, 11, 1
2016/11/11, 58, 31, , 11, 2
2016/11/12, 82, 31, , 10, 3
2016/11/13, 89, 31, , 14, 1
2016/11/14, 90, 50, 6, 19, 1
2016/11/15, 128, 32, 9, 10, 
2016/11/16, 88, 4, 7, 9, 1
2016/11/17, 33, 7, 17, 4, 
2016/11/18, 20, 9, 19, 5, 
2016/11/19, 28, 11, 27, 6, 
2016/11/20, 27, 15, 16, 11, 
2016/11/21, 42, 15, 5, 11, 
2016/11/22, 40, 31, 1, 15, 
2016/11/23, 83, 28, 6, 10, 
2016/11/24, 84, 30, 4, 13, 1
2016/11/25, 90, 25, 3, 14, 1
2016/11/26, 67, 40, 5, 13, 
2016/11/27, 104, 12, 24, 6, 
2016/11/28, 51, 13, 22, 7, 
2016/11/29, 33, 19, 17, 12, 
2016/11/30, 52, 23, 13, 11, 
2016/12/1, 65, 12, 13, 11, 
2016/12/2, 51, 10, 28, 10, 
2016/12/3, 32, 30, 12, 16, 
2016/12/4, 78, 50, 5, 13, 
2016/12/5, 127, 34, 9, 11, 
2016/12/6, 92, 31, 9, 12, 
2016/12/7, 96, 39, 5, 10, 
2016/12/8, 114, 17, 18, 11, 1
2016/12/9, 77, 14, 17, 12, 
2016/12/10, 45, 17, 19, 9, 
2016/12/11, 46, 12, 25, 6, 
2016/12/12, 42, 7, 20, 8, 
2016/12/13, 26, 30, 9, 16, 
2016/12/14, 82, 20, 5, 13, 
2016/12/15, 68, 13, 16, 9, 
2016/12/16, 49, 23, 20, 9, 
2016/12/17, 67, 40, 6, 12, 
2016/12/18, 103, 31, 5, 9, 
2016/12/19, 90, 22, 15, 10, 
2016/12/20, 68, 15, 16, 6, 
2016/12/21, 54, 20, 14, 4, 
2016/12/22, 67, 23, 7, 7, 
2016/12/23, 75, 25, 8, 10, 
2016/12/24, 78, 9, 18, 5, 
2016/12/25, 33, 6, 25, 2, 
2016/12/26, 39, 5, 25, 2, 
2016/12/27, 17, 9, 27, 3, 1
2016/12/28, 29, 5, 24, 7, 
2016/12/29, 21, 16, 7, 13, 
2016/12/30, 45, 19, 14, 4, 
2016/12/31, 58, 34, 9, 8, 
2017/1/1, 98, 63, 4, 11, 1
2017/1/2, 153, 31, 10, 11, 
2016/7/2, 27, 11, 34, 4, 
2016/7/3, 41, 10, 32, 2, 1
2016/7/4, 25, 8, 39, 4, 
2016/7/5, 23, 8, 41, 4, 
2016/7/6, 27, 8, 37, 2, 
2016/7/7, 32, 10, 43, 4, 1
2016/7/8, 30, 14, 48, 7, 1
2016/7/9, 43, 12, 43, 3, 
2016/7/10, 40, 11, 39, 3, 
2016/7/11, 33, 16, 52, 3, 
2016/7/12, 42, 14, 35, 4, 
2016/7/13, 40, 13, 33, 4, 
2016/7/14, 35, 9, 27, 4, 1
2016/7/15, 27, 11, 23, 3, 1
2016/7/16, 29, 8, 44, 4, 1
2016/7/17, 29, 19, 24, 5, 
2016/7/18, 54, 16, 38, 3, 1
2016/7/19, 38, 16, 36, 6, 
2016/7/20, 43, 15, 40, 7, 1
2016/7/21, 36, 19, 50, 9, 1
2016/7/22, 49, 16, 35, 5, 
2016/7/23, 43, , , , 
2016/7/26, 60, 30, 55, 11, 1
2016/7/27, 75, 26, 45, 10, 1
2016/7/28, 62, 20, 41, 5, 1
2016/7/29, 53, 13, 31, 4, 
2016/7/30, 38, 12, 35, 4, 
2016/7/31, 24, 16, 30, 6, 
2016/8/1, 42, 10, 37, 4, 1
2016/8/2, 32, 13, 34, 5, 
2016/8/3, 31, 8, 27, 3, 
2016/8/4, 24, 16, 36, 7, 
2016/8/5, 44, 14, 24, 6, 2
2016/8/6, 41, 14, 33, 3, 1
2016/8/7, 40, 14, 40, 3, 1
2016/8/8, 32, 13, 47, 4, 
2016/8/9, 33, 20, 30, 6, 
2016/8/10, 49, 15, 20, 6, 1
2016/8/11, 35, 9, 29, 4, 
2016/8/12, 25, 9, 23, 4, 1
2016/8/13, 23, 7, 29, 2, 1
2016/8/14, 23, 18, 42, 3, 1
2016/8/15, 45, 13, 39, 5, 
2016/8/16, 43, 11, 35, 5, 1
2016/8/17, 37, 12, 35, 6, 1
2016/8/18, 39, 19, 47, 10, 1
2016/8/19, 65, 23, 55, 9, 1
2016/8/20, 53, 19, 44, 4, 
2016/8/21, 57, 11, 28, 3, 
2016/8/22, 28, 10, 29, 4, 1
2016/8/23, 30, 13, 36, 6, 1
2016/8/24, 34, 19, 43, 10, 2
2016/8/25, 54, 18, 45, 11, 1
2016/8/26, 51, 17, 47, 7, 1
2016/8/27, 47, 17, 60, 5, 1
2016/8/28, 45, 23, 54, 3, 1
2016/8/29, 60, 17, 39, 9, 1
2016/8/30, 56, 13, 37, 7, 1
2016/8/31, 33, 12, 44, 10, 
2016/9/1, 39, 20, 49, 12, 1
2016/9/2, 46, 26, 58, 12, 1
2016/9/3, 66, 18, 50, 5, 1
2016/9/4, 51, 15, 43, 3, 1
2016/9/5, 34, 9, 25, 4, 1
2016/9/6, 37, 10, 31, 5, 1
2016/9/7, 22, 15, 45, 9, 1
2016/9/8, 43, 23, 46, 7, 
2016/9/9, 58, 22, 70, 7, 1
2016/9/10, 60, 26, 59, 10, 
2016/9/11, 81, 25, 64, 8, 
2016/9/12, 67, 31, 58, 11, 
2016/9/13, 69, 33, 60, 15, 1
2016/9/14, 75, 34, 57, 10, 1
2016/9/15, 85, 25, 42, 11, 1
2016/9/16, 56, 32, 50, 12, 1
2016/9/17, 79, 17, 26, 8, 1
2016/9/18, 51, 11, 17, 6, 
2016/9/19, 27, 16, 13, 7, 3
2016/9/20, 48, 22, 27, 10, 1
2016/9/21, 66, 18, 24, 9, 1
2016/9/22, 45, 18, 23, 14, 
2016/9/23, 53, 19, 30, 8, 1
2016/9/24, 60, 27, 36, 11, 1
2016/9/25, 68, 32, 36, 11, 
2016/9/26, 82, 31, 19, 18, 1
2016/9/27, 82, 33, 35, 16, 2
2016/9/28, 77, 23, 37, 7, 
2016/9/29, 63, 13, 36, 4, 
2016/9/30, 22, 12, 42, 6, 1
2016/10/1, 34, 19, 40, 7, 1
2016/4/2, 30, 19, 34, 10, 1
2016/4/3, 51, 21, 33, 8, 1
2016/4/4, 47, 34, 25, 16, 2
2016/4/5, 70, 40, 35, 18, 2
2016/4/6, 63, 20, 36, 6, 1
2016/4/7, 40, 10, 34, 5, 1
2016/4/8, 31, 10, 30, 9, 2
2016/4/9, 30, 18, 26, 7, 1
2016/4/10, 39, 10, 31, 5, 1
2016/4/11, 36, 13, 26, 9, 1
2016/4/12, 41, 25, 35, 8, 1
2016/4/13, 54, 19, 38, 9, 1
2016/4/14, 45, 10, 32, 6, 1
2016/4/15, 27, 12, 26, 8, 1
2016/4/16, 36, 8, 31, 4, 1
2016/4/17, 24, 8, 28, 5, 1
2016/4/18, 27, 13, 26, 10, 1
2016/4/19, 36, 16, 29, 7, 1
2016/4/20, 40, 13, 33, 4, 1
2016/4/21, 32, 17, 33, 9, 1
2016/4/22, 31, 25, 25, 9, 1
2016/4/23, 45, 19, 34, 9, 1
2016/4/24, 45, 7, 33, 3, 1
2016/4/25, 21, 8, 23, 4, 1
2016/4/26, 26, 6, 35, 3, 
2016/4/27, 19, 8, 34, 4, 1
2016/4/28, 31, 8, 36, 4, 
2016/4/29, 32, 11, 45, 7, 
2016/4/30, 30, 18, 51, 9, 1
2016/5/1, 43, 41, 49, 8, 1
2016/5/2, 101, 18, 45, 7, 
2016/5/3, 50, 17, 41, 8, 1
2016/5/4, 51, 10, 30, 5, 1
2016/5/5, 30, 12, 41, 7, 1
2016/5/6, 32, 11, 50, 10, 1
2016/5/7, 34, 15, 51, 7, 1
2016/5/8, 41, 17, 43, 2, 1
2016/5/9, 40, 12, 46, 5, 1
2016/5/10, 31, 14, 50, 5, 1
2016/5/11, 30, 14, 50, 5, 1
2016/5/12, 40, 16, 37, 7, 1
2016/5/13, 44, 17, 47, 8, 3
2016/5/14, 44, 14, 45, 3, 4
2016/5/15, 31, 10, 34, 2, 2
2016/5/16, 24, 7, 34, 4, 2
2016/5/17, 26, 9, 36, 4, 2
2016/5/18, 20, 12, 47, 6, 2
2016/5/19, 24, 19, 49, 6, 2
2016/5/20, 42, 19, 42, 9, 2
2016/5/21, 40, 12, 47, 5, 2
2016/5/22, 31, 14, 51, 4, 2
2016/5/23, 34, 21, 55, 6, 3
2016/5/24, 45, 14, 36, 5, 4
2016/5/25, 36, 16, 28, 7, 7
2016/5/26, 39, 20, 38, 8, 4
2016/5/27, 49, 26, 40, 11, 3
2016/5/28, 54, 19, 44, 8, 3
2016/5/29, 49, 18, 43, 5, 3
2016/5/30, 45, 13, 30, 4, 4
2016/5/31, 31, 10, 27, 7, 4
2016/6/1, 20, 15, 39, 5, 4
2016/6/2, 32, 12, 36, 7, 4
2016/6/3, 35, 12, 36, 6, 4
2016/6/4, 33, 19, 43, 6, 4
2016/6/5, 51, 24, 56, 5, 4
2016/6/6, 67, 23, 44, 7, 4
2016/6/7, 59, 15, 47, 7, 4
2016/6/8, 44, 22, 57, 8, 4
2016/6/9, 50, 19, 43, 4, 5
2016/6/10, 43, 13, 44, 6, 5
2016/6/11, 32, 21, 41, 7, 5
2016/6/12, 51, 15, 37, 4, 5
2016/6/13, 43, 10, 38, 3, 5
2016/6/14, 25, 8, 35, 3, 5
2016/6/15, 34, 12, 28, 4, 5
2016/6/16, 31, 13, 39, 5, 5
2016/6/17, 30, 9, 29, 4, 5
2016/6/18, 24, 10, 34, 2, 5
2016/6/19, 30, 14, 39, 5, 5
2016/6/20, 36, 12, 31, 5, 6
2016/6/21, 42, 10, 33, 3, 5
2016/6/22, 28, 7, 35, 4, 4
2016/6/23, 22, 11, 50, 7, 1
2016/6/24, 27, 22, 55, 8, 2
2016/6/25, 58, 25, 42, 5, 
2016/6/26, 60, 10, 37, 2, 
2016/6/27, 29, 11, 31, 5, 
2016/6/28, 31, 10, 32, 4, 
2016/6/29, 26, 9, 37, 4, 
2016/6/30, 21, 10, 38, 6, 
2016/7/1, 31, 10, 36, 5, 
2016/1/5, 95, 44, 7, 14, 4
2016/1/6, 137, 55, 2, 21, 4
2016/1/7, 159, 51, 7, 20, 4
2016/1/8, 155, 9, 25, 6, 3
2016/1/9, 44, 31, 10, 20, 3
2016/1/10, 105, 35, 8, 12, 3
2016/1/11, 123, 15, 15, 12, 3
2016/1/12, 58, 6, 24, 6, 3
2016/1/13, 25, 7, 20, 4, 2
2016/1/14, 28, 9, 22, 11, 2
2016/1/15, 42, 11, 20, 7, 2
2016/1/16, 45, , 17, 8, 3
2016/1/17, 73, , 17, 10, 3
2016/1/18, 81, 40, 12, 19, 4
2016/1/19, 102, 43, 11, 17, 4
2016/1/20, 141, 27, 13, 12, 4
2016/1/21, 95, 20, 21, 20, 3
2016/1/22, 80, 48, 16, 22, 3
2016/1/23, 151, 46, 10, 18, 3
2016/1/24, 153, 9, 22, 6, 3
2016/1/25, 42, 7, 17, 8, 2
2016/1/26, 39, 9, 16, 9, 2
2016/1/27, 48, 8, 25, 7, 2
2016/1/28, 40, 11, 26, 8, 3
2016/1/29, 50, 14, 26, 7, 3
2016/1/30, 56, 3, 28, 2, 2
2016/1/31, 19, 5, 29, 2, 3
2016/2/1, 17, 5, 25, 7, 3
2016/2/2, 23, 5, 27, 3, 2
2016/2/3, 25, 4, 28, 6, 3
2016/2/4, 28, 7, 22, 5, 2
2016/2/5, 38, 7, 20, 6, 3
2016/2/6, 38, 9, 16, 6, 3
2016/2/7, 42, 19, 21, 8, 3
2016/2/8, 75, 10, 31, 3, 3
2016/2/9, 39, 4, 31, 2, 3
2016/2/10, 15, 6, 30, 5, 3
2016/2/11, 22, 6, 23, 5, 3
2016/2/12, 27, 8, , 7, 3
2016/2/13, 39, 21, , 15, 4
2016/2/14, 88, 11, , 4, 4
2016/2/15, 42, 16, 11, 10, 4
2016/2/16, 63, 11, 14, 9, 4
2016/2/17, 53, 15, 2, 11, 4
2016/2/18, 65, 17, 18, 14, 4
2016/2/19, 66, 26, 15, 13, 5
2016/2/20, 98, 10, 28, 4, 3
2016/2/21, 43, 4, 23, 2, 3
2016/2/22, 14, 5, 25, 2, 3
2016/2/23, 26, 8, 23, 15, 4
2016/2/24, 48, 8, 25, 9, 3
2016/2/25, 35, 20, 21, 12, 5
2016/2/26, 79, 15, 24, 10, 4
2016/2/27, 63, 16, 27, 8, 4
2016/2/28, 70, 35, 19, 13, 4
2016/2/29, 129, 21, 21, 10, 4
2016/3/1, 68, 14, 19, 10, 5
2016/3/2, 52, 11, 3, 11, 4
2016/3/3, 51, 8, 28, 8, 4
2016/3/4, 32, 12, 26, 8, 5
2016/3/5, 55, 15, 22, 10, 4
2016/3/6, 64, 16, 25, 8, 4
2016/3/7, 57, 11, 25, 13, 4
2016/3/8, 50, 21, 10, 14, 6
2016/3/9, 77, 12, , 11, 4
2016/3/10, 68, 28, , 11, 5
2016/3/11, 91, 21, , 8, 4
2016/3/12, 73, 12, , 6, 4
2016/3/13, 53, 14, , 5, 3
2016/3/14, 61, 18, 28, 9, 4
2016/3/15, 68, 12, 25, 8, 3
2016/3/16, 54, 20, 24, 8, 4
2016/3/17, 60, 33, 31, 20, 5
2016/3/18, 90, 33, 31, 11, 6
2016/3/19, 97, 18, 21, 8, 4
2016/3/20, 55, 17, 25, 6, 4
2016/3/21, 55, 7, 26, 8, 4
2016/3/22, 30, 7, 30, 7, 4
2016/3/23, 31, 16, 22, 11, 5
2016/3/24, 60, 12, 26, 10, 4
2016/3/25, 36, 17, 23, 6, 4
2016/3/26, 54, 9, 21, 5, 4
2016/3/27, 25, 21, 32, 5, 4
2016/3/28, 54, 10, 35, 3, 5
2016/3/29, 20, 7, 33, 3, 4
2016/3/30, 19, 6, 28, 5, 4
2016/3/31, 31, 10, 29, 7, 5
2016/4/1, 28, 10, 22, 9, 5
2015/10/2, 54, 29, 29, 17, 1
2015/10/3, 69, 24, 30, 11, 
2015/10/4, 57, 40, 28, 9, 2
2015/10/5, 94, 25, 28, 12, 2
2015/10/6, 69, 35, 24, 15, 
2015/10/7, 79, 23, 13, 12, 
2015/10/8, 66, 14, 10, 11, 
2015/10/9, 40, 29, 4, 12, 1
2015/10/10, 61, 44, 23, 8, 2
2015/10/11, 86, 30, 30, 4, 1
2015/10/12, 97, 31, 25, 9, 1
2015/10/13, 75, 39, 27, 13, 1
2015/10/14, 104, 24, 7, 11, 1
2015/10/15, 78, 16, 2, 12, 1
2015/10/16, 56, 14, 3, 10, 1
2015/10/17, 45, 12, 3, 9, 1
2015/10/18, 37, 21, 2, 9, 1
2015/10/19, 71, 33, 8, 12, 5
2015/10/20, 99, , , , 
2015/10/28, 87, 37, , 13, 1
2015/10/29, 99, 31, 5, 9, 2
2015/10/30, 95, 45, 11, 10, 2
2015/10/31, 132, 29, 28, 9, 1
2015/11/1, 89, 30, 24, 12, 1
2015/11/2, 87, 44, 12, 20, 1
2015/11/3, 120, 63, 1, 18, 1
2015/11/4, 153, , , , 
2015/11/7, 76, 11, 11, 6, 2
2015/11/8, 51, 9, 21, 8, 2
2015/11/9, 44, 13, 6, 8, 2
2015/11/10, 58, 7, 17, 6, 2
2015/11/11, 40, 7, 15, 7, 
2015/11/12, 46, 10, , 7, 1
2015/11/13, 50, 10, , 8, 1
2015/11/14, 51, 5, , 4, 
2015/11/15, 28, 5, , 2, 
2015/11/16, 27, 9, 11, 7, 1
2015/11/17, 56, 6, 18, 4, 1
2015/11/18, 41, 6, , 3, 1
2015/11/19, 34, 5, , 4, 
2015/11/20, 29, 3, 17, 6, 1
2015/11/21, 12, 6, 21, 5, 1
2015/11/22, 31, 12, 21, 5, 1
2015/11/23, 52, 9, 19, 6, 1
2015/11/24, 44, 13, 13, 10, 1
2015/11/25, 59, 15, 12, 10, 2
2015/11/26, 68, 23, 7, 14, 3
2015/11/27, 90, 19, 9, 17, 2
2015/11/28, 81, 12, 17, 7, 1
2015/11/29, 55, 7, 24, 2, 1
2015/11/30, 26, 6, 27, 5, 1
2015/12/1, 23, 3, , 5, 1
2015/12/2, 22, 8, , 9, 
2015/12/3, 43, 15, , 12, 
2015/12/4, 74, 18, , , 
2015/12/5, 72, 10, 18, 6, 1
2015/12/6, 49, 11, 24, 3, 1
2015/12/7, 44, 17, 15, 12, 1
2015/12/8, 71, 19, 8, 9, 
2015/12/9, 77, 14, 8, 11, 1
2015/12/10, 51, 11, 14, 9, 1
2015/12/11, 54, 9, 16, 6, 1
2015/12/12, 41, 6, 21, 5, 1
2015/12/13, 35, 7, 22, 5, 1
2015/12/14, 29, 21, 6, 16, 2
2015/12/15, 80, 18, 9, 10, 2
2015/12/16, 72, 23, 10, 9, 2
2015/12/17, 87, 11, 12, 8, 1
2015/12/18, 54, 10, 12, 10, 2
2015/12/19, 58, 14, 10, 7, 2
2015/12/20, 66, 10, 7, 4, 1
2015/12/21, 56, 11, 16, 5, 1
2015/12/22, 50, 5, 24, 4, 2
2015/12/23, 31, 11, 20, 6, 2
2015/12/24, 51, 19, 9, 9, 2
2015/12/25, 79, 13, 20, 4, 2
2015/12/26, 51, 6, 24, 2, 2
2015/12/27, 32, 10, 22, 3, 2
2015/12/28, 46, 18, 16, 11, 3
2015/12/29, 91, 21, 16, 9, 3
2015/12/30, 90, 16, 20, 6, 2
2015/12/31, 67, , , , 
2016/1/4, 100, 30, 11, 7, 3
2015/7/2, 76, 22, 64, 7, 1
2015/7/3, 68, 20, 81, 11, 1
2015/7/4, 63, 22, 78, 6, 
2015/7/5, 68, 25, 60, 5, 
2015/7/6, 71, 25, 52, 5, 1
2015/7/7, 68, 16, 65, 10, 
2015/7/8, 54, 24, 46, 3, 
2015/7/9, 65, 10, 32, 3, 
2015/7/10, 35, 10, 37, 3, 
2015/7/11, 29, 13, 48, 5, 2
2015/7/12, 38, 20, 74, 6, 1
2015/7/13, 59, 11, 38, 3, 1
2015/7/14, 43, 10, 25, 4, 
2015/7/15, 31, 11, 34, 5, 1
2015/7/16, 30, 17, 61, 11, 3
2015/7/17, 52, 20, 63, 8, 
2015/7/18, 61, 17, 38, 5, 
2015/7/19, 60, , , , 
2015/7/21, 45, 14, 42, 6, 
2015/7/22, 40, 14, 50, 7, 
2015/7/23, 39, 23, 46, 6, 1
2015/7/24, 65, 19, 58, 8, 1
2015/7/25, 55, 19, 43, 6, 1
2015/7/26, 53, 7, 37, 3, 
2015/7/27, 32, 10, 34, 6, 
2015/7/28, 32, 9, 40, 4, 
2015/7/29, 30, 11, 37, 4, 
2015/7/30, 28, 8, 37, 4, 
2015/7/31, 30, 14, 44, 7, 1
2015/8/1, 44, 16, 55, 5, 1
2015/8/2, 50, 17, 46, 5, 
2015/8/3, 56, 20, 57, 7, 2
2015/8/4, 62, 25, 58, 8, 
2015/8/5, 68, 21, 68, 5, 1
2015/8/6, 61, 26, 81, 7, 1
2015/8/7, 63, 29, 84, 13, 1
2015/8/8, 77, 27, 70, 8, 1
2015/8/9, 73, 27, 79, 4, 2
2015/8/10, 76, 32, 66, 8, 1
2015/8/11, 79, 31, 75, 6, 
2015/8/12, 80, 39, 89, 12, 1
2015/8/13, 92, 38, 92, 7, 2
2015/8/14, 59, 33, 72, 8, 1
2015/8/15, 19, 20, 57, 4, 
2015/8/16, 8, 21, 53, 7, 1
2015/8/17, 6, 9, 15, 7, 
2015/8/22, 10, 27, 44, 7, 1
2015/8/23, 5, 21, 39, 6, 1
2015/8/27, 72, 12, 47, 7, 
2015/8/28, 40, 19, 39, 7, 
2015/8/29, 54, 10, 42, 5, 1
2015/8/30, 36, 17, 80, 8, 
2015/8/31, 48, 29, 78, 13, 2
2015/9/1, 74, 25, 77, 10, 1
2015/9/2, 67, 13, 37, 6, 1
2015/9/3, 32, 10, 39, 6, 
2015/9/4, 36, 12, 39, 7, 
2015/9/5, 32, 10, 32, 5, 
2015/9/6, 32, 8, 25, 3, 
2015/9/7, 19, 7, 23, 7, 
2015/9/8, 16, 11, 29, 6, 
2015/9/9, 28, 12, 26, 11, 
2015/9/10, 32, 13, 29, 11, 1
2015/9/11, 38, 13, 30, 10, 
2015/9/12, 35, 16, 35, 7, 
2015/9/13, 50, 17, 43, 5, 1
2015/9/14, 53, 26, 31, 9, 
2015/9/15, 66, 6, 30, 10, 
2015/9/16, 18, 12, 35, 13, 
2015/9/17, 26, 18, 39, 7, 1
2015/9/18, 44, 8, 32, 4, 
2015/9/19, 26, 9, 36, 6, 1
2015/9/20, 28, 9, 33, 5, 1
2015/9/21, 27, 9, 27, 10, 
2015/9/22, 20, 16, 36, 11, 
2015/9/23, 36, 16, 19, 11, 
2015/9/24, 42, 12, 25, 8, 1
2015/9/25, 35, 14, 32, 8, 1
2015/9/26, 39, 14, 30, 6, 1
2015/9/27, 41, 11, 29, 4, 1
2015/9/28, 30, 11, 30, 5, 1
2015/9/29, 23, 13, 27, 11, 
2015/9/30, 38, 17, 28, 10, 1
2015/10/1, 41, 23, 26, 15, 1
2015/4/2, 27, 4, 30, 4, 
2015/4/3, 21, 8, 30, 5, 
2015/4/4, 22, 14, 33, 7, 1
2015/4/5, 48, 14, 29, 6, 1
2015/4/6, 46, 12, 31, 6, 1
2015/4/7, 47, 13, 29, 9, 1
2015/4/8, 51, 21, 22, 10, 1
2015/4/9, 67, 12, 32, 9, 1
2015/4/10, 43, 22, 41, 12, 1
2015/4/11, 70, 28, 48, 8, 
2015/4/12, 81, 10, 33, 4, 
2015/4/13, 37, 8, 31, 4, 
2015/4/14, 36, 9, 35, 7, 1
2015/4/15, 35, 11, 43, 6, 1
2015/4/16, 35, 15, 39, 9, 2
2015/4/17, 57, 14, 26, 9, 1
2015/4/18, 46, 10, 31, 5, 1
2015/4/19, 45, 13, 41, 5, 1
2015/4/20, 53, 17, 38, 8, 1
2015/4/21, 51, 13, 41, 6, 2
2015/4/22, 45, 17, 34, 9, 1
2015/4/23, 62, 24, 39, 13, 1
2015/4/24, 70, 18, 43, 9, 1
2015/4/25, 47, 18, 55, 7, 1
2015/4/26, 54, 7, 35, 5, 
2015/4/27, 30, 14, 41, 11, 
2015/4/28, 44, 8, 24, 7, 
2015/4/29, 38, 15, 30, 8, 1
2015/4/30, 50, 15, 33, 8, 1
2015/5/1, 53, 14, 29, 5, 1
2015/5/2, 47, 14, 39, 6, 2
2015/5/3, 51, 15, 30, 4, 
2015/5/4, 59, 12, 35, 7, 
2015/5/5, 44, 14, 28, 11, 
2015/5/6, 50, 13, 29, 9, 
2015/5/7, 35, 11, 42, 4, 
2015/5/8, 44, 13, 47, 8, 
2015/5/9, 46, 18, 37, 7, 1
2015/5/10, 62, 9, 40, 3, 
2015/5/11, 42, 13, 41, 7, 1
2015/5/12, 45, 11, 45, 7, 
2015/5/13, 44, 15, 41, 6, 1
2015/5/14, 57, 14, 36, 7, 1
2015/5/15, 51, 12, 31, 13, 1
2015/5/16, 40, 15, 48, 7, 1
2015/5/17, 61, 12, 40, 2, 1
2015/5/18, 50, 9, 45, 7, 
2015/5/19, 43, 15, 29, 8, 
2015/5/20, 54, 12, 26, 8, 
2015/5/21, 38, 13, 26, 10, 1
2015/5/22, 48, 15, 44, 9, 2
2015/5/23, 50, 18, 48, 7, 
2015/5/24, 57, 20, 37, 7, 
2015/5/25, 65, 19, 38, 7, 1
2015/5/26, 56, 12, 30, 5, 1
2015/5/27, 41, 10, 29, 4, 1
2015/5/28, 33, 9, 40, 5, 
2015/5/29, 26, 12, 40, 7, 
2015/5/30, 40, 8, 36, 3, 
2015/5/31, 30, 9, 43, 4, 
2015/6/1, 35, 11, 37, 6, 
2015/6/2, 34, 11, 39, 5, 1
2015/6/3, 38, 11, 47, 5, 2
2015/6/4, 40, 16, 52, 6, 1
2015/6/5, 53, 16, 61, 7, 
2015/6/6, 47, 17, 86, 6, 
2015/6/7, 52, 23, 41, 7, 2
2015/6/8, 69, 14, 34, 8, 3
2015/6/9, 42, 12, 25, 8, 1
2015/6/10, 38, 14, 38, 6, 1
2015/6/11, 40, 16, 47, 6, 
2015/6/12, 47, 19, 71, 10, 2
2015/6/13, 59, 30, 56, 9, 
2015/6/14, 84, 13, 48, 4, 1
2015/6/15, 39, 13, 40, 4, 1
2015/6/16, 42, 11, 42, 6, 1
2015/6/17, 36, 11, 41, 5, 1
2015/6/18, 32, 10, 33, 7, 
2015/6/19, 40, 10, 26, 5, 1
2015/6/20, 34, 5, 28, 3, 1
2015/6/21, 20, 6, 28, 3, 
2015/6/22, 22, 9, 28, 3, 
2015/6/23, 26, 5, 27, 3, 
2015/6/24, 12, 7, 28, 3, 
2015/6/25, 16, 11, 39, 6, 
2015/6/26, 36, 12, 44, 9, 
2015/6/27, 49, 13, 35, 6, 1
2015/6/28, 48, 11, 34, 3, 
2015/6/29, 44, 14, 41, 8, 
2015/6/30, 40, 18, 62, 7, 1
2015/7/1, 55, 25, 60, 9, 1
2015/1/2, 65, 16, 19, 5, 1
2015/1/3, 48, 16, 22, 3, 
2015/1/4, 42, 12, 26, 3, 5
2015/1/5, 31, 15, 22, 7, 2
2015/1/6, 38, 23, 15, 13, 2
2015/1/7, 62, 30, 14, 14, 2
2015/1/8, 79, 16, 21, 7, 1
2015/1/9, 51, 10, 26, 3, 
2015/1/10, 19, 7, 24, 1, 
2015/1/11, 6, 11, 29, 1, 
2015/1/27, 45, 14, 22, 7, 1
2015/1/28, 42, 15, 22, 6, 1
2015/1/29, 43, 12, 29, 4, 1
2015/1/30, 37, 17, 27, 4, 
2015/1/31, 43, , , , 
2015/2/3, 54, 17, , 9, 2
2015/2/4, 46, 25, 12, 13, 3
2015/2/5, 65, 23, 15, 13, 2
2015/2/6, 64, 37, 22, 13, 3
2015/2/7, 95, 42, 23, 11, 4
2015/2/8, 106, 17, 30, 3, 1
2015/2/9, 26, 13, 26, 6, 1
2015/2/10, 25, 14, 21, 10, 2
2015/2/11, 32, 41, 19, 13, 3
2015/2/12, 64, 26, 20, 6, 1
2015/2/13, 75, 27, 23, 7, 1
2015/2/14, 73, 46, 28, 10, 2
2015/2/15, 115, 46, 28, 13, 4
2015/2/16, 114, 35, 18, 14, 4
2015/2/17, 83, 48, 22, 17, 2
2015/2/18, 115, 57, 16, 14, 3
2015/2/19, 142, 47, 20, 12, 1
2015/2/20, 113, 45, , 17, 1
2015/2/21, 101, 50, , 14, 1
2015/2/22, 119, 46, , 17, 3
2015/2/23, 112, 32, , 8, 1
2015/2/24, 81, 19, , 8, 
2015/2/25, 47, 27, , 13, 1
2015/2/26, 56, 38, 20, 16, 1
2015/2/27, 81, 24, 8, 16, 1
2015/2/28, 95, 43, , 14, 2
2015/3/1, 107, 32, , 7, 1
2015/3/2, 82, 11, , 5, 
2015/3/3, 19, 14, , 3, 
2015/3/4, 28, 12, , 4, 1
2015/3/5, 29, 16, 26, 8, 1
2015/3/6, 39, 25, 21, 10, 1
2015/3/7, 56, 30, 32, 6, 2
2015/3/8, 64, 27, 35, 4, 1
2015/3/9, 60, 29, 21, 17, 1
2015/3/10, 68, 59, , , 
2015/3/11, 107, 22, , , 
2015/3/12, 80, 18, 23, 11, 2
2015/3/13, 54, 20, 20, 9, 
2015/3/14, 61, 21, 12, 10, 
2015/3/15, 75, 19, 25, 6, 
2015/3/16, 66, 22, 32, 5, 
2015/3/17, 74, 24, 34, 9, 
2015/3/18, 60, 41, 35, 20, 1
2015/3/19, 95, 40, 32, 21, 2
2015/3/20, 119, 37, 35, 17, 2
2015/3/21, 106, 44, 38, 10, 3
2015/3/22, 122, 20, 20, 8, 2
2015/3/23, 69, 19, 30, 14, 1
2015/3/24, 67, 38, 31, 17, 1
2015/3/25, 113, 43, 35, 14, 2
2015/3/26, 120, 30, 28, 9, 1
2015/3/27, 82, 20, 27, 9, 
2015/3/28, 68, 11, 33, 6, 1
2015/3/29, 47, 12, 25, 4, 
2015/3/30, 40, 5, 34, 3, 
2015/3/31, 21, 6, 32, 4, 
2015/4/1, 25, 6, 33, 3, 
2014/10/2, 69, 27, 22, 13, 1
2014/10/3, 52, 31, 24, 14, 1
2014/10/4, 64, 31, 17, 11, 1
2014/10/5, 71, 36, 16, 9, 
2014/10/6, 81, 36, 27, 9, 1
2014/10/7, 73, 43, 21, 12, 1
2014/10/8, 87, 40, 16, 7, 
2014/10/9, 86, 28, 18, 7, 
2014/10/10, 59, 31, 7, 12, 1
2014/10/11, 65, , 13, 10, 
2014/10/12, 72, , 19, 7, 2
2014/10/13, 59, , 15, 13, 
2014/10/14, 62, , 18, 12, 1
2014/10/15, 39, 26, 10, 10, 1
2014/10/16, 38, 19, 22, 7, 
2014/10/17, 35, 17, 13, 8, 
2014/10/18, 22, 18, 17, 6, 1
2014/10/19, 33, 20, 17, 4, 
2014/10/20, 38, 19, 18, 6, 1
2014/10/21, 22, 20, 21, 7, 1
2014/10/22, 34, 12, 22, 6, 1
2014/10/23, 25, 19, 15, 7, 1
2014/10/24, 41, 21, 15, 10, 3
2014/10/25, 52, 29, 16, 6, 1
2014/10/26, 70, 26, 15, 4, 1
2014/10/27, 68, 29, 17, 8, 
2014/10/28, 68, 36, 12, 14, 1
2014/10/29, 82, 39, 8, 12, 1
2014/10/30, 90, 47, 6, 15, 1
2014/10/31, 104, 45, 6, 13, 1
2014/11/1, 101, 35, 8, 9, 1
2014/11/2, 81, 35, 3, 7, 
2014/11/3, 82, 25, 14, 6, 
2014/11/4, 60, 36, 17, 12, 
2014/11/5, 80, 40, 6, 19, 1
2014/11/6, 74, 29, 7, 13, 2
2014/11/7, 59, 33, 8, 15, 2
2014/11/8, 69, 26, 13, 10, 1
2014/11/9, 60, 37, 1, 12, 1
2014/11/10, 89, 34, 8, 11, 1
2014/11/11, 68, 32, 7, 12, 1
2014/11/12, 61, 42, 10, 15, 1
2014/11/13, 81, 41, 7, 13, 1
2014/11/14, 98, 45, 14, 12, 2
2014/11/15, 87, 29, 18, 4, 1
2014/11/16, 66, 19, 18, 5, 1
2014/11/17, 47, 26, 9, 8, 
2014/11/18, 64, 19, 11, 9, 1
2014/11/19, 50, 13, 2, 7, 2
2014/11/20, 36, 20, , 7, 2
2014/11/21, 47, 19, 13, 11, 2
2014/11/22, 51, 27, 17, 9, 
2014/11/23, 69, 35, 12, 8, 
2014/11/24, 89, 39, 15, 10, 
2014/11/25, 93, 43, 11, 19, 1
2014/11/26, 96, 31, 15, 14, 1
2014/11/27, 79, 33, 17, 7, 2
2014/11/28, 84, 29, 12, 6, 3
2014/11/29, 72, 30, 12, 6, 4
2014/11/30, 75, 44, 7, 7, 1
2014/12/1, 106, 39, 9, 9, 4
2014/12/2, 94, 44, 7, 12, 4
2014/12/3, 110, 45, 2, 14, 3
2014/12/4, 103, 25, 14, 9, 1
2014/12/5, 60, 21, 12, 8, 1
2014/12/6, 59, 29, 3, 13, 1
2014/12/7, 73, 26, 4, 14, 2
2014/12/8, 70, 18, 15, 9, 1
2014/12/9, 52, 38, 3, 13, 1
2014/12/10, 97, 23, 14, 7, 1
2014/12/11, 64, 15, 21, 6, 
2014/12/12, 40, 10, 25, 3, 
2014/12/13, 14, 12, 25, 3, 
2014/12/14, 27, 16, 21, 4, 1
2014/12/15, 38, 19, 16, 8, 
2014/12/16, 48, 29, 10, 15, 1
2014/12/17, 73, 15, 20, 7, 
2014/12/18, 40, 10, 15, 5, 
2014/12/19, 14, 8, 21, 3, 
2014/12/20, 12, , 25, 3, 
2014/12/21, 23, , 25, 2, 4
2014/12/22, 31, 13, 27, 2, 
2014/12/23, 21, 12, 22, 2, 
2014/12/24, 14, 11, 25, 2, 
2014/12/25, 25, 11, 24, 2, 
2014/12/26, 20, 10, 21, 4, 2
2014/12/27, 30, 19, 19, 5, 2
2014/12/28, 56, 32, 17, 7, 5
2014/12/29, 85, , , , 
2014/7/2, 17, 15, 39, 6, 1
2014/7/3, 37, 21, 45, 10, 3
2014/7/4, 32, 20, 51, 7, 1
2014/7/5, 33, 22, 56, 6, 
2014/7/6, 32, 20, 52, 4, 
2014/7/7, 13, 14, 34, 3, 
2014/7/8, 20, 26, 37, 7, 
2014/7/9, 29, 8, 25, 4, 
2014/7/10, 7, 10, 18, 5, 
2014/7/11, 12, 20, 31, 7, 1
2014/7/12, 19, 23, 15, 6, 
2014/7/13, 31, , , , 
2014/7/15, 12, 20, 45, 7, 2
2014/7/16, 16, 22, 49, 9, 1
2014/7/17, 30, 33, 47, 14, 1
2014/7/18, 54, 34, 74, 10, 1
2014/7/19, 56, 36, 69, 8, 
2014/7/20, 65, 32, 61, 8, 
2014/7/21, 56, 39, 60, 11, 1
2014/7/22, 61, 24, 48, 8, 
2014/7/23, 39, 26, 42, 8, 
2014/7/24, 31, 21, 38, 9, 1
2014/7/25, 34, 16, 48, 6, 
2014/7/26, 18, 25, 52, 8, 
2014/7/27, 43, 23, 56, 7, 1
2014/7/28, 32, 24, 42, 13, 1
2014/7/29, 37, 24, 38, 13, 
2014/7/30, 28, 24, 36, 11, 
2014/7/31, 37, 20, 39, 6, 
2014/8/1, 24, 23, 38, 8, 1
2014/8/2, 36, 23, 42, 5, 
2014/8/3, 25, 16, 46, 4, 
2014/8/4, 18, 11, 28, 7, 
2014/8/5, 8, 20, 33, 9, 1
2014/8/6, 24, 19, 39, 8, 1
2014/8/7, 21, 25, 40, 12, 
2014/8/8, 39, 26, 50, 12, 1
2014/8/9, 38, 27, 37, 8, 
2014/8/10, 43, 20, 38, 6, 
2014/8/11, 23, 18, 31, 5, 
2014/8/12, 17, 15, 30, 5, 
2014/8/13, 11, 15, 23, 6, 
2014/8/14, 15, 14, 28, 5, 
2014/8/15, 20, 11, 27, 5, 
2014/8/16, 18, 11, 29, 4, 
2014/8/17, 10, 12, 32, 3, 
2014/8/18, 21, 16, 33, 4, 
2014/8/19, 11, 12, 33, 4, 1
2014/8/20, 11, 18, 35, 7, 
2014/8/21, 18, 18, 35, 8, 
2014/8/22, 25, 19, 36, 8, 
2014/8/23, 27, 19, 38, 6, 
2014/8/24, 27, 17, 34, 4, 1
2014/8/25, 31, 13, 40, 5, 1
2014/8/26, 19, 13, 24, 8, 1
2014/8/27, 19, 18, 38, 9, 1
2014/8/28, 39, 19, 42, 8, 1
2014/9/2, 32, 15, 20, 10, 
2014/9/3, 26, 22, 28, 9, 2
2014/9/4, 45, 38, 39, 10, 2
2014/9/5, 67, 37, 39, 11, 1
2014/9/6, 64, 32, 42, 8, 
2014/9/7, 54, 27, 37, 5, 1
2014/9/8, 59, 28, 38, 9, 1
2014/9/9, 48, 26, 40, 9, 1
2014/9/10, 44, 28, 28, 10, 2
2014/9/11, 52, 30, 24, 11, 1
2014/9/12, 59, 15, 20, 8, 1
2014/9/13, 23, 19, 25, 9, 1
2014/9/14, 32, 33, 21, 8, 1
2014/9/15, 68, 30, 26, 13, 3
2014/9/16, 55, 35, 33, 11, 1
2014/9/17, 62, 30, 39, 9, 1
2014/9/18, 49, 26, 36, 8, 1
2014/9/19, 45, 30, 29, 11, 1
2014/9/20, 56, 26, 22, 5, 1
2014/9/21, 53, , , , 
2014/9/25, 39, 23, 20, 8, 1
2014/9/26, 50, 19, 11, 8, 1
2014/9/27, 37, 18, 30, 8, 1
2014/9/28, 26, 27, 26, 10, 1
2014/9/29, 58, 22, 23, 10, 1
2014/9/30, 47, 29, 10, 11, 1
2014/10/1, 55, 34, 1, 17, 2
2014/4/3, 130, 47, 49, 10, 1
2014/4/4, 85, 38, 44, 9, 1
2014/4/5, 64, 56, 23, 18, 1
2014/4/6, 121, 59, 34, 14, 1
2014/4/7, 135, 59, 34, 14, 1
2014/4/8, 81, 38, 38, 9, 1
2014/4/9, 32, 23, 33, 5, 
2014/4/10, 26, 15, 35, , 1
2014/4/11, 32, 15, 29, , 
2014/4/12, 43, 18, 32, 8, 1
2014/4/13, 77, 32, 30, 12, 2
2014/4/14, 92, 36, 40, 6, 1
2014/4/15, 49, 23, 34, 5, 1
2014/4/16, 32, 15, 29, 3, 1
2014/4/17, 30, 14, 32, 4, 1
2014/4/18, 75, 19, 34, 9, 1
2014/4/19, 41, 22, 25, 9, 1
2014/4/20, 59, 34, 43, 8, 1
2014/4/21, 27, 24, 39, 2, 
2014/4/22, 18, 17, 36, 3, 
2014/4/23, 54, 31, 31, 9, 1
2014/4/24, 36, 26, 41, 11, 4
2014/4/25, 45, 30, 42, 11, 1
2014/4/26, 44, 27, 37, 11, 2
2014/4/27, 36, 22, 39, 8, 
2014/4/28, 27, 27, 37, 6, 
2014/4/29, 16, 22, 33, 8, 1
2014/4/30, 54, 39, 23, 13, 
2014/5/1, 48, 33, 50, 10, 1
2014/5/2, 113, 57, 47, 12, 1
2014/5/3, 59, 36, 29, 11, 6
2014/5/4, 29, 19, 28, 6, 8
2014/5/5, 41, 24, 38, 5, 1
2014/5/6, 44, 24, 36, 9, 1
2014/5/7, 53, 28, 40, 10, 1
2014/5/8, 21, 19, 36, 7, 
2014/5/9, 16, 15, 35, 3, 
2014/5/10, 12, 15, 37, 4, 
2014/5/11, 7, 16, 40, 4, 1
2014/5/12, 14, 13, 35, 2, 
2014/5/13, 8, 14, 33, 3, 
2014/5/14, 12, 12, 28, 6, 1
2014/5/15, 17, 16, 36, 5, 1
2014/5/16, 19, 18, 30, 6, 1
2014/5/17, 17, 20, 28, 7, 1
2014/5/18, 24, 15, 27, 6, 1
2014/5/19, 25, 16, 29, 5, 1
2014/5/20, 16, 16, 37, 4, 
2014/5/21, 23, 19, 39, 10, 
2014/5/22, 35, 24, 23, 11, 
2014/5/23, 30, 27, , 8, 
2014/5/24, 47, 42, 43, 7, 
2014/5/25, 28, 24, , 7, 1
2014/5/26, 13, 15, , 4, 
2014/5/27, 24, 21, , 9, 1
2014/5/28, 38, 24, , 11, 1
2014/5/29, 18, 17, , 8, 1
2014/5/30, 9, 10, , 5, 
2014/5/31, 12, 14, 30, 4, 1
2014/6/1, 19, 16, 43, 3, 1
2014/6/2, 29, 20, 47, 3, 1
2014/6/3, 24, 20, 46, 6, 1
2014/6/4, 24, 22, 38, 7, 1
2014/6/5, 32, 23, 49, 7, 
2014/6/6, 17, 17, 38, 4, 
2014/6/7, 16, 17, 46, 7, 1
2014/6/8, 27, 18, 48, 5, 1
2014/6/9, 38, 21, 52, 4, 
2014/6/10, 26, 24, 56, 8, 
2014/6/11, 27, 28, 60, 9, 1
2014/6/12, 57, 41, 69, 10, 1
2014/6/13, 31, 25, 46, 6, 1
2014/6/14, 18, 22, 41, 5, 1
2014/6/15, 11, 16, 34, 3, 1
2014/6/16, 15, 14, 33, 3, 2
2014/6/17, 12, 17, 44, 7, 1
2014/6/18, 21, 24, 41, 7, 2
2014/6/19, 24, 25, 47, 6, 1
2014/6/20, 28, 29, 38, 8, 1
2014/6/21, 9, 13, 24, 4, 1
2014/6/22, 8, 13, 26, 3, 2
2014/6/23, 13, 16, 34, 3, 2
2014/6/24, 30, 19, 24, 8, 2
2014/6/25, 22, 19, 37, 3, 2
2014/6/26, 18, 14, 31, 7, 4
2014/6/27, 29, 14, 33, 6, 4
2014/6/28, 43, 27, 45, 10, 5
2014/6/29, 38, 20, 50, 7, 
2014/6/30, 21, 13, 32, 3, 
2014/7/1, 24, 17, 27, 6, 1
2014/1/2, 109, 36, 10, 12, 1
2014/1/3, 93, 25, 13, 9, 1
2014/1/4, 74, 16, 18, 8, 1
2014/1/5, 49, 22, 12, 7, 1
2014/1/6, 65, 16, 16, 8, 
2014/1/7, 52, 23, 11, 9, 1
2014/1/8, 65, 18, 14, 10, 1
2014/1/9, 54, 20, 14, 9, 1
2014/1/10, 59, 11, 26, 6, 1
2014/1/11, 23, 16, 21, 5, 1
2014/1/12, 41, 13, 27, 4, 1
2014/1/13, 33, 27, 15, 12, 1
2014/1/14, 69, 52, 3, 19, 1
2014/1/15, 121, 23, 14, 13, 1
2014/1/16, 64, 31, 13, 14, 1
2014/1/17, 82, 30, 5, 11, 1
2014/1/18, 87, 22, 12, 9, 1
2014/1/19, 64, 43, 9, 13, 1
2014/1/20, 90, 35, 2, 15, 1
2014/1/21, 86, 12, 1, 10, 2
2014/1/22, 43, 24, 2, 15, 8
2014/1/23, 73, 40, 4, 14, 5
2014/1/24, 108, 47, 3, 18, 4
2014/1/25, 125, 62, 11, 21, 10
2014/1/26, 158, 64, 9, 15, 5
2014/1/27, 161, 49, 13, , 3
2014/1/28, 128, 61, 5, , 3
2014/1/29, 153, 63, 12, , 7
2014/1/30, 158, 47, 26, , 7
2014/1/31, 130, 38, 21, 17, 4
2014/2/1, 100, 33, 22, 7, 3
2014/2/2, 89, 29, 19, 2, 3
2014/2/3, 81, 24, 25, 9, 2
2014/2/4, 69, 33, 26, 12, 3
2014/2/5, 92, 33, 22, 5, 2
2014/2/6, 88, 30, 22, 8, 1
2014/2/7, 75, 27, 17, 10, 1
2014/2/8, 76, 13, 28, 2, 1
2014/2/9, 37, 13, 26, 1, 1
2014/2/11, 42, 18, 23, 5, 1
2014/2/12, 49, 27, 19, 7, 2
2014/2/13, 73, 18, 26, 4, 1
2014/2/14, 50, 11, 29, 4, 1
2014/2/15, 23, 18, 23, 5, 1
2014/2/16, 50, 9, 29, , 
2014/2/17, 30, 12, 28, 3, 1
2014/2/18, 34, 33, 20, , 2
2014/2/19, 80, 26, 18, , 1
2014/2/20, 65, 25, 21, , 1
2014/2/21, 63, 23, 18, , 1
2014/2/22, 64, 15, 28, , 1
2014/2/23, 46, 26, 28, , 1
2014/2/24, 70, 35, 26, , 2
2014/2/25, 90, 43, 20, , 1
2014/2/26, 108, 45, 19, 13, 1
2014/2/27, 113, 51, 27, 15, 1
2014/2/28, 124, 40, 24, 14, 1
2014/3/1, 104, 39, 27, 19, 
2014/3/2, 94, 52, 28, 18, 1
2014/3/3, 131, 50, 25, 16, 1
2014/3/4, 121, 25, 21, 14, 1
2014/3/5, 72, 44, 18, 15, 1
2014/3/6, 111, 50, 17, 15, 2
2014/3/7, 131, 44, 29, 18, 1
2014/3/8, 111, 58, 25, 19, 2
2014/3/9, 142, 61, 32, , 1
2014/3/10, 150, 51, 29, 11, 1
2014/3/11, 111, 44, 29, 18, 3
2014/3/12, 98, 48, 33, 23, 2
2014/3/13, 113, 51, 34, 21, 3
2014/3/14, 116, 57, 28, 17, 4
2014/3/15, 128, 40, 30, 5, 2
2014/3/16, 91, 11, 25, 6, 
2014/3/17, 29, 20, 24, 8, 1
2014/3/18, 54, 27, 24, 10, 1
2014/3/19, 66, 13, 26, 6, 
2014/3/20, 37, 17, 38, 9, 
2014/3/21, 42, 18, 45, 6, 1
2014/3/22, 39, 19, 34, 5, 1
2014/3/23, 50, 7, 31, 5, 
2014/3/24, 23, 13, 28, 9, 1
2014/3/25, 46, 21, 27, 11, 
2014/3/26, 66, 28, 29, 12, 1
2014/3/27, 85, 25, 28, 9, 3
2014/3/28, 67, 33, 32, 16, 2
2014/3/29, 92, , 40, 15, 2
2014/3/30, 135, , 44, 16, 1
2014/3/31, 141, 46, 40, 15, 2
2023/2/26, , 4, 28, 2, 
2023/3/11, , 5, 31, 2, 
2023/3/14, , 7, 32, 2, 1
2022/1/5, , 5, 27, 2, 
2021/10/18, , 16, 29, 6, 
2021/7/27, , 34, , 6, 
2021/2/25, , 53, 5, 22, 
2020/10/3, , 16, 25, 4, 3
2020/4/1, , 6, 21, 9, 
2020/4/11, , 12, 40, 8, 
2020/1/1, , 31, 21, 4, 
2019/9/9, , 4, 23, 5, 3
2019/4/6, , 22, 40, 8, 1
2019/1/1, , 12, 23, 3, 1
2018/10/3, , 12, 25, 6, 
2018/1/1, , 9, 29, 2, 2
2017/9/4, , 10, 32, 4, 4
2017/9/11, , 4, 25, 4, 4
2016/7/25, , 29, 59, 5, 
2015/10/27, , 34, , 14, 1
2015/11/6, , 17, 13, 15, 3
2016/1/3, , 31, 18, 3, 4
2015/7/20, , 12, 33, 4, 
2015/8/18, , 6, 10, 8, 
2015/8/19, , 12, 8, 11, 2
2015/8/20, , 19, 32, 10, 1
2015/8/21, , 25, 46, 9, 1
2015/8/24, , 23, 40, 6, 1
2015/8/25, , 13, 31, 6, 
2015/8/26, , 9, 41, 10, 
2015/1/1, , 24, 9, 8, 1
2015/1/12, , 12, 27, 3, 
2015/1/13, , 12, 28, 4, 1
2015/1/14, , 14, 25, 5, 
2015/1/15, , 13, 24, 5, 1
2015/1/16, , 25, 15, 7, 
2015/1/17, , 31, 9, 12, 1
2015/1/18, , 29, 11, 8, 
2015/1/19, , 25, 13, 11, 1
2015/1/20, , 26, 20, 11, 1
2015/1/21, , 40, 7, 14, 3
2015/1/22, , 48, 4, 17, 4
2015/1/23, , 21, 2, 11, 2
2015/1/24, , 25, 16, 7, 3
2015/1/25, , 17, 25, 6, 2
2015/1/26, , 22, 20, 8, 2
2015/2/2, , 20, , , 
2014/7/14, , 15, , 4, 
2014/8/29, , 17, 28, 6, 1
2014/8/30, , 15, 30, 7, 1
2014/8/31, , 19, 19, 6, 
2014/9/1, , 13, 21, 9, 1
2014/9/24, , 24, 12, 15, 2
2014/4/2, , 57, 40, 17, 1
2014/1/1, , 47, 16, 8, 1
2014/2/10, , 13, 27, 8, 1
2014/4/1, , 60, 36, 19, 4