date, pm25, o3, no2
2023/4/2, 39, 26, 3
2023/4/3, 56, 33, 3
2023/4/4, 63, 31, 2
2023/4/5, 70, 36, 2
2023/4/6, 45, 27, 2
2023/4/7, 16, 20, 2
2023/4/8, 22, 31, 2
2023/4/9, 24, 29, 3
2023/4/10, 35, 27, 5
2023/4/11, 36, 5, 7
2023/4/12, 31, , 
2023/1/3, 78, 30, 6
2023/1/4, 34, 32, 8
2023/1/5, 20, 29, 14
2023/1/6, 18, 33, 11
2023/1/7, 34, 20, 5
2023/1/8, 35, 31, 4
2023/1/9, 17, 35, 13
2023/1/10, 35, 35, 10
2023/1/11, 40, 19, 12
2023/1/12, 55, 29, 2
2023/1/13, 18, 29, 9
2023/1/14, 18, 33, 13
2023/1/15, 34, 32, 5
2023/1/16, 27, 32, 8
2023/1/17, 42, 33, 10
2023/1/18, 56, 29, 4
2023/1/19, 41, 29, 5
2023/1/20, 13, 21, 8
2023/1/21, 19, 23, 7
2023/1/22, 36, 30, 3
2023/1/23, 26, 32, 6
2023/1/24, 20, 27, 2
2023/1/25, 16, 29, 5
2023/1/26, 16, 31, 9
2023/1/27, 24, 28, 12
2023/1/28, 38, 19, 7
2023/1/29, 34, 24, 3
2023/1/30, 30, 11, 1
2023/1/31, 15, 12, 1
2023/2/1, 19, 16, 1
2023/2/2, 19, 15, 2
2023/2/3, 23, 26, 5
2023/2/4, 41, 30, 8
2023/2/5, 40, 32, 9
2023/2/6, 42, 28, 3
2023/2/7, 20, 20, 4
2023/2/8, 29, 25, 4
2023/2/9, 11, 35, 12
2023/2/10, 21, 27, 2
2023/2/11, 16, 31, 7
2023/2/12, 21, 32, 13
2023/2/13, 43, 36, 11
2023/2/14, 36, 36, 7
2023/2/15, 19, 27, 12
2023/2/16, 55, 28, 1
2023/2/17, 23, 30, 2
2023/2/18, 21, 31, 11
2023/2/19, 38, 35, 11
2023/2/20, 45, 24, 8
2023/2/21, 35, 27, 5
2023/2/22, 47, 31, 4
2023/2/23, 46, 33, 4
2023/2/24, 56, 21, 3
2023/2/25, 41, 17, 4
2023/2/26, 56, 20, 2
2023/2/27, 55, 43, 7
2023/2/28, 32, 36, 14
2023/3/1, 55, 32, 3
2023/3/2, 79, 36, 2
2023/3/3, 73, 39, 3
2023/3/4, 26, 48, 7
2023/3/10, 58, 26, 4
2023/3/11, 36, 28, 3
2023/3/12, 57, 30, 2
2023/3/13, 40, 37, 2
2023/3/14, 14, 39, 5
2023/3/15, 31, 34, 4
2023/3/16, 38, 31, 4
2023/3/17, 32, 33, 1
2023/3/18, 13, 31, 3
2023/3/19, 19, 37, 3
2023/3/20, 21, 33, 6
2023/3/21, 23, 24, 5
2023/3/22, 16, 28, 3
2023/3/23, 39, 23, 2
2023/3/24, 45, 36, 4
2023/3/25, 32, 41, 5
2023/3/26, 20, 39, 7
2023/3/27, 55, 36, 4
2023/3/28, 57, 41, 2
2023/3/29, 31, 32, 6
2023/3/30, 38, 26, 4
2023/3/31, 40, 30, 5
2023/4/1, 45, 47, 4
2022/10/2, 37, 56, 7
2022/10/3, 32, 62, 9
2022/10/4, 38, 51, 13
2022/10/5, 43, 59, 11
2022/10/6, 39, 67, 7
2022/10/7, 40, 51, 8
2022/10/8, 37, 51, 5
2022/10/9, 41, 52, 4
2022/10/10, 48, 47, 5
2022/10/11, 42, 38, 4
2022/10/12, 30, 29, 4
2022/10/13, 29, 51, 4
2022/10/14, 30, 43, 6
2022/10/15, 32, 32, 2
2022/10/16, 22, 35, 2
2022/10/17, 21, 27, 3
2022/10/18, 22, 31, 4
2022/10/19, 13, 35, 10
2022/10/20, 23, 33, 11
2022/10/21, 27, 36, 8
2022/10/22, 22, 31, 3
2022/10/23, 26, 29, 1
2022/10/24, 19, 35, 2
2022/10/25, 43, 30, 4
2022/10/26, 13, 42, 11
2022/10/27, 21, 39, 6
2022/10/28, 19, 32, 3
2022/10/29, 20, 34, 2
2022/10/30, 21, 36, 5
2022/10/31, 28, 45, 8
2022/11/1, 24, 35, 5
2022/11/2, 22, 32, 6
2022/11/3, 38, 19, 3
2022/11/4, 43, 36, 2
2022/11/5, 26, 37, 5
2022/11/6, 16, 28, 5
2022/11/7, 34, 18, 4
2022/11/8, 24, 27, 3
2022/11/9, 20, 28, 3
2022/11/10, 23, 28, 4
2022/11/11, 27, 18, 2
2022/11/12, 25, 26, 2
2022/11/13, 13, 30, 4
2022/11/14, 16, 28, 6
2022/11/15, 27, 23, 3
2022/11/16, 23, 25, 4
2022/11/17, 21, 26, 8
2022/11/18, 19, 26, 8
2022/11/19, 25, 19, 3
2022/11/20, 28, 22, 2
2022/11/21, 18, 17, 5
2022/11/22, 28, 19, 5
2022/11/23, 42, 15, 11
2022/11/24, 50, 21, 6
2022/11/25, 33, 19, 1
2022/11/26, 15, 25, 3
2022/11/27, 17, 26, 8
2022/11/28, 21, 33, 8
2022/11/29, 23, 26, 8
2022/11/30, 41, 25, 3
2022/12/1, 15, 14, 8
2022/12/2, 25, 11, 8
2022/12/3, 28, 18, 2
2022/12/4, 18, 13, 5
2022/12/5, 28, 14, 6
2022/12/6, 33, 19, 6
2022/12/7, 33, 21, 4
2022/12/8, 43, 18, 4
2022/12/9, 49, 20, 5
2022/12/10, 55, 22, 4
2022/12/11, 24, 26, 3
2022/12/12, 17, 16, 4
2022/12/13, 38, 28, 3
2022/12/14, 36, 31, 2
2022/12/15, 12, 25, 13
2022/12/16, 20, 26, 11
2022/12/17, 22, 27, 7
2022/12/18, 30, 27, 7
2022/12/19, 33, 21, 3
2022/12/20, 21, 17, 2
2022/12/21, 15, 10, 11
2022/12/22, 57, 21, 4
2022/12/23, 42, 24, 1
2022/12/24, 17, 26, 8
2022/12/25, 38, 30, 10
2022/12/26, 57, 29, 13
2022/12/27, 46, 25, 13
2022/12/28, 27, 34, 11
2022/12/29, 27, 24, 7
2022/12/30, 37, 26, 7
2022/12/31, 16, 36, 10
2023/1/1, 37, 32, 8
2023/1/2, 121, 23, 5
2022/7/2, 24, 59, 2
2022/7/3, 37, 34, 1
2022/7/4, 29, 25, 
2022/7/5, 32, 25, 
2022/7/6, 51, 26, 1
2022/7/7, 41, 30, 1
2022/7/8, 28, 32, 1
2022/7/9, 31, 36, 2
2022/7/10, 38, 43, 1
2022/7/11, 37, 43, 2
2022/7/12, 31, 47, 3
2022/7/13, 38, 45, 2
2022/7/14, 51, 38, 2
2022/7/15, 31, 41, 5
2022/7/16, 25, 31, 2
2022/7/17, 63, 24, 1
2022/7/18, 91, 29, 1
2022/7/19, 68, 32, 1
2022/7/20, 39, 31, 1
2022/7/21, 47, 25, 
2022/7/22, 63, 26, 
2022/7/23, 53, 24, 
2022/7/24, 35, 28, 
2022/7/25, 25, 28, 
2022/7/26, 24, 26, 1
2022/7/27, 24, 23, 2
2022/7/28, 24, 26, 1
2022/7/29, 27, 30, 1
2022/7/30, 23, 29, 1
2022/7/31, 49, 26, 
2022/8/1, 44, 31, 1
2022/8/2, 20, 24, 1
2022/8/3, 26, 24, 1
2022/8/4, 40, 24, 1
2022/8/5, 52, 25, 1
2022/8/6, 64, 25, 1
2022/8/7, 47, 26, 
2022/8/8, 39, 31, 1
2022/8/9, 27, 36, 2
2022/8/10, 26, 39, 2
2022/8/11, 33, 32, 4
2022/8/12, 26, 60, 5
2022/8/13, 31, 41, 4
2022/8/14, 33, 28, 1
2022/8/15, 29, 20, 3
2022/8/16, 25, 28, 2
2022/8/17, 31, 32, 2
2022/8/18, 39, 32, 2
2022/8/19, 21, 26, 2
2022/8/20, 43, 23, 1
2022/8/21, 34, 25, 1
2022/8/22, 29, 24, 2
2022/8/23, 37, 34, 5
2022/8/24, 22, 27, 6
2022/8/25, 24, 36, 4
2022/8/26, 25, 49, 6
2022/8/27, 34, 34, 3
2022/8/28, 22, 26, 1
2022/8/29, 14, 33, 2
2022/8/30, 19, 21, 2
2022/8/31, 31, 24, 3
2022/9/1, 27, 39, 4
2022/9/2, 23, 43, 3
2022/9/3, 29, 29, 2
2022/9/4, 20, 25, 2
2022/9/5, 31, 24, 1
2022/9/6, 27, 34, 2
2022/9/7, 24, 43, 4
2022/9/8, 26, 60, 5
2022/9/9, 34, 44, 5
2022/9/10, 34, 49, 2
2022/9/11, 40, 41, 1
2022/9/12, 33, 58, 4
2022/9/13, 36, 53, 4
2022/9/14, 47, 54, 4
2022/9/15, 46, 45, 4
2022/9/16, 38, 25, 2
2022/9/17, 22, 25, 2
2022/9/18, 18, 33, 2
2022/9/19, 20, 25, 2
2022/9/20, 18, 31, 2
2022/9/21, 17, 48, 4
2022/9/22, 31, 47, 5
2022/9/23, 37, 52, 5
2022/9/24, 49, 35, 3
2022/9/25, 36, 31, 2
2022/9/26, 20, 42, 3
2022/9/27, 24, 54, 11
2022/9/28, 21, 46, 16
2022/9/29, 28, 55, 9
2022/9/30, 35, 71, 8
2022/10/1, 42, 68, 7
2022/4/5, 63, 28, 2
2022/4/6, 60, 42, 3
2022/4/7, 26, 38, 3
2022/4/8, 25, 36, 3
2022/4/9, 39, 36, 6
2022/4/10, 33, 44, 6
2022/4/11, 37, 38, 1
2022/4/12, 57, 33, 2
2022/4/13, 69, 27, 2
2022/4/14, 57, 34, 2
2022/4/15, 31, 45, 3
2022/4/16, 36, 29, 4
2022/4/22, 55, 25, 2
2022/4/23, 48, 30, 1
2022/4/24, 36, 27, 
2022/4/25, 41, 26, 
2022/4/26, 29, 23, 1
2022/4/27, 16, 33, 2
2022/4/28, 34, 39, 5
2022/4/29, 33, 25, 1
2022/4/30, 28, 23, 1
2022/5/1, 39, 31, 2
2022/5/2, 43, 26, 1
2022/5/3, 33, 18, 1
2022/5/4, 52, 26, 2
2022/5/5, 48, 24, 2
2022/5/6, 57, 27, 2
2022/5/7, 56, 39, 5
2022/5/8, 64, 40, 2
2022/5/9, 78, 33, 1
2022/5/10, 78, 34, 1
2022/5/11, 54, 26, 1
2022/5/12, 38, 31, 1
2022/5/13, 35, 37, 1
2022/5/14, 31, 36, 2
2022/5/15, 27, 42, 1
2022/5/16, 30, 39, 1
2022/5/17, 40, 42, 2
2022/5/18, 34, 38, 2
2022/5/19, 34, 39, 1
2022/5/20, 56, 41, 1
2022/5/21, 94, 41, 1
2022/5/22, 78, 40, 1
2022/5/23, 32, 44, 1
2022/5/24, 44, 37, 4
2022/5/25, 29, 43, 3
2022/5/26, 16, 40, 2
2022/5/27, 26, 52, 7
2022/5/28, 39, 54, 3
2022/5/29, 50, 38, 2
2022/5/30, 47, 29, 
2022/5/31, 40, 23, 
2022/6/1, 30, 22, 1
2022/6/2, 25, 23, 2
2022/6/3, 27, 40, 3
2022/6/4, 26, 41, 4
2022/6/5, 25, 42, 3
2022/6/6, 25, 34, 1
2022/6/7, 24, 33, 1
2022/6/8, 45, 36, 1
2022/6/9, 57, 42, 1
2022/6/10, 39, 33, 1
2022/6/11, 36, 29, 2
2022/6/12, 34, 28, 2
2022/6/13, 72, 26, 
2022/6/14, 97, 22, 
2022/6/15, 76, 23, 
2022/6/16, 62, 21, 
2022/6/17, 109, 26, 1
2022/6/18, 89, 33, 1
2022/6/19, 51, 28, 1
2022/6/20, 27, 28, 1
2022/6/21, 37, 35, 1
2022/6/22, 44, 44, 2
2022/6/23, 38, 26, 1
2022/6/24, 55, 37, 2
2022/6/25, 43, 31, 2
2022/6/26, 29, 39, 1
2022/6/27, 28, 38, 
2022/6/28, 26, 41, 2
2022/6/29, 34, 39, 4
2022/6/30, 44, 72, 4
2022/7/1, 43, 59, 4
2022/1/4, 30, 28, 11
2022/1/5, 25, 34, 13
2022/1/6, 35, 27, 9
2022/1/7, 21, 18, 9
2022/1/8, 40, 12, 8
2022/1/9, 42, 21, 2
2022/1/10, 28, 27, 3
2022/1/11, 17, 18, 9
2022/1/12, 22, 22, 14
2022/1/13, 31, 32, 16
2022/1/14, 31, 35, 16
2022/1/15, 35, 31, 2
2022/1/16, 19, 30, 5
2022/1/17, 21, 34, 12
2022/1/18, 30, 31, 8
2022/1/19, 28, 29, 6
2022/1/20, 39, 23, 1
2022/1/21, 16, 25, 4
2022/1/22, 23, 27, 7
2022/1/23, 33, 28, 6
2022/1/24, 29, 23, 8
2022/1/25, 35, 19, 6
2022/1/26, 38, 25, 6
2022/1/27, 41, 24, 10
2022/1/28, 40, 29, 5
2022/1/29, 29, 33, 12
2022/1/30, 34, 36, 6
2022/1/31, 28, 22, 5
2022/2/1, 29, 32, 6
2022/2/2, 26, 18, 6
2022/2/3, 33, 24, 1
2022/2/4, 17, 30, 2
2022/2/5, 15, 30, 11
2022/2/6, 36, 34, 10
2022/2/7, 43, 32, 7
2022/2/8, 26, 32, 13
2022/2/9, 25, 39, 12
2022/2/10, 33, 44, 13
2022/2/11, 28, 40, 12
2022/2/12, 38, 29, 4
2022/2/13, 22, 30, 6
2022/2/14, 29, 36, 10
2022/2/15, 28, 35, 6
2022/2/16, 28, 30, 2
2022/2/17, 27, 34, 1
2022/2/18, 25, 31, 3
2022/2/19, 14, 33, 8
2022/2/20, 27, 35, 8
2022/2/21, 33, 26, 3
2022/2/22, 30, 30, 3
2022/2/23, 53, 18, 2
2022/2/24, 28, 14, 2
2022/2/25, 15, 19, 3
2022/2/26, 29, 16, 3
2022/2/27, 35, 30, 4
2022/2/28, 29, 35, 15
2022/3/1, 31, 45, 15
2022/3/4, 52, 28, 2
2022/3/5, 31, 24, 1
2022/3/6, 32, 23, 1
2022/3/7, 45, 28, 2
2022/3/8, 23, 29, 2
2022/3/9, 22, 33, 5
2022/3/10, 31, 37, 7
2022/3/11, 37, 32, 2
2022/3/12, 29, 39, 5
2022/3/13, 22, 41, 8
2022/3/14, 44, 35, 6
2022/3/15, 24, 27, 5
2022/3/16, 21, 42, 16
2022/3/17, 28, 32, 11
2022/3/18, 35, 30, 10
2022/3/19, 27, 42, 12
2022/3/20, 23, 38, 18
2022/3/21, 27, 25, 15
2022/3/22, 30, 29, 11
2022/3/23, 17, 36, 6
2022/3/24, 18, 39, 6
2022/3/25, 19, 47, 12
2022/3/26, 25, 47, 6
2022/3/27, 38, 42, 3
2022/3/28, 26, 37, 2
2022/3/29, 26, 34, 1
2022/3/30, 47, 37, 2
2022/3/31, 27, 44, 6
2022/4/1, 13, 44, 4
2021/10/2, 19, 32, 6
2021/10/3, 28, 31, 5
2021/10/4, 27, 39, 9
2021/10/5, 32, 43, 11
2021/10/6, 28, 57, 11
2021/10/7, 31, 46, 9
2021/10/8, 40, 57, 9
2021/10/9, 47, 36, 7
2021/10/10, 31, 20, 6
2021/10/11, 26, 34, 5
2021/10/12, 26, 14, 7
2021/10/13, 56, 19, 3
2021/10/14, 44, 32, 3
2021/10/15, 23, 30, 3
2021/10/16, 36, 32, 2
2021/10/17, 13, 38, 4
2021/10/18, 22, 42, 7
2021/10/19, 31, 28, 4
2021/10/20, 17, 32, 
2021/10/21, 28, 36, 6
2021/10/22, 36, 45, 7
2021/10/23, 48, 25, 3
2021/10/24, 34, 21, 3
2021/10/25, 21, 28, 4
2021/10/26, 23, 20, 2
2021/10/27, 24, 31, 3
2021/10/28, 26, 29, 4
2021/10/29, 24, 27, 5
2021/10/30, 20, 37, 9
2021/10/31, 45, 41, 6
2021/11/1, 39, 41, 6
2021/11/2, 23, 28, 5
2021/11/3, 25, 25, 3
2021/11/4, 21, 19, 2
2021/11/5, 16, 22, 8
2021/11/6, 30, 34, 9
2021/11/7, 44, 43, 7
2021/11/8, 49, 32, 7
2021/11/9, 27, 28, 7
2021/11/10, 33, 27, 5
2021/11/11, 24, 31, 5
2021/11/12, 19, 30, 6
2021/11/13, 28, 29, 6
2021/11/14, 20, 35, 6
2021/11/15, 30, 30, 6
2021/11/16, 23, 28, 3
2021/11/17, 24, 30, 4
2021/11/18, 24, 24, 2
2021/11/19, 13, 24, 9
2021/11/20, 26, 24, 9
2021/11/21, 46, 30, 3
2021/11/22, 34, 27, 6
2021/11/23, 24, 34, 11
2021/11/24, 27, 25, 6
2021/11/25, 36, 24, 2
2021/11/26, 21, 24, 4
2021/11/27, 22, 23, 4
2021/11/28, 23, 25, 4
2021/11/29, 25, 29, 12
2021/11/30, 28, 32, 9
2021/12/1, 27, 29, 8
2021/12/2, 32, 25, 8
2021/12/3, 35, 26, 6
2021/12/4, 24, 24, 3
2021/12/5, 44, 18, 3
2021/12/6, 23, 25, 2
2021/12/7, 21, 22, 9
2021/12/8, 25, 32, 12
2021/12/9, 40, 20, 7
2021/12/10, 59, 23, 7
2021/12/11, 70, 27, 4
2021/12/12, 30, 27, 8
2021/12/13, 32, 18, 14
2021/12/14, 38, 12, 7
2021/12/15, 39, 15, 2
2021/12/16, 26, 16, 3
2021/12/17, 28, 18, 1
2021/12/18, 26, 20, 2
2021/12/19, 23, 24, 2
2021/12/20, 19, 16, 9
2021/12/21, 31, 27, 10
2021/12/22, 40, 30, 11
2021/12/23, 38, 24, 5
2021/12/24, 37, 22, 4
2021/12/25, 31, 25, 4
2021/12/26, 44, 21, 4
2021/12/27, 63, 21, 4
2021/12/28, 53, 19, 5
2021/12/29, 60, 24, 6
2021/12/30, 75, 33, 8
2021/12/31, 53, 24, 3
2022/1/1, 64, 22, 3
2022/1/2, 72, 29, 2
2022/1/3, 24, 28, 12
2021/7/2, 25, 36, 2
2021/7/3, 27, 29, 2
2021/7/4, 27, 27, 2
2021/7/5, 31, 25, 2
2021/7/6, 40, 19, 2
2021/7/7, 38, 20, 2
2021/7/8, 18, 22, 2
2021/7/9, 21, 18, 2
2021/7/10, 16, 16, 2
2021/7/11, 35, 19, 2
2021/7/12, 65, 21, 2
2021/7/13, 71, 19, 3
2021/7/14, 58, 22, 4
2021/7/15, 47, , 
2021/7/16, 42, , 
2021/7/17, 61, , 
2021/7/18, 52, , 
2021/7/19, 31, , 
2021/7/20, 31, , 
2021/7/21, 35, 33, 
2021/7/22, 39, 26, 6
2021/7/23, 28, 18, 5
2021/7/24, 56, 19, 4
2021/7/25, 75, 24, 5
2021/7/26, 62, 27, 5
2021/7/27, 36, 31, 5
2021/7/28, 46, 40, 6
2021/7/29, 49, 51, 6
2021/7/30, 45, 37, 7
2021/7/31, 31, 30, 5
2021/8/1, 32, 25, 4
2021/8/2, 50, 24, 5
2021/8/3, 25, 36, 5
2021/8/4, 46, 48, 6
2021/8/5, 55, 37, 6
2021/8/6, 33, 21, 5
2021/8/7, 31, 18, 5
2021/8/8, 42, 17, 5
2021/8/9, 34, 19, 5
2021/8/10, 30, 17, 5
2021/8/11, 40, 21, 5
2021/8/12, 31, 23, 5
2021/8/13, 30, 25, 5
2021/8/14, 22, 35, 5
2021/8/15, 18, 31, 4
2021/8/16, 23, 38, 5
2021/8/17, 27, 25, 5
2021/8/18, 21, 19, 5
2021/8/19, 36, 19, 5
2021/8/20, 48, 22, 5
2021/8/21, 44, 19, 5
2021/8/22, 52, 20, 5
2021/8/23, 53, 23, 5
2021/8/24, 49, 24, 5
2021/8/25, 31, 30, 6
2021/8/26, 24, 43, 6
2021/8/27, 44, 32, 8
2021/8/28, 39, 30, 6
2021/8/29, 22, 29, 6
2021/8/30, 32, 27, 7
2021/8/31, 45, 35, 7
2021/9/1, 51, 23, 6
2021/9/2, 80, 21, 6
2021/9/3, 53, 24, 6
2021/9/4, 56, 20, 4
2021/9/5, 84, 21, 4
2021/9/6, 71, 25, 5
2021/9/7, 58, 41, 7
2021/9/8, 49, 44, 7
2021/9/9, 54, 49, 9
2021/9/10, 45, 67, 9
2021/9/11, 46, 49, 7
2021/9/12, 36, 33, 5
2021/9/13, 30, 20, 6
2021/9/14, 28, 20, 4
2021/9/15, 34, 24, 5
2021/9/16, 16, 28, 7
2021/9/17, 24, 43, 7
2021/9/18, 30, 36, 6
2021/9/19, 34, 35, 5
2021/9/20, 33, 34, 7
2021/9/21, 34, 36, 6
2021/9/22, 54, 34, 8
2021/9/23, 18, 60, 11
2021/9/24, 24, 50, 10
2021/9/25, 31, 47, 8
2021/9/26, 27, 53, 7
2021/9/27, 35, 38, 8
2021/9/28, 30, 30, 6
2021/9/29, 27, 31, 8
2021/9/30, 17, 28, 7
2021/10/1, 31, 26, 7
2021/4/2, 24, 53, 5
2021/4/3, 42, 39, 2
2021/4/4, 26, 37, 2
2021/4/5, 30, 34, 2
2021/4/6, 29, 30, 1
2021/4/7, 37, 37, 2
2021/4/8, 39, 40, 4
2021/4/9, 56, 35, 3
2021/4/10, 65, 45, 1
2021/4/11, 34, 61, 4
2021/4/12, 35, 37, 2
2021/4/13, 63, 37, 3
2021/4/14, 60, 40, 4
2021/4/15, 71, 22, 4
2021/4/16, 37, 18, 5
2021/4/17, 31, 28, 1
2021/4/18, 17, 29, 1
2021/4/19, 15, 46, 5
2021/4/20, 21, 42, 5
2021/4/21, 25, 38, 2
2021/4/22, 21, 30, 6
2021/4/23, 40, 26, 3
2021/4/24, 44, 42, 3
2021/4/25, 23, 55, 3
2021/4/26, 27, 38, 2
2021/4/27, 49, 16, 3
2021/4/28, 55, 28, 2
2021/4/29, 61, 17, 1
2021/4/30, 42, 22, 1
2021/5/1, 26, 22, 2
2021/5/2, 18, 51, 3
2021/5/3, 17, 45, 3
2021/5/4, 64, 34, 2
2021/5/5, 30, 44, 3
2021/5/6, 19, 56, 5
2021/5/7, 25, 55, 5
2021/5/8, 34, 34, 1
2021/5/9, 34, 30, 1
2021/5/10, 46, 31, 2
2021/5/11, 59, 20, 3
2021/5/12, 43, 26, 1
2021/5/13, 15, 31, 2
2021/5/14, 26, 44, 5
2021/5/15, 38, 30, 2
2021/5/16, 29, 41, 2
2021/5/17, 22, 27, 2
2021/5/18, 41, 24, 2
2021/5/19, 39, 36, 4
2021/5/20, 21, 52, 5
2021/5/21, 28, 39, 3
2021/5/22, 30, 25, 2
2021/5/23, 29, 22, 1
2021/5/24, 20, 24, 2
2021/5/25, 23, 23, 2
2021/5/26, 34, 24, 2
2021/5/27, 41, 25, 1
2021/5/28, 40, 27, 2
2021/5/29, 42, 37, 2
2021/5/30, 18, 23, 2
2021/5/31, 34, 35, 1
2021/6/1, 33, 36, 3
2021/6/2, 21, 37, 5
2021/6/3, 24, 26, 5
2021/6/4, 19, 36, 3
2021/6/5, 26, 33, 4
2021/6/6, 31, 27, 2
2021/6/7, 30, 27, 2
2021/6/8, 68, 22, 2
2021/6/9, 60, 22, 2
2021/6/10, 49, 23, 1
2021/6/11, 36, 22, 1
2021/6/12, 35, 27, 2
2021/6/13, 29, 39, 1
2021/6/14, 25, 46, 3
2021/6/15, 36, 50, 4
2021/6/16, 49, 54, 3
2021/6/17, 38, 50, 4
2021/6/18, 50, 60, 4
2021/6/19, 55, 45, 3
2021/6/20, 38, 24, 1
2021/6/21, 29, 27, 1
2021/6/22, 71, 36, 2
2021/6/23, 43, 26, 2
2021/6/24, 57, 23, 1
2021/6/25, 44, 25, 1
2021/6/26, 53, 22, 
2021/6/27, 44, 23, 2
2021/6/28, 25, 25, 3
2021/6/29, 20, 21, 4
2021/6/30, 20, 22, 2
2021/7/1, 25, 35, 4
2021/1/5, 34, 24, 7
2021/1/6, 32, 28, 2
2021/1/7, 21, 29, 4
2021/1/8, 16, 26, 5
2021/1/9, 21, 26, 5
2021/1/10, 30, 25, 2
2021/1/11, 24, 23, 3
2021/1/12, 21, 21, 12
2021/1/13, 33, 28, 11
2021/1/14, 41, 29, 8
2021/1/15, 39, 30, 3
2021/1/16, 13, 29, 11
2021/1/17, 31, 36, 9
2021/1/18, 53, 28, 11
2021/1/19, 38, 26, 3
2021/1/20, 29, 18, 4
2021/1/21, 33, 12, 6
2021/1/22, 49, 22, 4
2021/1/23, 34, 9, 5
2021/1/24, 38, 12, 3
2021/1/25, 37, 30, 5
2021/1/26, 41, 33, 11
2021/1/27, 26, 31, 4
2021/1/28, 19, 24, 6
2021/1/29, 35, 33, 9
2021/1/30, 37, 27, 5
2021/1/31, 38, 29, 2
2021/2/1, 44, 30, 5
2021/2/2, 12, 35, 14
2021/2/3, 30, 35, 8
2021/2/4, 31, 32, 4
2021/2/5, 32, 25, 5
2021/2/6, 25, 33, 4
2021/2/7, 36, 37, 3
2021/2/8, 24, 30, 8
2021/2/9, 39, 29, 5
2021/2/10, 54, 8, 4
2021/2/11, 47, 16, 1
2021/2/12, 16, 18, 1
2021/2/13, 36, 18, 1
2021/2/14, 33, 24, 1
2021/2/15, 25, 29, 1
2021/2/16, 24, 28, 5
2021/2/17, 35, 25, 4
2021/2/18, 34, 30, 2
2021/2/19, 50, 32, 8
2021/2/20, 46, 37, 9
2021/2/21, 50, 35, 5
2021/2/22, 30, 38, 7
2021/2/23, 21, 34, 7
2021/2/24, 29, 29, 4
2021/2/25, 36, 24, 5
2021/2/26, 39, 13, 4
2021/2/27, 38, 16, 4
2021/2/28, 54, 14, 1
2021/3/1, 57, 30, 1
2021/3/2, 17, 34, 3
2021/3/3, 14, 42, 11
2021/3/4, 24, 42, 6
2021/3/5, 27, 39, 2
2021/3/6, 21, 38, 2
2021/3/7, 30, 43, 4
2021/3/8, 43, 39, 4
2021/3/9, 33, 35, 3
2021/3/10, 38, 34, 2
2021/3/11, 29, 30, 2
2021/3/12, 43, 28, 2
2021/3/13, 36, 25, 1
2021/3/14, 28, 38, 2
2021/3/15, 37, 42, 8
2021/3/16, 50, 28, 2
2021/3/17, 56, 43, 1
2021/3/18, 51, 34, 2
2021/3/19, 15, 35, 4
2021/3/20, 15, 42, 5
2021/3/21, 37, 46, 3
2021/3/22, 36, 33, 4
2021/3/23, 31, 40, 4
2021/3/24, 54, 25, 5
2021/3/25, 61, 37, 3
2021/3/26, 30, 56, 8
2021/3/27, 28, 33, 3
2021/3/28, 69, 40, 2
2021/3/29, 21, 43, 6
2021/3/30, 27, 27, 4
2021/3/31, 41, 39, 2
2021/4/1, 37, 44, 2
2020/10/2, 27, 50, 5
2020/10/3, 37, 40, 5
2020/10/4, 32, 46, 3
2020/10/5, 26, 47, 4
2020/10/6, 43, 52, 6
2020/10/7, 47, 61, 6
2020/10/8, 51, 44, 6
2020/10/9, 41, 20, 2
2020/10/10, 35, 44, 7
2020/10/11, 37, 37, 4
2020/10/12, 39, 33, 2
2020/10/13, 48, 58, 6
2020/10/14, 37, 29, 5
2020/10/15, 47, 36, 1
2020/10/16, 39, 35, 1
2020/10/17, 19, 26, 5
2020/10/18, 43, 33, 1
2020/10/19, 34, 22, 2
2020/10/20, 24, 27, 2
2020/10/21, 28, 28, 3
2020/10/22, 21, 25, 3
2020/10/23, 24, 23, 2
2020/10/24, 22, 19, 5
2020/10/25, 21, 27, 4
2020/10/26, 32, 17, 3
2020/10/27, 24, 8, 2
2020/10/28, 11, 24, 3
2020/10/29, 15, 29, 5
2020/10/30, 14, 29, 7
2020/10/31, 24, 37, 12
2020/11/1, 50, 41, 6
2020/11/2, 42, 32, 9
2020/11/3, 25, 40, 13
2020/11/4, 29, 39, 10
2020/11/5, 27, 33, 8
2020/11/6, 23, 32, 10
2020/11/7, 28, 34, 5
2020/11/8, 35, 29, 3
2020/11/9, 22, 26, 3
2020/11/10, 21, 19, 6
2020/11/11, 22, 31, 9
2020/11/12, 28, 27, 10
2020/11/13, 36, 25, 5
2020/11/14, 35, 21, 4
2020/11/15, 34, 31, 2
2020/11/16, 24, 32, 11
2020/11/17, 20, 36, 14
2020/11/18, 34, 35, 13
2020/11/19, 37, 34, 6
2020/11/20, 30, 31, 7
2020/11/21, 28, 28, 3
2020/11/22, 23, 28, 2
2020/11/23, 18, 28, 3
2020/11/24, 34, 21, 4
2020/11/25, 25, 30, 5
2020/11/26, 19, 26, 9
2020/11/27, 45, 20, 4
2020/11/28, 38, 17, 1
2020/11/29, 20, 24, 1
2020/11/30, 14, 28, 5
2020/12/1, 23, 29, 11
2020/12/2, 25, 28, 7
2020/12/3, 22, 22, 3
2020/12/4, 16, 28, 9
2020/12/5, 34, 18, 13
2020/12/6, 40, 33, 6
2020/12/7, 32, 29, 13
2020/12/8, 27, 35, 14
2020/12/9, 26, 38, 16
2020/12/10, 28, 35, 13
2020/12/11, 29, 22, 8
2020/12/12, 34, 22, 5
2020/12/13, 28, 30, 3
2020/12/14, 47, 22, 4
2020/12/15, 14, 28, 6
2020/12/16, 36, 26, 7
2020/12/17, 19, 25, 14
2020/12/18, 35, 23, 11
2020/12/19, 27, 26, 5
2020/12/20, 26, 32, 9
2020/12/21, 31, 29, 18
2020/12/22, 26, 37, 12
2020/12/23, 32, 27, 4
2020/12/24, 25, 29, 4
2020/12/25, 31, 31, 6
2020/12/26, 40, 33, 8
2020/12/27, 36, 33, 5
2020/12/28, 21, 30, 2
2020/12/29, 21, 27, 2
2020/12/30, 16, 24, 1
2020/12/31, 34, 22, 1
2021/1/1, 18, 30, 3
2021/1/2, 30, 31, 7
2021/1/3, 28, 38, 11
2021/1/4, 41, 34, 12
2020/7/2, 74, 24, 
2020/7/3, 96, 26, 
2020/7/4, 68, 28, 
2020/7/5, 56, 26, 
2020/7/6, 55, 27, 
2020/7/7, 50, 23, 
2020/7/8, 58, 27, 
2020/7/9, 69, 23, 
2020/7/10, 61, 29, 
2020/7/11, 42, 26, 
2020/7/12, 28, 26, 
2020/7/13, 45, 31, 
2020/7/14, 39, 32, 
2020/7/15, 63, 25, 
2020/7/16, 74, 26, 
2020/7/17, 63, 26, 
2020/7/18, 62, 26, 
2020/7/19, 63, 29, 
2020/7/20, 54, 41, 
2020/7/21, 22, 37, 
2020/7/22, 17, 32, 
2020/7/23, 25, 28, 
2020/7/24, 17, 30, 
2020/7/25, 18, 25, 
2020/7/26, 17, 25, 
2020/7/27, 22, 32, 
2020/7/28, 18, 27, 
2020/7/29, 18, 25, 
2020/7/30, 20, 21, 
2020/7/31, 39, 27, 
2020/8/1, 33, 45, 
2020/8/2, 22, 46, 
2020/8/3, 24, 49, 
2020/8/4, 30, 43, 
2020/8/5, 31, 34, 
2020/8/6, 27, 29, 
2020/8/7, 22, 29, 
2020/8/8, 22, 21, 
2020/8/9, 25, 19, 
2020/8/10, 61, 19, 
2020/8/11, 38, 22, 
2020/8/12, 34, 20, 
2020/8/13, 51, 21, 
2020/8/14, 56, 25, 
2020/8/15, 41, 31, 
2020/8/16, 26, 33, 
2020/8/17, 20, 46, 
2020/8/18, 27, 52, 
2020/8/19, 32, 56, 
2020/8/20, 32, 61, 
2020/8/21, 31, 41, 
2020/8/22, 32, 49, 
2020/8/23, 27, 46, 
2020/8/24, 31, 49, 
2020/8/25, 40, 42, 
2020/8/26, 38, 32, 
2020/8/27, 28, 44, 
2020/8/28, 23, 31, 
2020/8/29, 51, 27, 1
2020/8/30, 30, 23, 
2020/8/31, 28, 25, 1
2020/9/1, 59, 28, 2
2020/9/2, 67, 30, 4
2020/9/3, 75, 24, 3
2020/9/4, 45, 18, 5
2020/9/5, 23, 26, 2
2020/9/6, 28, 38, 2
2020/9/7, 38, 25, 2
2020/9/8, 49, 20, 2
2020/9/9, 53, 13, 2
2020/9/10, 28, 10, 
2020/9/11, 9, 27, 1
2020/9/12, 28, 39, 2
2020/9/13, 41, 27, 1
2020/9/14, 29, 31, 1
2020/9/15, 33, 29, 2
2020/9/16, 36, 34, 4
2020/9/17, 39, 29, 3
2020/9/18, 34, 37, 1
2020/9/19, 41, 41, 2
2020/9/20, 66, 40, 1
2020/9/21, 68, 23, 1
2020/9/22, 35, 18, 
2020/9/23, 9, 18, 1
2020/9/24, 11, 26, 2
2020/9/25, 15, 38, 6
2020/9/26, 31, 32, 3
2020/9/27, 39, 25, 1
2020/9/28, 34, 31, 1
2020/9/29, 18, 31, 4
2020/9/30, 13, 41, 9
2020/10/1, 21, 55, 12
2020/4/2, 23, 30, 
2020/4/3, 22, 20, 
2020/4/4, 45, 19, 
2020/4/5, 16, 32, 
2020/4/6, 31, 32, 
2020/4/7, 48, 25, 
2020/4/8, 50, 33, 
2020/4/9, 71, 33, 
2020/4/10, 51, 38, 
2020/4/11, 45, 33, 
2020/4/12, 50, 38, 
2020/4/13, 42, 34, 
2020/4/14, 24, 33, 
2020/4/15, 24, 40, 
2020/4/16, 30, 43, 
2020/4/17, 35, 33, 
2020/4/18, 34, 18, 
2020/4/19, 39, 38, 
2020/4/20, 42, 53, 
2020/4/21, 29, 40, 
2020/4/22, 57, 27, 
2020/4/23, 65, 45, 
2020/4/24, 34, 45, 
2020/4/25, 41, 41, 
2020/4/26, 22, 50, 
2020/4/27, 29, 41, 
2020/4/28, 34, 37, 
2020/4/29, 52, 42, 
2020/4/30, 36, 58, 
2020/5/1, 21, 51, 
2020/5/2, 22, 38, 
2020/5/3, 33, 36, 
2020/5/4, 33, 38, 
2020/5/5, 54, 45, 
2020/5/6, 55, 47, 
2020/5/7, 22, 35, 
2020/5/8, 36, 38, 
2020/5/9, 39, 38, 
2020/5/10, 23, 48, 
2020/5/11, 31, 44, 
2020/5/12, 29, 31, 
2020/5/13, 27, 35, 
2020/5/14, 26, 47, 
2020/5/15, 33, 41, 
2020/5/16, 57, 40, 
2020/5/17, 15, 40, 
2020/5/18, 14, 50, 
2020/5/19, 27, 39, 
2020/5/20, 43, 40, 
2020/5/21, 61, 40, 
2020/5/22, 59, 37, 
2020/5/23, 59, 31, 
2020/5/24, 55, 40, 
2020/5/25, 39, 33, 
2020/5/26, 19, 37, 
2020/5/27, 23, 40, 
2020/5/28, 28, 52, 
2020/5/29, 25, 39, 
2020/5/30, 20, 44, 
2020/5/31, 27, 39, 
2020/6/1, 43, 26, 
2020/6/2, 30, 27, 
2020/6/3, 39, 30, 
2020/6/4, 37, 27, 
2020/6/5, 33, 26, 
2020/6/6, 45, 41, 
2020/6/7, 34, 42, 
2020/6/8, 47, 44, 
2020/6/9, 39, 36, 
2020/6/10, 53, 36, 
2020/6/11, 40, 53, 
2020/6/12, 29, 53, 
2020/6/13, 25, 53, 
2020/6/16, 22, 35, 
2020/6/17, 24, 32, 
2020/6/18, 24, 22, 
2020/6/19, 19, 20, 
2020/6/20, 16, 21, 
2020/6/21, 22, 20, 
2020/6/22, 26, 22, 
2020/6/23, 33, 38, 
2020/6/24, 24, 32, 
2020/6/25, 17, 45, 
2020/6/26, 30, 19, 
2020/6/27, 78, 19, 
2020/6/28, 150, 17, 
2020/6/29, 71, 20, 
2020/6/30, 62, 21, 
2020/7/1, 77, 24, 
2020/1/2, 89, 12, 
2020/1/3, 34, 26, 
2020/1/4, 18, 30, 
2020/1/5, 21, 34, 
2020/1/6, 32, 31, 
2020/1/7, 28, 30, 
2020/1/8, 16, 36, 
2020/1/9, 28, 28, 
2020/1/10, 23, 25, 
2020/1/11, 33, 25, 
2020/1/12, 16, 25, 
2020/1/13, 25, 9, 
2020/1/14, 40, 12, 
2020/1/15, 45, 17, 
2020/1/16, 50, 11, 
2020/1/17, 29, 25, 
2020/1/18, 28, 25, 
2020/1/19, 24, 32, 
2020/1/20, 14, 29, 
2020/1/21, 21, 34, 
2020/1/22, 29, 24, 
2020/1/23, 15, 28, 
2020/1/24, 20, 31, 
2020/1/25, 28, 28, 
2020/1/26, 23, 28, 
2020/1/27, 25, 38, 
2020/1/28, 32, 27, 
2020/1/29, 26, 27, 
2020/1/30, 10, 18, 
2020/1/31, 25, 26, 
2020/2/1, 27, 31, 
2020/2/2, 24, 36, 
2020/2/3, 27, 27, 
2020/2/4, 34, 27, 
2020/2/5, 41, 21, 
2020/2/6, 13, 29, 
2020/2/7, 21, 32, 
2020/2/8, 23, 29, 
2020/2/9, 30, 25, 
2020/2/10, 35, 14, 
2020/2/11, 49, 13, 
2020/2/12, 16, 17, 
2020/2/13, 15, 27, 
2020/2/14, 16, 25, 
2020/2/15, 37, 29, 
2020/2/16, 40, 27, 
2020/2/17, 46, 22, 
2020/2/18, 39, 23, 
2020/2/19, 47, 20, 
2020/2/20, 19, 23, 
2020/2/21, 18, 28, 
2020/2/22, 33, 38, 
2020/2/23, 41, 27, 
2020/2/24, 23, 29, 
2020/2/25, 19, 32, 
2020/2/26, 18, 30, 
2020/2/27, 17, 33, 
2020/2/28, 25, 41, 
2020/2/29, 33, , 
2020/3/4, 61, 28, 
2020/3/5, 24, 34, 
2020/3/6, 22, 36, 
2020/3/7, 24, 37, 
2020/3/8, 31, 33, 
2020/3/9, 27, 25, 
2020/3/10, 27, 27, 
2020/3/11, 41, 29, 
2020/3/12, 44, 27, 
2020/3/13, 42, 29, 
2020/3/14, 50, 26, 
2020/3/15, 52, 18, 
2020/3/16, 45, 24, 
2020/3/17, 41, 23, 
2020/3/18, 41, 25, 
2020/3/19, 45, 26, 
2020/3/20, 55, 29, 
2020/3/21, 23, 15, 
2020/3/22, 19, 5, 
2020/3/23, 20, 23, 
2020/3/24, 46, 33, 
2020/3/25, 47, 40, 
2020/3/26, 53, 37, 
2020/3/27, 66, 31, 
2020/3/28, 55, 37, 
2020/3/29, 40, 8, 
2019/10/2, 26, 36, 
2019/10/3, 32, 34, 
2019/10/4, 30, 35, 
2019/10/5, 26, 39, 
2019/10/6, 29, 50, 
2019/10/7, 38, 34, 
2019/10/8, 26, 51, 
2019/10/9, 28, 33, 
2019/10/10, 37, 24, 
2019/10/11, 20, 28, 
2019/10/12, 17, 32, 
2019/10/13, 15, 36, 
2019/10/14, 27, 28, 
2019/10/15, 32, 23, 
2019/10/16, 25, 27, 
2019/10/17, 24, 31, 
2019/10/18, 22, 46, 
2019/10/19, 36, 34, 
2019/10/20, 31, 27, 
2019/10/21, 42, 31, 
2019/10/22, 23, 39, 
2019/10/23, 19, 38, 
2019/10/24, 22, 27, 
2019/10/25, 22, 24, 
2019/10/26, 12, 29, 
2019/10/27, 22, 42, 
2019/10/28, 33, 30, 
2019/10/29, 20, 15, 
2019/10/30, 19, 16, 
2019/10/31, 12, 23, 
2019/11/1, 24, 31, 
2019/11/2, 29, 37, 
2019/11/3, 36, 46, 
2019/11/4, 46, 30, 
2019/11/5, 30, 24, 
2019/11/6, 26, 31, 
2019/11/7, 24, 25, 
2019/11/8, 36, 11, 
2019/11/9, 20, 28, 
2019/11/10, 37, 30, 
2019/11/11, 40, 21, 
2019/11/12, 21, 25, 
2019/11/13, 21, 18, 
2019/11/14, 26, 17, 
2019/11/15, 35, 31, 
2019/11/16, 40, 35, 
2019/11/17, 49, 37, 
2019/11/18, 58, 41, 
2019/11/19, 40, 33, 
2019/11/20, 41, 26, 
2019/11/21, 33, 26, 
2019/11/22, 27, 16, 
2019/11/23, 20, 21, 
2019/11/24, 21, 35, 
2019/11/25, 35, 33, 
2019/11/26, 33, 17, 
2019/11/27, 60, 26, 
2019/11/28, 25, 22, 
2019/11/29, 35, 10, 
2019/11/30, 38, 21, 
2019/12/1, 42, 28, 
2019/12/2, 19, 28, 
2019/12/3, 19, 33, 
2019/12/4, 30, 36, 
2019/12/5, 30, 25, 
2019/12/6, 45, 29, 
2019/12/7, 26, 36, 
2019/12/8, 42, 38, 
2019/12/9, 66, 26, 
2019/12/10, 56, 20, 
2019/12/11, 10, 16, 
2019/12/12, 26, 24, 
2019/12/13, 36, 28, 
2019/12/14, 29, 31, 
2019/12/15, 30, 27, 
2019/12/16, 65, 23, 
2019/12/17, 37, 28, 
2019/12/18, 18, 31, 
2019/12/19, 29, 34, 
2019/12/20, 35, 26, 
2019/12/21, 19, 26, 
2019/12/22, 27, 31, 
2019/12/23, 47, 37, 
2019/12/24, 43, 41, 
2019/12/25, 49, 38, 
2019/12/26, 51, 24, 
2019/12/27, 19, 27, 
2019/12/28, 25, 21, 
2019/12/29, 24, 33, 
2019/12/30, 12, , 
2019/7/2, 47, 28, 
2019/7/3, 35, 22, 
2019/7/4, 54, 23, 
2019/7/5, 64, 23, 
2019/7/6, 51, 24, 
2019/7/7, 44, 25, 
2019/7/8, 32, 30, 
2019/7/9, 39, 29, 
2019/7/10, 64, 39, 
2019/7/11, 39, 36, 
2019/7/12, 23, 43, 
2019/7/13, 40, 38, 
2019/7/14, 38, 31, 
2019/7/15, 39, 39, 
2019/7/16, 45, 25, 
2019/7/17, 36, 22, 
2019/7/18, 30, 26, 
2019/7/19, 30, 27, 
2019/7/20, 37, 26, 
2019/7/21, 55, 25, 
2019/7/22, 59, 35, 
2019/7/23, 44, 36, 
2019/7/24, 31, 44, 
2019/7/25, 37, 65, 
2019/7/26, 40, 66, 
2019/7/27, 45, 55, 
2019/7/28, 39, 21, 
2019/7/29, 57, 24, 
2019/7/30, 45, 28, 
2019/7/31, 51, 37, 
2019/8/1, 60, 40, 
2019/8/2, 45, 45, 
2019/8/3, 35, 45, 
2019/8/4, 36, 41, 
2019/8/5, 27, 43, 
2019/8/6, 25, 38, 
2019/8/7, 39, 25, 
2019/8/8, 51, 28, 
2019/8/9, 51, 25, 
2019/8/10, 42, 25, 
2019/8/11, 41, 26, 
2019/8/12, 35, 31, 
2019/8/13, 36, 35, 
2019/8/14, 35, 41, 
2019/8/15, 38, 45, 
2019/8/16, 37, 49, 
2019/8/17, 46, 29, 
2019/8/18, 44, 26, 
2019/8/19, 53, 26, 
2019/8/20, 37, 26, 
2019/8/21, 71, 29, 
2019/8/22, 57, 30, 
2019/8/23, 35, 34, 
2019/8/24, 22, 36, 
2019/8/25, 41, 40, 
2019/8/26, 54, 37, 
2019/8/27, 61, 30, 
2019/8/28, 50, 34, 
2019/8/29, 39, 37, 
2019/8/30, 38, 33, 
2019/8/31, 40, 30, 
2019/9/1, 31, 41, 
2019/9/2, 31, 41, 
2019/9/3, 49, 42, 
2019/9/4, 37, 40, 
2019/9/5, 41, 31, 
2019/9/6, 33, 50, 
2019/9/7, 34, 40, 
2019/9/8, 41, 28, 
2019/9/9, 29, 27, 
2019/9/10, 20, 32, 
2019/9/11, 23, 21, 
2019/9/12, 29, 33, 
2019/9/13, 24, 43, 
2019/9/14, 31, 47, 
2019/9/15, 47, 42, 
2019/9/16, 40, 44, 
2019/9/17, 34, 35, 
2019/9/18, 24, 37, 
2019/9/19, 25, 32, 
2019/9/20, 48, 24, 
2019/9/21, 28, 34, 
2019/9/22, 35, 28, 
2019/9/23, 24, 30, 
2019/9/24, 33, 27, 
2019/9/25, 23, 32, 
2019/9/26, 23, 37, 
2019/9/27, 22, 37, 
2019/9/28, 23, 27, 
2019/9/29, 25, 27, 
2019/9/30, 31, 17, 
2019/10/1, 34, 28, 
2019/4/2, 25, 42, 
2019/4/3, 31, 32, 
2019/4/4, 30, 29, 
2019/4/5, 43, 38, 
2019/4/6, 57, 24, 
2019/4/7, 72, 34, 
2019/4/8, 32, 41, 
2019/4/9, 29, 51, 
2019/4/10, 32, 41, 
2019/4/11, 39, 40, 
2019/4/12, 29, 34, 
2019/4/13, 38, 34, 
2019/4/14, 39, 38, 
2019/4/15, 18, 41, 
2019/4/16, 28, 33, 
2019/4/17, 32, 28, 
2019/4/18, 57, 34, 
2019/4/19, 24, 37, 
2019/4/20, 14, 46, 
2019/4/21, 23, 35, 
2019/4/22, 26, 31, 
2019/4/23, 29, 32, 
2019/4/24, 60, 30, 
2019/4/25, 30, 36, 
2019/4/26, 21, 47, 
2019/4/27, 34, 46, 
2019/4/28, 34, 34, 
2019/4/29, 27, 25, 
2019/4/30, 48, 18, 
2019/5/1, 66, 20, 
2019/5/2, 57, 30, 
2019/5/3, 47, 34, 
2019/5/4, 31, 36, 
2019/5/5, 22, 43, 
2019/5/6, 34, 26, 
2019/5/7, 36, 28, 
2019/5/8, 52, 30, 
2019/5/9, 40, 27, 
2019/5/10, 66, 17, 
2019/5/11, 21, 19, 
2019/5/12, 20, 28, 
2019/5/13, 20, 38, 
2019/5/14, 33, 42, 
2019/5/15, 44, 40, 
2019/5/16, 42, 34, 
2019/5/17, 42, 23, 
2019/5/18, 49, 20, 
2019/5/19, 69, 37, 
2019/5/20, 82, 22, 
2019/5/21, 68, 45, 
2019/5/22, 55, 24, 
2019/5/23, 82, 19, 
2019/5/24, 62, 19, 
2019/5/25, 50, 21, 
2019/5/26, 45, 24, 
2019/5/27, 42, 27, 
2019/5/28, 46, 26, 
2019/5/29, 45, , 
2019/5/30, 55, 40, 
2019/5/31, 53, 35, 
2019/6/1, 43, 27, 
2019/6/2, 32, 24, 
2019/6/3, 21, 21, 
2019/6/4, 29, 13, 
2019/6/5, 24, 22, 
2019/6/6, 21, 39, 
2019/6/7, 25, 43, 
2019/6/8, 33, 67, 
2019/6/9, 30, 41, 
2019/6/10, 49, 31, 
2019/6/11, 29, 30, 
2019/6/12, 36, 45, 
2019/6/13, 42, 70, 
2019/6/14, 42, 44, 
2019/6/15, 38, 26, 
2019/6/16, 34, 22, 
2019/6/17, 44, 47, 
2019/6/18, 20, 42, 
2019/6/19, 31, 30, 
2019/6/20, 46, 27, 
2019/6/21, 64, 19, 
2019/6/22, 60, 21, 
2019/6/23, 52, 21, 
2019/6/24, 53, 34, 
2019/6/25, 51, 36, 
2019/6/26, 33, 20, 
2019/6/27, 60, 22, 
2019/6/28, 63, 27, 
2019/6/29, 62, 24, 
2019/1/2, 64, 10, 
2019/1/3, 29, 21, 
2019/1/4, 23, 28, 
2019/1/5, 28, 35, 
2019/1/6, 38, 32, 
2019/1/7, 32, 27, 
2019/1/8, 23, 24, 
2019/1/9, 23, 26, 
2019/1/10, 12, 31, 
2019/1/11, 16, 25, 
2019/1/12, 21, 24, 
2019/1/13, 19, 22, 
2019/1/14, 19, 14, 
2019/1/15, 39, 10, 
2019/1/16, 54, 12, 
2019/1/17, 43, 16, 
2019/1/18, 17, 9, 
2019/1/19, 39, 24, 
2019/1/20, 18, 26, 
2019/1/21, 20, 34, 
2019/1/22, 36, 24, 
2019/1/23, 21, 28, 
2019/1/24, 21, 30, 
2019/1/25, 23, 29, 
2019/1/26, 15, 26, 
2019/1/27, 23, 34, 
2019/1/28, 28, 33, 
2019/1/29, 30, 28, 
2019/1/30, 10, 26, 
2019/1/31, 19, 23, 
2019/2/1, 20, 21, 
2019/2/2, 23, 21, 
2019/2/3, 36, , 
2019/2/4, 48, 8, 
2019/2/5, 56, 20, 
2019/2/6, 71, 22, 
2019/2/7, 69, 30, 
2019/2/8, 44, 24, 
2019/2/9, 21, 21, 
2019/2/10, 28, 10, 
2019/2/11, 24, 10, 
2019/2/12, 37, 29, 
2019/2/13, 24, 33, 
2019/2/14, 20, 31, 
2019/2/15, 26, 34, 
2019/2/16, 47, 19, 
2019/2/17, 49, 33, 
2019/2/18, 32, 31, 
2019/2/19, 15, 21, 
2019/2/20, 21, 33, 
2019/2/21, 22, 20, 
2019/2/22, 22, 12, 
2019/2/23, 45, 36, 
2019/2/24, 20, 37, 
2019/2/25, 22, 34, 
2019/2/26, 24, 20, 
2019/2/27, 30, 31, 
2019/2/28, 44, 12, 
2019/3/1, 38, 12, 
2019/3/2, 53, 8, 
2019/3/3, 65, 24, 
2019/3/4, 30, 28, 
2019/3/5, 33, 31, 
2019/3/6, 22, 37, 
2019/3/7, 35, 30, 
2019/3/8, 42, 23, 
2019/3/9, 32, 32, 
2019/3/10, 37, 19, 
2019/3/11, 48, 13, 
2019/3/12, 47, 20, 
2019/3/13, 43, 38, 
2019/3/14, 31, 40, 
2019/3/15, 41, 33, 
2019/3/16, 11, 35, 
2019/3/17, 16, 41, 
2019/3/18, 26, 41, 
2019/3/19, 36, 42, 
2019/3/20, 40, 47, 
2019/3/21, 49, 49, 
2019/3/22, 44, 43, 
2019/3/23, 40, 37, 
2019/3/24, 38, 32, 
2019/3/25, 34, 38, 
2019/3/26, 47, 39, 
2019/3/27, 28, 40, 
2019/3/28, 39, 39, 
2019/3/29, 40, 33, 
2019/3/30, 34, 28, 
2019/3/31, 26, 33, 
2019/4/1, 19, 33, 
2018/10/2, 23, 24, 
2018/10/3, 14, 23, 
2018/10/4, 21, 26, 
2018/10/5, 20, 23, 
2018/10/6, 18, 27, 
2018/10/7, 21, 22, 
2018/10/8, 20, 21, 
2018/10/9, 20, 20, 
2018/10/10, 12, 28, 
2018/10/11, 13, 27, 
2018/10/12, 13, 32, 
2018/10/13, 19, 20, 
2018/10/14, 21, 21, 
2018/10/15, 21, 13, 
2018/10/16, 5, 15, 
2018/10/17, 6, 15, 
2018/10/18, 7, 16, 
2018/10/19, 22, 10, 
2018/10/20, 15, 19, 
2018/10/21, 10, 30, 
2018/10/22, 17, 20, 
2018/10/23, 19, 25, 
2018/10/24, 11, 17, 
2018/10/25, 15, 19, 
2018/10/26, 10, 26, 
2018/10/27, 25, 29, 
2018/10/28, 33, 36, 
2018/10/29, 28, 30, 
2018/10/30, 25, 27, 
2018/10/31, 20, 19, 
2018/11/1, 13, 25, 
2018/11/2, 8, 28, 
2018/11/3, 18, 32, 
2018/11/4, 24, 22, 
2018/11/5, 10, 28, 
2018/11/6, 33, 18, 
2018/11/7, 55, 20, 
2018/11/8, 75, 9, 
2018/11/9, 43, 25, 
2018/11/10, 13, 24, 
2018/11/11, 14, 17, 
2018/11/12, 35, 23, 
2018/11/13, 15, 27, 
2018/11/14, 25, 27, 
2018/11/15, 38, 30, 
2018/11/16, 47, 34, 
2018/11/17, 50, 29, 
2018/11/18, 55, 14, 
2018/11/19, 26, 17, 
2018/11/20, 35, 27, 
2018/11/21, 36, 16, 
2018/11/22, 43, 27, 
2018/11/23, 48, 25, 
2018/11/24, 40, 29, 
2018/11/25, 40, 27, 
2018/11/26, 37, 26, 
2018/11/27, 22, 26, 
2018/11/28, 37, 31, 
2018/11/29, 42, 22, 
2018/11/30, 53, 23, 
2018/12/1, 42, 32, 
2018/12/2, 23, 29, 
2018/12/3, 33, 27, 
2018/12/4, 22, 20, 
2018/12/5, 20, 16, 
2018/12/6, 26, 20, 
2018/12/7, 35, 10, 
2018/12/8, 20, 17, 
2018/12/9, 7, 26, 
2018/12/10, 14, 29, 
2018/12/11, 22, 27, 
2018/12/12, 34, 20, 
2018/12/13, 26, 27, 
2018/12/14, 24, 27, 
2018/12/15, 13, 29, 
2018/12/16, 23, 26, 
2018/12/17, 37, 28, 
2018/12/18, 32, 25, 
2018/12/19, 32, 27, 
2018/12/20, 36, 29, 
2018/12/21, 18, 27, 
2018/12/22, 19, 34, 
2018/12/23, 38, 30, 
2018/12/24, 29, 22, 
2018/12/25, 38, 26, 
2018/12/26, 21, 24, 
2018/12/27, 20, 28, 
2018/12/28, 16, 22, 
2018/12/29, 15, 16, 
2018/12/30, 22, 15, 
2018/12/31, 37, , 
2018/7/2, 93, 26, 
2018/7/3, 67, 29, 
2018/7/4, 69, 28, 
2018/7/5, 57, 30, 
2018/7/6, 35, 38, 
2018/7/7, 35, 38, 
2018/7/8, 23, 37, 
2018/7/9, 21, 20, 
2018/7/10, 33, 25, 
2018/7/11, 56, 28, 
2018/7/12, 49, 29, 
2018/7/13, 54, 25, 
2018/7/14, 44, 24, 
2018/7/15, 40, 21, 
2018/7/16, 87, 23, 
2018/7/17, 95, 29, 
2018/7/18, 69, 31, 
2018/7/19, 57, 34, 
2018/7/20, 54, 32, 
2018/7/21, 55, 29, 
2018/7/22, 59, 31, 
2018/7/23, 64, 45, 
2018/7/24, 43, 53, 
2018/7/25, 54, 55, 
2018/7/26, 51, 62, 
2018/7/27, 41, 61, 
2018/7/28, 48, 35, 
2018/7/29, 65, 35, 
2018/7/30, 50, 41, 
2018/7/31, 37, 49, 
2018/8/1, 33, 56, 
2018/8/2, 21, 76, 
2018/8/3, 26, 58, 
2018/8/4, 31, 33, 
2018/8/5, 24, 23, 
2018/8/6, 40, 38, 
2018/8/7, 19, 28, 
2018/8/8, 21, 30, 
2018/8/9, 18, 32, 
2018/8/10, 21, 34, 
2018/8/11, 35, 23, 
2018/8/12, 35, 17, 
2018/8/13, 59, 20, 
2018/8/14, 67, 23, 
2018/8/15, 66, 27, 
2018/8/16, 41, 26, 
2018/8/17, 41, 26, 
2018/8/18, 40, 29, 
2018/8/19, 43, 29, 
2018/8/20, 30, 33, 
2018/8/21, 26, 30, 
2018/8/22, 24, 34, 
2018/8/23, 23, 36, 
2018/8/24, 28, 29, 
2018/8/25, 25, 28, 
2018/8/26, 23, 28, 
2018/8/27, 29, 27, 
2018/8/28, 24, 26, 
2018/8/29, 25, 25, 
2018/8/30, 24, 34, 
2018/8/31, 18, 37, 
2018/9/1, 12, 38, 
2018/9/2, 13, 33, 
2018/9/3, 24, 29, 
2018/9/4, 25, 27, 
2018/9/5, 16, 32, 
2018/9/6, 14, 25, 
2018/9/7, 13, 24, 
2018/9/8, 10, 14, 
2018/9/9, 11, 21, 
2018/9/10, 5, 17, 
2018/9/11, 13, 23, 
2018/9/12, 16, 28, 
2018/9/13, 8, 20, 
2018/9/14, 14, 21, 
2018/9/15, 12, 20, 
2018/9/16, 9, 19, 
2018/9/17, 10, 26, 
2018/9/18, 14, 21, 
2018/9/19, 22, 22, 
2018/9/20, 23, 19, 
2018/9/21, 19, 15, 
2018/9/22, 17, 17, 
2018/9/23, 8, 16, 
2018/9/24, 6, 32, 
2018/9/25, 22, 19, 
2018/9/26, 25, 24, 
2018/9/27, 32, 39, 
2018/9/28, 16, 33, 
2018/9/29, 37, 19, 
2018/9/30, 21, 26, 
2018/10/1, 20, 24, 
2018/4/2, 29, 26, 2
2018/4/3, 35, 35, 3
2018/4/4, 45, 39, 2
2018/4/5, 12, 34, 4
2018/4/6, 29, 24, 3
2018/4/7, 40, 23, 1
2018/4/8, 17, 33, 3
2018/4/9, 24, 28, 4
2018/4/10, 39, 44, 3
2018/4/11, 28, 48, 7
2018/4/12, 29, 34, 2
2018/4/13, 34, 32, 2
2018/4/14, 53, 39, 1
2018/4/15, 28, 44, 4
2018/4/16, 26, 44, 5
2018/4/17, 29, 42, 4
2018/4/18, 34, 50, 3
2018/4/19, 42, 44, 3
2018/4/20, 21, 37, 6
2018/4/21, 36, 32, 4
2018/4/22, 41, 40, 2
2018/4/23, 13, 64, 7
2018/4/24, 26, 55, 8
2018/4/25, 29, 43, 5
2018/4/26, 24, 47, 5
2018/4/27, 14, 50, 7
2018/4/28, 26, 58, 7
2018/4/29, 35, 54, 3
2018/4/30, 30, 36, 2
2018/5/1, 27, 26, 3
2018/5/2, 38, 24, 2
2018/5/3, 48, 29, 2
2018/5/4, 54, 30, 
2018/5/5, 26, 40, 
2018/5/6, 16, 54, 
2018/5/7, 30, 66, 
2018/5/8, 37, 46, 
2018/5/9, 29, 44, 
2018/5/10, 31, 44, 
2018/5/11, 33, 26, 
2018/5/12, 34, , 
2018/5/13, 46, , 
2018/5/14, 52, 29, 
2018/5/15, 36, 37, 
2018/5/16, 39, 47, 
2018/5/17, 35, 46, 
2018/5/18, 28, 38, 
2018/5/19, 40, 30, 
2018/5/20, 39, 30, 
2018/5/21, 30, 40, 
2018/5/22, 17, 31, 
2018/5/23, 21, 35, 
2018/5/24, 18, 43, 
2018/5/25, 21, 41, 
2018/5/26, 24, 41, 
2018/5/27, 22, 45, 
2018/5/28, 21, 49, 
2018/5/29, 24, 44, 
2018/5/30, 22, 34, 
2018/5/31, 20, 35, 
2018/6/1, 26, 34, 
2018/6/2, 56, 35, 
2018/6/3, 44, 38, 
2018/6/4, 37, 41, 
2018/6/5, 23, 36, 
2018/6/6, 32, 39, 
2018/6/7, 34, 32, 
2018/6/8, 34, 28, 
2018/6/9, 37, 25, 
2018/6/10, 54, 24, 
2018/6/11, 69, 26, 
2018/6/12, 56, 26, 
2018/6/13, 40, 27, 
2018/6/14, 33, 29, 
2018/6/15, 21, 27, 
2018/6/16, 27, 25, 
2018/6/17, 37, 27, 
2018/6/18, 24, 27, 
2018/6/19, 13, 15, 
2018/6/20, 12, 23, 
2018/6/21, 12, 27, 
2018/6/22, 34, 31, 
2018/6/23, 54, 27, 
2018/6/24, 45, 26, 
2018/6/25, 38, 27, 
2018/6/26, 33, 23, 
2018/6/27, 33, 24, 
2018/6/28, 30, 23, 
2018/6/29, 33, 22, 
2018/6/30, 62, 23, 
2018/7/1, 88, 23, 
2018/1/2, 15, 20, 3
2018/1/3, 19, 25, 11
2018/1/4, 23, 28, 14
2018/1/5, 19, 29, 19
2018/1/6, 29, 29, 14
2018/1/7, 41, 27, 5
2018/1/8, 23, 28, 8
2018/1/9, 13, 25, 17
2018/1/10, 25, 33, 6
2018/1/11, 31, 24, 4
2018/1/12, 25, 29, 4
2018/1/13, 13, 27, 5
2018/1/14, 20, 33, 13
2018/1/15, 37, 29, 10
2018/1/16, 29, 27, 1
2018/1/17, 10, 25, 5
2018/1/18, 19, 19, 10
2018/1/19, 22, 21, 12
2018/1/20, 26, 20, 5
2018/1/21, 22, 21, 5
2018/1/22, 44, 30, 6
2018/1/23, 16, 26, 17
2018/1/24, 22, 29, 16
2018/1/25, 24, 32, 15
2018/1/26, 35, 26, 10
2018/1/27, 29, 22, 3
2018/1/28, 16, 31, 4
2018/1/29, 22, 33, 6
2018/1/30, 15, 29, 11
2018/1/31, 22, 33, 6
2018/2/1, 23, 33, 5
2018/2/2, 28, 27, 4
2018/2/3, 17, 20, 7
2018/2/4, 25, 38, 5
2018/2/5, 37, 19, 4
2018/2/6, 43, 9, 8
2018/2/7, 40, 20, 4
2018/2/8, 23, 19, 8
2018/2/9, 32, 14, 14
2018/2/10, 44, 13, 6
2018/2/11, 25, 21, 2
2018/2/12, 22, 25, 6
2018/2/13, 23, 6, 9
2018/2/14, 46, 12, 7
2018/2/15, 24, 15, 6
2018/2/16, 28, 27, 4
2018/2/17, 28, 20, 5
2018/2/18, 32, 22, 4
2018/2/19, 29, 20, 2
2018/2/20, 37, 17, 2
2018/2/21, 39, 15, 2
2018/2/22, 14, 12, 3
2018/2/23, 26, 9, 7
2018/2/24, 22, 12, 4
2018/2/25, 37, 29, 5
2018/2/26, 19, 37, 6
2018/2/27, 19, 22, 4
2018/2/28, 31, 26, 4
2018/3/1, 35, 30, 3
2018/3/2, 25, 36, 4
2018/3/3, 28, 29, 4
2018/3/4, 39, 23, 2
2018/3/5, 28, 34, 3
2018/3/6, 26, 43, 3
2018/3/7, 11, 38, 6
2018/3/8, 22, 42, 8
2018/3/9, 30, 36, 5
2018/3/10, 33, 36, 5
2018/3/11, 27, 35, 2
2018/3/12, 36, 39, 2
2018/3/13, 25, 42, 7
2018/3/14, 29, 50, 6
2018/3/15, 47, 38, 4
2018/3/16, 38, 36, 5
2018/3/17, 29, 29, 2
2018/3/18, 54, 33, 1
2018/3/19, 53, 41, 
2018/3/20, 27, 36, 1
2018/3/21, 15, 48, 
2018/3/22, 24, 43, 2
2018/3/23, 29, 34, 3
2018/3/24, 32, 29, 3
2018/3/25, 44, 30, 2
2018/3/26, 43, 32, 2
2018/3/27, 47, 25, 2
2018/3/28, 43, 27, 2
2018/3/29, 18, 35, 1
2018/3/30, 18, 42, 4
2018/3/31, 22, 42, 2
2018/4/1, 30, 36, 1
2017/10/2, 46, 45, 5
2017/10/3, 42, 21, 3
2017/10/4, 22, 27, 3
2017/10/5, 18, 35, 5
2017/10/6, 22, 45, 5
2017/10/7, 29, 29, 4
2017/10/8, 27, 36, 4
2017/10/9, 33, 31, 4
2017/10/10, 30, 22, 2
2017/10/11, 16, 34, 6
2017/10/12, 19, 35, 11
2017/10/13, 41, 25, 4
2017/10/14, 33, 31, 3
2017/10/15, 39, 32, 1
2017/10/16, 12, 32, 4
2017/10/17, 13, 44, 12
2017/10/18, 26, 47, 13
2017/10/19, 37, 35, 8
2017/10/20, 39, 26, 7
2017/10/21, 27, 23, 2
2017/10/22, 19, 32, 2
2017/10/23, 13, 39, 10
2017/10/24, 21, 31, 8
2017/10/25, 13, 32, 11
2017/10/26, 15, 37, 9
2017/10/27, 22, 26, 3
2017/10/28, 19, 31, 5
2017/10/29, 19, 37, 9
2017/10/30, 26, 39, 12
2017/10/31, 29, 22, 6
2017/11/1, 23, 31, 8
2017/11/2, 33, 26, 7
2017/11/3, 58, 27, 7
2017/11/4, 54, 22, 4
2017/11/5, 42, 24, 4
2017/11/6, 33, 26, 5
2017/11/7, 25, 28, 3
2017/11/8, 32, 18, 2
2017/11/9, 14, 12, 2
2017/11/10, 17, 18, 7
2017/11/11, 28, 26, 6
2017/11/12, 28, 19, 4
2017/11/13, 15, 31, 7
2017/11/14, 27, 26, 7
2017/11/15, 26, 27, 5
2017/11/16, 27, 27, 9
2017/11/17, 25, 23, 3
2017/11/18, 20, 30, 2
2017/11/19, 20, 30, 5
2017/11/20, 16, 34, 12
2017/11/21, 24, 29, 7
2017/11/22, 27, 28, 
2017/11/23, 21, 32, 10
2017/11/24, 29, 41, 14
2017/11/25, 31, 41, 11
2017/11/26, 41, 41, 6
2017/11/27, 39, 40, 11
2017/11/28, 38, 36, 9
2017/11/29, 29, 26, 10
2017/11/30, 21, 32, 16
2017/12/1, 39, 41, 16
2017/12/2, 37, 38, 9
2017/12/3, 46, 22, 4
2017/12/4, 33, 23, 5
2017/12/5, 20, 23, 3
2017/12/6, 14, 24, 3
2017/12/7, 15, 23, 3
2017/12/8, 9, 23, 8
2017/12/9, 17, 32, 8
2017/12/10, 22, 28, 13
2017/12/11, 24, 25, 15
2017/12/12, 21, 29, 9
2017/12/13, 16, 20, 17
2017/12/14, 22, 28, 12
2017/12/15, 33, 24, 7
2017/12/16, 24, 18, 10
2017/12/17, 31, 14, 7
2017/12/18, 21, 8, 11
2017/12/19, 28, 8, 7
2017/12/20, 13, 22, 7
2017/12/21, 15, 27, 8
2017/12/22, 39, 14, 3
2017/12/23, 40, 22, 6
2017/12/24, 22, 5, 5
2017/12/25, 30, , 5
2017/12/26, 36, , 6
2017/12/27, 30, , 2
2017/12/28, 20, 8, 7
2017/12/29, 33, 7, 11
2017/12/30, 38, 20, 5
2017/12/31, 29, 7, 2
2018/1/1, 21, 21, 1
2017/7/2, 75, 23, 1
2017/7/3, 53, 23, 1
2017/7/4, 32, 23, 1
2017/7/5, 38, 27, 1
2017/7/6, 30, 30, 2
2017/7/7, 30, 31, 3
2017/7/8, 24, 30, 2
2017/7/9, 18, 26, 2
2017/7/10, 20, 25, 2
2017/7/11, 34, 21, 2
2017/7/12, 38, 16, 3
2017/7/13, 35, 24, 3
2017/7/14, 29, 33, 3
2017/7/15, 26, 38, 3
2017/7/16, 26, 42, 3
2017/7/17, 19, 46, 4
2017/7/18, 17, 26, 3
2017/7/19, 40, 24, 3
2017/7/20, 24, 27, 2
2017/7/21, 36, 23, 2
2017/7/22, 42, 26, 2
2017/7/23, 30, 29, 2
2017/7/24, 35, 27, 2
2017/7/25, 74, 24, 2
2017/7/26, 63, 27, 2
2017/7/27, 26, 31, 3
2017/7/28, 15, 28, 3
2017/7/29, 33, 36, 3
2017/7/30, 28, 40, 4
2017/7/31, 35, 55, 5
2017/8/1, 37, 66, 5
2017/8/2, 39, 42, 4
2017/8/3, 39, 55, 6
2017/8/4, 31, 63, 4
2017/8/5, 26, 29, 2
2017/8/6, 36, 24, 1
2017/8/7, 52, 38, 5
2017/8/8, 19, 38, 5
2017/8/9, 22, 48, 5
2017/8/10, 38, 26, 3
2017/8/11, 30, 26, 3
2017/8/12, 27, 25, 2
2017/8/13, 25, 24, 2
2017/8/14, 32, 22, 2
2017/8/15, 49, 24, 2
2017/8/16, 38, 23, 2
2017/8/17, 38, 23, 2
2017/8/18, 47, 29, 3
2017/8/19, 37, 30, 2
2017/8/20, 27, 24, 1
2017/8/21, 27, 35, 3
2017/8/22, 23, 35, 3
2017/8/23, 20, 41, 4
2017/8/24, 22, 31, 7
2017/8/25, 27, 21, 5
2017/8/26, 27, , 
2017/8/30, 28, 37, 4
2017/8/31, 30, 39, 7
2017/9/1, 28, 37, 9
2017/9/2, 41, , 5
2017/9/3, 37, , 4
2017/9/4, 46, , 3
2017/9/5, 38, 12, 3
2017/9/6, 15, , 
2017/9/10, 29, , 
2017/9/11, 32, 38, 6
2017/9/12, 40, 46, 7
2017/9/13, 38, 55, 10
2017/9/14, 48, 42, 4
2017/9/15, 44, 41, 3
2017/9/16, 34, 37, 3
2017/9/17, 38, 31, 2
2017/9/18, 42, 27, 4
2017/9/19, 29, 20, 3
2017/9/20, 42, 22, 2
2017/9/21, 40, 20, 3
2017/9/22, 31, 28, 4
2017/9/23, 26, 33, 3
2017/9/24, 31, 27, 2
2017/9/25, 33, 22, 4
2017/9/26, 29, 12, 6
2017/9/27, 19, 18, 5
2017/9/28, 18, 20, 4
2017/9/29, 38, 23, 4
2017/9/30, 33, 47, 4
2017/10/1, 45, 51, 5
2017/4/2, 43, 31, 2
2017/4/3, 26, 41, 7
2017/4/4, 18, 44, 10
2017/4/5, 36, 36, 3
2017/4/6, 25, 47, 10
2017/4/7, 19, 51, 7
2017/4/8, 26, 40, 3
2017/4/9, 30, 33, 
2017/4/10, 33, 26, 2
2017/4/11, 51, 27, 3
2017/4/12, 31, 39, 3
2017/4/13, 21, 33, 2
2017/4/14, 27, 34, 2
2017/4/15, 23, 28, 1
2017/4/16, 30, 29, 1
2017/4/17, 42, 32, 4
2017/4/18, 26, 40, 4
2017/4/19, 20, 43, 3
2017/4/20, 26, 33, 2
2017/4/21, 35, 29, 1
2017/4/22, 33, 29, 1
2017/4/23, 18, 40, 2
2017/4/24, 12, 47, 7
2017/4/25, 23, 38, 3
2017/4/26, 39, 47, 2
2017/4/27, 30, 48, 4
2017/4/28, 22, 44, 2
2017/4/29, 72, 39, 1
2017/4/30, 83, 41, 2
2017/5/1, 13, 46, 6
2017/5/2, 18, 47, 4
2017/5/3, 23, 40, 2
2017/5/4, 54, 38, 3
2017/5/5, 9, 44, 7
2017/5/6, 18, 56, 7
2017/5/7, 31, 65, 3
2017/5/8, 29, 35, 3
2017/5/9, 25, 34, 3
2017/5/10, 45, 29, 2
2017/5/11, 55, 28, 6
2017/5/12, 66, 41, 4
2017/5/13, 21, 53, 5
2017/5/14, 29, 50, 2
2017/5/15, 33, 39, 2
2017/5/16, 28, 28, 2
2017/5/17, 29, 38, 3
2017/5/18, 43, 29, 2
2017/5/19, 62, 26, 2
2017/5/20, 46, 21, 2
2017/5/21, 38, 26, 2
2017/5/22, 26, 27, 2
2017/5/23, 21, 35, 3
2017/5/24, 18, 41, 4
2017/5/25, 12, 44, 5
2017/5/26, 31, 33, 2
2017/5/27, 48, 32, 1
2017/5/28, 80, 32, 2
2017/5/29, 60, 38, 2
2017/5/30, 21, 42, 5
2017/5/31, 29, 34, 5
2017/6/1, 39, 31, 4
2017/6/2, 29, 28, 3
2017/6/3, 37, 32, 2
2017/6/4, 20, 32, 2
2017/6/5, 15, 38, 3
2017/6/6, 18, 39, 2
2017/6/7, 20, 50, 6
2017/6/8, 28, 72, 8
2017/6/9, 45, 45, 2
2017/6/10, 39, 43, 2
2017/6/11, 26, 38, 1
2017/6/12, 23, 36, 2
2017/6/13, 20, 28, 1
2017/6/14, 42, 21, 1
2017/6/15, 35, 25, 1
2017/6/16, 33, 25, 1
2017/6/17, 35, 26, 1
2017/6/18, 35, 25, 
2017/6/19, 27, 32, 2
2017/6/20, 27, 41, 4
2017/6/21, 39, 43, 2
2017/6/22, 28, 44, 4
2017/6/23, 30, 39, 2
2017/6/24, 46, 38, 2
2017/6/25, 46, 27, 2
2017/6/26, 39, 31, 3
2017/6/27, 18, 23, 4
2017/6/28, 16, 30, 3
2017/6/29, 15, 32, 3
2017/6/30, 30, 22, 1
2017/7/1, 51, 22, 1
2017/1/3, 20, 30, 10
2017/1/4, 11, 17, 6
2017/1/5, 16, 22, 6
2017/1/6, 31, 23, 3
2017/1/7, 21, 31, 6
2017/1/8, 27, 29, 13
2017/1/9, 37, 29, 14
2017/1/10, 35, 25, 11
2017/1/11, 25, 30, 5
2017/1/12, 39, 27, 4
2017/1/13, 36, 26, 4
2017/1/14, 31, 20, 7
2017/1/15, 34, 22, 3
2017/1/16, 34, 21, 5
2017/1/17, 11, 16, 4
2017/1/18, 19, 14, 4
2017/1/19, 12, 22, 8
2017/1/20, 29, 17, 18
2017/1/21, 36, 31, 7
2017/1/22, 27, 37, 2
2017/1/23, 13, 31, 14
2017/1/24, 16, 33, 13
2017/1/25, 38, 33, 5
2017/1/26, 26, 28, 8
2017/1/27, 18, 31, 9
2017/1/28, 20, 33, 5
2017/1/29, 19, 35, 7
2017/1/30, 16, 34, 17
2017/1/31, 17, 39, 17
2017/2/1, 31, 35, 21
2017/2/2, 49, 29, 6
2017/2/3, 34, 22, 5
2017/2/4, 45, 21, 9
2017/2/5, 50, 14, 10
2017/2/6, 58, 18, 6
2017/2/7, 38, 26, 9
2017/2/8, 32, 30, 10
2017/2/9, 21, 31, 6
2017/2/10, 26, 35, 10
2017/2/11, 50, 27, 5
2017/2/12, 61, 30, 2
2017/2/13, 47, 28, 4
2017/2/14, 47, 23, 2
2017/2/15, 12, 31, 7
2017/2/16, 9, 34, 16
2017/2/17, 17, 35, 13
2017/2/18, 26, 39, 6
2017/2/19, 32, 23, 2
2017/2/20, 66, 30, 7
2017/2/21, 13, 35, 6
2017/2/22, 8, 36, 16
2017/2/23, 26, 43, 15
2017/2/24, 39, 35, 5
2017/2/25, 26, 34, 4
2017/2/26, 19, 35, 7
2017/2/27, 45, 29, 5
2017/2/28, 61, 23, 8
2017/3/1, 86, 33, 7
2017/3/2, 22, 39, 4
2017/3/3, 13, 37, 7
2017/3/4, 21, 34, 4
2017/3/5, 22, 23, 6
2017/3/6, 17, 21, 3
2017/3/7, 32, 33, 4
2017/3/8, 41, 29, 9
2017/3/9, 36, 19, 6
2017/3/10, 23, 21, 6
2017/3/11, 21, 21, 4
2017/3/12, 14, 19, 2
2017/3/13, 16, 29, 5
2017/3/14, 20, 36, 9
2017/3/15, 21, 38, 8
2017/3/16, 27, 32, 5
2017/3/17, 28, 33, 2
2017/3/18, 30, 32, 4
2017/3/19, 38, 34, 2
2017/3/20, 36, 35, 4
2017/3/21, 24, 33, 4
2017/3/22, 30, 35, 3
2017/3/23, 37, 32, 2
2017/3/24, 26, 26, 12
2017/3/25, 39, 40, 6
2017/3/26, 28, 40, 2
2017/3/27, 62, 36, 5
2017/3/28, 63, 35, 3
2017/3/29, 59, 39, 6
2017/3/30, 23, 37, 7
2017/3/31, 13, 43, 6
2017/4/1, 22, 32, 2
2016/10/2, 40, 68, 8
2016/10/3, 48, 59, 10
2016/10/4, 50, 32, 5
2016/10/5, 21, 31, 4
2016/10/6, 20, 26, 3
2016/10/7, 17, 21, 4
2016/10/8, 19, 32, 3
2016/10/9, 24, 40, 6
2016/10/10, 26, 57, 11
2016/10/11, 39, 62, 14
2016/10/12, 42, 38, 14
2016/10/13, 37, 31, 
2016/10/14, 17, 32, 
2016/10/15, 23, 26, 
2016/10/16, 17, 25, 
2016/10/17, 14, 22, 
2016/10/18, 19, 22, 
2016/10/19, 23, 21, 
2016/10/20, 18, 34, 
2016/10/21, 15, 36, 
2016/10/22, 18, 45, 
2016/10/23, 34, 39, 
2016/10/24, 32, 34, 
2016/10/25, 25, 35, 
2016/10/26, 21, 35, 
2016/10/27, 21, 34, 
2016/10/28, 25, 33, 
2016/10/29, 31, 35, 7
2016/10/30, 33, 39, 9
2016/10/31, 31, 31, 9
2016/11/1, 31, 23, 5
2016/11/2, 20, 14, 4
2016/11/3, 20, 23, 4
2016/11/4, 12, 18, 4
2016/11/5, 27, 32, 4
2016/11/6, 52, 25, 5
2016/11/7, 27, 19, 8
2016/11/8, 26, 22, 4
2016/11/9, 9, 16, 3
2016/11/10, 12, 22, 5
2016/11/11, 39, 23, 8
2016/11/12, 35, 26, 7
2016/11/13, 26, 33, 10
2016/11/14, 39, 26, 11
2016/11/15, 32, 28, 13
2016/11/16, 26, 34, 12
2016/11/17, 25, 28, 5
2016/11/18, 27, 27, 4
2016/11/19, 19, 28, 5
2016/11/20, 22, 31, 13
2016/11/21, 33, 31, 11
2016/11/22, 30, 21, 7
2016/11/23, 21, 21, 7
2016/11/24, 16, 28, 9
2016/11/25, 35, 22, 4
2016/11/26, 34, 25, 6
2016/11/27, 39, 28, 4
2016/11/28, 25, 26, 9
2016/11/29, 15, 41, 12
2016/11/30, 18, 44, 8
2016/12/1, 14, 31, 12
2016/12/2, 21, 23, 8
2016/12/3, 27, 19, 3
2016/12/4, 12, 16, 2
2016/12/5, 11, 15, 5
2016/12/6, 10, 16, 6
2016/12/7, 18, 8, 10
2016/12/8, 34, 19, 3
2016/12/9, 20, 19, 8
2016/12/10, 17, 12, 16
2016/12/11, 38, 15, 5
2016/12/12, 18, 15, 10
2016/12/13, 24, 18, 7
2016/12/14, 27, 17, 10
2016/12/15, 46, 14, 10
2016/12/16, 52, 19, 8
2016/12/17, 34, 15, 6
2016/12/18, 29, 23, 1
2016/12/19, 14, 27, 3
2016/12/20, 15, 22, 12
2016/12/21, 24, 32, 16
2016/12/22, 40, 29, 8
2016/12/23, 34, 23, 12
2016/12/24, 52, 16, 3
2016/12/25, 28, 17, 2
2016/12/26, 29, 17, 3
2016/12/27, 36, 14, 8
2016/12/28, 30, 17, 5
2016/12/29, 28, 29, 4
2016/12/30, 13, 26, 7
2016/12/31, 12, 26, 9
2017/1/1, 37, 28, 6
2017/1/2, 83, 29, 8
2016/7/2, 39, 19, 1
2016/7/3, 61, 20, 
2016/7/4, 53, 25, 1
2016/7/5, 36, 28, 1
2016/7/6, 42, 23, 1
2016/7/7, 41, 23, 1
2016/7/8, 49, 21, 1
2016/7/9, 53, 23, 1
2016/7/10, 55, 20, 1
2016/7/11, 82, 20, 1
2016/7/12, 86, 22, 1
2016/7/13, 50, 23, 1
2016/7/14, 49, 24, 2
2016/7/15, 40, 22, 2
2016/7/16, 77, 24, 2
2016/7/17, 51, 27, 1
2016/7/18, 24, 27, 2
2016/7/19, 25, 25, 2
2016/7/20, 27, 28, 2
2016/7/21, 22, 33, 2
2016/7/22, 28, 37, 3
2016/7/23, 25, 27, 2
2016/7/24, 22, 26, 2
2016/7/25, 22, 32, 3
2016/7/26, 29, 23, 8
2016/7/27, 32, 15, 7
2016/7/28, 46, 23, 5
2016/7/29, 35, 30, 5
2016/7/30, 28, 25, 2
2016/7/31, 25, 23, 1
2016/8/1, 33, 24, 2
2016/8/2, 66, 25, 2
2016/8/3, 50, 30, 3
2016/8/4, 29, 27, 2
2016/8/5, 25, 28, 2
2016/8/6, 25, 23, 1
2016/8/7, 52, 21, 1
2016/8/8, 41, 26, 2
2016/8/9, 35, 27, 2
2016/8/10, 32, 25, 2
2016/8/11, 41, 27, 2
2016/8/12, 44, 34, 2
2016/8/13, 57, 35, 3
2016/8/14, 32, 28, 4
2016/8/15, 30, 13, 6
2016/8/16, 14, 19, 6
2016/8/17, 16, 19, 4
2016/8/18, 17, 21, 4
2016/8/19, 26, 22, 2
2016/8/20, 41, 18, 3
2016/8/21, 42, 23, 2
2016/8/22, 22, 18, 3
2016/8/23, 32, 21, 2
2016/8/24, 47, 23, 2
2016/8/25, 42, 22, 2
2016/8/26, 32, 30, 3
2016/8/27, 24, 44, 3
2016/8/28, 28, 34, 3
2016/8/29, 36, 29, 2
2016/8/30, 20, 25, 4
2016/8/31, 27, 33, 4
2016/9/1, 33, 45, 5
2016/9/2, 51, 36, 4
2016/9/3, 44, 53, 4
2016/9/4, 50, 37, 2
2016/9/5, 39, 20, 1
2016/9/6, 19, 19, 2
2016/9/7, 33, 21, 2
2016/9/8, 67, 23, 3
2016/9/9, 77, 21, 3
2016/9/10, 67, 32, 2
2016/9/11, 20, 43, 2
2016/9/12, 22, 37, 6
2016/9/13, 36, 36, 5
2016/9/14, 32, 36, 4
2016/9/15, 28, 39, 6
2016/9/16, 34, 45, 5
2016/9/17, 35, 35, 5
2016/9/18, 34, 30, 3
2016/9/19, 35, 29, 3
2016/9/20, 25, 36, 5
2016/9/21, 25, 46, 7
2016/9/22, 39, 38, 6
2016/9/23, 37, 27, 3
2016/9/24, 20, 19, 2
2016/9/25, 20, 21, 2
2016/9/26, 16, 20, 3
2016/9/27, 11, 22, 3
2016/9/28, 29, 35, 6
2016/9/29, 32, 38, 7
2016/9/30, 29, 34, 7
2016/10/1, 25, 50, 11
2016/4/2, 23, 27, 5
2016/4/3, 18, , 6
2016/4/4, 25, 47, 8
2016/4/5, 28, 47, 6
2016/4/6, 30, 37, 6
2016/4/7, 38, 36, 11
2016/4/8, 26, 55, 12
2016/4/9, 36, 43, 4
2016/4/10, 30, 37, 1
2016/4/11, 36, 35, 4
2016/4/12, 45, 23, 2
2016/4/13, 33, 24, 3
2016/4/14, 17, 37, 3
2016/4/15, 24, 47, 5
2016/4/16, 42, 28, 2
2016/4/17, 42, 24, 2
2016/4/18, 44, 33, 3
2016/4/19, 7, 38, 4
2016/4/20, 5, 43, 4
2016/4/21, 19, 43, 4
2016/4/22, 22, 44, 4
2016/4/23, 19, 58, 6
2016/4/24, 28, 42, 3
2016/4/25, 26, 32, 3
2016/4/26, 49, 30, 2
2016/4/27, 77, 43, 8
2016/4/28, 48, 35, 3
2016/4/29, 74, 30, 3
2016/4/30, 74, 43, 4
2016/5/1, 38, 35, 2
2016/5/2, 33, 32, 2
2016/5/3, 9, 42, 3
2016/5/4, 12, 44, 8
2016/5/5, 22, 64, 10
2016/5/6, 29, 61, 9
2016/5/7, 35, 44, 4
2016/5/8, 30, 33, 1
2016/5/9, 31, 37, 3
2016/5/10, 36, 42, 2
2016/5/11, 79, 36, 2
2016/5/12, 43, 29, 2
2016/5/13, 38, 45, 4
2016/5/14, 39, 29, 3
2016/5/15, 18, 23, 5
2016/5/16, 9, 31, 3
2016/5/17, 5, 24, 4
2016/5/18, 7, 28, 2
2016/5/19, 5, 29, 2
2016/5/20, 4, 38, 4
2016/5/21, 6, 27, 3
2016/5/22, 14, 20, 2
2016/5/23, 13, 26, 3
2016/5/24, 10, 20, 2
2016/5/25, 33, 24, 3
2016/5/26, 68, 26, 2
2016/5/27, 60, 31, 3
2016/5/28, 45, 27, 3
2016/5/29, 49, 31, 2
2016/5/30, 32, 44, 3
2016/5/31, 29, 19, 4
2016/6/1, 31, 34, 5
2016/6/2, 21, 31, 4
2016/6/3, 15, 32, 8
2016/6/4, 21, 31, 2
2016/6/5, 17, 37, 3
2016/6/6, 16, 40, 3
2016/6/7, 22, 51, 5
2016/6/8, 34, 40, 4
2016/6/9, 34, 45, 4
2016/6/10, 37, 33, 3
2016/6/11, 29, 28, 1
2016/6/12, 41, 22, 1
2016/6/13, 46, 21, 2
2016/6/14, 42, 23, 2
2016/6/15, 53, 25, 2
2016/6/16, 69, 24, 2
2016/6/17, 59, 26, 2
2016/6/18, 45, 30, 1
2016/6/19, 50, 33, 1
2016/6/20, 25, 25, 3
2016/6/21, 43, 25, 3
2016/6/22, 44, 25, 2
2016/6/23, 36, 36, 2
2016/6/24, 23, 27, 2
2016/6/25, 24, 14, 3
2016/6/26, 36, 18, 2
2016/6/27, 44, 31, 3
2016/6/28, 37, 45, 5
2016/6/29, 37, 50, 5
2016/6/30, 25, 48, 6
2016/7/1, 47, 39, 3
2016/1/5, 13, 21, 14
2016/1/6, 28, 17, 12
2016/1/7, 39, 24, 13
2016/1/8, 28, 23, 15
2016/1/9, 44, 30, 2
2016/1/10, 9, 23, 5
2016/1/11, 21, 22, 15
2016/1/12, 31, 32, 13
2016/1/13, 34, 36, 17
2016/1/14, 34, 31, 16
2016/1/15, 30, 31, 12
2016/1/16, 19, 30, 10
2016/1/17, 27, 28, 9
2016/1/18, 19, 30, 14
2016/1/19, 32, 30, 13
2016/1/20, 26, 13, 12
2016/1/21, 30, 28, 8
2016/1/22, 26, 27, 5
2016/1/23, 15, 24, 14
2016/1/24, 28, 36, 8
2016/1/25, 31, 32, 12
2016/1/26, 38, 27, 4
2016/1/27, 14, 28, 7
2016/1/28, 16, 26, 13
2016/1/29, 22, 33, 15
2016/1/30, 24, 37, 12
2016/1/31, 41, 28, 9
2016/2/1, 39, 32, 10
2016/2/2, 50, 32, 5
2016/2/3, 17, 30, 4
2016/2/4, 16, 31, 9
2016/2/5, 17, 36, 15
2016/2/6, 35, 34, 7
2016/2/7, 27, 39, 13
2016/2/8, 40, 33, 6
2016/2/9, 16, 33, 14
2016/2/10, 17, 34, 17
2016/2/11, 22, 40, 16
2016/2/12, 34, 42, 14
2016/2/13, 40, 35, 7
2016/2/14, 34, 28, 4
2016/2/15, 22, 32, 6
2016/2/16, 27, 42, 10
2016/2/17, 36, 46, 7
2016/2/18, 31, 33, 3
2016/2/19, 35, 34, 3
2016/2/20, 40, 25, 2
2016/2/21, 30, 22, 5
2016/2/22, 42, 25, 5
2016/2/23, 27, 31, 3
2016/2/24, 14, 33, 5
2016/2/25, 14, 40, 10
2016/2/26, 19, 37, 9
2016/2/27, 21, 42, 10
2016/2/28, 32, 35, 3
2016/2/29, 23, 34, 4
2016/3/1, 28, 33, 3
2016/3/2, 33, 37, 5
2016/3/3, 26, 36, 4
2016/3/4, 36, 41, 10
2016/3/5, 16, 44, 3
2016/3/6, 36, 33, 2
2016/3/7, 35, 24, 3
2016/3/8, 38, 29, 2
2016/3/9, 61, 27, 3
2016/3/10, 20, 24, 2
2016/3/11, 11, 44, 5
2016/3/12, 15, 36, 6
2016/3/13, 17, 38, 5
2016/3/14, 31, 45, 10
2016/3/15, 33, 43, 8
2016/3/16, 66, 34, 4
2016/3/17, 42, 31, 5
2016/3/18, 55, 38, 4
2016/3/19, 47, 35, 2
2016/3/20, 21, 36, 3
2016/3/21, 19, 39, 10
2016/3/22, 21, 40, 6
2016/3/23, 31, 37, 3
2016/3/24, 37, 35, 4
2016/3/25, 20, 43, 8
2016/3/26, 23, 43, 6
2016/3/27, 38, 29, 2
2016/3/28, 37, 36, 5
2016/3/29, 18, 30, 5
2016/3/30, 47, 15, 4
2016/3/31, 37, 38, 5
2016/4/1, 45, 36, 3
2015/10/2, 51, 48, 4
2015/10/3, 31, 57, 6
2015/10/4, 26, 62, 5
2015/10/5, 35, 37, 5
2015/10/6, 28, 57, 8
2015/10/7, 34, 58, 9
2015/10/8, 46, 36, 4
2015/10/9, 35, 41, 6
2015/10/10, 55, 49, 3
2015/10/11, 50, 49, 8
2015/10/12, 57, 38, 4
2015/10/13, 54, 54, 5
2015/10/14, 24, 58, 7
2015/10/15, 36, 57, 7
2015/10/16, 40, 48, 7
2015/10/17, 29, 58, 7
2015/10/18, 49, 45, 5
2015/10/19, 34, 49, 8
2015/10/20, 36, 42, 6
2015/10/21, 31, 30, 3
2015/10/22, 35, 26, 3
2015/10/23, 18, 20, 4
2015/10/24, 21, 25, 1
2015/10/25, 9, 24, 1
2015/10/26, 15, 28, 4
2015/10/27, 16, 29, 8
2015/10/28, 22, 35, 11
2015/10/29, 24, 40, 9
2015/10/30, 35, 22, 2
2015/10/31, 48, 27, 2
2015/11/1, 26, 28, 6
2015/11/2, 22, 38, 10
2015/11/3, 30, 39, 8
2015/11/4, 26, 31, 6
2015/11/5, 21, 17, 4
2015/11/6, 27, 21, 5
2015/11/7, 19, 25, 1
2015/11/8, 18, 26, 3
2015/11/9, 18, 30, 10
2015/11/10, 30, 22, 9
2015/11/11, 34, 29, 5
2015/11/12, 29, 32, 4
2015/11/13, 15, 25, 6
2015/11/14, 21, 19, 9
2015/11/15, 35, 29, 5
2015/11/16, 31, 25, 5
2015/11/17, 22, 27, 5
2015/11/18, 13, 27, 13
2015/11/19, 26, 34, 15
2015/11/20, 32, 41, 12
2015/11/21, 35, 28, 2
2015/11/22, 18, 30, 6
2015/11/23, 22, 31, 16
2015/11/24, 33, 23, 11
2015/11/25, 27, 26, 7
2015/11/26, 21, 24, 2
2015/11/27, 23, 24, 2
2015/11/28, 20, 12, 1
2015/11/29, 7, 7, 2
2015/11/30, 11, 6, 4
2015/12/1, 15, 17, 8
2015/12/2, 17, 24, 10
2015/12/3, 27, 27, 11
2015/12/4, 20, 29, 13
2015/12/5, 32, 31, 14
2015/12/6, 41, 30, 9
2015/12/7, 38, 31, 10
2015/12/8, 26, 34, 16
2015/12/9, 44, 32, 15
2015/12/10, 44, 26, 13
2015/12/11, 52, 21, 9
2015/12/12, 57, 19, 3
2015/12/13, 50, 28, 5
2015/12/14, 14, 28, 12
2015/12/15, 18, 26, 10
2015/12/16, 32, 32, 6
2015/12/17, 11, 26, 11
2015/12/18, 19, 23, 11
2015/12/19, 24, 34, 10
2015/12/20, 37, 23, 5
2015/12/21, 23, 20, 9
2015/12/22, 30, 34, 8
2015/12/23, 33, 24, 9
2015/12/24, 30, 23, 12
2015/12/25, 55, 16, 5
2015/12/26, 63, 17, 2
2015/12/27, 51, 19, 1
2015/12/28, 16, 23, 2
2015/12/29, 12, 18, 8
2015/12/30, 22, 21, 6
2015/12/31, 29, 23, 4
2016/1/1, 26, , 
2016/1/4, 21, 30, 9
2015/7/2, 30, 22, 1
2015/7/3, 59, 22, 
2015/7/4, 68, 19, 
2015/7/5, 53, 17, 
2015/7/6, 61, 19, 
2015/7/7, 69, 17, 
2015/7/8, 62, 22, 
2015/7/9, 83, 20, 1
2015/7/10, 84, 22, 1
2015/7/11, 71, 24, 
2015/7/12, 63, 22, 1
2015/7/13, 39, 25, 2
2015/7/14, 58, 28, 2
2015/7/15, 58, 29, 1
2015/7/16, 28, 30, 1
2015/7/17, 32, 27, 1
2015/7/18, 35, 21, 
2015/7/19, 36, 24, 1
2015/7/20, 52, 24, 1
2015/7/21, 44, 24, 1
2015/7/22, 40, 26, 1
2015/7/23, 54, 27, 1
2015/7/24, 51, 29, 1
2015/7/25, 51, 31, 1
2015/7/26, 35, 33, 1
2015/7/27, 51, 27, 2
2015/7/28, 51, 27, 1
2015/7/29, 61, 28, 2
2015/7/30, 57, 47, 3
2015/7/31, 51, 40, 3
2015/8/1, 53, 66, 
2015/8/2, 46, 63, 
2015/8/3, 45, 68, 
2015/8/4, 44, 29, 2
2015/8/5, 59, 27, 
2015/8/6, 37, 27, 3
2015/8/7, 57, 30, 
2015/8/8, 41, 26, 
2015/8/9, 60, 28, 1
2015/8/10, 43, 41, 2
2015/8/11, 36, 45, 4
2015/8/12, 39, 44, 6
2015/8/13, 48, 71, 7
2015/8/14, 50, 58, 6
2015/8/15, 40, 70, 5
2015/8/16, 42, 56, 3
2015/8/17, 44, 52, 3
2015/8/18, 19, 34, 1
2015/8/19, 29, 39, 1
2015/8/20, 36, 33, 4
2015/8/21, 38, 41, 6
2015/8/22, 34, 28, 
2015/8/23, 35, 27, 1
2015/8/24, 28, 36, 3
2015/8/25, 27, 45, 3
2015/8/26, 30, 45, 4
2015/8/27, 33, 77, 4
2015/8/28, 53, 73, 5
2015/8/29, 50, 79, 3
2015/8/30, 46, 59, 1
2015/8/31, 30, 39, 2
2015/9/1, 26, 37, 3
2015/9/2, 13, 45, 3
2015/9/3, 11, 44, 3
2015/9/4, 16, 31, 2
2015/9/5, 29, 23, 1
2015/9/6, 52, 22, 1
2015/9/7, 43, 26, 1
2015/9/8, 41, 27, 1
2015/9/9, 42, 33, 3
2015/9/10, 39, 35, 4
2015/9/11, 55, 31, 4
2015/9/12, 40, 43, 3
2015/9/13, 20, 47, 4
2015/9/14, 28, 48, 4
2015/9/15, 23, 32, 3
2015/9/16, 36, 28, 1
2015/9/17, 20, 30, 2
2015/9/18, 24, 29, 3
2015/9/19, 21, 36, 
2015/9/20, 21, 37, 2
2015/9/21, 25, 42, 3
2015/9/22, 23, 47, 6
2015/9/23, 50, 52, 5
2015/9/24, 31, 50, 6
2015/9/25, 39, 49, 8
2015/9/26, 47, 44, 6
2015/9/27, 42, 50, 4
2015/9/28, 47, 44, 5
2015/9/29, 53, 33, 5
2015/9/30, 32, 43, 7
2015/10/1, 44, 60, 9
2015/4/2, 46, 29, 1
2015/4/3, 55, 34, 1
2015/4/4, 52, 34, 1
2015/4/5, 24, 25, 1
2015/4/6, 39, 25, 1
2015/4/7, 49, 30, 
2015/4/8, 48, 25, 
2015/4/9, 50, 29, 1
2015/4/10, 51, 30, 3
2015/4/11, 26, 20, 2
2015/4/12, 44, 24, 1
2015/4/13, 38, 32, 2
2015/4/14, 21, 31, 3
2015/4/15, 18, 41, 4
2015/4/16, 22, 27, 1
2015/4/17, 27, 23, 
2015/4/18, 24, 29, 
2015/4/19, 26, 38, 
2015/4/20, 27, 40, 1
2015/4/21, 16, 48, 4
2015/4/22, 30, 32, 3
2015/4/23, 28, 26, 2
2015/4/24, 41, 22, 3
2015/4/25, 58, , 3
2015/4/26, 35, , 
2015/4/27, 68, , 1
2015/4/28, 29, 29, 
2015/4/29, 14, 42, 4
2015/4/30, 20, 56, 8
2015/5/1, 31, 64, 7
2015/5/2, 35, 69, 4
2015/5/3, 36, 43, 1
2015/5/4, 26, 38, 
2015/5/5, 31, 38, 1
2015/5/6, 32, 31, 1
2015/5/7, 41, 28, 
2015/5/8, 58, 24, 1
2015/5/9, 76, 30, 
2015/5/10, 75, 21, 
2015/5/11, 77, 27, 
2015/5/12, 58, 23, 4
2015/5/13, 30, 18, 5
2015/5/14, 37, 26, 4
2015/5/15, 46, 22, 5
2015/5/16, 35, 22, 2
2015/5/17, 55, 33, 1
2015/5/18, 45, 29, 
2015/5/19, 72, 26, 
2015/5/20, 53, 33, 
2015/5/21, 52, 25, 2
2015/5/22, 17, 25, 3
2015/5/23, 43, 29, 
2015/5/24, 41, 28, 2
2015/5/25, 26, 22, 1
2015/5/26, 35, 24, 2
2015/5/27, 66, 22, 2
2015/5/28, 71, 24, 2
2015/5/29, 68, 36, 3
2015/5/30, 25, 32, 3
2015/5/31, 32, 38, 2
2015/6/1, 20, 55, 5
2015/6/2, 28, 45, 3
2015/6/3, 24, 35, 
2015/6/4, 21, 38, 2
2015/6/5, 27, 37, 2
2015/6/6, 22, 35, 3
2015/6/7, 19, 29, 1
2015/6/8, 19, 33, 2
2015/6/9, 22, 40, 3
2015/6/10, 26, 39, 3
2015/6/11, 29, 26, 1
2015/6/12, 27, 24, 1
2015/6/13, 28, 25, 1
2015/6/14, 31, 20, 
2015/6/15, 28, 28, 1
2015/6/16, 23, 19, 
2015/6/17, 19, 25, 1
2015/6/18, 20, 22, 1
2015/6/19, 39, 18, 2
2015/6/20, 66, 15, 
2015/6/21, 54, 15, 1
2015/6/22, 69, 17, 2
2015/6/23, 69, 18, 2
2015/6/24, 35, 23, 2
2015/6/25, 26, 23, 2
2015/6/26, 25, 26, 2
2015/6/27, 49, 30, 2
2015/6/28, 47, 26, 2
2015/6/29, 42, 23, 2
2015/6/30, 82, 86, 1
2015/7/1, 61, , 
2015/1/2, 25, 6, 3
2015/1/3, 13, 20, 5
2015/1/4, 20, 27, 2
2015/1/5, 23, 19, 10
2015/1/6, 20, 24, 15
2015/1/7, 25, 28, 7
2015/1/8, 23, 26, 5
2015/1/9, 8, 17, 4
2015/1/10, 23, 17, 3
2015/1/11, 22, 17, 2
2015/1/12, 15, 14, 3
2015/1/13, 20, 12, 2
2015/1/14, 22, 9, 4
2015/1/15, 27, 22, 3
2015/1/16, 26, 26, 
2015/1/17, 27, 33, 9
2015/1/18, 32, 34, 8
2015/1/19, 16, 44, 14
2015/1/20, 33, 32, 17
2015/1/21, 39, 24, 5
2015/1/22, 49, 26, 
2015/1/23, 8, 24, 1
2015/1/24, 17, 26, 6
2015/1/25, 23, 29, 5
2015/1/26, 21, 25, 11
2015/1/27, 18, 33, 13
2015/1/28, 26, 37, 10
2015/1/29, 27, 30, 6
2015/1/30, 28, 24, 2
2015/1/31, 28, 21, 5
2015/2/1, 37, 22, 2
2015/2/2, 17, 21, 6
2015/2/3, 12, 15, 5
2015/2/4, 25, 19, 7
2015/2/5, 19, 12, 3
2015/2/6, 16, 14, 10
2015/2/7, 29, 29, 7
2015/2/8, 31, 28, 7
2015/2/9, 38, 42, 10
2015/2/10, 32, 47, 11
2015/2/11, 33, 40, 7
2015/2/12, 37, 29, 5
2015/2/13, 49, 38, 7
2015/2/14, 41, 40, 6
2015/2/15, 58, 30, 1
2015/2/16, 45, 26, 
2015/2/17, 22, 29, 8
2015/2/18, 19, 35, 10
2015/2/19, 20, 37, 8
2015/2/20, 21, 31, 2
2015/2/21, 23, 36, 3
2015/2/22, 46, 19, 4
2015/2/23, 41, 20, 
2015/2/24, 8, 19, 1
2015/2/25, 11, 34, 7
2015/2/26, 22, 25, 9
2015/2/27, 36, 26, 2
2015/2/28, 22, 16, 1
2015/3/1, 29, 15, 
2015/3/2, 24, 14, 2
2015/3/3, 20, 5, 9
2015/3/4, 33, 17, 5
2015/3/5, 32, 34, 2
2015/3/6, 16, 30, 6
2015/3/7, 23, 48, 7
2015/3/8, 31, 24, 5
2015/3/9, 22, 16, 5
2015/3/10, 12, 25, 2
2015/3/11, 13, 25, 5
2015/3/12, 17, 28, 6
2015/3/13, 23, 35, 10
2015/3/14, 32, 41, 5
2015/3/15, 34, 36, 2
2015/3/16, 28, 27, 6
2015/3/17, 32, 20, 4
2015/3/18, 35, 28, 5
2015/3/19, 20, 18, 1
2015/3/20, 43, 20, 2
2015/3/21, 35, 19, 
2015/3/22, 16, 27, 1
2015/3/23, 17, 42, 5
2015/3/24, 31, 36, 3
2015/3/25, 30, 36, 2
2015/3/26, 26, 31, 1
2015/3/27, 19, 35, 5
2015/3/28, 17, 40, 4
2015/3/29, 25, 35, 1
2015/3/30, 28, 30, 3
2015/3/31, 32, 32, 1
2015/4/1, 33, 30, 2
2014/10/2, 19, 24, 4
2014/10/3, 51, 36, 4
2014/10/4, 10, 43, 6
2014/10/5, 16, 39, 2
2014/10/6, 26, 38, 3
2014/10/7, 22, 33, 4
2014/10/8, 28, 25, 2
2014/10/9, 29, 25, 2
2014/10/10, 20, 24, 2
2014/10/11, 54, 14, 1
2014/10/12, 21, 22, 6
2014/10/13, 39, 31, 2
2014/10/14, 12, 30, 7
2014/10/15, 14, 38, 12
2014/10/16, 18, 42, 11
2014/10/17, 22, 42, 10
2014/10/18, 27, 35, 4
2014/10/19, 28, 40, 1
2014/10/20, 26, 46, 3
2014/10/21, 52, 49, 8
2014/10/22, 48, 49, 9
2014/10/23, 49, 71, 9
2014/10/24, 57, 54, 10
2014/10/25, 54, 52, 8
2014/10/26, 48, 50, 5
2014/10/27, 34, 35, 4
2014/10/28, 25, 33, 6
2014/10/29, 32, 34, 4
2014/10/30, 33, 36, 5
2014/10/31, 47, 28, 21
2014/11/1, 18, 36, 3
2014/11/2, 31, 39, 2
2014/11/3, 20, 30, 2
2014/11/4, 24, 30, 3
2014/11/5, 20, 27, 1
2014/11/6, 7, 21, 3
2014/11/7, 13, 26, 6
2014/11/8, 15, 29, 5
2014/11/9, 15, 30, 6
2014/11/10, 11, 32, 9
2014/11/11, 25, 22, 4
2014/11/12, 25, 24, 
2014/11/13, 11, 22, 1
2014/11/14, 9, 18, 6
2014/11/15, 18, 17, 8
2014/11/16, 26, 12, 1
2014/11/17, 17, 27, 12
2014/11/18, 17, 28, 10
2014/11/19, 22, 28, 11
2014/11/20, 28, 11, 13
2014/11/21, 37, 21, 4
2014/11/22, 25, 23, 2
2014/11/23, 21, 26, 3
2014/11/24, 15, 26, 6
2014/11/25, 14, 29, 11
2014/11/26, 21, 31, 9
2014/11/27, 27, 29, 5
2014/11/28, 24, 34, 8
2014/11/29, 30, 29, 1
2014/11/30, 18, 28, 4
2014/12/1, 26, 15, 2
2014/12/2, 23, 15, 8
2014/12/3, 31, 3, 12
2014/12/4, 68, 17, 8
2014/12/5, 56, 19, 4
2014/12/6, 52, 21, 4
2014/12/7, 49, 22, 
2014/12/8, 33, 24, 5
2014/12/9, 52, 26, 13
2014/12/10, 57, 32, 9
2014/12/11, 42, 28, 7
2014/12/12, 27, 33, 5
2014/12/13, 23, 31, 6
2014/12/14, 22, 26, 4
2014/12/15, 24, 28, 7
2014/12/16, 18, 24, 5
2014/12/17, 14, 15, 8
2014/12/18, 29, 13, 3
2014/12/19, 38, 26, 1
2014/12/20, 18, 26, 4
2014/12/21, 21, 22, 2
2014/12/22, 23, 20, 6
2014/12/23, 29, 28, 3
2014/12/24, 15, 25, 4
2014/12/25, 17, 32, 8
2014/12/26, 29, 25, 2
2014/12/27, 27, 23, 
2014/12/28, 25, 23, 4
2014/12/29, 18, , 
2014/7/2, 64, 29, 3
2014/7/3, 48, 33, 4
2014/7/4, 58, 36, 4
2014/7/5, 46, 43, 4
2014/7/6, 55, 27, 2
2014/7/7, 49, 24, 3
2014/7/8, 65, 25, 2
2014/7/9, 55, 25, 3
2014/7/10, 71, 30, 3
2014/7/11, 36, 22, 4
2014/7/12, 65, 23, 2
2014/7/13, 71, 25, 1
2014/7/14, 32, 36, 3
2014/7/15, 29, 33, 4
2014/7/16, 33, 30, 5
2014/7/17, 38, 26, 2
2014/7/18, 65, 23, 3
2014/7/19, 27, 52, 5
2014/7/20, 50, 36, 3
2014/7/21, 63, 37, 3
2014/7/22, 60, 36, 5
2014/7/23, 42, 62, 5
2014/7/24, 61, 47, 5
2014/7/25, 49, 39, 3
2014/7/26, 49, 28, 2
2014/7/27, 62, 25, 2
2014/7/28, 51, 35, 3
2014/7/29, 52, 36, 5
2014/7/30, 52, 30, 3
2014/7/31, 53, 30, 2
2014/8/1, 60, 35, 2
2014/8/2, 11, 39, 2
2014/8/3, 19, 37, 2
2014/8/4, 40, 43, 5
2014/8/5, 54, 51, 6
2014/8/6, 45, 44, 4
2014/8/7, 39, 35, 2
2014/8/8, 46, 32, 2
2014/8/9, 29, 28, 3
2014/8/10, 37, 29, 2
2014/8/11, 41, 34, 3
2014/8/12, 29, 39, 5
2014/8/13, 31, 48, 6
2014/8/14, 29, 59, 8
2014/8/15, 39, 36, 4
2014/8/16, 29, 35, 2
2014/8/17, 26, 24, 1
2014/8/18, 64, 25, 2
2014/8/19, 57, 27, 3
2014/8/20, 50, 24, 1
2014/8/21, 66, 21, 1
2014/8/22, 65, 26, 2
2014/8/23, 57, 27, 1
2014/8/24, 41, 30, 1
2014/8/25, 31, 37, 3
2014/8/26, 32, 54, 4
2014/8/27, 44, 53, 6
2014/8/28, 44, 43, 5
2014/8/29, 26, 40, 3
2014/8/30, 19, 48, 2
2014/8/31, 19, 28, 1
2014/9/1, 24, 26, 1
2014/9/2, 37, 27, 2
2014/9/3, 18, 19, 4
2014/9/4, 24, 17, 5
2014/9/5, 26, 28, 5
2014/9/6, 20, 33, 4
2014/9/7, 24, 33, 2
2014/9/8, 26, 41, 6
2014/9/9, 25, 31, 3
2014/9/10, 27, 24, 2
2014/9/11, 13, 27, 2
2014/9/12, 18, 27, 3
2014/9/13, 24, 17, 1
2014/9/14, 9, 26, 1
2014/9/15, 34, , 
2014/9/17, 33, 28, 5
2014/9/18, 24, 26, 3
2014/9/19, 36, 23, 4
2014/9/20, 33, 25, 3
2014/9/21, 27, 41, 1
2014/9/22, 29, 48, 5
2014/9/23, 56, 58, 6
2014/9/24, 43, 56, 7
2014/9/25, 35, 43, 8
2014/9/26, 40, 36, 6
2014/9/27, 33, 33, 5
2014/9/28, 35, 35, 5
2014/9/29, 38, 39, 7
2014/9/30, 37, 51, 11
2014/10/1, 46, 34, 4
2014/4/2, 38, 25, 3
2014/4/3, 53, 26, 4
2014/4/4, 66, 40, 2
2014/4/5, 22, 30, 4
2014/4/6, 23, 24, 3
2014/4/7, 33, 33, 7
2014/4/8, 22, 35, 5
2014/4/9, 18, 39, 11
2014/4/10, 27, 35, 6
2014/4/11, 29, 35, 4
2014/4/12, 27, 32, 2
2014/4/13, 45, 30, 2
2014/4/14, 49, 28, 2
2014/4/15, 28, 36, 7
2014/4/16, 19, 45, 8
2014/4/17, 20, 33, 6
2014/4/18, 27, 41, 5
2014/4/19, 28, 45, 6
2014/4/20, 44, 31, 3
2014/4/21, 36, 28, 4
2014/4/22, 27, 46, 5
2014/4/23, 22, 34, 5
2014/4/24, 32, 38, 4
2014/4/25, 37, 41, 6
2014/4/26, 47, 33, 3
2014/4/27, 59, 30, 3
2014/4/28, 64, 38, 4
2014/4/29, 30, 40, 6
2014/4/30, 32, 35, 4
2014/5/1, 31, 46, 8
2014/5/2, 20, 44, 10
2014/5/3, 27, 45, 6
2014/5/4, 26, 47, 3
2014/5/5, 28, 47, 4
2014/5/6, 38, 40, 3
2014/5/7, 45, 31, 2
2014/5/8, 44, 30, 3
2014/5/9, 73, 29, 6
2014/5/10, 51, 55, 7
2014/5/11, 29, 36, 2
2014/5/12, 43, 25, 3
2014/5/13, 67, 29, 2
2014/5/14, 11, 36, 4
2014/5/15, 15, 45, 9
2014/5/16, 19, 47, 6
2014/5/17, 21, 46, 4
2014/5/18, 33, 43, 2
2014/5/19, 28, 42, 2
2014/5/20, 28, 38, 2
2014/5/21, 37, 29, 2
2014/5/22, 26, 26, 2
2014/5/23, 30, 26, 3
2014/5/24, 21, 21, 2
2014/5/25, 29, 24, 2
2014/5/26, 34, 28, 3
2014/5/27, 17, 30, 7
2014/5/28, 33, 34, 4
2014/5/29, 19, 39, 6
2014/5/30, 26, 62, 9
2014/5/31, 39, 47, 6
2014/6/1, 40, 45, 3
2014/6/2, 44, 31, 3
2014/6/3, 27, 32, 3
2014/6/4, 19, 24, 2
2014/6/5, 22, 18, 2
2014/6/6, 20, 17, 2
2014/6/7, 51, 20, 1
2014/6/8, 43, 21, 2
2014/6/9, 54, 25, 3
2014/6/10, 44, 39, 4
2014/6/11, 15, 36, 8
2014/6/12, 47, 30, 3
2014/6/13, 64, 35, 4
2014/6/14, 35, 25, 2
2014/6/15, 37, 24, 1
2014/6/16, 54, 21, 1
2014/6/17, 65, 18, 1
2014/6/18, 44, 22, 1
2014/6/19, 50, 23, 2
2014/6/20, 41, 26, 2
2014/6/21, 50, 23, 1
2014/6/22, 71, 21, 2
2014/6/23, 80, 25, 2
2014/6/24, 50, 24, 2
2014/6/25, 39, 21, 3
2014/6/26, 38, 26, 5
2014/6/27, 28, 20, 2
2014/6/28, 39, 24, 1
2014/6/29, 61, 20, 1
2014/6/30, 74, 21, 1
2014/7/1, 83, 25, 2
2014/1/2, 80, 23, 7
2014/1/3, 18, 28, 14
2014/1/4, 23, 33, 12
2014/1/5, 28, 29, 14
2014/1/6, 21, 28, 7
2014/1/7, 13, 25, 11
2014/1/8, 24, 15, 6
2014/1/9, 26, 22, 5
2014/1/10, 30, 20, 12
2014/1/11, 28, 32, 9
2014/1/12, 27, 27, 12
2014/1/13, 39, 29, 8
2014/1/14, 18, 32, 10
2014/1/15, 16, 30, 8
2014/1/16, 12, 35, 22
2014/1/17, 27, 31, 8
2014/1/18, 26, 36, 18
2014/1/19, 45, 32, 12
2014/1/20, 29, 37, 13
2014/1/21, 35, 32, 8
2014/1/22, 15, 36, 17
2014/1/23, 22, 21, 6
2014/1/24, 21, 23, 9
2014/1/25, 23, 26, 12
2014/1/26, 38, 38, 12
2014/1/27, 44, 27, 5
2014/1/28, 21, 23, 4
2014/1/29, 16, 27, 13
2014/1/30, 19, 28, 7
2014/1/31, 28, 31, 6
2014/2/1, 21, 30, 4
2014/2/2, 33, 20, 2
2014/2/3, 29, 24, 4
2014/2/4, 20, 23, 11
2014/2/5, 23, 25, 4
2014/2/6, 25, 23, 3
2014/2/7, 15, 17, 7
2014/2/8, 26, 27, 10
2014/2/9, 38, 29, 8
2014/2/10, 33, 15, 4
2014/2/11, 24, 20, 3
2014/2/12, 23, 26, 5
2014/2/13, 23, 35, 14
2014/2/14, 29, 33, 10
2014/2/15, 27, 44, 6
2014/2/16, 26, 30, 5
2014/2/17, 57, 33, 5
2014/2/18, 48, 27, 11
2014/2/19, 49, 29, 6
2014/2/20, 42, 33, 3
2014/2/21, 36, 36, 6
2014/2/22, 14, 37, 6
2014/2/23, 31, 32, 4
2014/2/24, 44, 33, 6
2014/2/25, 51, 14, 5
2014/2/26, 49, 19, 3
2014/2/27, 30, 27, 9
2014/2/28, 23, 28, 9
2014/3/1, 39, 26, 9
2014/3/2, 45, 19, 2
2014/3/3, 36, 29, 1
2014/3/4, 13, 24, 9
2014/3/5, 23, 26, 12
2014/3/6, 34, 25, 7
2014/3/7, 36, 43, 13
2014/3/8, 47, 28, 5
2014/3/9, 46, 25, 3
2014/3/10, 36, 23, 7
2014/3/11, 29, 31, 3
2014/3/12, 19, 30, 2
2014/3/13, 20, 35, 12
2014/3/14, 15, 35, 7
2014/3/15, 33, 34, 3
2014/3/16, 36, 36, 3
2014/3/17, 26, 34, 5
2014/3/18, 11, 42, 11
2014/3/19, 39, 33, 5
2014/3/20, 52, 51, 
2014/3/21, 29, 37, 
2014/3/22, 43, 28, 
2014/3/23, 38, 30, 
2014/3/24, 28, 25, 
2014/3/25, 45, 44, 5
2014/3/26, 40, 38, 4
2014/3/27, 35, 29, 5
2014/3/28, 23, 30, 5
2014/3/29, 37, 39, 3
2014/3/30, 22, 40, 5
2014/3/31, 26, 34, 4
2014/4/1, 26, 30, 3
2023/3/5, , 46, 4
2023/3/6, , 33, 5
2023/3/7, , 23, 3
2023/3/8, , 27, 2
2023/3/9, , 27, 2
2022/4/2, , 40, 2
2022/4/3, , 52, 3
2022/4/4, , 52, 3
2022/4/17, , 30, 1
2022/4/18, , 25, 3
2022/4/19, , 39, 3
2022/4/20, , 25, 3
2022/4/21, , 23, 1
2022/3/2, , 43, 7
2022/3/3, , 42, 5
2020/4/1, , 43, 
2020/6/14, , 50, 
2020/6/15, , 36, 
2020/1/1, , 20, 
2020/3/3, , 23, 
2019/7/1, , 34, 
2019/6/30, , 30, 
2019/1/1, , 14, 
2017/8/28, , 30, 2
2017/8/29, , 32, 2
2016/1/3, , 26, 5
2015/1/1, , 7, 4
2014/9/16, , 31, 6
2014/1/1, , 21, 11