date, pm25, o3, no2, so2, co
2022/10/5, 87, 9, 4, , 
2022/10/6, 55, 8, 3, , 
2022/10/7, 17, 10, 1, , 
2022/10/8, 34, 5, 5, , 
2022/10/9, 70, 2, 10, , 
2022/10/10, 78, 11, 4, , 
2022/10/11, 68, 12, 1, , 
2022/10/12, 21, 11, 1, , 
2022/10/13, 63, 13, 1, , 
2022/10/14, 25, 10, 3, , 
2022/10/15, 17, 10, 1, , 
2022/10/16, 21, 9, 2, , 
2022/10/17, 13, 10, 1, , 
2022/10/18, 21, 11, 2, , 
2022/10/19, 38, 4, 8, , 
2022/10/20, 70, 11, 6, , 
2022/10/21, 95, 13, 2, , 
2022/10/22, 34, 11, 2, , 
2022/10/23, 25, , , , 
2022/10/27, 46, 6, 4, , 
2022/10/28, 42, 9, 3, , 
2022/10/29, 17, 1, 18, , 
2022/10/30, 57, 11, 3, , 
2022/10/31, 21, 8, 4, , 
2022/11/1, 25, 6, 8, , 
2022/11/2, 30, 9, 1, , 
2022/11/3, 5, 10, 1, , 
2022/11/4, 5, 11, 2, , 
2022/11/5, 25, 3, 10, , 
2022/11/6, 63, 10, 1, , 
2022/11/7, 21, 11, 3, , 
2022/11/8, 9, 12, 1, , 
2022/11/9, 9, 11, 3, , 
2022/11/10, 17, 8, 12, , 
2022/11/11, 17, 9, 8, , 
2022/11/12, 42, 5, 15, , 
2022/11/13, 25, 10, 5, , 
2022/11/14, 30, 8, 5, , 
2022/11/15, 70, 9, 7, , 
2022/11/16, 57, 9, 4, , 
2022/11/17, 34, 11, 1, , 
2022/11/18, 17, 11, 6, , 
2022/11/19, 17, 11, 5, , 
2022/11/20, 9, 7, 15, , 
2022/11/21, 34, 9, 13, , 
2022/11/22, 25, 4, 20, , 
2022/11/23, 63, 7, 12, , 
2022/11/24, 42, 10, 7, , 
2022/11/25, 25, 8, 8, , 
2022/11/26, 38, 12, 4, , 
2022/11/27, 5, 9, 6, , 
2022/11/28, 25, 10, 1, , 
2022/11/29, 5, 13, 1, , 
2022/7/2, 38, 3, 1, , 
2022/7/3, 21, 2, 5, , 
2022/7/4, 46, 4, 5, , 
2022/7/5, 42, 7, 1, , 
2022/7/6, 34, 8, 1, , 
2022/7/7, 34, 5, 2, , 
2022/7/8, 30, 7, 1, , 
2022/7/9, 25, 4, 2, , 
2022/7/10, 55, 6, 3, , 
2022/7/11, 50, 7, 1, , 
2022/7/12, 25, 5, 1, , 
2022/7/13, 17, 8, 1, , 
2022/7/14, 21, 12, 1, , 
2022/7/15, 38, 7, 1, , 
2022/7/16, 21, 5, 2, , 
2022/7/17, 46, 11, 1, , 
2022/7/18, 46, 3, 2, , 
2022/7/19, 65, 6, 2, , 
2022/7/20, 65, 9, 1, , 
2022/7/21, 25, 5, 1, , 
2022/7/22, 21, 6, 1, , 
2022/7/23, 46, 6, 1, , 
2022/7/24, 25, 7, 1, , 
2022/7/25, 21, 9, 1, , 
2022/7/26, 21, 8, 1, , 
2022/7/27, 38, 5, 2, , 
2022/7/28, 25, 4, 4, , 
2022/7/29, 42, 9, 1, , 
2022/7/30, 30, 8, 1, , 
2022/7/31, 70, 7, 1, , 
2022/8/1, 25, 7, 1, , 
2022/8/2, 34, 8, 1, , 
2022/8/3, 21, 5, 1, , 
2022/8/4, 21, 4, 3, , 
2022/8/5, 30, 10, 1, , 
2022/8/6, 21, 5, 1, , 
2022/8/7, 13, 7, 1, , 
2022/8/8, 17, 5, 2, , 
2022/8/9, 21, 11, 1, , 
2022/8/10, 13, 3, 3, , 
2022/8/11, 34, 8, 1, , 
2022/8/12, 30, 11, 1, , 
2022/8/13, 25, 4, 1, , 
2022/8/14, 50, 9, 1, , 
2022/8/15, 34, 4, 1, , 
2022/8/16, 34, , 8, , 
2022/8/17, 46, 6, 5, , 
2022/8/18, 25, 4, 2, , 
2022/8/24, 70, 6, 1, , 
2022/8/25, 72, 5, 3, , 
2022/8/26, 99, 1, 10, , 
2022/8/27, 91, 11, 2, , 
2022/8/28, 30, 14, 1, , 
2022/8/29, 21, 7, 1, , 
2022/8/30, 42, 2, 6, , 
2022/8/31, 25, 5, 2, , 
2022/9/1, 30, 7, 1, , 
2022/9/2, 25, 10, 1, , 
2022/9/3, 17, 11, 1, , 
2022/9/4, 46, 12, 2, , 
2022/9/5, 57, 14, 2, , 
2022/9/6, 53, 13, 1, , 
2022/9/7, 46, 4, 6, , 
2022/9/8, 53, 10, 1, , 
2022/9/9, 34, 7, 1, , 
2022/9/10, 13, 5, 4, , 
2022/9/11, 25, 11, 3, , 
2022/9/12, 50, 9, 1, , 
2022/9/13, 91, 2, 5, , 
2022/9/14, 42, 6, 2, , 
2022/9/15, 42, 6, 4, , 
2022/9/16, 25, 7, 2, , 
2022/9/17, 55, 3, 7, , 
2022/9/18, 72, 4, 6, , 
2022/9/19, 59, 4, 4, , 
2022/9/20, 42, 3, 1, , 
2022/9/21, 25, 6, 1, , 
2022/9/22, 9, 8, 1, , 
2022/9/23, 17, 9, 3, , 
2022/9/24, 25, 9, , , 
2022/9/26, 17, , , , 
2022/4/2, 13, 15, 2, , 
2022/4/3, 13, 13, 3, , 
2022/4/4, 21, 12, 5, , 
2022/4/5, 25, 15, 1, , 
2022/4/6, 25, 8, 13, , 
2022/4/7, 25, 13, 3, , 
2022/4/8, 17, 13, 3, , 
2022/4/9, 21, 13, 2, , 
2022/4/10, 17, 14, 1, , 
2022/4/11, 13, 12, 1, , 
2022/4/12, 9, 13, 1, , 
2022/4/13, 9, 11, 1, , 
2022/4/14, 9, 11, 1, , 
2022/4/15, 9, 16, 1, , 
2022/4/16, 17, 9, 13, , 
2022/4/17, 38, 12, 7, , 
2022/4/18, 25, 14, 6, , 
2022/4/19, 21, 11, 6, , 
2022/4/20, 34, 16, 1, , 
2022/4/21, 13, 4, 17, , 
2022/4/22, 42, 14, 1, , 
2022/4/23, 21, 13, 2, , 
2022/4/24, 21, 14, 3, , 
2022/4/25, 21, 12, 2, , 
2022/4/26, 21, 14, 1, , 
2022/4/27, 17, 13, 2, , 
2022/4/28, 17, 12, 2, , 
2022/4/29, 34, 13, 2, , 
2022/4/30, 30, 5, 11, , 
2022/5/1, 61, 12, 1, , 
2022/5/2, 17, 7, 1, , 
2022/5/3, 21, 12, 1, , 
2022/5/4, 21, 9, 1, , 
2022/5/5, 13, 8, 1, , 
2022/5/6, 21, 8, 1, , 
2022/5/7, 17, 2, 14, , 
2022/5/8, 57, 10, 2, , 
2022/5/9, 17, 11, 5, , 
2022/5/10, 21, 11, 1, , 
2022/5/11, 13, 9, 3, , 
2022/5/12, 13, 9, 11, , 
2022/5/13, 59, 12, 4, , 
2022/5/14, 30, 11, 1, , 
2022/5/15, 5, 9, 3, , 
2022/5/16, 13, 9, 1, , 
2022/5/17, 13, 12, 1, , 
2022/5/18, 13, 7, 3, , 
2022/5/19, 17, 10, 1, , 
2022/5/20, 17, 17, 1, , 
2022/5/21, 17, 12, 4, , 
2022/5/22, 21, 6, 9, , 
2022/5/23, 63, 14, 2, , 
2022/5/24, 25, 11, 1, , 
2022/5/25, 17, 7, 1, , 
2022/5/26, 21, 11, 4, , 
2022/5/27, 30, 2, 12, , 
2022/5/28, 87, 7, 1, , 
2022/5/29, 34, 7, 1, , 
2022/5/30, 17, 7, 2, , 
2022/5/31, 21, 9, 1, , 
2022/6/1, 13, 12, 1, , 
2022/6/2, 17, 14, 1, , 
2022/6/3, 13, 6, 8, , 
2022/6/4, 50, 3, 12, , 
2022/6/5, 68, 9, 2, , 
2022/6/6, 21, 5, 2, , 
2022/6/7, 17, 3, 10, , 
2022/6/8, 78, 6, 6, , 
2022/6/9, 55, 7, 7, , 
2022/6/10, 57, 10, 6, , 
2022/6/11, 34, 9, 2, , 
2022/6/12, 42, 9, 8, , 
2022/6/13, 38, 11, 2, , 
2022/6/14, 34, 10, 1, , 
2022/6/15, 38, 11, 1, , 
2022/6/16, 9, 7, 1, , 
2022/6/17, 13, 6, 1, , 
2022/6/18, 21, 9, 1, , 
2022/6/19, 25, 7, 1, , 
2022/6/20, 34, 4, 4, , 
2022/6/21, 50, 9, 1, , 
2022/6/22, 25, 7, 4, , 
2022/6/23, 25, 7, 2, , 
2022/6/24, 46, 7, 1, , 
2022/6/25, 13, 11, 1, , 
2022/6/26, 17, 9, 3, , 
2022/6/27, 53, 13, 1, , 
2022/6/28, 30, 7, 1, , 
2022/6/29, 17, 6, 6, , 
2022/6/30, 53, 7, 1, , 
2022/7/1, 30, 8, 2, , 
2022/1/4, 21, 14, 1, , 
2022/1/5, 9, 11, 2, 1, 
2022/1/6, 13, 9, 4, 1, 
2022/1/7, 17, 3, 17, 1, 
2022/1/8, 30, 11, 5, , 
2022/1/9, 17, 7, 12, 1, 
2022/1/10, 30, 4, 24, 1, 
2022/1/11, 25, 9, 10, 1, 
2022/1/12, 38, 11, 2, , 
2022/1/13, 25, 8, 10, , 
2022/1/14, 25, 11, 3, , 
2022/1/15, 21, 11, 2, , 
2022/1/16, 30, 9, 3, , 
2022/1/17, 9, 11, 1, , 
2022/1/18, 13, 12, 1, , 
2022/1/19, 13, 11, 8, , 
2022/1/20, 13, 6, 18, , 
2022/1/21, 25, 9, 9, , 
2022/1/22, 21, 9, 13, , 
2022/1/23, 17, 14, 4, , 
2022/1/24, 9, 12, 6, , 
2022/1/25, 9, 5, 19, , 
2022/1/26, 21, 11, 6, , 
2022/1/27, 21, 13, 1, , 
2022/1/28, 9, 10, 6, , 
2022/1/29, 21, 7, 13, , 
2022/1/30, 50, 11, 4, , 
2022/1/31, 30, 14, 6, , 
2022/2/1, 46, 13, 1, , 
2022/2/2, 13, 9, 9, , 
2022/2/3, 17, 4, 23, , 
2022/2/4, 34, 7, 13, , 
2022/2/5, 21, 11, 7, , 
2022/2/6, 17, 2, 26, , 
2022/2/7, 38, , 35, , 
2022/2/8, 42, 16, 2, , 
2022/2/9, 5, 13, 3, , 
2022/2/10, 13, 15, 2, , 
2022/2/11, 21, 12, 1, , 
2022/2/12, 13, 11, 6, , 
2022/2/13, 17, 10, 4, , 
2022/2/14, 21, 7, 16, , 
2022/2/15, 21, 12, 6, , 
2022/2/16, 87, 13, 7, , 
2022/2/17, 85, 2, 25, , 
2022/2/18, 38, 13, 5, , 
2022/2/19, 13, 13, 7, , 
2022/2/20, 13, 14, 3, , 
2022/2/21, 13, 3, 23, , 
2022/2/22, 42, 7, 12, , 
2022/2/23, 38, 6, 17, , 
2022/2/24, 25, 1, 33, , 
2022/2/25, 59, 11, 9, , 
2022/2/26, 34, 14, 6, , 
2022/2/27, 21, 15, 1, , 
2022/2/28, 9, 13, 2, , 
2022/3/1, 17, 8, 13, , 
2022/3/2, 25, 16, 1, , 
2022/3/3, 17, 2, 27, , 
2022/3/4, 38, 13, 6, , 
2022/3/5, 21, 15, 2, , 
2022/3/6, 9, 8, 20, , 
2022/3/7, 21, 11, 13, , 
2022/3/8, 30, 15, 1, , 
2022/3/9, 9, 15, 2, , 
2022/3/10, 9, 15, 5, , 
2022/3/11, 13, 9, 7, , 
2022/3/12, 9, 15, 5, , 
2022/3/13, 13, 13, 9, , 
2022/3/14, 17, 15, 1, , 
2022/3/15, 5, 13, 8, , 
2022/3/16, 46, 15, 4, , 
2022/3/17, 34, 7, 16, , 
2022/3/18, 30, 13, 8, , 
2022/3/19, 25, 15, 10, , 
2022/3/20, 13, 12, 14, , 
2022/3/21, 34, 17, 1, , 
2022/3/22, 13, 15, 3, , 
2022/3/23, 13, 13, 10, , 
2022/3/24, 21, 8, 13, , 
2022/3/25, 38, 13, 1, , 
2022/3/26, 9, 13, 4, , 
2022/3/27, 21, 12, 2, , 
2022/3/28, 21, 13, 2, , 
2022/3/29, 17, 13, 1, , 
2022/3/30, 13, 7, 18, , 
2022/3/31, 30, 13, 3, , 
2022/4/1, 21, 17, 2, , 
2021/10/2, 38, 9, 4, , 
2021/10/3, 30, 14, 1, , 
2021/10/4, 25, 12, 1, , 
2021/10/5, 13, 11, 1, , 
2021/10/6, 21, 8, 1, , 
2021/10/7, 53, 6, , , 
2021/10/8, 163, 2, 10, , 
2021/10/9, 74, 4, 5, , 
2021/10/10, 163, 11, 4, , 
2021/10/11, 50, 1, 14, , 
2021/10/12, 80, 7, 1, , 
2021/10/13, 5, 4, 5, , 
2021/10/14, 42, 3, 1, , 
2021/10/15, 25, 4, 6, , 
2021/10/16, 30, 4, 12, , 
2021/10/18, 59, 5, 6, , 
2021/10/19, 61, 8, 3, , 
2021/10/20, 5, , 13, , 
2021/10/21, 38, 4, 5, , 
2021/10/23, 17, 6, 2, , 
2021/10/25, 21, 10, 1, , 
2021/10/27, 34, 2, 3, , 
2021/10/28, 38, 1, 5, , 
2021/10/29, 30, 6, 10, , 
2021/10/30, 25, 11, 2, , 
2021/10/31, 13, 9, 2, , 
2021/11/1, 13, 7, 5, , 
2021/11/2, 9, 5, 9, , 
2021/11/3, 34, , 16, , 
2021/11/4, 50, 162, 500, 206, 
2021/11/5, 55, 4, 5, , 
2021/11/6, 61, 1, 9, , 
2021/11/7, 61, 3, 7, , 
2021/11/8, 53, 4, 6, , 
2021/11/9, 17, 4, 7, , 
2021/11/10, 25, 7, 1, , 
2021/11/11, 30, 8, 1, , 
2021/11/12, 5, 11, 1, , 
2021/11/13, 13, 12, 1, , 
2021/11/14, 9, 6, 10, , 
2021/11/15, 53, 4, 12, , 
2021/11/16, 63, 8, 2, , 
2021/11/17, 17, 10, 1, , 
2021/11/18, 5, 9, 1, , 
2021/11/19, 5, 5, 14, , 
2021/11/20, 34, 10, 8, , 
2021/11/21, 53, 12, 1, , 
2021/11/22, 5, 9, 5, , 
2021/11/23, 21, 2, 15, , 
2021/11/24, 50, 12, 1, , 
2021/11/25, 9, 9, 4, , 
2021/11/26, 17, , 17, , 
2021/11/27, 50, 15, 1, , 
2021/11/28, 13, 7, 13, , 
2021/11/29, 42, 2, 19, , 
2021/11/30, 42, 385, 500, 156, 
2021/12/1, 30, 6, 9, , 
2021/12/2, 53, 10, 2, , 
2021/12/3, 17, 13, 3, , 
2021/12/4, 9, 4, 18, , 
2021/12/5, 38, 9, 1, , 
2021/12/6, 21, 8, 8, , 
2021/12/7, 17, 3, 14, , 
2021/12/8, 46, 7, 6, , 
2021/12/9, 42, 8, 8, , 
2021/12/10, 46, 5, 19, , 
2021/12/11, 21, 10, 7, , 
2021/12/12, 17, 10, 9, , 
2021/12/13, 9, , 30, 1, 
2021/12/14, 25, 12, 3, , 
2021/12/15, 30, 9, 1, , 
2021/12/16, 17, 10, 3, , 
2021/12/17, 9, 8, 8, , 
2021/12/18, 13, 1, 26, , 
2021/12/19, 30, 12, 3, , 
2021/12/20, 17, 8, 4, , 
2021/12/21, 17, 11, 7, , 
2021/12/22, 21, 9, 11, , 
2021/12/23, 21, 11, 2, , 
2021/12/24, 21, 12, 2, , 
2021/12/25, 17, 10, 6, , 
2021/12/26, 9, 6, 12, , 
2021/12/27, 17, 9, 4, , 
2021/12/28, 13, 9, 5, , 
2021/12/29, 21, 7, 12, , 
2021/12/30, 38, , 27, , 
2021/12/31, 25, 7, 10, , 
2022/1/1, 17, 7, 12, , 
2022/1/2, 34, 7, 9, , 
2022/1/3, 42, 11, 4, , 
2021/7/2, 91, 14, 1, , 
2021/7/3, 55, 17, 1, , 
2021/7/4, 46, 9, 1, , 
2021/7/5, 38, 7, 1, , 
2021/7/6, 34, 7, , , 
2021/7/7, 17, 4, 2, , 
2021/7/8, 42, 8, 3, , 
2021/7/9, 46, 9, 5, , 
2021/7/10, 76, 5, 9, , 
2021/7/11, 87, 17, 1, , 
2021/7/12, 63, 10, 1, , 
2021/7/13, 87, 11, 1, , 
2021/7/14, 147, 11, 2, , 
2021/7/15, 170, 15, 1, , 
2021/7/16, 61, 15, 1, , 
2021/7/17, 89, 13, 6, , 
2021/7/18, 448, 3, 1, , 
2021/7/19, 89, 2, 1, , 
2021/7/20, 102, 3, 1, , 
2021/7/21, 46, 5, 1, , 
2021/7/22, 139, 10, 1, , 
2021/7/23, 155, 11, 2, , 
2021/7/24, 102, 9, 1, , 
2021/7/25, 46, 9, 2, , 
2021/7/26, 61, 11, 1, , 
2021/7/27, 50, 7, 6, , 
2021/7/28, 50, 12, 1, , 
2021/7/29, 57, 11, 1, , 
2021/7/30, 38, 12, 2, , 
2021/7/31, 104, 5, 4, , 
2021/8/1, 59, 2, 6, , 
2021/8/2, 70, 5, 4, , 
2021/8/3, 93, 7, 6, , 
2021/8/4, 112, 9, 1, , 
2021/8/5, 155, 5, 1, , 
2021/8/6, 87, 14, 1, , 
2021/8/7, 99, 16, 1, , 
2021/8/8, 99, 9, 1, , 
2021/8/9, 89, 6, 1, , 
2021/8/10, 17, 4, 1, , 
2021/8/11, 25, 5, 1, , 
2021/8/12, 5, 8, 1, , 
2021/8/13, 17, 3, 5, , 
2021/8/14, 13, 8, 2, , 
2021/8/16, 21, 12, 3, , 
2021/8/17, 21, 11, 1, , 
2021/8/18, 17, 9, 1, , 
2021/8/19, 30, 4, 3, , 
2021/8/20, 25, 5, 3, , 
2021/8/21, 53, 6, 2, , 
2021/8/22, 17, 5, 3, , 
2021/8/23, 50, 9, 1, , 
2021/8/24, 50, 6, 1, , 
2021/8/25, 50, 2, 4, , 
2021/8/26, 21, 3, 6, , 
2021/8/27, 34, 8, 2, , 
2021/8/28, 25, 4, 1, , 
2021/8/29, 17, 83, 500, 83, 
2021/8/30, 42, 1, 3, , 
2021/8/31, 34, 11, 3, , 
2021/9/1, 46, 13, 2, , 
2021/9/2, 34, 7, 2, , 
2021/9/3, 25, 7, 1, , 
2021/9/4, 21, 4, 2, , 
2021/9/5, 25, 1, 5, , 
2021/9/6, 61, 3, 6, , 
2021/9/7, 46, 10, 1, , 
2021/9/8, 21, 4, 5, , 
2021/9/9, 38, 7, 5, , 
2021/9/10, 46, 11, 1, , 
2021/9/11, 46, 5, 3, , 
2021/9/12, 30, 2, 8, , 
2021/9/13, 53, 9, 2, , 
2021/9/14, 30, 6, 2, , 
2021/9/15, 13, 9, 2, , 
2021/9/16, 38, 9, 1, , 
2021/9/17, 21, 8, 1, , 
2021/9/18, 5, 9, 1, , 
2021/9/19, 25, 7, 1, , 
2021/9/20, 42, 10, 1, , 
2021/9/21, 9, 4, 3, , 
2021/9/22, 34, 10, 3, , 
2021/9/23, 30, 9, 1, , 
2021/9/24, 25, 11, 1, , 
2021/9/25, 9, 11, 2, , 
2021/9/26, 42, 7, 4, , 
2021/9/27, 50, 9, 1, , 
2021/9/28, 25, 7, 3, , 
2021/9/29, 70, 8, 5, , 
2021/9/30, 63, 4, , , 
2021/10/1, 55, 11, 1, , 
2021/4/2, 38, 2, 17, , 
2021/4/3, 80, 5, 17, , 
2021/4/4, 107, 7, 9, , 
2021/4/5, 70, 15, 1, , 
2021/4/6, 38, 6, 13, , 
2021/4/7, 72, 4, 15, , 
2021/4/8, 127, 13, 1, , 
2021/4/9, 42, 11, 1, , 
2021/4/10, 25, 14, 1, , 
2021/4/11, 25, 13, 1, , 
2021/4/12, 17, 13, 1, , 
2021/4/13, 17, 13, 1, , 
2021/4/14, 17, 12, 3, , 
2021/4/15, 21, 13, 3, , 
2021/4/16, 21, 16, 1, , 
2021/4/17, 30, 4, 13, , 
2021/4/18, 114, 14, 1, , 
2021/4/19, 13, 13, 4, , 
2021/4/20, 30, 13, 1, , 
2021/4/21, 17, 14, 5, , 
2021/4/22, 50, 15, 3, , 
2021/4/23, 53, 11, 5, , 
2021/4/24, 25, 15, 1, , 
2021/4/25, 34, 13, 3, , 
2021/4/26, 42, 9, 13, , 
2021/4/27, 85, 17, 1, , 
2021/4/28, 25, 11, 1, , 
2021/4/29, 21, 11, 1, , 
2021/4/30, 34, 13, 1, , 
2021/5/1, 42, 6, 5, , 
2021/5/2, 38, 8, 2, , 
2021/5/3, 17, 11, 1, , 
2021/5/4, 13, 11, 1, , 
2021/5/5, 21, 11, 3, , 
2021/5/6, 38, 13, 2, , 
2021/5/7, 38, 10, 3, , 
2021/5/8, 61, 13, 1, , 
2021/5/9, 42, 13, 2, , 
2021/5/10, 38, 14, 2, , 
2021/5/11, 50, 8, 10, , 
2021/5/12, 95, 7, 10, , 
2021/5/13, 65, 8, 8, , 
2021/5/14, 68, 7, 7, , 
2021/5/15, 76, 6, 7, , 
2021/5/16, 74, 8, 5, , 
2021/5/17, 72, 9, 1, , 
2021/5/18, 25, 8, 1, , 
2021/5/19, 42, 16, 1, , 
2021/5/20, 34, 11, 1, , 
2021/5/21, 17, 10, 1, , 
2021/5/22, 21, 9, 3, , 
2021/5/23, 42, 8, 2, , 
2021/5/24, 34, 11, 3, , 
2021/5/25, 57, 8, 1, , 
2021/5/26, 13, 7, 6, , 
2021/5/27, 25, 11, 2, , 
2021/5/28, 30, 16, 2, , 
2021/5/29, 34, 10, 1, , 
2021/5/30, 13, 14, 1, , 
2021/5/31, 13, 13, 3, , 
2021/6/1, 21, 11, 2, , 
2021/6/2, 46, 11, 4, , 
2021/6/3, 50, 2, 8, , 
2021/6/4, 63, 12, 1, , 
2021/6/5, 42, 9, 12, , 
2021/6/6, 70, 10, 2, , 
2021/6/7, 57, 9, 3, , 
2021/6/8, 34, , , , 
2021/6/13, 38, 12, 2, , 
2021/6/14, 25, 10, 6, , 
2021/6/15, 57, 16, 4, , 
2021/6/16, 38, 20, 1, , 
2021/6/17, 38, 14, 1, , 
2021/6/18, 17, 4, 1, , 
2021/6/19, 17, 8, 1, , 
2021/6/20, 38, 9, 1, , 
2021/6/21, 30, 6, 1, , 
2021/6/22, 21, 2, 6, , 
2021/6/23, 55, 10, 3, , 
2021/6/24, 65, 7, 1, , 
2021/6/25, 46, 4, 4, , 
2021/6/26, 68, 7, 1, , 
2021/6/27, 55, 4, 1, , 
2021/6/28, 55, 1, 6, , 
2021/6/29, 63, 12, 1, , 
2021/6/30, 50, 2, 7, , 
2021/7/1, 97, 6, 6, , 
2021/1/5, 9, 5, 16, , 
2021/1/6, 42, 11, 4, , 
2021/1/7, 30, 4, 20, , 
2021/1/8, 34, 2, 24, , 
2021/1/9, 74, , 27, , 
2021/1/10, 99, 9, 6, , 
2021/1/11, 46, 2, 16, , 
2021/1/12, 82, 7, 12, , 
2021/1/13, 61, 9, 12, , 
2021/1/14, 50, 13, 1, , 
2021/1/15, 13, 13, 1, , 
2021/1/16, 5, 10, 9, , 
2021/1/17, 46, 12, 3, , 
2021/1/18, 17, 11, 1, , 
2021/1/19, 25, 11, 2, , 
2021/1/20, 21, 11, 7, , 
2021/1/21, 13, 11, 1, , 
2021/1/22, 9, 11, 6, , 
2021/1/23, 21, 6, 14, , 
2021/1/24, 38, 7, 15, , 
2021/1/25, 17, 3, 20, , 
2021/1/26, 55, , 29, , 
2021/1/27, 46, 12, 5, , 
2021/1/28, 17, 13, 2, , 
2021/1/29, 21, 10, 4, , 
2021/1/30, 61, 10, 6, , 
2021/1/31, 80, 10, 6, , 
2021/2/1, 74, 13, 5, , 
2021/2/2, 68, 7, 10, , 
2021/2/3, 72, 9, 3, , 
2021/2/4, 61, 11, 2, , 
2021/2/5, 42, 9, 5, 1, 
2021/2/6, 30, 11, 5, , 
2021/2/7, 13, 5, 21, , 
2021/2/8, 55, 7, 13, , 
2021/2/9, 25, 14, 1, 1, 
2021/2/10, 13, 12, 3, 1, 
2021/2/11, 17, 5, 13, , 
2021/2/12, 21, 6, 7, , 
2021/2/13, 17, , 24, , 
2021/2/14, 38, 4, 17, , 
2021/2/15, 25, , 30, , 
2021/2/16, 50, 5, 24, , 
2021/2/17, 34, 5, 19, , 
2021/2/18, 53, 6, 17, , 
2021/2/19, 61, 9, 17, , 
2021/2/20, 93, 13, 11, , 
2021/2/21, 59, 13, 7, , 
2021/2/22, 21, 15, 4, 1, 
2021/2/23, 5, 7, 20, , 
2021/2/24, 21, 11, 3, , 
2021/2/25, 21, 13, 8, , 
2021/2/26, 38, 2, 28, , 
2021/2/27, 42, 11, 4, , 
2021/2/28, 17, 8, 11, , 
2021/3/1, 34, 12, 6, , 
2021/3/2, 21, 11, 10, , 
2021/3/3, 78, 5, 22, , 
2021/3/4, 59, 8, 20, , 
2021/3/5, 95, 14, 5, , 
2021/3/6, 68, 10, 5, , 
2021/3/7, 87, 11, 6, , 
2021/3/8, 74, 11, 13, , 
2021/3/9, 53, 15, 1, , 
2021/3/10, 17, 13, 2, , 
2021/3/11, 42, 14, 3, , 
2021/3/12, 17, 14, 5, , 
2021/3/13, 50, 8, 17, , 
2021/3/14, 34, 15, 2, , 
2021/3/15, 21, 14, 1, , 
2021/3/16, 17, 14, 1, , 
2021/3/17, 17, 11, 9, , 
2021/3/18, 34, 14, 3, , 
2021/3/19, 46, 6, 13, , 
2021/3/20, 53, 8, 9, , 
2021/3/21, 42, 14, 2, , 
2021/3/22, 30, 1, 25, , 
2021/3/23, 74, 14, 1, , 
2021/3/24, 17, 9, 1, , 
2021/3/25, 30, 12, 1, , 
2021/3/26, 30, 11, 3, , 
2021/3/27, 21, 8, 13, , 
2021/3/28, 42, 13, 2, , 
2021/3/29, 42, 12, 1, , 
2021/3/30, 34, 14, 1, , 
2021/3/31, 17, 2, 24, , 
2021/4/1, 59, 12, 4, , 
2020/10/17, 25, 10, 1, , 
2020/10/18, 21, 10, 1, , 
2020/10/19, 13, 7, 3, , 
2020/10/20, 25, 6, 4, , 
2020/10/21, 65, 9, 3, , 
2020/10/22, 38, 10, 1, , 
2020/10/23, 25, 9, 2, , 
2020/10/24, 17, 10, 1, , 
2020/10/25, 21, 11, 2, , 
2020/10/26, 13, 9, 2, , 
2020/10/27, 34, 9, 3, , 
2020/10/28, 53, 8, 1, , 
2020/10/29, 25, 6, 3, , 
2020/10/30, 30, 9, 1, , 
2020/10/31, 21, 10, 1, , 
2020/11/1, 13, 8, 3, , 
2020/11/2, 34, 6, 7, , 
2020/11/3, 17, 258, 500, 273, 
2020/11/4, 63, 5, 3, , 
2020/11/5, 59, 5, 1, , 
2020/11/6, 25, 8, 1, , 
2020/11/7, 42, , , , 
2020/11/11, 49, 7, 11, , 
2020/11/12, 61, 11, 2, , 
2020/11/13, 25, 1, 25, , 
2020/11/14, 59, 11, 7, , 
2020/11/15, 53, 10, 2, , 
2020/11/16, 38, 12, 1, , 
2020/11/17, 34, 12, 1, , 
2020/11/18, 17, 10, 1, , 
2020/11/19, 46, 9, 2, , 
2020/11/20, 30, 12, 2, , 
2020/11/21, 9, 8, 7, , 
2020/11/22, 68, 7, 8, , 
2020/11/23, 61, 11, 3, , 
2020/11/24, 46, 10, 4, , 
2020/11/25, 46, 11, 5, , 
2020/11/26, 55, 10, 4, , 
2020/11/27, 21, 11, 5, , 
2020/11/28, 30, 9, 10, , 
2020/11/29, 21, 8, 12, , 
2020/11/30, 25, 9, 11, , 
2020/12/1, 50, 6, 18, , 
2020/12/2, 38, 9, 8, , 
2020/12/3, 17, 6, 15, , 
2020/12/4, 55, 3, 19, , 
2020/12/5, 87, 8, 13, , 
2020/12/6, 46, 7, 13, , 
2020/12/7, 65, 1, 26, , 
2020/12/8, 57, 4, 25, , 
2020/12/9, 46, 9, 8, , 
2020/12/10, 50, 9, 6, , 
2020/12/11, 25, 2, 18, , 
2020/12/12, 80, 7, 3, , 
2020/12/13, 55, 11, 1, , 
2020/12/14, 13, 8, 11, , 
2020/12/15, 25, 11, 3, , 
2020/12/16, 21, 9, 6, , 
2020/12/17, 61, 7, 7, , 
2020/12/18, 80, 10, 1, , 
2020/12/19, 21, 10, 5, , 
2020/12/20, 25, 2, 19, , 
2020/12/21, 42, 9, 4, , 
2020/12/22, 34, 342, 500, 204, 
2020/12/23, 80, 10, 3, , 
2020/12/24, 21, 9, 4, , 
2020/12/25, 72, 11, 9, , 
2020/12/26, 17, 9, 5, , 
2020/12/27, 25, 10, 6, , 
2020/12/28, 21, 9, 11, , 
2020/12/29, 17, 10, 7, , 
2020/12/30, 53, 12, 3, , 
2020/12/31, 25, , 28, , 
2021/1/1, 95, 5, 13, , 
2021/1/2, 122, 7, 11, , 
2021/1/3, 97, 11, 7, , 
2021/1/4, 13, 12, 7, , 
2019/7/17, 35, 14, 3, , 
2019/7/18, 27, 14, 4, , 
2019/7/19, 18, 9, 2, , 
2019/7/20, 12, 11, 3, , 
2019/7/21, 26, 10, 3, , 
2019/7/22, 43, 16, 3, , 
2019/7/23, 30, 16, 3, , 
2019/7/24, 32, 13, 4, , 
2019/7/25, 34, 13, 1, , 
2019/7/26, 16, , , , 
2019/4/2, 43, 15, 5, , 
2019/4/3, 22, 15, 4, , 
2019/4/4, 39, 13, 4, , 
2019/4/5, 45, 13, 3, , 
2019/4/6, 49, 8, 2, , 
2019/4/7, 30, 16, 3, , 
2019/4/8, 41, 16, 3, , 
2019/4/9, 38, 9, 3, , 
2019/4/10, 33, 14, 3, , 
2019/4/11, 37, 14, 3, , 
2019/4/12, 34, 17, 9, , 
2019/4/13, 63, 17, 4, , 
2019/4/14, 36, 16, 2, , 
2019/4/15, 17, 15, 3, , 
2019/4/16, 30, 16, 6, , 
2019/4/17, 48, 18, 3, , 
2019/4/18, 27, 16, 3, , 
2019/4/19, 23, 17, 2, , 
2019/4/20, 23, 17, 1, , 
2019/4/21, 35, 16, 3, , 
2019/4/22, 30, 18, 3, , 
2019/4/23, 34, 19, 1, , 
2019/4/24, 42, 20, 2, 1, 
2019/4/25, 44, 17, 2, , 
2019/4/26, 23, 18, 10, , 
2019/4/27, 42, 14, 3, , 
2019/4/28, 27, 15, 4, , 
2019/4/29, 26, 16, 9, , 11
2019/4/30, 42, 16, 3, , 
2019/5/1, 36, 15, 4, , 
2019/5/2, 27, 13, 6, , 
2019/5/3, 39, 16, 4, , 
2019/5/4, 33, 14, 2, , 
2019/5/5, 23, 15, 3, , 
2019/5/6, 22, 15, 6, , 
2019/5/7, 34, 17, 4, , 
2019/5/8, 44, 17, 4, , 
2019/5/9, 28, 17, 7, , 
2019/5/10, 31, 15, 3, , 
2019/5/11, 21, 16, 2, , 
2019/5/12, 14, 19, 3, , 
2019/5/13, 18, 19, 4, , 
2019/5/14, 35, 16, 4, , 
2019/5/15, 32, 14, 4, , 11
2019/5/16, 35, 16, 5, , 
2019/5/17, 21, 16, 4, , 
2019/5/18, 26, 15, 2, , 
2019/5/19, 16, 15, 3, , 
2019/5/20, 22, 16, 3, , 
2019/5/21, 32, 20, 4, , 
2019/5/22, 43, 17, 6, , 
2019/5/23, 51, 17, 5, , 
2019/5/24, 42, 20, 5, , 
2019/5/25, 44, 11, 2, , 
2019/5/26, 34, 18, 4, , 
2019/5/27, 45, 21, 5, , 
2019/5/28, 42, 21, 9, , 
2019/5/29, 73, 24, 5, , 
2019/5/30, 64, 20, 4, 1, 
2019/5/31, 68, 15, 3, , 
2019/6/1, 55, 17, 6, , 
2019/6/2, 48, 21, 3, , 
2019/6/3, 53, 19, 4, , 
2019/6/4, 46, 18, 3, , 
2019/6/5, 52, 17, 3, , 
2019/6/6, 21, 15, 4, , 
2019/6/7, 23, 14, 4, , 
2019/6/8, 33, 11, 2, , 
2019/6/9, 17, 14, 3, , 
2019/6/10, 40, 16, 3, , 
2019/6/11, 33, 15, 5, , 
2019/6/12, 38, 16, 7, , 
2019/6/13, 43, 17, 5, , 
2019/6/14, 25, 16, 6, , 
2019/6/15, 43, 11, 3, , 
2019/6/16, 34, 15, 4, , 
2019/6/17, 16, 16, 5, , 
2019/6/18, 25, 20, 5, , 
2019/6/19, 29, 20, 4, , 
2019/6/20, 29, 17, 5, , 
2019/6/21, 15, 18, 4, , 
2019/6/22, 23, 14, 1, , 
2019/6/23, 20, 83, 1, , 
2019/6/24, 33, 10, , , 
2019/6/25, 30, 10, , , 
2019/6/26, 22, 11, 10, , 
2019/6/27, 25, 16, 8, , 
2019/6/28, 34, 17, 4, , 
2019/6/29, 21, 12, 3, , 
2019/6/30, 17, , , , 
2019/1/2, 20, 9, 16, , 
2019/1/3, 20, 7, 14, , 
2019/1/4, 28, 222, 166, 214, 11
2019/1/5, 40, 11, 5, , 
2019/1/6, 25, 11, 6, , 
2019/1/7, 39, 11, 5, , 
2019/1/8, 31, 12, 6, , 
2019/1/9, 14, 9, 12, , 
2019/1/10, 19, 11, 8, , 
2019/1/11, 25, 11, 9, , 
2019/1/12, 32, 8, 9, , 
2019/1/13, 44, 5, 18, , 
2019/1/14, 70, 6, 14, , 
2019/1/15, 76, 11, 8, , 
2019/1/16, 27, 11, 9, , 
2019/1/17, 26, 12, 16, , 
2019/1/18, 30, 11, 11, , 
2019/1/19, 29, 13, 8, , 
2019/1/20, 26, 12, 8, , 
2019/1/21, 36, 9, 14, , 
2019/1/22, 50, 8, 17, , 
2019/1/23, 56, 12, 11, , 
2019/1/24, 37, 10, 12, , 
2019/1/25, 27, 9, 13, , 
2019/1/26, 44, 10, 9, , 
2019/1/27, 38, 13, 6, , 
2019/1/28, 17, 14, 7, , 
2019/1/29, 10, 12, 13, , 
2019/1/30, 21, 12, 9, , 
2019/1/31, 18, 10, 14, , 
2019/2/1, 35, 13, 4, , 
2019/2/2, 25, 13, 4, , 
2019/2/3, 12, 14, 6, , 
2019/2/4, 13, 13, 6, , 
2019/2/5, 15, 10, 30, 1, 11
2019/2/6, 31, 7, 31, , 11
2019/2/7, 38, 8, 25, , 11
2019/2/8, 45, 10, 23, , 
2019/2/9, 46, 10, 27, , 11
2019/2/10, 52, 13, 18, , 11
2019/2/11, 45, 13, 12, , 
2019/2/12, 30, 9, 22, , 
2019/2/13, 60, 8, 19, , 
2019/2/14, 62, 7, 27, , 
2019/2/15, 66, 11, 22, , 11
2019/2/16, 51, 14, 8, , 
2019/2/17, 19, 13, 4, , 
2019/2/18, 17, 12, 19, , 
2019/2/19, 25, 14, 12, , 
2019/2/20, 40, 15, 20, , 
2019/2/21, 51, 12, 14, , 
2019/2/22, 33, 13, 15, , 
2019/2/23, 46, 13, 11, , 
2019/2/24, 31, 12, 8, , 
2019/2/25, 15, 11, 19, , 
2019/2/26, 38, 13, 14, , 
2019/2/27, 32, 15, 12, , 
2019/2/28, 38, 14, 15, , 
2019/3/1, 22, 10, 7, , 
2019/3/2, 26, 13, 7, , 
2019/3/3, 19, 14, 5, , 
2019/3/4, 17, 15, 6, , 
2019/3/5, 19, 15, 8, , 
2019/3/6, 17, 12, 19, , 
2019/3/7, 24, 14, 12, , 
2019/3/8, 34, 17, 12, , 
2019/3/9, 54, 18, 10, , 
2019/3/10, 33, 17, 17, , 
2019/3/11, 34, 18, 11, , 
2019/3/12, 41, 18, 9, , 
2019/3/13, 33, 17, 8, , 
2019/3/14, 27, 17, 10, , 
2019/3/15, 34, 17, 15, , 
2019/3/16, 58, 19, 10, , 
2019/3/17, 33, 20, 10, , 
2019/3/18, 49, 18, 9, , 
2019/3/19, 44, 22, 10, , 
2019/3/20, 50, 19, 16, , 
2019/3/21, 68, 13, 5, , 
2019/3/22, 48, 15, 7, , 
2019/3/23, 55, 15, 8, , 
2019/3/24, 58, 14, 3, , 
2019/3/25, 31, 14, 6, , 
2019/3/26, 56, 9, 4, , 
2019/3/27, 47, 14, 3, , 
2019/3/28, 29, 15, 6, , 
2019/3/29, 34, 14, 7, , 
2019/3/30, 56, 15, 8, , 
2019/3/31, 45, 15, 3, , 
2019/4/1, 31, 17, 5, , 
2018/10/2, 26, 9, 8, , 
2018/10/3, 28, 12, 5, , 
2018/10/4, 23, 10, 9, , 
2018/10/5, 25, 13, 9, , 
2018/10/6, 30, 12, 5, , 
2018/10/7, 35, 9, 4, , 
2018/10/8, 35, 8, 1, , 
2018/10/9, 8, 10, 6, , 11
2018/10/10, 23, 11, 16, 1, 11
2018/10/11, 42, 11, 13, , 
2018/10/12, 38, 8, 6, , 
2018/10/13, 28, 12, 2, , 
2018/10/14, 10, 12, 5, , 
2018/10/15, 19, 12, 5, , 
2018/10/16, 18, 12, 9, , 11
2018/10/17, 22, 11, 9, , 
2018/10/18, 26, 14, 8, , 
2018/10/19, 41, 12, 4, , 
2018/10/20, 26, 12, 10, , 
2018/10/21, 26, 14, 5, , 
2018/10/22, 21, 11, 15, , 
2018/10/23, 32, 12, 8, , 
2018/10/24, 43, 9, 10, 1, 
2018/10/25, 52, 6, 11, , 
2018/10/26, 67, 4, 9, , 11
2018/10/27, 69, 13, 9, , 
2018/10/28, 37, 10, 6, , 
2018/10/29, 29, 11, 5, , 
2018/10/30, 22, 12, 5, , 
2018/10/31, 25, 9, 10, , 
2018/11/1, 43, 6, 8, , 
2018/11/2, 41, 9, 5, , 
2018/11/3, 17, 8, 4, , 
2018/11/4, 22, 6, 4, , 
2018/11/5, 21, 11, 3, , 
2018/11/6, 10, 11, 8, , 
2018/11/7, 12, 10, 8, , 
2018/11/8, 28, 10, 8, , 
2018/11/9, 33, 11, 8, , 
2018/11/10, 30, 10, 7, , 
2018/11/11, 45, 14, 5, , 
2018/11/12, 18, 12, 9, , 
2018/11/13, 27, 7, 15, , 
2018/11/14, 49, 3, 17, , 11
2018/11/15, 59, 9, 12, , 11
2018/11/16, 60, 12, 9, , 
2018/11/17, 23, 8, 13, , 
2018/11/18, 37, 9, 7, , 
2018/11/19, 52, 8, 11, , 
2018/11/20, 45, 7, 12, , 13
2018/11/21, 68, 6, 8, , 
2018/11/22, 57, 8, 12, , 
2018/11/23, 39, 8, 11, , 
2018/11/24, 65, 9, 4, , 
2018/11/25, 18, 8, 7, , 
2018/11/26, 29, 8, 6, , 
2018/11/27, 33, 8, 6, , 
2018/11/28, 50, 9, 10, , 
2018/11/29, 43, 5, 9, , 
2018/11/30, 46, 5, 9, , 
2018/12/1, 39, 7, 5, , 
2018/12/2, 31, , , , 
2018/12/4, 51, 11, 7, , 
2018/12/5, 27, 9, 8, , 
2018/12/6, 25, 11, 11, , 
2018/12/7, 34, 8, 17, , 
2018/12/8, 52, 7, 18, , 
2018/12/9, 66, 9, 15, , 
2018/12/10, 52, 8, 19, , 
2018/12/11, 41, 10, 14, , 
2018/12/12, 42, 10, 13, , 
2018/12/13, 23, 9, 14, , 
2018/12/14, 15, 11, 13, , 
2018/12/15, 11, 13, 6, , 
2018/12/16, 11, 12, 6, , 
2018/12/17, 24, 9, 11, , 
2018/12/18, 21, 135, 79, 137, 
2018/12/19, 23, 8, 13, , 11
2018/12/20, 51, 7, 16, , 
2018/12/21, 31, 11, 6, , 
2018/12/22, 14, 11, 5, , 
2018/12/23, 20, 85, 56, 147, 
2018/12/24, 35, 11, 4, , 
2018/12/25, 19, 9, 10, , 
2018/12/26, 29, 9, 11, , 
2018/12/27, 53, 8, 9, , 
2018/12/28, 30, 7, 12, , 
2018/12/29, 34, 9, 8, , 
2018/12/30, 26, 12, 3, , 
2018/12/31, 18, , , , 
2018/7/2, 17, 14, 4, , 
2018/7/3, 15, 17, 5, , 
2018/7/4, 12, 11, 5, , 
2018/7/5, 19, 15, 4, , 
2018/7/6, 24, 19, 4, , 
2018/7/7, 29, 18, 3, , 
2018/7/8, 31, 11, 2, , 
2018/7/9, 18, 13, 5, , 
2018/7/10, 24, 15, 4, , 
2018/7/11, 38, 15, 2, , 
2018/7/12, 24, 13, 3, , 
2018/7/13, 37, 18, 6, , 
2018/7/14, 36, 13, 2, , 
2018/7/15, 22, 11, 2, , 
2018/7/16, 17, 11, 3, , 
2018/7/17, 22, 19, 4, 1, 
2018/7/18, 27, 15, 4, , 
2018/7/19, 48, 13, 3, , 
2018/7/20, 39, 14, 3, 1, 
2018/7/21, 33, 13, 1, 1, 
2018/7/22, 36, 15, 1, , 
2018/7/23, 25, 11, 1, , 
2018/7/24, 23, 11, 2, , 
2018/7/25, 30, 11, 2, , 
2018/7/26, 31, 12, 7, , 
2018/7/27, 40, 15, 4, , 
2018/7/28, 40, 17, 5, , 
2018/7/29, 46, 19, 6, , 
2018/7/30, 56, 19, 4, , 
2018/7/31, 61, 12, 2, , 
2018/8/1, 26, 12, 3, 1, 
2018/8/2, 25, 17, 3, , 
2018/8/3, 45, 21, 3, , 
2018/8/4, 57, 13, 2, , 
2018/8/5, 61, 10, 2, , 
2018/8/6, 30, 17, 4, , 
2018/8/7, 47, 13, 5, 1, 
2018/8/8, 71, 16, 7, , 11
2018/8/9, 133, 20, 10, 1, 11
2018/8/10, 154, 22, 7, 1, 11
2018/8/11, 148, 12, 5, 1, 11
2018/8/12, 191, 7, 1, , 
2018/8/13, 55, 9, 2, , 
2018/8/14, 15, 16, 4, , 
2018/8/15, 38, 12, 7, 1, 11
2018/8/16, 148, 9, 6, , 11
2018/8/17, 157, 17, 8, 1, 11
2018/8/18, 137, 13, 3, , 11
2018/8/19, 168, 12, 3, , 
2018/8/20, 84, 13, 9, , 
2018/8/21, 104, 19, 6, 1, 
2018/8/22, 94, 19, 7, , 
2018/8/23, 79, 10, 5, , 
2018/8/24, 72, 6, 3, , 
2018/8/25, 31, 10, 2, , 
2018/8/26, 39, 11, 3, , 
2018/8/27, 82, 6, 5, , 11
2018/8/28, 78, 11, 3, , 
2018/8/29, 13, 13, 6, , 
2018/8/30, 44, 12, 4, , 
2018/8/31, 62, 10, 5, , 
2018/9/1, 27, 11, 2, , 
2018/9/2, 68, 11, 6, , 11
2018/9/3, 40, 10, 4, , 
2018/9/4, 41, 9, 3, , 
2018/9/5, 28, 11, 8, , 11
2018/9/6, 36, 12, 7, , 
2018/9/7, 59, 12, 3, , 
2018/9/8, 39, 10, 5, , 
2018/9/9, 43, 9, 2, , 
2018/9/10, 30, 5, 4, , 11
2018/9/11, 17, 7, 2, , 
2018/9/12, 18, 11, 6, , 
2018/9/13, 24, 8, 3, , 
2018/9/14, 18, 7, 3, , 
2018/9/15, 12, 6, 3, , 
2018/9/16, 17, 6, 2, , 
2018/9/17, 8, 5, 2, , 
2018/9/18, 9, 6, 5, , 
2018/9/19, 22, 11, 9, , 11
2018/9/20, 43, 10, 7, , 
2018/9/21, 26, 9, 4, , 
2018/9/22, 12, 8, 3, , 
2018/9/23, 9, 8, 3, , 
2018/9/24, 12, 7, 6, , 
2018/9/25, 29, 12, 7, , 11
2018/9/26, 25, 13, 5, , 
2018/9/27, 22, 10, 3, , 
2018/9/28, 18, 13, 8, , 11
2018/9/29, 26, 12, 6, , 
2018/9/30, 18, 10, 7, , 
2018/10/1, 18, 8, 6, , 
2018/4/2, 38, 18, 21, , 
2018/4/3, 60, 18, 17, 1, 
2018/4/4, 56, 20, 18, , 
2018/4/5, 54, 14, 9, , 
2018/4/6, 24, 14, 7, , 
2018/4/7, 22, 16, 14, , 11
2018/4/8, 33, 18, 7, , 11
2018/4/9, 34, 17, 13, , 
2018/4/10, 47, 25, 16, 1, 
2018/4/11, 67, 18, 7, , 
2018/4/12, 34, 19, 7, , 
2018/4/13, 23, 18, 11, , 11
2018/4/14, 40, 17, 5, , 
2018/4/15, 37, 18, 7, , 11
2018/4/16, 39, 20, 5, , 
2018/4/17, 41, 18, 6, , 
2018/4/18, 38, 17, 12, , 
2018/4/19, 46, 18, 5, , 
2018/4/20, 26, 16, 5, , 
2018/4/21, 41, 16, 5, , 
2018/4/22, 29, 17, 2, , 
2018/4/23, 23, 17, 6, , 
2018/4/24, 28, 19, 8, , 
2018/4/25, 32, 19, 8, , 
2018/4/26, 35, 21, 7, , 
2018/4/27, 38, 19, 6, , 11
2018/4/28, 23, 20, 4, , 
2018/4/29, 29, 15, 9, 3, 17
2018/4/30, 112, 18, 3, , 
2018/5/1, 19, 19, 5, , 
2018/5/2, 28, 19, 4, , 
2018/5/3, 30, 20, 4, , 
2018/5/4, 38, 20, 9, 1, 
2018/5/5, 40, 19, 6, , 
2018/5/6, 44, 21, 8, , 11
2018/5/7, 33, 17, 11, , 
2018/5/8, 54, 16, 5, , 
2018/5/9, 45, 16, 3, , 
2018/5/10, 30, 19, 6, , 
2018/5/11, 33, 14, 6, , 
2018/5/12, 44, 20, 6, , 
2018/5/13, 50, 20, 4, , 
2018/5/14, 50, 20, 5, , 
2018/5/15, 48, 19, 5, , 
2018/5/16, 66, 18, 4, , 
2018/5/17, 65, 13, 4, , 
2018/5/18, 45, 15, 8, , 
2018/5/19, 46, 18, 5, , 
2018/5/20, 44, 20, 3, , 
2018/5/21, 39, 21, 3, , 
2018/5/22, 42, 23, 8, , 
2018/5/23, 80, 23, 6, , 
2018/5/24, 58, 22, 5, , 
2018/5/25, 61, 21, 5, , 
2018/5/26, 58, 21, 7, , 
2018/5/27, 64, , , , 
2018/5/29, 45, 18, 5, , 
2018/5/30, 50, 14, 5, , 
2018/5/31, 56, 10, 3, , 
2018/6/1, 38, 9, 2, , 
2018/6/2, 28, 11, 3, , 
2018/6/3, 35, 18, 5, , 
2018/6/4, 39, 19, 6, , 
2018/6/5, 50, 16, 3, , 
2018/6/6, 48, 21, 6, , 
2018/6/7, 45, 19, 6, , 
2018/6/8, 48, 19, 4, , 
2018/6/9, 45, 21, 3, , 
2018/6/10, 45, 19, 3, , 
2018/6/11, 42, 13, 4, , 
2018/6/12, 26, 14, 4, , 
2018/6/13, 33, 19, 6, , 11
2018/6/14, 33, 19, 8, , 
2018/6/15, 43, 14, 3, , 
2018/6/16, 31, 11, 4, , 
2018/6/17, 35, 16, 6, , 
2018/6/18, 38, 22, 9, , 
2018/6/19, 59, 24, 8, , 
2018/6/20, 54, 25, 7, , 
2018/6/21, 59, 24, 7, , 
2018/6/22, 54, 22, 7, 1, 
2018/6/23, 57, 14, 3, , 
2018/6/24, 58, 18, 3, , 
2018/6/25, 43, 19, 4, , 
2018/6/26, 49, 21, 3, , 
2018/6/27, 36, 18, 4, , 
2018/6/28, 40, 14, 6, , 
2018/6/29, 39, 14, 4, , 
2018/6/30, 31, 18, 3, , 
2018/7/1, 25, 16, 3, , 
2018/1/3, 23, 9, 17, , 11
2018/1/4, 35, 8, 10, , 11
2018/1/5, 51, 8, 9, 1, 11
2018/1/6, 43, 7, 13, , 
2018/1/7, 49, 13, 8, 1, 
2018/1/8, 17, 8, 18, , 11
2018/1/9, 26, 9, 10, , 11
2018/1/10, 34, 13, 7, , 
2018/1/11, 14, 11, 11, , 
2018/1/12, 18, 8, 17, 1, 11
2018/1/13, 33, 10, 15, , 
2018/1/14, 19, 12, 8, , 
2018/1/15, 29, 11, 18, , 
2018/1/16, 23, 11, 14, , 
2018/1/17, 17, 12, 13, 1, 
2018/1/18, 22, 9, 15, 1, 
2018/1/19, 13, 10, 16, 1, 
2018/1/20, 21, 9, 12, , 
2018/1/21, 31, 10, 14, , 
2018/1/22, 41, 8, 9, , 
2018/1/23, 37, 9, 9, , 
2018/1/24, 55, 11, 8, , 11
2018/1/25, 42, 8, 8, , 
2018/1/26, 44, 9, 8, , 
2018/1/27, 26, 11, 7, , 11
2018/1/28, 13, 10, 14, , 11
2018/1/29, 21, 8, 14, 1, 11
2018/1/30, 23, 8, 8, , 
2018/1/31, 32, 11, 8, , 
2018/2/1, 11, 9, 21, , 11
2018/2/2, 19, 13, 9, , 
2018/2/3, 15, 14, 7, , 
2018/2/4, 7, 10, 11, 1, 
2018/2/5, 19, 11, 16, 1, 
2018/2/6, 19, 11, 17, 1, 
2018/2/7, 18, 11, 19, 1, 11
2018/2/8, 25, 12, 22, , 11
2018/2/9, 25, 13, 15, 1, 
2018/2/10, 15, 14, 12, , 
2018/2/11, 32, 14, 8, , 
2018/2/12, 9, 13, 12, , 
2018/2/13, 10, 14, 13, 1, 
2018/2/14, 17, 14, 11, , 
2018/2/15, 20, 13, 14, , 
2018/2/16, 24, 14, 13, , 
2018/2/17, 18, 15, 8, , 
2018/2/18, 10, 14, 10, , 
2018/2/19, 10, 13, 15, , 
2018/2/20, 13, 13, 15, 1, 
2018/2/21, 19, 12, 18, , 
2018/2/22, 11, 13, 16, , 
2018/2/23, 25, 15, 13, , 
2018/2/24, 19, 14, 11, 1, 
2018/2/25, 22, 15, 13, , 
2018/2/26, 13, 14, 16, , 
2018/2/27, 19, 14, 13, , 
2018/2/28, 16, 14, 17, , 
2018/3/1, 28, 127, 82, 165, 11
2018/3/2, 30, 14, 6, , 
2018/3/3, 14, 14, 4, , 
2018/3/4, 16, 14, 4, , 
2018/3/5, 9, 13, 11, , 
2018/3/6, 15, 13, 17, , 
2018/3/7, 36, 13, 27, 1, 
2018/3/8, 55, 16, 26, 1, 
2018/3/9, 42, 19, 11, 2, 11
2018/3/10, 44, 18, 11, 1, 
2018/3/11, 51, 19, 25, 1, 11
2018/3/12, 64, 49, 48, 161, 11
2018/3/13, 62, 17, 16, , 
2018/3/14, 40, 56, 42, 119, 
2018/3/15, 48, 16, 6, , 
2018/3/16, 24, 16, 12, , 
2018/3/17, 41, 17, 11, , 11
2018/3/18, 64, 14, 8, , 
2018/3/19, 36, 14, 9, , 11
2018/3/20, 30, 19, 10, , 
2018/3/21, 52, 18, 17, , 11
2018/3/22, 60, 20, 10, , 11
2018/3/23, 54, 18, 6, , 
2018/3/24, 37, 17, 8, , 11
2018/3/25, 39, 15, 7, , 
2018/3/26, 42, 18, 8, , 
2018/3/27, 40, 14, 8, , 
2018/3/28, 33, 15, 9, , 
2018/3/29, 25, 16, 8, , 
2018/3/30, 23, 17, 11, , 
2018/3/31, 22, 14, 6, , 
2018/4/1, 15, 18, 10, 1, 
2017/10/2, 51, 5, 1, , 
2017/10/3, 24, 10, 8, , 
2017/10/4, 23, 45, 31, 35, 
2017/10/5, 41, 109, 76, 500, 
2017/10/6, 33, 12, 6, , 
2017/10/7, 34, 13, 3, , 
2017/10/8, 28, 10, 1, , 
2017/10/9, 17, 11, 5, , 
2017/10/10, 21, 6, 13, , 
2017/10/11, 35, 8, 9, , 
2017/10/12, 53, 8, 3, , 
2017/10/13, 19, 12, 4, , 
2017/10/14, 27, 10, 8, , 
2017/10/15, 22, 11, 4, , 
2017/10/16, 20, 15, 10, 2, 
2017/10/17, 27, 14, 7, 1, 
2017/10/18, 42, 13, 5, , 
2017/10/19, 19, 10, 11, , 11
2017/10/20, 30, 7, 9, , 11
2017/10/21, 63, 9, 4, , 
2017/10/22, 28, 7, 8, , 
2017/10/23, 13, 11, 4, , 
2017/10/24, 18, 12, 7, , 
2017/10/25, 13, 10, 5, , 
2017/10/26, 13, 10, 7, , 
2017/10/27, 13, 8, 6, , 
2017/10/28, 19, 10, 5, , 
2017/10/29, 25, 12, 1, , 
2017/10/30, 7, 12, 6, , 
2017/10/31, 18, 7, 10, , 11
2017/11/1, 22, 9, 4, , 
2017/11/2, 37, 10, 8, , 
2017/11/3, 11, 10, 4, , 
2017/11/4, 10, 11, 6, , 
2017/11/5, 17, 9, 11, , 
2017/11/6, 49, 12, 10, , 
2017/11/7, 32, 10, 10, , 
2017/11/8, 42, 11, 15, , 
2017/11/9, 18, 10, 15, , 
2017/11/10, 32, 10, 9, , 
2017/11/11, 34, 11, 13, , 
2017/11/12, 63, 10, 14, , 11
2017/11/13, 71, 9, 16, , 11
2017/11/14, 37, 38, 31, 79, 
2017/11/15, 35, 11, 9, , 
2017/11/16, 16, 10, 7, , 
2017/11/17, 30, 9, 11, , 
2017/11/18, 45, 7, 15, 1, 
2017/11/19, 54, 106, 83, 176, 11
2017/11/20, 66, 6, 16, , 
2017/11/21, 51, , , , 
2017/11/24, 43, 11, 12, , 
2017/11/25, 25, 6, 14, , 
2017/11/26, 33, 9, 6, , 
2017/11/27, 34, 12, 6, , 
2017/11/28, 26, 10, 10, , 
2017/11/29, 19, 11, 8, 1, 
2017/11/30, 21, 6, 14, , 
2017/12/1, 20, 35, 37, 146, 11
2017/12/2, 20, 5, 14, , 
2017/12/3, 35, 71, 62, 86, 
2017/12/4, 57, 9, 14, , 
2017/12/5, 32, 11, 13, , 
2017/12/6, 26, 9, 18, , 11
2017/12/7, 22, 12, 13, 1, 
2017/12/8, 39, 13, 13, 1, 
2017/12/9, 40, 14, 14, 1, 11
2017/12/10, 38, 14, 7, 1, 
2017/12/11, 26, 11, 10, , 
2017/12/12, 22, 10, 11, , 
2017/12/13, 34, 12, 5, , 
2017/12/14, 35, 12, 8, , 
2017/12/15, 27, 11, 11, , 
2017/12/16, 31, 12, 6, , 
2017/12/17, 20, 9, 8, , 
2017/12/18, 16, 13, 8, , 
2017/12/19, 13, 13, 8, , 
2017/12/20, 19, 10, 15, , 11
2017/12/21, 23, 9, 10, , 
2017/12/22, 28, 12, 6, , 
2017/12/23, 12, 13, 6, , 
2017/12/24, 15, 13, 8, , 
2017/12/25, 11, 13, 8, , 
2017/12/26, 10, 10, 13, , 
2017/12/27, 24, 9, 17, , 11
2017/12/28, 28, 7, 15, , 
2017/12/29, 37, 8, 10, , 
2017/12/30, 11, , , , 
2017/8/3, 39, 14, 5, , 
2017/8/4, 35, 14, 4, , 
2017/8/5, 44, 13, 3, 1, 
2017/8/6, 45, 15, 4, , 
2017/8/7, 45, 18, 4, , 
2017/8/8, 42, 13, 6, , 
2017/8/9, 41, 13, 6, , 
2017/8/10, 46, 17, 5, , 
2017/8/11, 46, 18, 6, , 
2017/8/12, 42, 19, 4, 1, 
2017/8/13, 46, 18, 3, 1, 
2017/8/14, 42, 14, 4, 1, 
2017/8/15, 39, 11, 4, , 
2017/8/16, 52, 6, 7, , 
2017/8/17, 37, 11, 6, , 
2017/8/18, 56, 17, 6, 1, 
2017/8/19, 38, 13, 1, , 
2017/8/20, 35, 12, 4, , 
2017/8/21, 29, 12, 5, , 
2017/8/22, 33, 14, 8, , 11
2017/8/23, 42, 12, 8, 1, 11
2017/8/24, 49, 14, 3, , 
2017/8/25, 47, 13, 7, , 
2017/8/26, 54, 17, 4, , 
2017/8/27, 40, 15, 9, , 
2017/8/28, 53, 14, 6, 1, 
2017/8/29, 47, 13, 6, 1, 
2017/8/30, 45, 15, 4, 1, 
2017/8/31, 79, 15, 5, , 
2017/9/1, 79, 14, 3, , 
2017/9/2, 47, 14, 4, , 
2017/9/3, 45, 13, 3, , 
2017/9/4, 38, 11, 2, , 
2017/9/5, 33, 11, 6, , 
2017/9/6, 42, , , , 
2017/9/11, 33, 17, 10, 1, 11
2017/9/12, 58, 11, 7, , 
2017/9/13, 66, 9, 5, , 
2017/9/14, 27, 8, 5, , 
2017/9/15, 24, 10, 7, , 
2017/9/16, 25, 11, 6, , 
2017/9/17, 52, 11, 6, , 
2017/9/18, 51, 12, 5, 1, 
2017/9/19, 42, 9, 5, , 
2017/9/20, 38, 11, 9, , 
2017/9/21, 28, 5, 6, , 
2017/9/22, 27, 5, 5, , 
2017/9/23, 20, 256, 185, , 
2017/9/24, 26, 9, 6, , 
2017/9/25, 21, 11, 6, , 
2017/9/26, 25, 10, 7, 1, 
2017/9/27, 31, 9, 11, , 11
2017/9/28, 37, 138, 107, 87, 11
2017/9/29, 46, 15, 5, 1, 
2017/9/30, 45, 13, 4, 1, 
2017/10/1, 36, 8, 4, , 
2016/7/2, 30, 13, 3, 2, 
2016/7/3, 29, 17, 3, 2, 
2016/7/4, 39, 19, 2, 2, 
2016/7/5, 20, 11, 7, 4, 
2016/7/6, 25, 11, 4, 2, 
2016/7/7, 33, 17, 5, 2, 
2016/7/8, 47, 14, 7, 2, 11
2016/7/9, 58, 16, 3, 2, 
2016/7/10, 48, 14, 3, 2, 
2016/7/11, 42, 11, 3, 2, 
2016/7/12, 30, 11, 3, 2, 
2016/7/13, 36, 12, 2, 2, 
2016/7/14, 42, 12, 4, 2, 
2016/7/15, 36, 15, 9, 2, 
2016/7/16, 43, 15, 7, 2, 
2016/7/17, 47, 15, 2, 2, 
2016/7/18, 57, 17, 5, 2, 
2016/7/19, 62, 17, 6, 2, 
2016/7/20, 39, 16, 4, 2, 
2016/7/21, 34, 12, 6, 4, 
2016/7/22, 35, 13, 5, , 
2016/7/23, 27, 13, 3, , 
2016/7/24, 27, 13, 2, , 
2016/7/25, 24, 12, 4, , 
2016/7/26, 22, 10, 5, 1, 
2016/7/27, 22, 10, 3, 2, 
2016/7/28, 25, 6, 4, 2, 
2016/7/29, 19, , , , 
2016/8/5, 23, 11, 5, 2, 
2016/8/6, 21, 13, 4, 2, 
2016/8/7, 21, 11, 4, 334, 
2016/8/8, 23, 10, 4, 2, 
2016/8/9, 21, 73, 53, 334, 
2016/8/10, 30, 11, 3, 2, 
2016/8/11, 22, 11, 5, 2, 
2016/8/12, 20, 5, 9, 2, 
2016/8/13, 28, , , , 
2016/8/17, 33, 14, 4, 2, 
2016/8/18, 22, 9, 3, 2, 
2016/8/19, 20, 9, 3, 2, 
2016/8/20, 13, 14, 4, 251, 
2016/8/21, 16, 14, 4, 2, 
2016/8/22, 20, 14, 4, 2, 
2016/8/23, 37, , , , 
2016/4/2, 31, 13, 10, , 
2016/4/3, 31, 10, 3, , 
2016/4/4, 26, 11, 9, , 
2016/4/5, 26, 10, 6, , 
2016/4/6, 31, 11, 6, , 
2016/4/7, 20, 11, 6, 1, 
2016/4/8, 19, 10, 9, , 
2016/4/9, 26, 10, 4, , 
2016/4/10, 28, 13, 3, , 
2016/4/11, 15, 12, 13, , 
2016/4/12, 22, 12, 12, , 
2016/4/13, 36, 12, 10, , 
2016/4/14, 36, 13, 8, , 
2016/4/15, 33, 11, 1, , 
2016/4/16, 33, 12, 1, , 11
2016/4/17, 30, 14, 1, , 
2016/4/18, 25, 15, 1, , 
2016/4/19, 22, 15, 1, , 
2016/4/20, 35, 14, , , 
2016/4/21, 41, 11, 1, , 
2016/4/22, 25, 12, 1, , 
2016/4/23, 31, 13, 1, , 
2016/4/24, 26, 13, 1, , 
2016/4/25, 20, 13, , , 
2016/4/26, 26, 11, 1, , 
2016/4/27, 37, 14, , , 
2016/4/28, 54, 14, , , 
2016/4/29, 45, 14, , , 
2016/4/30, 46, 14, , 1, 
2016/5/1, 40, 15, , 2, 
2016/5/2, 39, 13, , 1, 11
2016/5/3, 57, 126, , 65, 11
2016/5/4, 72, 16, 9, , 
2016/5/5, 50, 20, 9, , 11
2016/5/6, 77, 20, 4, , 
2016/5/7, 73, 21, 6, , 
2016/5/8, 73, 20, 3, , 
2016/5/9, 77, 15, 4, , 
2016/5/10, 37, 12, 3, , 
2016/5/11, 32, 11, 3, , 
2016/5/12, 10, 15, 4, , 
2016/5/13, 15, 15, 5, , 
2016/5/14, 11, 17, 8, , 11
2016/5/15, 66, 17, 11, , 11
2016/5/16, 85, 19, 10, , 11
2016/5/17, 85, 18, 5, , 
2016/5/18, 44, 10, 9, , 
2016/5/19, 30, 22, 5, , 
2016/5/20, 56, 21, 5, , 11
2016/5/21, 56, 19, 4, 2, 
2016/5/22, 39, 17, 4, 2, 
2016/5/23, 18, 11, 3, 2, 
2016/5/24, 9, 8, 4, 2, 
2016/5/25, 28, , 5, , 
2016/5/26, 46, , 7, , 
2016/5/27, 41, 17, 9, , 
2016/5/28, 41, 15, 4, 2, 
2016/5/29, 27, 21, 5, 2, 
2016/5/30, 21, 15, 4, 2, 
2016/5/31, 22, 16, 4, 2, 
2016/6/1, 20, 16, 10, 2, 
2016/6/2, 31, 18, 6, 3, 
2016/6/3, 26, 19, 4, 2, 
2016/6/4, 38, 21, 4, 2, 
2016/6/5, 26, 17, 4, 2, 
2016/6/6, 27, 17, 5, 2, 
2016/6/7, 30, 20, 5, 2, 
2016/6/8, 33, 22, 6, 1, 
2016/6/9, 45, 23, 6, 2, 
2016/6/10, 44, 15, 3, 2, 
2016/6/11, 25, 15, 3, 2, 
2016/6/12, 20, 19, 4, 2, 
2016/6/13, 18, 11, 7, 2, 
2016/6/14, 21, , , , 
2016/6/17, 21, 16, 4, 2, 
2016/6/18, 20, 17, 5, 2, 
2016/6/19, 17, 16, 6, 2, 
2016/6/20, 24, 14, 4, 2, 
2016/6/21, 23, , , , 
2016/6/23, 30, 17, 5, 2, 
2016/6/24, 29, 22, 4, 2, 
2016/6/25, 28, 15, 5, 2, 
2016/6/26, 32, 13, 2, 2, 
2016/6/27, 24, 17, 4, 2, 
2016/6/28, 32, 19, 6, 2, 
2016/6/29, 44, 15, 7, 2, 
2016/6/30, 43, 13, 3, 2, 
2016/7/1, 22, 14, 3, 2, 
2016/1/5, 31, 53, 37, 175, 11
2016/1/6, 56, 9, 9, , 
2016/1/7, 24, 10, 5, , 
2016/1/8, 11, 10, 8, , 
2016/1/9, 11, 11, 9, , 
2016/1/10, 30, 6, 13, , 
2016/1/11, 41, 8, 11, , 
2016/1/12, 40, 6, 16, , 
2016/1/13, 27, 90, 57, 229, 11
2016/1/14, 48, 10, 9, , 
2016/1/15, 27, 11, 6, , 
2016/1/16, 11, 10, 9, , 
2016/1/17, 10, 7, 17, , 11
2016/1/18, 34, 10, 12, , 
2016/1/19, 14, 7, 19, , 11
2016/1/20, 45, 8, 13, , 
2016/1/21, 31, 7, 12, , 
2016/1/22, 33, 9, 10, , 
2016/1/23, 32, 9, 7, , 
2016/1/24, 30, 7, 10, , 
2016/1/25, 65, 8, 8, , 
2016/1/26, 48, 8, 9, , 
2016/1/27, 38, 246, 477, 77, 
2016/1/28, 17, 248, 500, 77, 
2016/1/29, 20, 250, 500, 71, 
2016/1/30, 18, 250, 363, 75, 
2016/1/31, 27, , 11, , 
2016/2/1, 40, , 8, , 
2016/2/2, 19, , 15, , 
2016/2/3, 26, , 14, , 
2016/2/4, 42, , 12, , 
2016/2/5, 36, , 12, , 
2016/2/6, 42, , 8, , 
2016/2/7, 15, , 3, , 
2016/2/8, 13, 49, 40, 188, 11
2016/2/9, 27, 8, 20, , 
2016/2/10, 51, 10, 11, , 
2016/2/11, 29, 11, 7, , 
2016/2/12, 13, 11, 11, , 
2016/2/13, 15, 10, 13, , 
2016/2/14, 33, 9, 22, , 
2016/2/15, 45, 9, 23, , 
2016/2/16, 40, 10, 14, , 
2016/2/17, 21, 9, 13, , 
2016/2/18, 31, , , , 
2016/3/1, 13, 10, 17, , 
2016/3/2, 27, 11, 15, , 
2016/3/3, 41, 10, 15, , 
2016/3/4, 31, 11, 10, , 
2016/3/5, 39, 10, 16, , 
2016/3/6, 28, 11, 16, , 11
2016/3/7, 37, 11, 9, , 
2016/3/8, 28, 10, 18, , 
2016/3/9, 30, 11, 9, , 
2016/3/10, 25, 9, 10, , 
2016/3/11, 26, 13, 15, , 11
2016/3/12, 27, 10, 9, , 
2016/3/13, 22, , 7, , 
2016/3/14, 18, 12, 17, , 
2016/3/15, 31, 11, 7, , 
2016/3/16, 19, 14, 7, , 
2016/3/17, 12, 14, 7, 10, 
2016/3/18, 11, 14, 7, , 
2016/3/19, 12, 15, 12, , 
2016/3/20, 21, 13, 8, , 
2016/3/21, 25, 13, 6, , 
2016/3/22, 18, 13, 7, , 
2016/3/23, 17, 12, 15, , 
2016/3/24, 33, 12, 12, , 
2016/3/25, 41, 11, 9, , 
2016/3/26, 21, 13, 9, , 
2016/3/27, 30, 11, 15, , 
2016/3/28, 31, 10, 7, , 
2016/3/29, 36, 13, 14, , 
2016/3/30, 36, 13, 15, , 
2016/3/31, 24, 12, 8, , 
2016/4/1, 18, 12, 14, , 
2015/10/2, 49, 10, 4, , 
2015/10/3, 45, 8, 3, , 
2015/10/4, 31, 4, 1, , 
2015/10/5, 15, 9, 3, , 
2015/10/6, 25, 83, 49, 134, 11
2015/10/7, 40, 9, 7, , 
2015/10/8, 49, 11, 9, , 11
2015/10/9, 46, 11, 5, , 
2015/10/10, 38, 10, 7, , 
2015/10/11, 51, 11, 3, , 
2015/10/12, 32, 7, 2, , 
2015/10/13, 17, 10, 5, , 
2015/10/14, 23, 12, 5, , 
2015/10/15, 27, 11, 6, 1, 
2015/10/16, 26, 11, 9, , 
2015/10/17, 24, 11, 5, , 
2015/10/18, 33, 12, 3, , 
2015/10/19, 34, 6, 11, , 
2015/10/20, 45, 11, 5, , 
2015/10/21, 48, 10, 8, , 
2015/10/22, 32, 8, 5, , 
2015/10/23, 33, 12, 7, , 
2015/10/24, 33, 9, 8, , 
2015/10/25, 31, , , , 
2015/10/27, 35, 10, 3, , 
2015/10/28, 24, 10, 3, , 
2015/10/29, 16, 8, 6, , 
2015/10/30, 23, 6, 9, , 
2015/10/31, 36, 10, 6, 11, 
2015/11/1, 29, 8, 3, , 
2015/11/2, 29, 4, 3, , 
2015/11/3, 17, 7, 6, , 
2015/11/4, 16, 5, 6, , 
2015/11/5, 30, 7, 5, , 
2015/11/6, 36, 10, 7, , 
2015/11/7, 37, 7, 7, , 
2015/11/8, 38, 211, 136, 124, 
2015/11/9, 39, 6, 3, , 
2015/11/10, 26, 7, 4, , 
2015/11/11, 23, 9, 3, , 
2015/11/12, 25, 9, 8, , 
2015/11/13, 25, 8, 8, , 
2015/11/14, 22, 6, 11, , 
2015/11/15, 29, 10, 3, , 
2015/11/16, 25, 3, 6, , 
2015/11/17, 50, , , , 
2015/11/20, 14, 5, 12, , 
2015/11/21, 34, 8, 8, , 
2015/11/22, 27, 11, 5, 2, 
2015/11/23, 17, 9, 11, , 
2015/11/24, 23, 8, 4, , 
2015/11/25, 22, 10, 8, , 
2015/11/26, 21, 6, 12, , 
2015/11/27, 64, 97, 54, 201, 
2015/11/28, 31, 6, 17, , 
2015/11/29, 49, 6, 13, , 
2015/11/30, 58, 4, 14, , 
2015/12/1, 56, 2, 18, , 
2015/12/2, 65, 6, 15, , 
2015/12/3, 35, 8, 13, , 
2015/12/4, 18, 7, 8, , 
2015/12/5, 22, 5, 10, , 
2015/12/6, 19, 6, 8, , 
2015/12/7, 11, 3, 13, , 
2015/12/8, 19, 5, 15, , 
2015/12/9, 24, 5, 11, 1, 11
2015/12/10, 43, 6, 7, , 
2015/12/11, 33, 8, 5, , 
2015/12/12, 24, 7, 6, , 
2015/12/13, 16, 7, 6, , 
2015/12/14, 35, 4, 7, , 
2015/12/15, 33, 7, 7, , 
2015/12/16, 37, 10, 6, , 
2015/12/17, 31, 9, 6, , 
2015/12/18, 10, 8, 6, , 
2015/12/19, 13, 7, 5, , 
2015/12/20, 18, 8, 7, , 
2015/12/21, 24, 7, 13, , 
2015/12/22, 25, 5, 14, , 11
2015/12/23, 57, 6, 9, , 
2015/12/24, 23, 6, 7, , 
2015/12/25, 27, 6, 8, , 
2015/12/26, 16, 5, 9, , 
2015/12/27, 28, 6, 8, , 
2015/12/28, 39, 7, 8, , 
2015/12/29, 40, 6, 8, , 
2015/12/30, 37, 5, 10, , 
2015/12/31, 45, , , , 
2016/1/4, 28, 9, 11, , 
2015/7/2, 139, 18, 7, , 11
2015/7/3, 159, 19, 10, , 
2015/7/4, 126, 15, 7, , 
2015/7/5, 112, 11, 5, , 
2015/7/6, 128, 14, 7, 4, 
2015/7/7, 94, 12, 5, 5, 11
2015/7/8, 97, 36, 28, 4, 
2015/7/9, 47, 19, 6, 7, 11
2015/7/10, 78, 21, 6, 3, 
2015/7/11, 76, 19, 2, , 
2015/7/12, 69, 16, 4, , 
2015/7/13, 29, 12, 6, , 
2015/7/14, 39, 16, 5, , 
2015/7/15, 47, 21, 6, , 
2015/7/16, 40, 16, 7, , 
2015/7/17, 39, 11, 4, , 
2015/7/18, 22, 12, 3, , 
2015/7/19, 39, 12, 4, , 
2015/7/20, 32, 13, 4, , 
2015/7/21, 28, 13, 3, 4, 
2015/7/22, 29, 17, 4, 5, 
2015/7/23, 43, 17, 4, 5, 
2015/7/24, 31, 16, 6, 5, 
2015/7/25, 29, 16, 3, 2, 
2015/7/26, 29, 15, 4, 5, 
2015/7/27, 23, 11, 8, 5, 
2015/7/28, 41, 9, 3, 4, 
2015/7/29, 42, 13, 2, 4, 
2015/7/30, 40, 17, 3, 4, 
2015/7/31, 35, 14, 6, 4, 
2015/8/1, 11, 12, 4, 4, 
2015/8/2, 16, 11, 3, 4, 
2015/8/3, 18, 13, 6, 4, 11
2015/8/4, 37, 10, 3, 4, 
2015/8/5, 23, 11, 3, 5, 
2015/8/6, 39, 9, 4, 5, 
2015/8/7, 22, 12, 4, 5, 
2015/8/8, 27, 7, 2, 5, 
2015/8/9, 27, 12, 3, 2, 
2015/8/10, 30, 15, 4, 4, 
2015/8/11, 40, 24, 31, 28, 
2015/8/12, 51, 17, 6, 2, 
2015/8/13, 56, 61, 59, 42, 
2015/8/14, 64, 12, 4, 5, 
2015/8/15, 54, 9, 1, 5, 
2015/8/16, 26, 10, 2, 5, 
2015/8/17, 20, 11, 4, 5, 
2015/8/18, 23, 13, 6, , 
2015/8/19, 31, 14, 5, , 
2015/8/20, 29, 12, 5, , 11
2015/8/21, 40, 7, 4, , 
2015/8/22, 30, 9, 1, , 
2015/8/23, 15, 12, 3, , 11
2015/8/24, 17, 13, 4, 1, 
2015/8/25, 19, 11, 6, 1, 
2015/8/26, 34, 9, 8, , 
2015/8/27, 53, 55, 33, 12, 11
2015/8/28, 62, 67, 78, 237, 11
2015/8/29, 82, 16, 4, 1, 
2015/8/30, 108, 13, 4, , 
2015/8/31, 79, 15, 4, , 
2015/9/1, 24, 13, 5, , 
2015/9/2, 27, 13, 8, 1, 11
2015/9/3, 46, 12, 4, , 
2015/9/4, 33, 8, 3, , 
2015/9/5, 28, 5, 1, , 
2015/9/6, 15, 7, 2, , 
2015/9/7, 12, 7, 1, , 
2015/9/8, 13, 9, 3, , 
2015/9/9, 16, 142, 95, 71, 11
2015/9/10, 22, 35, 32, 135, 11
2015/9/11, 25, 11, 6, 1, 
2015/9/12, 20, 49, 26, 117, 11
2015/9/13, 29, 13, 3, , 11
2015/9/14, 19, 9, 4, , 
2015/9/15, 18, 7, 3, , 
2015/9/16, 21, 7, 3, , 
2015/9/17, 12, 92, 48, 127, 11
2015/9/18, 16, 12, 6, , 
2015/9/19, 21, 12, 5, , 
2015/9/20, 15, 12, 5, , 
2015/9/21, 19, 10, 2, , 
2015/9/22, 13, 72, 47, 55, 
2015/9/23, 20, 11, 3, , 
2015/9/24, 16, 8, 6, 5, 
2015/9/25, 31, 11, 5, , 
2015/9/26, 35, 12, 3, , 
2015/9/27, 28, 13, 2, , 
2015/9/28, 16, 11, 5, , 
2015/9/29, 13, 112, 69, 231, 11
2015/9/30, 34, 154, 117, 86, 11
2015/10/1, 58, 8, 7, , 11
2015/4/2, 27, 15, 3, 11, 11
2015/4/3, 19, 15, 4, 10, 11
2015/4/4, 18, 15, 3, 12, 11
2015/4/5, 25, 15, 8, 10, 11
2015/4/6, 23, 15, 10, 10, 11
2015/4/7, 37, 13, 6, 10, 11
2015/4/8, 34, 13, 10, 6, 11
2015/4/9, 43, 16, 9, , 11
2015/4/10, 42, 17, 5, 4, 11
2015/4/11, 34, 18, 4, 4, 11
2015/4/12, 38, 17, 3, 4, 11
2015/4/13, 26, 17, 6, 8, 11
2015/4/14, 34, 15, 6, 2, 11
2015/4/15, 33, 16, 3, 4, 11
2015/4/16, 31, 17, 10, 2, 11
2015/4/17, 32, 18, 6, , 11
2015/4/18, 26, 16, 2, 4, 11
2015/4/19, 16, 17, 2, 8, 11
2015/4/20, 11, 17, 12, 2, 11
2015/4/21, 28, 16, 5, 4, 11
2015/4/22, 15, 17, 5, 1, 11
2015/4/23, 26, 13, 6, 2, 11
2015/4/24, 23, 16, 6, 4, 
2015/4/25, 32, 11, 1, 4, 
2015/4/26, 22, , , , 
2015/4/29, 30, 17, 4, 2, 11
2015/4/30, 33, 18, 4, 1, 11
2015/5/1, 28, 20, 8, 7, 11
2015/5/2, 33, 20, 2, , 11
2015/5/3, 29, 15, 2, 2, 11
2015/5/4, 13, 18, 9, 3, 11
2015/5/5, 31, 16, 4, 2, 11
2015/5/6, 44, 12, 3, 8, 11
2015/5/7, 30, 16, 2, 4, 
2015/5/8, 15, 19, 3, 4, 
2015/5/9, 23, 19, 4, 4, 
2015/5/10, 30, 16, 2, 4, 
2015/5/11, 21, 17, 3, 4, 11
2015/5/12, 23, 17, 8, 8, 11
2015/5/13, 40, 16, 6, 2, 11
2015/5/14, 36, 18, 6, 2, 11
2015/5/15, 38, 20, 14, , 11
2015/5/16, 50, 17, 11, 2, 11
2015/5/17, 59, 17, 1, 2, 11
2015/5/18, 20, 19, 7, 7, 11
2015/5/19, 32, 19, 7, 2, 11
2015/5/20, 35, 21, 13, 2, 11
2015/5/21, 43, 22, 11, 2, 11
2015/5/22, 44, 17, 9, 4, 11
2015/5/23, 46, 24, 10, , 11
2015/5/24, 55, 23, 8, 8, 11
2015/5/25, 58, 24, 9, , 11
2015/5/26, 61, 21, 12, 4, 11
2015/5/27, 74, 17, 4, 2, 11
2015/5/28, 50, 13, 5, , 11
2015/5/29, 53, 14, 4, 8, 11
2015/5/30, 19, 15, 4, 1, 11
2015/5/31, 26, 16, 3, 2, 11
2015/6/1, 26, 18, 4, 4, 11
2015/6/2, 45, 10, 5, , 11
2015/6/3, 35, 13, 8, , 
2015/6/4, 50, 18, 7, 1, 11
2015/6/5, 37, 17, 6, 1, 11
2015/6/6, 35, 21, 5, , 11
2015/6/7, 39, 21, 3, , 11
2015/6/8, 40, 22, 9, 1, 11
2015/6/9, 50, 15, 3, , 11
2015/6/10, 40, 18, 8, , 11
2015/6/11, 54, 20, 6, , 11
2015/6/12, 56, 21, 3, , 11
2015/6/13, 37, 14, 3, , 11
2015/6/14, 30, 10, 1, , 11
2015/6/15, 12, 16, 4, , 
2015/6/16, 18, 19, 6, , 
2015/6/17, 23, 14, 3, , 
2015/6/18, 27, 15, 5, , 
2015/6/19, 29, 18, 12, 3, 
2015/6/20, 37, 17, 5, , 
2015/6/21, 27, 17, 9, , 
2015/6/22, 28, 16, 4, , 
2015/6/23, 41, 17, 6, , 
2015/6/24, 42, 20, 8, , 
2015/6/25, 41, 21, 9, , 
2015/6/26, 35, 20, 8, , 
2015/6/27, 39, 20, 5, 4, 
2015/6/28, 42, 22, 9, 2, 11
2015/6/29, 49, 14, 14, 2, 22
2015/6/30, 99, 12, 14, 4, 11
2015/7/1, 188, 18, 10, 5, 11
2015/1/2, 12, 14, 4, , 
2015/1/3, 10, 12, 10, , 
2015/1/4, 10, 10, 10, , 
2015/1/5, 19, 9, 16, 1, 
2015/1/6, 32, 11, 10, , 
2015/1/7, 17, 10, 17, , 
2015/1/8, 18, 13, 7, , 
2015/1/9, 11, 12, 16, , 
2015/1/10, 19, 10, 16, , 
2015/1/11, 22, 8, 21, 1, 
2015/1/12, 46, 11, 17, , 
2015/1/13, 30, 7, 19, 1, 
2015/1/14, 49, 11, 14, , 
2015/1/15, 28, 12, 10, , 11
2015/1/16, 16, 8, 11, , 
2015/1/17, 57, 14, 7, , 
2015/1/18, 16, 10, 15, , 
2015/1/19, 23, 9, 18, , 11
2015/1/20, 59, 9, 11, , 
2015/1/21, 41, 12, 12, , 
2015/1/22, 32, 10, 14, , 11
2015/1/23, 20, 9, 18, , 11
2015/1/24, 39, 9, 14, , 
2015/1/25, 41, , , , 
2015/1/31, 28, 13, 4, , 11
2015/2/1, 17, 11, 11, , 11
2015/2/2, 16, 11, 10, , 11
2015/2/3, 22, 11, 10, , 11
2015/2/4, 21, 10, 16, , 
2015/2/5, 33, 13, 8, , 
2015/2/6, 33, 13, 6, , 
2015/2/7, 15, 12, 5, , 
2015/2/8, 23, 11, 6, , 
2015/2/9, 23, 10, 8, , 
2015/2/10, 31, 10, 9, , 
2015/2/11, 28, 12, 10, , 
2015/2/12, 19, 11, 14, , 
2015/2/13, 28, 12, 13, , 
2015/2/14, 46, 13, 6, , 
2015/2/15, 16, 11, 12, , 
2015/2/16, 33, 14, 6, , 
2015/2/17, 17, 13, 9, , 
2015/2/18, 20, 11, 21, , 
2015/2/19, 35, 11, 15, , 
2015/2/20, 49, 13, 11, , 
2015/2/21, 42, 14, 10, , 
2015/2/22, 20, 13, 15, , 
2015/2/23, 27, 15, 9, , 
2015/2/24, 21, 15, 7, , 
2015/2/25, 14, 13, 10, , 
2015/2/26, 18, 13, 17, , 
2015/2/27, 30, 12, 14, , 
2015/2/28, 28, 12, 14, , 
2015/3/1, 33, 14, 10, , 
2015/3/2, 25, 14, 7, , 
2015/3/3, 23, 15, 8, , 
2015/3/4, 13, 12, 11, , 
2015/3/5, 22, 14, 14, 1, 
2015/3/6, 25, 15, 11, , 
2015/3/7, 37, 15, 10, , 
2015/3/8, 27, 15, 13, , 
2015/3/9, 35, 14, 10, , 
2015/3/10, 21, 15, 9, , 
2015/3/11, 31, 14, 7, , 
2015/3/12, 31, 12, 7, , 
2015/3/13, 40, 11, 10, , 
2015/3/14, 55, 11, 6, , 
2015/3/15, 29, 16, 4, , 
2015/3/16, 25, 16, 7, , 
2015/3/17, 30, 14, 11, 8, 11
2015/3/18, 49, 16, 13, 4, 11
2015/3/19, 44, 13, 9, 10, 11
2015/3/20, 51, 15, 5, 10, 11
2015/3/21, 29, 12, 5, 9, 11
2015/3/22, 28, 12, 4, 10, 11
2015/3/23, 28, 10, 8, 10, 11
2015/3/24, 40, 11, 7, 9, 11
2015/3/25, 31, 16, 8, 9, 11
2015/3/26, 54, 13, 7, 9, 11
2015/3/27, 49, 13, 8, 11, 11
2015/3/28, 47, 10, 4, 11, 11
2015/3/29, 41, 15, 6, 10, 11
2015/3/30, 31, 17, 9, 12, 11
2015/3/31, 39, 14, 13, 5, 11
2015/4/1, 43, 14, 5, 11, 11
2014/10/2, 40, 12, 3, , 
2014/10/3, 30, 11, 5, , 
2014/10/4, 26, 7, 7, , 22
2014/10/5, 33, 56, 26, 151, 13
2014/10/6, 34, 10, 5, , 
2014/10/7, 29, 14, 5, , 
2014/10/8, 27, 11, 10, , 13
2014/10/9, 36, 11, 10, 1, 
2014/10/10, 44, 12, 6, , 
2014/10/11, 34, 12, 4, , 
2014/10/12, 33, 12, 4, , 
2014/10/13, 35, 11, 8, 1, 
2014/10/14, 32, 9, 8, , 
2014/10/15, 37, 96, 101, 271, 11
2014/10/16, 52, 8, 5, 2, 
2014/10/17, 44, 8, 6, , 
2014/10/18, 40, 10, 4, 1, 
2014/10/19, 42, 13, 9, , 
2014/10/20, 42, 10, 8, , 
2014/10/21, 37, 10, 10, 1, 
2014/10/22, 45, 29, 73, 309, 11
2014/10/23, 40, 23, 36, 304, 
2014/10/24, 34, 14, 6, , 
2014/10/25, 35, 9, 11, , 
2014/10/26, 34, 9, 5, , 
2014/10/27, 54, , , , 
2014/10/31, 25, 7, 5, , 
2014/11/1, 44, 4, 5, , 
2014/11/2, 48, 5, 3, , 
2014/11/3, 41, 10, 3, , 
2014/11/4, 33, 8, 8, , 11
2014/11/5, 57, 9, 7, , 11
2014/11/6, 48, 31, 34, 205, 11
2014/11/7, 40, 9, 4, , 
2014/11/8, 38, 12, 4, , 
2014/11/9, 23, 11, 5, , 11
2014/11/10, 23, 12, 5, , 11
2014/11/11, 25, 11, 4, , 
2014/11/12, 19, 11, 7, , 
2014/11/13, 19, 10, 10, , 
2014/11/14, 35, 10, 14, 1, 
2014/11/15, 49, 12, 6, , 
2014/11/16, 33, 15, 4, , 
2014/11/17, 25, 13, 10, , 
2014/11/18, 26, 12, 7, , 
2014/11/19, 40, 12, 11, , 
2014/11/20, 26, 10, 14, , 
2014/11/21, 43, 7, 11, , 
2014/11/22, 42, 10, 3, , 
2014/11/23, 34, 10, 9, , 
2014/11/24, 20, 7, 13, , 
2014/11/25, 36, 10, 8, , 
2014/11/26, 23, 10, 12, , 
2014/11/27, 16, 10, 9, , 
2014/11/28, 42, 10, 6, , 
2014/11/29, 18, 11, 10, , 
2014/11/30, 19, 12, 11, , 
2014/12/1, 23, 11, 21, 1, 13
2014/12/2, 27, 12, 20, , 
2014/12/3, 44, 10, 20, , 
2014/12/4, 32, 10, 18, , 
2014/12/5, 42, 12, 13, , 
2014/12/6, 42, 12, 9, , 
2014/12/7, 45, 11, 7, , 
2014/12/8, 54, 10, 9, , 
2014/12/9, 38, 9, 13, , 
2014/12/10, 24, 10, 12, , 
2014/12/11, 19, 10, 11, , 
2014/12/12, 15, 6, 14, 12, 
2014/12/13, 22, 5, 8, , 
2014/12/14, 28, 10, 4, , 
2014/12/15, 29, 13, 7, , 
2014/12/16, 23, 12, 8, , 
2014/12/17, 15, 12, 8, , 
2014/12/18, 29, 9, 8, , 
2014/12/19, 22, 9, 8, , 
2014/12/20, 27, 7, 9, , 
2014/12/21, 49, 9, 6, , 
2014/12/22, 36, 8, 7, , 
2014/12/23, 22, 7, 13, , 
2014/12/24, 39, 9, 10, , 
2014/12/25, 36, 11, 5, , 
2014/12/26, 16, 10, 10, , 
2014/12/27, 21, 10, 6, , 
2014/12/28, 18, 9, 10, , 
2014/12/29, 13, , , , 
2014/7/29, 45, 15, 6, , 
2014/7/30, 48, 11, 4, , 
2014/7/31, 50, 12, 5, 1, 
2014/8/1, 52, 12, , , 
2014/8/2, 58, 11, , , 
2014/8/3, 69, 13, , 1, 
2014/8/4, 43, 12, , , 
2014/8/5, 56, 13, , , 
2014/8/6, 51, 13, , , 
2014/8/7, 45, 17, , , 
2014/8/8, 56, 12, , , 
2014/8/9, 63, 12, , , 
2014/8/10, 36, 16, 500, 66, 
2014/8/11, 47, 14, , 1, 
2014/8/12, 51, 48, , 37, 
2014/8/13, 55, 8, , , 
2014/8/14, 49, 13, , 1, 
2014/8/15, 60, 12, , 1, 11
2014/8/16, 105, 6, , , 
2014/8/17, 88, 7, , , 
2014/8/18, 68, 13, 55, 4, 
2014/8/19, 66, 13, 6, , 
2014/8/20, 81, 9, 4, , 
2014/8/21, 45, 7, 4, , 
2014/8/22, 51, 9, 4, , 
2014/8/23, 29, 8, 2, , 
2014/8/24, 25, 8, 2, , 
2014/8/25, 16, 48, 28, 84, 
2014/8/26, 19, 12, 5, , 
2014/8/27, 19, 12, 4, , 
2014/8/28, 30, 13, 7, , 
2014/8/29, 34, 12, 5, , 11
2014/8/30, 24, 13, 4, , 11
2014/8/31, 28, 13, 9, , 11
2014/9/1, 27, 12, 4, , 
2014/9/2, 13, 10, 5, , 11
2014/9/3, 15, 40, 27, 123, 11
2014/9/4, 20, 10, 5, , 11
2014/9/5, 17, 10, 5, , 11
2014/9/6, 19, 11, 4, , 11
2014/9/7, 20, 13, 3, , 11
2014/9/8, 19, 8, 2, , 11
2014/9/9, 11, 8, 4, , 
2014/9/10, 8, 9, 4, , 
2014/9/11, 9, 11, 4, , 
2014/9/12, 9, 11, 7, , 
2014/9/13, 19, 10, 5, , 
2014/9/14, 30, 13, 9, , 
2014/9/15, 37, 13, 7, 1, 
2014/9/16, 24, 13, 10, 1, 11
2014/9/17, 29, 7, 4, , 11
2014/9/18, 25, 10, 6, , 11
2014/9/19, 42, 13, 7, , 11
2014/9/20, 61, 14, 3, , 
2014/9/21, 38, 14, 7, 1, 
2014/9/22, 41, 14, 6, , 
2014/9/23, 37, 17, 6, 1, 
2014/9/24, 59, 14, 8, , 
2014/9/25, 63, 16, 6, 1, 
2014/9/26, 66, 12, 3, 1, 
2014/9/27, 56, 7, 2, , 
2014/9/28, 38, 9, 3, , 
2014/9/29, 29, 10, 4, , 
2014/9/30, 37, 5, 4, , 
2014/10/1, 48, 12, 4, , 
2022/10/4, , 5, 5, , 
2022/10/26, , 5, 6, , 
2022/8/19, , 2, 6, , 
2022/8/20, , 10, 1, , 
2022/8/21, , 13, 1, , 
2022/8/22, , 7, 1, , 
2022/8/23, , 2, 5, , 
2022/9/25, , 9, , , 
2021/10/17, , 4, 10, , 
2021/10/22, , 8, 1, , 
2021/10/24, , 7, 1, , 
2021/10/26, , 7, 2, , 
2021/8/15, , 3, 11, , 
2021/6/12, , 8, 1, , 
2020/10/16, , 9, 5, , 
2020/11/10, , 6, 15, , 
2019/7/16, , 8, 4, , 
2019/1/1, , 11, 9, , 
2018/12/3, , 4, 12, , 
2018/5/28, , 23, 4, , 
2018/1/2, , 5, 25, , 11
2017/11/23, , 8, 13, , 
2017/8/2, , 12, 4, , 
2017/9/10, , 12, 2, , 
2016/8/4, , 9, 3, , 
2016/8/16, , 14, 5, , 
2016/6/16, , 16, 3, , 
2016/6/22, , 20, 4, 8, 
2016/2/29, , 8, 21, , 
2015/10/26, , 10, 5, , 
2015/11/19, , 4, 10, , 
2016/1/3, , 5, 17, , 
2015/4/28, , 17, 7, 1, 11
2015/1/1, , 13, 7, , 
2015/1/30, , 9, 4, , 
2014/10/30, , 8, 5, , 
2014/7/28, , 10, 4, , 11