date, pm25, pm10, no2
2023/4/6, 23, 30, 13
2023/4/7, 33, 8, 7
2023/4/8, 20, 73, 12
2023/4/9, 39, 139, 15
2023/4/10, 66, 77, 12
2023/4/11, 58, 63, 8
2023/4/12, 53, , 
2023/1/3, 19, 3, 8
2023/1/4, 9, 5, 11
2023/1/5, 15, 7, 9
2023/1/6, 19, 7, 4
2023/1/7, 21, 11, 3
2023/1/8, 34, 11, 3
2023/1/9, 34, 13, 6
2023/1/10, 39, 6, 10
2023/1/11, 19, 5, 4
2023/1/12, 14, 7, 8
2023/1/13, 20, 6, 7
2023/1/14, 18, 4, 7
2023/1/15, 13, 4, 2
2023/1/16, 13, 6, 9
2023/1/17, 12, 9, 4
2023/1/18, 25, 9, 6
2023/1/19, 17, 12, 17
2023/1/20, 29, 14, 16
2023/1/21, 35, 13, 8
2023/1/22, 40, 15, 8
2023/1/23, 40, 17, 8
2023/1/24, 42, 7, 8
2023/1/25, 23, 3, 7
2023/1/26, 9, 10, 10
2023/1/27, 14, 8, 16
2023/1/28, 20, 5, 11
2023/1/29, 14, 5, 6
2023/1/30, 13, 32, 6
2023/1/31, 18, 53, 14
2023/2/1, 33, 13, 19
2023/2/2, 32, 4, 11
2023/2/3, 10, 9, 16
2023/2/4, 24, 7, 8
2023/2/5, 16, 23, 8
2023/2/6, 25, 11, 18
2023/2/7, 27, 10, 10
2023/2/8, 29, 12, 10
2023/2/9, 35, 35, 7
2023/2/10, 45, 48, 8
2023/2/11, 27, 5, 10
2023/2/12, 13, 6, 10
2023/2/13, 19, 5, 12
2023/2/14, 10, 18, 18
2023/2/15, 22, 13, 11
2023/2/16, 35, 18, 12
2023/2/17, 48, 15, 8
2023/2/18, 44, 8, 3
2023/2/19, 6, 35, 6
2023/2/20, 16, 9, 8
2023/2/21, 8, 7, 11
2023/2/22, 21, 35, 11
2023/2/23, 38, 9, 12
2023/2/24, 23, 7, 12
2023/2/25, 21, 4, 5
2023/2/26, 11, 9, 7
2023/2/27, 12, 7, 21
2023/2/28, 14, 20, 15
2023/3/1, 13, 50, 13
2023/3/2, 26, 55, 11
2023/3/3, 28, 50, 7
2023/3/4, 26, 29, 2
2023/3/5, 14, 20, 5
2023/3/6, 14, 14, 11
2023/3/7, 13, 24, 12
2023/3/8, 30, 4, 7
2023/3/9, 14, 6, 18
2023/3/10, 17, 7, 17
2023/3/11, 19, 10, 16
2023/3/12, 26, 15, 10
2023/3/13, 16, 8, 6
2023/3/14, 11, 3, 11
2023/3/15, 9, 26, 13
2023/3/16, 14, 77, 22
2023/3/17, 40, 31, 5
2023/3/18, 30, 24, 8
2023/3/19, 63, 16, 9
2023/3/20, 42, 7, 9
2023/3/21, 20, 24, 12
2023/3/22, 24, 7, 7
2023/3/23, 19, 38, 11
2023/3/24, 34, 15, 8
2023/3/25, 23, 4, 8
2023/3/26, 12, 12, 5
2023/3/27, 14, 6, 5
2023/3/28, 15, , 
2022/10/2, 29, 19, 11
2022/10/3, 52, 20, 13
2022/10/4, 50, 10, 13
2022/10/5, 16, 10, 7
2022/10/6, 24, 11, 10
2022/10/7, 16, 13, 7
2022/10/8, 25, 7, 7
2022/10/9, 15, 5, 8
2022/10/10, 9, 9, 6
2022/10/11, 18, 8, 10
2022/10/12, 15, 8, 17
2022/10/13, 13, 12, 10
2022/10/14, 25, 22, 13
2022/10/15, 52, 23, 6
2022/10/16, 55, 10, 4
2022/10/17, 27, 8, 11
2022/10/18, 15, 3, 13
2022/10/19, 8, 5, 11
2022/10/20, 7, 8, 17
2022/10/21, 15, 10, 16
2022/10/22, 24, 15, 9
2022/10/23, 39, 9, 11
2022/10/24, 24, 4, 8
2022/10/25, 12, 9, 8
2022/10/26, 24, 3, 8
2022/10/27, 9, 12, 11
2022/10/28, 28, 11, 10
2022/10/29, 30, 6, 5
2022/10/30, 12, 8, 14
2022/10/31, 14, 11, 13
2022/11/1, 29, 11, 14
2022/11/2, 27, 14, 10
2022/11/3, 36, 12, 12
2022/11/4, 29, 9, 4
2022/11/5, 23, 7, 4
2022/11/6, 21, 5, 3
2022/11/7, 15, 9, 6
2022/11/8, 24, 5, 10
2022/11/9, 13, 13, 9
2022/11/10, 33, 11, 11
2022/11/11, 26, 7, 7
2022/11/12, 17, 11, 8
2022/11/13, 25, 13, 12
2022/11/14, 27, 9, 11
2022/11/15, 22, 6, 7
2022/11/16, 11, 6, 10
2022/11/17, 11, 5, 10
2022/11/18, 12, 6, 9
2022/11/19, 11, 7, 5
2022/11/20, 17, 4, 5
2022/11/21, 13, 9, 8
2022/11/22, 29, 13, 12
2022/11/23, 38, 6, 10
2022/11/24, 18, 7, 11
2022/11/25, 21, 8, 11
2022/11/26, 24, 10, 9
2022/11/27, 30, 10, 9
2022/11/28, 33, 11, 8
2022/11/29, 34, 8, 7
2022/11/30, 26, 11, 16
2022/12/1, 33, 9, 13
2022/12/2, 28, 15, 11
2022/12/3, 42, 29, 7
2022/12/4, 39, 16, 7
2022/12/5, 36, 17, 13
2022/12/6, 40, 17, 14
2022/12/7, 34, 15, 15
2022/12/8, 33, 13, 16
2022/12/9, 31, 14, 19
2022/12/10, 40, 7, 7
2022/12/11, 24, 8, 7
2022/12/12, 27, 7, 7
2022/12/13, 21, 9, 7
2022/12/14, 22, 9, 15
2022/12/15, 26, 11, 20
2022/12/16, 32, 15, 19
2022/12/17, 42, 9, 8
2022/12/18, 26, 11, 6
2022/12/19, 32, 13, 9
2022/12/20, 38, 12, 10
2022/12/21, 34, 8, 11
2022/12/22, 20, 7, 11
2022/12/23, 21, 6, 9
2022/12/24, 16, 10, 9
2022/12/25, 25, 12, 6
2022/12/26, 32, 9, 2
2022/12/27, 29, 4, 7
2022/12/28, 10, 10, 15
2022/12/29, 23, 4, 6
2022/12/30, 14, 5, 8
2022/12/31, 14, 8, 3
2023/1/1, 21, 10, 12
2023/1/2, 24, 7, 11
2022/7/2, 43, 15, 6
2022/7/3, 33, 11, 7
2022/7/4, 16, 10, 9
2022/7/5, 19, 9, 7
2022/7/6, 13, 11, 9
2022/7/7, 15, 8, 13
2022/7/8, 15, 10, 11
2022/7/9, 16, 7, 5
2022/7/10, 10, 5, 5
2022/7/11, 6, 10, 10
2022/7/12, 14, 9, 9
2022/7/13, 12, 12, 9
2022/7/14, 18, 7, 7
2022/7/15, 9, 4, 5
2022/7/16, 6, 3, 3
2022/7/17, 4, 3, 3
2022/7/18, 4, 11, 9
2022/7/19, 18, 11, 8
2022/7/20, 24, 10, 7
2022/7/21, 21, 20, 13
2022/7/22, 32, 25, 17
2022/7/23, 53, 9, 5
2022/7/24, 21, 7, 5
2022/7/25, 12, 14, 7
2022/7/26, 27, 11, 6
2022/7/27, 24, 8, 8
2022/7/28, 13, 7, 6
2022/7/29, 8, 6, 9
2022/7/30, 8, 7, 8
2022/7/31, 11, 6, 5
2022/8/1, 8, 9, 7
2022/8/2, 12, 8, 7
2022/8/3, 14, 11, 5
2022/8/4, 17, 14, 7
2022/8/5, 25, 20, 11
2022/8/6, 46, 7, 5
2022/8/7, 13, 7, 6
2022/8/8, 13, 10, 9
2022/8/9, 20, 11, 10
2022/8/10, 18, 12, 8
2022/8/11, 18, 11, 11
2022/8/12, 17, 12, 13
2022/8/13, 20, 10, 4
2022/8/14, 17, 12, 5
2022/8/15, 19, 21, 11
2022/8/16, 39, , 
2022/8/18, 48, 23, 16
2022/8/19, 51, 29, 9
2022/8/20, 53, 23, 6
2022/8/21, 51, 11, 8
2022/8/22, 20, 13, 12
2022/8/23, 19, 16, 17
2022/8/24, 26, 10, 14
2022/8/25, 13, 14, 18
2022/8/26, 21, 13, 10
2022/8/27, 28, 27, 11
2022/8/28, 54, 6, 5
2022/8/29, 16, 5, 6
2022/8/30, 8, 4, 6
2022/8/31, 6, 5, 7
2022/9/1, 8, 5, 8
2022/9/2, 7, 5, 10
2022/9/3, 8, 5, 10
2022/9/4, 9, 5, 8
2022/9/5, 10, 7, 12
2022/9/6, 12, 12, 15
2022/9/7, 18, 6, 11
2022/9/8, 10, 7, 11
2022/9/9, 12, 9, 9
2022/9/10, 15, 15, 10
2022/9/11, 24, 15, 11
2022/9/12, 25, 18, 16
2022/9/13, 31, 7, 6
2022/9/14, 18, 6, 12
2022/9/15, 10, 4, 11
2022/9/16, 8, 4, 8
2022/9/17, 9, 3, 5
2022/9/18, 9, 4, 4
2022/9/19, 10, 2, 5
2022/9/20, 6, 5, 7
2022/9/21, 9, 6, 14
2022/9/22, 11, 11, 16
2022/9/23, 17, 11, 14
2022/9/24, 22, 14, 15
2022/9/25, 29, 10, 10
2022/9/26, 26, 8, 8
2022/9/27, 23, 14, 6
2022/9/28, 36, 11, 10
2022/9/29, 27, 7, 9
2022/9/30, 16, 9, 12
2022/10/1, 18, 10, 6
2022/4/2, 25, 34, 14
2022/4/3, 28, 29, 9
2022/4/4, 18, 8, 12
2022/4/5, 12, 10, 7
2022/4/6, 11, 31, 11
2022/4/7, 18, 4, 13
2022/4/8, 11, 5, 8
2022/4/9, 11, 3, 6
2022/4/10, 8, 14, 6
2022/4/11, 9, 49, 15
2022/4/12, 25, 71, 17
2022/4/13, 39, 41, 11
2022/4/14, 24, 13, 12
2022/4/15, 31, 13, 4
2022/4/16, 13, 23, 8
2022/4/17, 14, 21, 7
2022/4/18, 16, 25, 8
2022/4/19, 24, 30, 11
2022/4/20, 23, 39, 14
2022/4/21, 32, 44, 13
2022/4/22, 30, 29, 11
2022/4/23, 22, 16, 5
2022/4/24, 15, 14, 5
2022/4/25, 18, 29, 13
2022/4/26, 24, 22, 11
2022/4/27, 16, 23, 10
2022/4/28, 16, 25, 12
2022/4/29, 18, 21, 12
2022/4/30, 15, 19, 9
2022/5/1, 20, 18, 7
2022/5/2, 21, 35, 12
2022/5/3, 22, 16, 7
2022/5/4, 12, 20, 12
2022/5/5, 17, 30, 12
2022/5/6, 29, 26, 11
2022/5/7, 29, 16, 9
2022/5/8, 24, 13, 5
2022/5/9, 11, 22, 9
2022/5/10, 18, 28, 6
2022/5/11, 29, 20, 9
2022/5/12, 28, 24, 9
2022/5/13, 22, 24, 11
2022/5/14, 21, 12, 9
2022/5/15, 16, 12, 6
2022/5/16, 10, 25, 8
2022/5/17, 14, 27, 11
2022/5/18, 16, 34, 19
2022/5/19, 22, 39, 17
2022/5/20, 30, 16, 15
2022/5/21, 31, 14, 15
2022/5/22, 23, , 
2022/5/24, 25, 20, 5
2022/5/25, 27, 22, 11
2022/5/26, 33, 15, 8
2022/5/27, 17, 8, 8
2022/5/28, 12, 5, 7
2022/5/29, 15, 8, 5
2022/5/30, 13, 11, 10
2022/5/31, 17, 10, 11
2022/6/1, 30, 10, 7
2022/6/2, 21, 8, 13
2022/6/3, 22, 15, 11
2022/6/4, 28, 13, 6
2022/6/5, 22, 15, 7
2022/6/6, 19, 8, 3
2022/6/7, 11, 15, 13
2022/6/8, 25, 17, 8
2022/6/9, 30, 17, 13
2022/6/10, 24, 19, 14
2022/6/11, 32, 16, 9
2022/6/12, 28, 16, 6
2022/6/13, 25, 15, 10
2022/6/14, 21, 15, 13
2022/6/15, 16, 13, 12
2022/6/16, 15, 16, 12
2022/6/17, 20, 11, 10
2022/6/18, 16, 15, 8
2022/6/19, 32, 7, 5
2022/6/20, 10, 9, 9
2022/6/21, 16, 12, 13
2022/6/22, 20, 15, 13
2022/6/23, 27, 15, 10
2022/6/24, 25, 10, 5
2022/6/25, 22, 16, 3
2022/6/26, 32, 18, 6
2022/6/27, 35, 21, 
2022/6/28, 40, 21, 8
2022/6/29, 40, 16, 14
2022/6/30, 33, 24, 10
2022/7/1, 55, 16, 6
2022/1/4, 18, 5, 6
2022/1/5, 12, 5, 9
2022/1/6, 14, 3, 5
2022/1/7, 8, 6, 15
2022/1/8, 16, 8, 7
2022/1/9, 20, 12, 9
2022/1/10, 34, 10, 10
2022/1/11, 32, 10, 9
2022/1/12, 34, 12, 8
2022/1/13, 38, 5, 7
2022/1/14, 11, 20, 4
2022/1/15, 11, 35, 7
2022/1/16, 18, 11, 5
2022/1/17, 15, 34, 4
2022/1/18, 15, 45, 12
2022/1/19, 25, 6, 6
2022/1/20, 17, 4, 4
2022/1/21, 6, 4, 6
2022/1/22, 10, 9, 11
2022/1/23, 20, 8, 10
2022/1/24, 24, 6, 10
2022/1/25, 17, 9, 20
2022/1/26, 21, 8, 13
2022/1/27, 20, 5, 11
2022/1/28, 14, 20, 7
2022/1/29, 13, 6, 4
2022/1/30, 8, 2, 2
2022/1/31, 5, 7, 7
2022/2/1, 10, 25, 13
2022/2/2, 25, 25, 13
2022/2/3, 31, 9, 12
2022/2/4, 28, 4, 6
2022/2/5, 12, 6, 10
2022/2/6, 14, 6, 5
2022/2/7, 12, 11, 12
2022/2/8, 11, 4, 12
2022/2/9, 9, 7, 8
2022/2/10, 16, 28, 10
2022/2/11, 22, 72, 14
2022/2/12, 38, 32, 5
2022/2/13, 26, 17, 4
2022/2/14, 27, 13, 9
2022/2/15, 40, 14, 8
2022/2/16, 33, 7, 8
2022/2/17, 19, 3, 7
2022/2/18, 8, 34, 14
2022/2/19, 23, 4, 9
2022/2/20, 11, 5, 8
2022/2/21, 13, 3, 7
2022/2/22, 7, 6, 13
2022/2/23, 19, 6, 14
2022/2/24, 17, 5, 8
2022/2/25, 14, 6, 14
2022/2/26, 14, 58, 11
2022/2/27, 32, 45, 7
2022/2/28, 25, 62, 13
2022/3/1, 31, 70, 11
2022/3/2, 44, 38, 15
2022/3/3, 41, 45, 10
2022/3/4, 20, 56, 19
2022/3/5, 33, 54, 12
2022/3/6, 31, 35, 8
2022/3/7, 24, 44, 17
2022/3/8, 26, 63, 21
2022/3/9, 41, 28, 16
2022/3/10, 34, 33, 6
2022/3/11, 29, 46, 14
2022/3/12, 45, 87, 20
2022/3/13, 63, 58, 13
2022/3/14, 58, 69, 17
2022/3/15, 81, 46, 11
2022/3/16, 80, 59, 22
2022/3/17, 85, 40, 8
2022/3/18, 61, 31, 10
2022/3/19, 44, 47, 14
2022/3/20, 35, 58, 14
2022/3/21, 41, 58, 16
2022/3/22, 73, 64, 17
2022/3/23, 81, 51, 14
2022/3/24, 62, 56, 17
2022/3/25, 58, 41, 12
2022/3/26, 50, 69, 4
2022/3/27, 30, 25, 7
2022/3/28, 19, 40, 6
2022/3/29, 27, 24, 11
2022/3/30, 19, 32, 15
2022/3/31, 23, 44, 24
2022/4/1, 36, 19, 19
2021/10/2, 15, 13, 3
2021/10/3, 36, 23, 2
2021/10/4, 60, 24, 8
2021/10/5, 60, 13, 7
2021/10/6, 37, 15, 5
2021/10/7, 40, 11, 9
2021/10/8, 30, 13, 10
2021/10/9, 32, 11, 8
2021/10/10, 32, 15, 5
2021/10/11, 39, 13, 10
2021/10/12, 34, 4, 9
2021/10/13, 9, 5, 11
2021/10/14, 9, 5, 11
2021/10/15, 11, 4, 6
2021/10/16, 9, 4, 8
2021/10/17, 7, 3, 9
2021/10/18, 6, 6, 10
2021/10/19, 9, 11, 16
2021/10/20, 22, 5, 6
2021/10/21, 17, 5, 7
2021/10/22, 12, 3, 8
2021/10/23, 5, 4, 8
2021/10/24, 9, 6, 10
2021/10/25, 14, 10, 10
2021/10/26, 24, 13, 9
2021/10/27, 35, 4, 9
2021/10/28, 12, 6, 11
2021/10/29, 15, 16, 9
2021/10/30, 44, 26, 7
2021/10/31, 63, 27, 7
2021/11/1, 65, 21, 5
2021/11/2, 56, 30, 5
2021/11/3, 72, 24, 6
2021/11/4, 62, 9, 12
2021/11/5, 23, 5, 8
2021/11/6, 13, 4, 8
2021/11/7, 9, 4, 8
2021/11/8, 9, 4, 9
2021/11/9, 11, 9, 8
2021/11/10, 19, 3, 8
2021/11/11, 8, 6, 10
2021/11/12, 13, 9, 11
2021/11/13, 12, 11, 17
2021/11/14, 28, 9, 8
2021/11/15, 21, 10, 12
2021/11/16, 18, 11, 9
2021/11/17, 26, 7, 9
2021/11/18, 18, 4, 11
2021/11/19, 10, 5, 11
2021/11/20, 10, 9, 7
2021/11/21, 8, 5, 6
2021/11/22, 7, 7, 9
2021/11/23, 12, 5, 12
2021/11/24, 8, 3, 13
2021/11/25, 9, 4, 11
2021/11/26, 7, 16, 13
2021/11/27, 24, 15, 9
2021/11/28, 21, 23, 8
2021/11/29, 26, 16, 10
2021/11/30, 22, 9, 10
2021/12/1, 19, 13, 13
2021/12/2, 30, 5, 10
2021/12/3, 16, 8, 
2021/12/4, 25, 9, 17
2021/12/5, 29, 4, 7
2021/12/6, 12, 7, 17
2021/12/7, 19, 15, 31
2021/12/8, 41, 13, 19
2021/12/9, 35, 5, 5
2021/12/10, 15, 6, 6
2021/12/11, 19, 8, 10
2021/12/12, 28, 21, 18
2021/12/13, 58, 10, 12
2021/12/14, 31, 5, 9
2021/12/15, 15, 5, 9
2021/12/16, 14, 8, 9
2021/12/17, 9, 10, 11
2021/12/18, 13, 5, 8
2021/12/19, 11, 12, 3
2021/12/20, 9, 22, 9
2021/12/21, 19, 14, 15
2021/12/22, 24, 27, 22
2021/12/23, 48, 6, 8
2021/12/24, 17, 8, 4
2021/12/25, 19, 2, 5
2021/12/26, 7, 4, 10
2021/12/27, 12, 7, 13
2021/12/28, 22, 9, 6
2021/12/29, 29, 29, 12
2021/12/30, 68, 18, 8
2021/12/31, 54, 4, 8
2022/1/1, 14, 7, 6
2022/1/2, 21, 4, 6
2022/1/3, 12, 6, 11
2021/7/2, 14, 14, 12
2021/7/3, 25, 13, 6
2021/7/4, 30, 12, 6
2021/7/5, 28, 12, 7
2021/7/6, 25, 11, 5
2021/7/7, 25, 13, 7
2021/7/8, 36, 13, 7
2021/7/9, 24, 11, 18
2021/7/10, 20, 11, 6
2021/7/11, 32, 7, 4
2021/7/12, 15, 11, 9
2021/7/13, 23, 12, 11
2021/7/14, 29, 13, 11
2021/7/15, 30, 18, 9
2021/7/16, 44, 12, 9
2021/7/17, 26, 13, 5
2021/7/18, 30, 10, 5
2021/7/19, 24, 5, 6
2021/7/20, 9, 8, 7
2021/7/21, 13, 6, 5
2021/7/22, 8, 11, 10
2021/7/23, 15, 9, 6
2021/7/24, 15, 7, 4
2021/7/25, 14, 7, 5
2021/7/26, 14, 8, 6
2021/7/27, 16, 17, 7
2021/7/28, 32, 18, 12
2021/7/29, 49, 11, 8
2021/7/30, 24, 6, 7
2021/7/31, 10, 9, 7
2021/8/1, 24, 9, 6
2021/8/2, 20, 8, 8
2021/8/3, 13, 4, 5
2021/8/4, 6, 7, 9
2021/8/5, 11, 5, 6
2021/8/6, 10, 7, 9
2021/8/7, 12, 7, 7
2021/8/8, 16, 5, 4
2021/8/9, 13, 10, 8
2021/8/10, 22, 10, 8
2021/8/11, 23, 10, 11
2021/8/12, 21, 11, 11
2021/8/13, 23, 13, 10
2021/8/14, 25, 7, 5
2021/8/15, 20, 4, 3
2021/8/16, 7, 6, 9
2021/8/17, 12, 6, 8
2021/8/18, 15, 5, 8
2021/8/19, 15, 5, 7
2021/8/20, 8, 8, 10
2021/8/21, 10, 5, 7
2021/8/22, 9, 5, 9
2021/8/23, 12, 7, 9
2021/8/24, 11, 6, 10
2021/8/25, 11, 6, 6
2021/8/26, 12, 4, 6
2021/8/27, 11, 7, 6
2021/8/28, 21, 12, 7
2021/8/29, 30, 12, 5
2021/8/30, 31, 12, 7
2021/8/31, 27, 10, 7
2021/9/1, 21, 10, 8
2021/9/2, 17, 9, 8
2021/9/3, 14, 7, 8
2021/9/4, 14, 6, 9
2021/9/5, 11, 6, 12
2021/9/6, 14, 9, 12
2021/9/7, 15, 10, 11
2021/9/8, 19, 10, 9
2021/9/9, 23, 13, 10
2021/9/10, 27, 15, 10
2021/9/11, 38, 18, 9
2021/9/12, 46, 15, 8
2021/9/13, 41, 6, 8
2021/9/14, 9, 10, 14
2021/9/15, 14, 8, 12
2021/9/16, 16, 6, 11
2021/9/17, 14, 9, 11
2021/9/18, 21, 6, 6
2021/9/19, 15, 6, 6
2021/9/20, 17, 9, 11
2021/9/21, 21, 14, 19
2021/9/22, 30, 10, 12
2021/9/23, 22, 6, 8
2021/9/24, 17, 3, 7
2021/9/25, 5, 6, 8
2021/9/26, 16, 7, 12
2021/9/27, 15, 3, 4
2021/9/28, 8, 7, 2
2021/9/29, 19, 14, 3
2021/9/30, 35, 18, 3
2021/10/1, 43, 7, 4
2021/4/2, 13, 19, 6
2021/4/3, 13, 14, 4
2021/4/4, 10, 30, 4
2021/4/5, 21, 13, 3
2021/4/6, 15, 20, 5
2021/4/7, 12, 22, 8
2021/4/8, 15, 44, 14
2021/4/9, 29, 11, 5
2021/4/10, 13, 13, 5
2021/4/11, 12, 16, 5
2021/4/12, 15, 20, 12
2021/4/13, 31, 20, 11
2021/4/14, 16, 24, 11
2021/4/15, 18, 61, 19
2021/4/16, 43, 40, 10
2021/4/17, 25, 23, 6
2021/4/18, 20, 24, 6
2021/4/19, 21, 35, 11
2021/4/20, 28, 28, 12
2021/4/21, 24, 39, 12
2021/4/22, 28, 17, 10
2021/4/23, 19, 10, 6
2021/4/24, 9, 10, 3
2021/4/25, 8, 8, 3
2021/4/26, 8, 11, 6
2021/4/27, 12, 19, 10
2021/4/28, 16, 34, 18
2021/4/29, 30, 20, 12
2021/4/30, 27, 26, 10
2021/5/1, 20, 17, 6
2021/5/2, 17, 8, 2
2021/5/3, 11, 27, 14
2021/5/4, 24, 31, 8
2021/5/5, 28, 5, 9
2021/5/6, 15, 3, 7
2021/5/7, 9, 9, 8
2021/5/8, 13, 20, 7
2021/5/9, 25, 15, 4
2021/5/10, 29, 22, 8
2021/5/11, 51, 37, 15
2021/5/12, 50, 34, 6
2021/5/13, 43, 34, 7
2021/5/14, 50, 34, 14
2021/5/15, 55, 13, 5
2021/5/16, 36, 11, 3
2021/5/17, 25, 9, 7
2021/5/18, 20, 19, 9
2021/5/19, 32, 31, 12
2021/5/20, 25, 22, 10
2021/5/21, 26, 16, 10
2021/5/22, 21, 11, 8
2021/5/23, 19, 14, 5
2021/5/24, 27, 10, 8
2021/5/25, 20, 12, 10
2021/5/26, 25, 5, 9
2021/5/27, 14, 2, 7
2021/5/28, 4, 10, 9
2021/5/29, 25, 15, 8
2021/5/30, 27, 18, 11
2021/5/31, 31, 19, 11
2021/6/1, 24, 14, 9
2021/6/2, 19, 20, 10
2021/6/3, 27, 33, 15
2021/6/4, 37, 24, 14
2021/6/5, 31, 24, 10
2021/6/6, 33, 20, 7
2021/6/7, 41, 31, 14
2021/6/8, 44, 25, 12
2021/6/9, 53, 26, 11
2021/6/10, 52, 21, 14
2021/6/11, 34, 17, 9
2021/6/12, 27, 12, 5
2021/6/13, 25, 6, 4
2021/6/14, 11, 11, 7
2021/6/15, 20, 9, 6
2021/6/16, 13, 14, 7
2021/6/17, 17, 19, 6
2021/6/18, 27, 22, 6
2021/6/19, 38, 20, 6
2021/6/20, 44, 26, 5
2021/6/21, 60, 21, 9
2021/6/22, 42, 27, 10
2021/6/23, 52, 12, 8
2021/6/24, 25, 12, 8
2021/6/25, 28, 13, 5
2021/6/26, 37, 10, 5
2021/6/27, 28, 10, 7
2021/6/28, 25, 13, 7
2021/6/29, 29, 15, 8
2021/6/30, 29, 12, 5
2021/7/1, 25, 10, 5
2021/1/13, 13, 6, 13
2021/1/14, 18, 9, 10
2021/1/15, 30, 6, 10
2021/1/16, 18, 5, 9
2021/1/17, 16, 6, 10
2021/1/18, 18, 10, 13
2021/1/19, 28, 16, 11
2021/1/20, 44, 20, 5
2021/1/21, 60, 9, 6
2021/1/22, 28, 5, 4
2021/1/23, 17, , 
2021/1/25, 31, 4, 10
2021/1/26, 13, 3, 9
2021/1/27, 7, 4, 10
2021/1/28, 12, 8, 14
2021/1/29, 22, 7, 8
2021/1/30, 23, , 
2021/2/2, 33, 12, 21
2021/2/3, 32, 8, 7
2021/2/4, 25, 7, 9
2021/2/5, 23, 9, 12
2021/2/6, 28, 7, 8
2021/2/7, 22, 5, 10
2021/2/8, 14, 4, 14
2021/2/9, 13, 5, 14
2021/2/10, 13, 7, 17
2021/2/11, 18, 5, 16
2021/2/12, 17, 6, 17
2021/2/13, 17, 5, 9
2021/2/14, 12, 4, 9
2021/2/15, 9, 12, 22
2021/2/16, 20, 8, 21
2021/2/17, 17, 5, 9
2021/2/18, 12, 6, 8
2021/2/19, 17, 26, 7
2021/2/20, 65, 17, 7
2021/2/21, 46, 14, 9
2021/2/22, 39, 21, 12
2021/2/23, 51, 21, 10
2021/2/24, 55, 16, 9
2021/2/25, 46, 11, 6
2021/2/26, 25, 24, 7
2021/2/27, 21, 48, 6
2021/2/28, 22, 54, 8
2021/3/1, 31, 54, 14
2021/3/2, 37, 72, 16
2021/3/3, 39, 16, 13
2021/3/4, 20, 41, 10
2021/3/5, 25, 35, 14
2021/3/6, 23, 33, 7
2021/3/7, 21, 21, 2
2021/3/8, 13, 34, 10
2021/3/9, 22, 22, 10
2021/3/10, 20, 9, 10
2021/3/11, 27, 15, 2
2021/3/12, 43, 17, 7
2021/3/13, 40, 12, 7
2021/3/14, 21, 34, 9
2021/3/15, 33, 71, 18
2021/3/16, 43, 37, 14
2021/3/17, 39, 51, 16
2021/3/18, 37, 32, 13
2021/3/19, 28, 29, 7
2021/3/20, 19, 29, 6
2021/3/21, 20, 17, 3
2021/3/22, 12, 33, 10
2021/3/23, 17, 50, 16
2021/3/24, 28, 28, 9
2021/3/25, 33, 32, 10
2021/3/26, 35, 30, 11
2021/3/27, 43, 41, 6
2021/3/28, 81, 16, 6
2021/3/29, 46, 7, 7
2021/3/30, 16, 11, 8
2021/3/31, 14, 6, 12
2021/4/1, 15, 18, 11
2020/10/2, 46, 62, 14
2020/10/3, 99, 56, 10
2020/10/4, 94, 45, 5
2020/10/5, 85, 14, 8
2020/10/6, 32, 12, 10
2020/10/7, 31, 9, 4
2020/10/8, 22, 9, 6
2020/10/9, 17, 7, 10
2020/10/10, 14, 8, 7
2020/10/11, 18, 4, 8
2020/10/12, 10, 5, 13
2020/10/13, 7, 5, 12
2020/10/14, 9, 4, 9
2020/10/15, 7, 7, 10
2020/10/16, 9, 5, 15
2020/10/17, 12, 6, 12
2020/10/18, 13, 3, 5
2020/10/19, 5, 5, 8
2020/10/20, 6, 8, 16
2020/10/21, 17, 18, 14
2020/10/22, 50, 6, 10
2020/10/23, 19, 5, 13
2020/10/24, 10, 6, 11
2020/10/25, 17, 7, 4
2020/10/26, 21, 10, 10
2020/10/27, 28, 12, 10
2020/10/28, 30, 8, 7
2020/10/29, 20, 12, 15
2020/10/30, 32, 17, 20
2020/10/31, 42, 12, 9
2020/11/1, 31, 8, 3
2020/11/2, 24, 8, 3
2020/11/3, 24, 6, 9
2020/11/4, 11, 9, 13
2020/11/5, 19, 7, 8
2020/11/6, 11, 10, 15
2020/11/7, 12, 6, 9
2020/11/8, 15, 9, 11
2020/11/9, 17, 8, 13
2020/11/10, 19, 12, 14
2020/11/11, 29, 18, 16
2020/11/12, 40, 28, 10
2020/11/13, 62, 12, 6
2020/11/14, 37, 12, 7
2020/11/15, 37, 16, 4
2020/11/16, 48, 25, 5
2020/11/17, 61, 6, 7
2020/11/18, 15, 4, 7
2020/11/19, 8, 7, 6
2020/11/20, 13, 8, 8
2020/11/21, 9, 2, 3
2020/11/22, 7, 7, 3
2020/11/23, 14, 7, 9
2020/11/24, 7, 5, 10
2020/11/25, 11, 8, 11
2020/11/26, 20, 11, 10
2020/11/27, 31, 5, 9
2020/11/28, 13, 7, 7
2020/11/29, 17, 9, 6
2020/11/30, 26, 12, 10
2020/12/1, 32, 10, 11
2020/12/2, 26, 12, 11
2020/12/3, 36, 16, 5
2020/12/4, 45, 9, 5
2020/12/5, 28, 22, 5
2020/12/6, 62, 23, 3
2020/12/7, 62, 13, 3
2020/12/8, 38, 16, 3
2020/12/9, 41, 12, 5
2020/12/10, 39, 21, 6
2020/12/11, 51, 20, 7
2020/12/12, 50, 15, 4
2020/12/13, 50, 19, 3
2020/12/14, 56, , 
2020/7/2, 13, 14, 9
2020/7/3, 17, 13, 9
2020/7/4, 13, 8, 7
2020/7/5, 11, 7, 6
2020/7/6, 14, 10, 5
2020/7/7, 12, 5, 7
2020/7/8, 7, 5, 14
2020/7/9, 9, 7, 10
2020/7/10, 9, 8, 7
2020/7/11, 14, 5, 6
2020/7/12, 11, 5, 7
2020/7/13, 9, 6, 8
2020/7/14, 11, 10, 9
2020/7/15, 18, 10, 6
2020/7/16, 22, 12, 12
2020/7/17, 22, 13, 12
2020/7/18, 16, 10, 6
2020/7/19, 16, 12, 6
2020/7/20, 24, 14, 7
2020/7/21, 27, 8, 7
2020/7/22, 9, 8, 6
2020/7/23, 6, 7, 6
2020/7/24, 6, 6, 8
2020/7/25, 6, 5, 6
2020/7/26, 8, 6, 4
2020/7/27, 12, 9, 8
2020/7/28, 18, 11, 3
2020/7/29, 26, 9, 8
2020/7/30, 18, 6, 8
2020/7/31, 10, 8, 8
2020/8/1, 18, 12, 7
2020/8/2, 26, 10, 4
2020/8/3, 23, 9, 8
2020/8/4, 16, 6, 9
2020/8/5, 8, 9, 7
2020/8/6, 13, 9, 11
2020/8/7, 16, 14, 12
2020/8/8, 22, 14, 6
2020/8/9, 19, 14, 8
2020/8/10, 27, 8, 9
2020/8/11, 12, 9, 11
2020/8/12, 13, 16, 14
2020/8/13, 17, 16, 11
2020/8/14, 26, 16, 11
2020/8/15, 31, 18, 13
2020/8/16, 32, 14, 8
2020/8/17, 29, 10, 8
2020/8/18, 19, 19, 13
2020/8/19, 28, 17, 10
2020/8/20, 28, 16, 12
2020/8/21, 21, 15, 8
2020/8/22, 28, 11, 7
2020/8/23, 25, 8, 5
2020/8/24, 16, 8, 11
2020/8/25, 14, 8, 13
2020/8/26, 8, 11, 15
2020/8/27, 11, 10, 12
2020/8/28, 10, 17, 15
2020/8/29, 14, 8, 12
2020/8/30, 15, 6, 10
2020/8/31, 14, 4, 7
2020/9/1, 8, 8, 12
2020/9/2, 16, 9, 14
2020/9/3, 19, 12, 10
2020/9/4, 31, 15, 12
2020/9/5, 30, 9, 6
2020/9/6, 16, 5, 8
2020/9/7, 11, 6, 15
2020/9/8, 10, 6, 10
2020/9/9, 9, 7, 8
2020/9/10, 17, 5, 8
2020/9/11, 6, 10, 15
2020/9/12, 11, 8, 6
2020/9/13, 20, 7, 5
2020/9/14, 16, 7, 13
2020/9/15, 16, 13, 11
2020/9/16, 33, 10, 9
2020/9/17, 20, 7, 6
2020/9/18, 6, 10, 13
2020/9/19, 14, 9, 14
2020/9/20, 15, 7, 9
2020/9/21, 17, 10, 9
2020/9/22, 19, 12, 13
2020/9/23, 23, 28, 14
2020/9/24, 53, 38, 14
2020/9/25, 74, 18, 17
2020/9/26, 38, 32, 12
2020/9/27, 66, 37, 9
2020/9/28, 66, 39, 12
2020/9/29, 64, 18, 12
2020/9/30, 42, 16, 12
2020/10/1, 39, 20, 12
2020/4/2, 19, 41, 9
2020/4/3, 23, 14, 6
2020/4/4, 11, 22, 9
2020/4/5, 16, 19, 10
2020/4/6, 24, 31, 10
2020/4/7, 50, 34, 14
2020/4/8, 57, 28, 12
2020/4/9, 30, 32, 9
2020/4/10, 23, 13, 6
2020/4/11, 11, 12, 7
2020/4/12, 13, 11, 3
2020/4/13, 22, 8, 2
2020/4/14, 8, 13, 5
2020/4/15, 11, 15, 9
2020/4/16, 12, 20, 5
2020/4/17, 14, 13, 8
2020/4/18, 10, 11, 5
2020/4/19, 13, 13, 7
2020/4/20, 13, 27, 14
2020/4/21, 20, 20, 12
2020/4/22, 15, 21, 11
2020/4/23, 15, 24, 11
2020/4/24, 17, 14, 11
2020/4/25, 12, 10, 7
2020/4/26, 9, 10, 4
2020/4/27, 12, 12, 7
2020/4/28, 16, 3, 13
2020/4/29, 9, 14, 16
2020/4/30, 19, 13, 9
2020/5/1, 29, 11, 2
2020/5/2, 29, 11, 6
2020/5/3, 20, 8, 9
2020/5/4, 15, 7, 11
2020/5/5, 14, 14, 14
2020/5/6, 16, 29, 17
2020/5/7, 20, 23, 11
2020/5/8, 14, 21, 10
2020/5/9, 28, 11, 5
2020/5/10, 13, 16, 3
2020/5/11, 24, 6, 6
2020/5/12, 7, 10, 11
2020/5/13, 10, 4, 11
2020/5/14, 7, 16, 15
2020/5/15, 15, 13, 10
2020/5/16, 12, 10, 6
2020/5/17, 10, 9, 5
2020/5/18, 9, 9, 12
2020/5/19, 10, 12, 12
2020/5/20, 12, 12, 11
2020/5/21, 13, 10, 7
2020/5/22, 12, 15, 9
2020/5/23, 20, 8, 4
2020/5/24, 17, 12, 4
2020/5/25, 28, 15, 12
2020/5/26, 26, 21, 14
2020/5/27, 25, 17, 11
2020/5/28, 23, 12, 9
2020/5/29, 13, 14, 12
2020/5/30, 16, 12, 6
2020/5/31, 13, 9, 5
2020/6/1, 8, 19, 12
2020/6/2, 14, 19, 6
2020/6/3, 18, 19, 9
2020/6/4, 21, 24, 12
2020/6/5, 35, 17, 8
2020/6/6, 34, 6, 5
2020/6/7, 17, 8, 3
2020/6/8, 12, 14, 12
2020/6/9, 19, 16, 14
2020/6/10, 22, 12, 11
2020/6/11, 12, 14, 9
2020/6/12, 12, 15, 10
2020/6/13, 20, 13, 7
2020/6/14, 19, 12, 8
2020/6/15, 17, 19, 13
2020/6/16, 22, 13, 15
2020/6/17, 27, 13, 15
2020/6/18, 30, 18, 15
2020/6/19, 36, 14, 8
2020/6/20, 31, 14, 4
2020/6/21, 33, 10, 6
2020/6/22, 20, 13, 9
2020/6/23, 20, 16, 12
2020/6/24, 21, 23, 13
2020/6/25, 28, 24, 13
2020/6/26, 29, 19, 10
2020/6/27, 27, 20, 8
2020/6/28, 33, 20, 8
2020/6/29, 40, 29, 12
2020/6/30, 39, 22, 12
2020/7/1, 22, 10, 10
2020/1/2, 17, 15, 9
2020/1/3, 38, 14, 8
2020/1/4, 20, 14, 5
2020/1/5, 13, 18, 9
2020/1/6, 14, 5, 13
2020/1/7, 12, 9, 12
2020/1/8, 22, 15, 10
2020/1/9, 22, 17, 25
2020/1/10, 33, 17, 28
2020/1/11, 40, 13, 11
2020/1/12, 28, 4, 9
2020/1/13, 10, 9, 22
2020/1/14, 21, 10, 8
2020/1/15, 29, 7, 10
2020/1/16, 14, 19, 14
2020/1/17, 25, 16, 10
2020/1/18, 42, 19, 8
2020/1/19, 47, 14, 12
2020/1/20, 12, 14, 15
2020/1/21, 16, 18, 19
2020/1/22, 17, 32, 13
2020/1/23, 18, 35, 26
2020/1/24, 24, 5, 24
2020/1/25, 12, 25, 17
2020/1/26, 21, 6, 10
2020/1/27, 13, 15, 13
2020/1/28, 39, 12, 7
2020/1/29, 39, 6, 10
2020/1/30, 20, 8, 20
2020/1/31, 24, 6, 15
2020/2/1, 17, 4, 8
2020/2/2, 13, 6, 5
2020/2/3, 7, 20, 20
2020/2/4, 18, 22, 24
2020/2/5, 30, 12, 14
2020/2/6, 11, 26, 20
2020/2/7, 22, 14, 23
2020/2/8, 26, 5, 8
2020/2/9, 17, 13, 4
2020/2/10, 40, 6, 7
2020/2/11, 15, 19, 13
2020/2/12, 22, 13, 13
2020/2/13, 17, 24, 20
2020/2/14, 16, 37, 30
2020/2/15, 29, 8, 9
2020/2/16, 24, 6, 5
2020/2/17, 19, 11, 8
2020/2/18, 15, 16, 8
2020/2/19, 20, 21, 16
2020/2/20, 20, 11, 14
2020/2/21, 17, 17, 10
2020/2/22, 23, 6, 4
2020/2/23, 8, 16, 6
2020/2/24, 15, 39, 20
2020/2/25, 23, 19, 19
2020/2/26, 21, 18, 10
2020/2/27, 15, 8, 13
2020/2/28, 16, 23, 22
2020/2/29, 19, 9, 15
2020/3/1, 23, 7, 4
2020/3/2, 21, 12, 14
2020/3/3, 22, 13, 19
2020/3/4, 40, 5, 13
2020/3/5, 16, 4, 15
2020/3/6, 11, 16, 21
2020/3/7, 18, 23, 15
2020/3/8, 45, 25, 6
2020/3/9, 53, 26, 11
2020/3/10, 45, 12, 13
2020/3/11, 34, 10, 10
2020/3/12, 18, 15, 14
2020/3/13, 18, 30, 10
2020/3/14, 16, 32, 8
2020/3/15, 16, 22, 3
2020/3/16, 22, 20, 13
2020/3/17, 23, 31, 11
2020/3/18, 24, 13, 13
2020/3/19, 18, 37, 12
2020/3/20, 22, 27, 10
2020/3/21, 21, 23, 7
2020/3/22, 17, 18, 11
2020/3/23, 16, 34, 11
2020/3/24, 20, 37, 11
2020/3/25, 30, 55, 9
2020/3/26, 49, 52, 13
2020/3/27, 57, 41, 15
2020/3/28, 61, 29, 7
2020/3/29, 44, 13, 5
2020/3/30, 12, 20, 7
2020/3/31, 13, 39, 13
2020/4/1, 21, 30, 13
2019/10/2, 13, 6, 17
2019/10/3, 10, 4, 11
2019/10/4, 10, 6, 18
2019/10/5, 13, 5, 13
2019/10/6, 11, 5, 13
2019/10/7, 10, 11, 21
2019/10/8, 14, 14, 29
2019/10/9, 23, 10, 25
2019/10/10, 21, 11, 21
2019/10/11, 28, 9, 16
2019/10/12, 21, 9, 11
2019/10/13, 20, 9, 15
2019/10/14, 17, 7, 17
2019/10/15, 16, 7, 16
2019/10/16, 19, 10, 16
2019/10/17, 27, 8, 14
2019/10/18, 22, 11, 14
2019/10/19, 29, 10, 8
2019/10/20, 27, 11, 15
2019/10/21, 30, 8, 14
2019/10/22, 21, 11, 12
2019/10/23, 26, 13, 20
2019/10/24, 23, 17, 14
2019/10/25, 40, 23, 9
2019/10/26, 57, 8, 15
2019/10/27, 18, 5, 13
2019/10/28, 16, 7, 16
2019/10/29, 11, 10, 16
2019/10/30, 11, 18, 26
2019/10/31, 20, 23, 22
2019/11/1, 21, 17, 25
2019/11/2, 29, 23, 17
2019/11/3, 57, 20, 11
2019/11/4, 53, 16, 19
2019/11/5, 16, 14, 14
2019/11/6, 15, 18, 19
2019/11/7, 18, 16, 25
2019/11/8, 29, 13, 17
2019/11/9, 33, 14, 11
2019/11/10, 42, 4, 7
2019/11/11, 12, 6, 13
2019/11/12, 17, 11, 8
2019/11/13, 36, 14, 25
2019/11/14, 43, 9, 17
2019/11/15, 29, 21, 22
2019/11/16, 52, 20, 10
2019/11/17, 50, 15, 8
2019/11/18, 40, 19, 14
2019/11/19, 47, 19, 8
2019/11/20, 52, 9, 9
2019/11/21, 25, , 
2019/11/23, 49, , 
2019/11/25, 51, 32, 17
2019/11/26, 61, 23, 13
2019/11/27, 53, 20, 14
2019/11/28, 52, 14, 11
2019/11/29, 44, 6, 17
2019/11/30, 15, 18, 15
2019/12/1, 15, 9, 18
2019/12/2, 14, 17, 27
2019/12/3, 12, 5, 25
2019/12/4, 12, 6, 21
2019/12/5, 17, 13, 13
2019/12/6, 26, 6, 18
2019/12/7, 15, 3, 11
2019/12/8, 7, 4, 8
2019/12/9, 13, 8, 15
2019/12/10, 15, 6, 25
2019/12/11, 15, 7, 11
2019/12/12, 16, 15, 12
2019/12/13, 38, 18, 11
2019/12/14, 53, 9, 4
2019/12/15, 29, 6, 11
2019/12/16, 18, 6, 20
2019/12/17, 17, 13, 25
2019/12/18, 32, 6, 17
2019/12/19, 14, 11, 24
2019/12/20, 28, 20, 8
2019/12/21, 52, 36, 6
2019/12/22, 81, 12, 19
2019/12/23, 37, 25, 30
2019/12/24, 36, 24, 25
2019/12/25, 46, 13, 14
2019/12/26, 36, 6, 10
2019/12/27, 17, 8, 9
2019/12/28, 17, 7, 17
2019/12/29, 18, 11, 8
2019/12/30, 34, , 
2019/7/2, 23, 13, 14
2019/7/3, 15, 12, 17
2019/7/4, 12, 18, 22
2019/7/5, 12, 8, 11
2019/7/6, 9, 5, 11
2019/7/7, 9, 7, 9
2019/7/8, 17, 7, 10
2019/7/9, 13, 9, 9
2019/7/10, 19, 10, 13
2019/7/11, 18, 12, 12
2019/7/12, 22, 13, 18
2019/7/13, 28, 12, 15
2019/7/14, 28, 9, 16
2019/7/15, 15, 11, 20
2019/7/16, 23, 9, 15
2019/7/17, 12, 10, 21
2019/7/18, 19, 23, 21
2019/7/19, 29, 21, 23
2019/7/20, 26, 11, 9
2019/7/21, 20, 10, 9
2019/7/22, 21, 15, 17
2019/7/23, 37, 11, 16
2019/7/24, 18, 9, 16
2019/7/25, 13, 13, 18
2019/7/26, 16, 14, 19
2019/7/27, 23, 16, 18
2019/7/28, 36, 18, 16
2019/7/29, 40, 18, 16
2019/7/30, 30, 9, 9
2019/7/31, 16, 8, 14
2019/8/1, 13, 12, 10
2019/8/2, 20, 20, 16
2019/8/3, 26, 12, 10
2019/8/4, 21, 8, 13
2019/8/5, 17, 12, 16
2019/8/6, 23, 19, 22
2019/8/7, 37, 16, 18
2019/8/8, 29, 27, 23
2019/8/9, 36, 15, 24
2019/8/10, 32, 12, 9
2019/8/11, 33, 10, 9
2019/8/12, 25, 13, 15
2019/8/13, 24, 12, 15
2019/8/14, 20, 12, 19
2019/8/15, 17, 10, 20
2019/8/16, 16, 12, 11
2019/8/17, 30, 11, 7
2019/8/18, 25, 11, 8
2019/8/19, 29, 10, 20
2019/8/20, 20, 15, 18
2019/8/21, 22, 18, 21
2019/8/22, 25, 15, 20
2019/8/23, 21, 11, 21
2019/8/24, 23, 13, 13
2019/8/25, 32, 13, 9
2019/8/26, 32, 17, 27
2019/8/27, 34, 24, 24
2019/8/28, 44, 22, 12
2019/8/29, 46, 22, 14
2019/8/30, 50, 17, 19
2019/8/31, 40, 12, 13
2019/9/1, 22, 15, 8
2019/9/2, 39, 12, 20
2019/9/3, 28, 10, 18
2019/9/4, 14, 8, 17
2019/9/5, 11, 8, 14
2019/9/6, 16, 7, 15
2019/9/7, 13, 6, 9
2019/9/8, 11, 8, 16
2019/9/9, 20, 7, 15
2019/9/10, 18, 17, 14
2019/9/11, 42, 18, 16
2019/9/12, 39, 9, 11
2019/9/13, 17, 7, 12
2019/9/14, 12, 6, 9
2019/9/15, 8, 5, 11
2019/9/16, 9, 5, 10
2019/9/17, 6, 6, 19
2019/9/18, 8, 7, 14
2019/9/19, 9, 5, 20
2019/9/20, 8, 9, 24
2019/9/21, 15, 6, 14
2019/9/22, 11, 8, 15
2019/9/23, 15, 5, 16
2019/9/24, 12, 6, 17
2019/9/25, 10, 9, 24
2019/9/26, 15, 11, 20
2019/9/27, 22, 11, 15
2019/9/28, 24, 21, 13
2019/9/29, 51, 16, 14
2019/9/30, 46, 13, 21
2019/10/1, 36, 7, 16
2019/4/2, 23, 64, 13
2019/4/3, 32, 54, 8
2019/4/4, 44, 57, 10
2019/4/5, 61, 59, 25
2019/4/6, 67, 51, 10
2019/4/7, 67, 47, 12
2019/4/8, 70, 26, 13
2019/4/9, 35, 29, 13
2019/4/10, 21, 24, 17
2019/4/11, 22, 45, 23
2019/4/12, 35, 47, 27
2019/4/13, 34, 31, 17
2019/4/14, 25, 29, 18
2019/4/15, 25, 49, 31
2019/4/16, 38, 47, 27
2019/4/17, 33, 52, 33
2019/4/18, 39, 70, 44
2019/4/19, 60, 57, 30
2019/4/20, 50, 54, 25
2019/4/21, 51, 42, 9
2019/4/22, 44, 36, 10
2019/4/23, 39, 51, 23
2019/4/24, 60, 60, 18
2019/4/25, 78, 66, 20
2019/4/26, 100, 59, 27
2019/4/27, 90, 53, 19
2019/4/28, 79, 42, 13
2019/4/29, 65, 40, 24
2019/4/30, 41, 47, 28
2019/5/1, 43, 33, 15
2019/5/2, 45, 13, 20
2019/5/3, 30, 13, 18
2019/5/4, 17, 18, 18
2019/5/5, 20, 18, 14
2019/5/6, 20, 24, 12
2019/5/7, 25, 25, 20
2019/5/8, 19, 30, 18
2019/5/9, 20, 27, 9
2019/5/10, 26, 36, 25
2019/5/11, 41, 28, 20
2019/5/12, 46, 20, 16
2019/5/13, 30, 18, 19
2019/5/14, 19, 29, 25
2019/5/15, 21, 39, 28
2019/5/16, 26, 42, 32
2019/5/17, 33, 28, 23
2019/5/18, 24, 27, 18
2019/5/19, 27, 24, 21
2019/5/20, 41, 29, 22
2019/5/21, 52, 36, 26
2019/5/22, 55, 38, 29
2019/5/23, 59, 29, 25
2019/5/24, 51, 26, 21
2019/5/25, 40, 16, 12
2019/5/26, 23, 9, 13
2019/5/27, 14, 8, 12
2019/5/28, 13, 16, 17
2019/5/29, 20, 22, 20
2019/5/30, 20, 20, 10
2019/5/31, 15, 13, 16
2019/6/1, 15, 11, 13
2019/6/2, 14, 10, 10
2019/6/3, 19, 13, 8
2019/6/4, 21, 26, 21
2019/6/5, 34, 25, 21
2019/6/6, 46, 29, 17
2019/6/7, 58, 30, 12
2019/6/8, 61, 20, 10
2019/6/9, 47, 15, 10
2019/6/10, 21, 16, 18
2019/6/11, 18, 23, 30
2019/6/12, 33, 16, 14
2019/6/13, 18, 20, 17
2019/6/14, 43, 19, 17
2019/6/15, 45, 14, 18
2019/6/16, 25, 12, 18
2019/6/17, 18, 15, 22
2019/6/18, 19, 17, 17
2019/6/19, 25, 20, 21
2019/6/20, 30, 20, 12
2019/6/21, 35, 18, 10
2019/6/22, 38, 8, 7
2019/6/23, 12, 8, 9
2019/6/24, 11, 12, 19
2019/6/25, 14, 12, 10
2019/6/26, 13, 13, 25
2019/6/27, 32, 15, 15
2019/6/28, 35, 12, 16
2019/6/29, 12, 12, 14
2019/6/30, 17, 13, 13
2019/7/1, 21, 18, 13
2019/1/2, 15, 8, 7
2019/1/3, 9, 4, 22
2019/1/4, 10, 5, 17
2019/1/5, 11, 5, 14
2019/1/6, 15, 9, 14
2019/1/7, 27, 7, 24
2019/1/8, 20, 6, 20
2019/1/9, 18, 3, 13
2019/1/10, 9, 5, 23
2019/1/11, 13, 11, 17
2019/1/12, 15, 18, 18
2019/1/13, 16, 18, 23
2019/1/14, 28, 7, 15
2019/1/15, 18, 27, 22
2019/1/16, 19, 31, 25
2019/1/17, 24, 7, 18
2019/1/18, 15, 4, 27
2019/1/19, 10, 4, 18
2019/1/20, 11, 4, 18
2019/1/21, 11, 9, 34
2019/1/22, 23, 12, 17
2019/1/23, 33, 18, 24
2019/1/24, 49, 27, 36
2019/1/25, 62, 28, 33
2019/1/26, 65, 14, 22
2019/1/27, 44, 14, 16
2019/1/28, 47, 16, 17
2019/1/29, 47, 19, 19
2019/1/30, 51, 15, 22
2019/1/31, 43, 19, 28
2019/2/1, 52, 13, 18
2019/2/2, 38, 13, 16
2019/2/3, 39, 9, 9
2019/2/4, 29, 10, 20
2019/2/5, 28, 11, 20
2019/2/6, 32, 9, 23
2019/2/7, 26, 10, 21
2019/2/8, 27, 12, 14
2019/2/9, 37, 9, 9
2019/2/10, 30, 9, 8
2019/2/11, 23, 12, 15
2019/2/12, 30, 48, 22
2019/2/13, 31, 48, 23
2019/2/14, 23, 10, 25
2019/2/15, 23, 11, 23
2019/2/16, 30, 30, 13
2019/2/17, 47, 62, 24
2019/2/18, 59, 49, 14
2019/2/19, 47, 27, 19
2019/2/20, 64, 36, 16
2019/2/21, 35, 71, 22
2019/2/22, 37, 113, 32
2019/2/23, 57, 65, 11
2019/2/24, 40, 17, 10
2019/2/25, 41, 60, 20
2019/2/26, 44, 81, 24
2019/2/27, 40, 65, 23
2019/2/28, 44, 67, 13
2019/3/1, 38, 67, 25
2019/3/2, 32, 59, 15
2019/3/3, 29, 25, 17
2019/3/4, 24, 6, 14
2019/3/5, 15, 20, 15
2019/3/6, 19, 30, 23
2019/3/7, 23, 16, 13
2019/3/8, 38, 11, 15
2019/3/9, 33, 7, 16
2019/3/10, 19, 24, 13
2019/3/11, 23, 68, 18
2019/3/12, 32, 86, 24
2019/3/13, 46, 54, 9
2019/3/14, 34, 12, 15
2019/3/15, 30, 11, 15
2019/3/16, 25, 7, 17
2019/3/17, 17, 6, 8
2019/3/18, 16, 4, 19
2019/3/19, 10, 20, 19
2019/3/20, 14, 35, 25
2019/3/21, 24, 18, 21
2019/3/22, 21, 26, 26
2019/3/23, 21, 41, 8
2019/3/24, 27, 39, 11
2019/3/25, 24, 44, 15
2019/3/26, 24, 52, 21
2019/3/27, 23, 61, 31
2019/3/28, 33, 72, 34
2019/3/29, 42, 61, 15
2019/3/30, 35, 48, 12
2019/3/31, 38, 29, 9
2019/4/1, 31, 43, 23
2018/10/2, 22, 12, 20
2018/10/3, 27, 8, 18
2018/10/4, 14, 11, 27
2018/10/5, 16, 8, 16
2018/10/6, 13, 8, 16
2018/10/7, 15, 8, 18
2018/10/8, 14, 8, 11
2018/10/9, 15, 8, 12
2018/10/10, 17, 16, 20
2018/10/11, 27, 15, 13
2018/10/12, 34, 30, 13
2018/10/13, 65, 37, 10
2018/10/14, 77, 39, 9
2018/10/15, 81, 38, 15
2018/10/16, 75, 33, 25
2018/10/17, 65, 29, 21
2018/10/18, 63, 32, 23
2018/10/19, 67, 23, 33
2018/10/20, 47, , 26
2018/10/30, 14, 8, 5
2018/10/31, 19, 16, 7
2018/11/1, 39, 14, 16
2018/11/2, 31, 29, 9
2018/11/3, 64, 19, 10
2018/11/4, 41, 11, 11
2018/11/5, 18, 10, 11
2018/11/6, 26, 17, 6
2018/11/7, 47, 25, 13
2018/11/8, 64, 26, 20
2018/11/9, 66, 21, 14
2018/11/10, 56, 15, 6
2018/11/11, 42, 22, 6
2018/11/12, 57, 17, 12
2018/11/13, 53, 15, 26
2018/11/14, 41, 13, 24
2018/11/15, 32, 14, 15
2018/11/16, 32, 19, 13
2018/11/17, 43, 25, 14
2018/11/18, 54, 18, 9
2018/11/19, 37, 20, 22
2018/11/20, 24, 26, 28
2018/11/21, 36, 23, 20
2018/11/22, 33, 18, 21
2018/11/23, 26, 16, 22
2018/11/24, 39, 16, 18
2018/11/25, 39, 9, 19
2018/11/26, 25, 18, 27
2018/11/27, 24, 24, 27
2018/11/28, 50, 17, 32
2018/11/29, 39, 14, 7
2018/11/30, 33, 16, 7
2018/12/1, 47, 19, 7
2018/12/2, 57, 22, 8
2018/12/3, 59, 18, 7
2018/12/4, 54, 9, 18
2018/12/5, 28, 16, 20
2018/12/6, 13, 17, 23
2018/12/7, 32, 13, 15
2018/12/8, 35, 7, 9
2018/12/9, 22, 4, 9
2018/12/10, 10, 5, 18
2018/12/11, 12, 9, 15
2018/12/12, 28, 8, 18
2018/12/13, 25, 7, 18
2018/12/14, 20, 9, 24
2018/12/15, 28, 17, 18
2018/12/16, 39, 12, 14
2018/12/17, 35, 9, 27
2018/12/18, 23, 18, 21
2018/12/19, 43, 19, 18
2018/12/20, 53, 16, 6
2018/12/21, 49, 14, 15
2018/12/22, 37, 11, 15
2018/12/23, 33, 8, 10
2018/12/24, 26, 7, 10
2018/12/25, 24, 6, 13
2018/12/26, 18, 4, 13
2018/12/27, 11, 6, 18
2018/12/28, 17, 7, 22
2018/12/29, 22, 7, 14
2018/12/30, 24, 11, 13
2018/12/31, 32, , 
2018/7/2, 9, 13, 14
2018/7/3, 16, 19, 20
2018/7/4, 24, 18, 19
2018/7/5, 21, 17, 21
2018/7/6, 19, 20, 20
2018/7/7, 23, 16, 10
2018/7/8, 28, 13, 10
2018/7/9, 21, 14, 18
2018/7/10, 20, 18, 18
2018/7/11, 25, 18, 19
2018/7/12, 30, 19, 16
2018/7/13, 35, 25, 25
2018/7/14, 42, 18, 17
2018/7/15, 32, 15, 13
2018/7/16, 33, 20, 23
2018/7/17, 40, 24, 25
2018/7/18, 47, 26, 22
2018/7/19, 53, 24, 22
2018/7/20, 47, 25, 24
2018/7/21, 41, 21, 14
2018/7/22, 49, 16, 12
2018/7/23, 33, 16, 19
2018/7/24, 25, 17, 16
2018/7/25, 25, 16, 12
2018/7/26, 25, 18, 19
2018/7/27, 29, 22, 24
2018/7/28, 44, 23, 19
2018/7/29, 49, 27, 8
2018/7/30, 55, 22, 13
2018/7/31, 49, 22, 12
2018/8/1, 48, 26, 9
2018/8/2, 50, 32, 18
2018/8/3, 59, 20, 21
2018/8/4, 33, 11, 14
2018/8/5, 17, 10, 13
2018/8/6, 16, 13, 17
2018/8/7, 12, 13, 19
2018/8/8, 13, 18, 11
2018/8/9, 20, 25, 24
2018/8/10, 41, 24, 8
2018/8/11, 48, 13, 10
2018/8/12, 19, 7, 17
2018/8/13, 12, 9, 16
2018/8/14, 11, 13, 22
2018/8/15, 17, 9, 26
2018/8/16, 14, 14, 16
2018/8/17, 17, 16, 14
2018/8/18, 32, 13, 9
2018/8/19, 24, 10, 9
2018/8/20, 16, 15, 21
2018/8/21, 19, 11, 15
2018/8/22, 13, 16, 16
2018/8/23, 15, 17, 20
2018/8/24, 23, 20, 15
2018/8/25, 35, 11, 12
2018/8/26, 22, 8, 21
2018/8/27, 16, 9, 18
2018/8/28, 17, 10, 15
2018/8/29, 19, 16, 18
2018/8/30, 36, 11, 15
2018/8/31, 25, 11, 23
2018/9/1, 28, 13, 13
2018/9/2, 31, 13, 19
2018/9/3, 31, 18, 26
2018/9/4, 34, 23, 32
2018/9/5, 37, 20, 27
2018/9/6, 44, 20, 21
2018/9/7, 41, 24, 19
2018/9/8, 53, 33, 13
2018/9/9, 61, 15, 16
2018/9/10, 32, 11, 9
2018/9/11, 22, 14, 14
2018/9/12, 31, 12, 11
2018/9/13, 17, 11, 19
2018/9/14, 13, 11, 15
2018/9/15, 14, 8, 11
2018/9/16, 13, 6, 12
2018/9/17, 9, 7, 18
2018/9/18, 13, 14, 16
2018/9/19, 22, 18, 14
2018/9/20, 34, 14, 20
2018/9/21, 23, 11, 16
2018/9/22, 19, , 13
2018/9/29, 8, 5, 14
2018/9/30, 8, 6, 13
2018/10/1, 11, 12, 21
2018/4/2, 41, 45, 9
2018/4/3, 40, 78, 36
2018/4/4, 43, 42, 13
2018/4/5, 42, 19, 16
2018/4/6, 46, 21, 26
2018/4/7, 27, 43, 18
2018/4/8, 23, 60, 18
2018/4/9, 46, 61, 28
2018/4/10, 74, 50, 22
2018/4/11, 38, 61, 25
2018/4/12, 33, 60, 23
2018/4/13, 40, 67, 30
2018/4/14, 46, 62, 25
2018/4/15, 53, 67, 22
2018/4/16, 70, 64, 31
2018/4/17, 71, 67, 25
2018/4/18, 60, 51, 27
2018/4/19, 52, 58, 29
2018/4/20, 44, 63, 30
2018/4/21, 55, 58, 14
2018/4/22, 53, 44, 14
2018/4/23, 21, 33, 8
2018/4/24, 17, 28, 20
2018/4/25, 26, 30, 25
2018/4/26, 23, 34, 25
2018/4/27, 24, 41, 28
2018/4/28, 28, 37, 24
2018/4/29, 29, 28, 27
2018/4/30, 38, 30, 21
2018/5/1, 37, 15, 9
2018/5/2, 18, 36, 19
2018/5/3, 31, 22, 8
2018/5/4, 37, 49, 24
2018/5/5, 37, 50, 15
2018/5/6, 35, 41, 13
2018/5/7, 41, 66, 26
2018/5/8, 44, 55, 30
2018/5/9, 46, 37, 9
2018/5/10, 29, 32, 7
2018/5/11, 33, 40, 7
2018/5/12, 48, 41, 4
2018/5/13, 49, 42, 20
2018/5/14, 50, 70, 34
2018/5/15, 56, 76, 40
2018/5/16, 66, 75, 51
2018/5/17, 62, 70, 16
2018/5/18, 54, 51, 16
2018/5/19, 28, 36, 20
2018/5/20, 22, 29, 13
2018/5/21, 20, 44, 27
2018/5/22, 37, 44, 25
2018/5/23, 41, 51, 26
2018/5/24, 40, 43, 26
2018/5/25, 26, 37, 21
2018/5/26, 25, 34, 25
2018/5/27, 36, 32, 16
2018/5/28, 33, 36, 19
2018/5/29, 25, 45, 38
2018/5/30, 41, 45, 23
2018/5/31, 47, 34, 17
2018/6/1, 27, 35, 26
2018/6/2, 27, , 
2018/6/6, 13, 20, 13
2018/6/7, 13, 30, 20
2018/6/8, 24, 30, 19
2018/6/9, 21, 18, 13
2018/6/10, 15, 22, 17
2018/6/11, 26, 25, 27
2018/6/12, 40, 22, 17
2018/6/13, 30, 16, 12
2018/6/14, 16, 15, 8
2018/6/15, 20, 23, 21
2018/6/16, 34, 21, 12
2018/6/17, 28, 17, 9
2018/6/18, 31, 20, 19
2018/6/19, 29, 25, 14
2018/6/20, 28, 22, 19
2018/6/21, 24, 13, 23
2018/6/22, 21, 10, 7
2018/6/23, 13, 9, 8
2018/6/24, 9, 9, 8
2018/6/25, 12, 15, 14
2018/6/26, 12, 23, 21
2018/6/27, 20, 21, 22
2018/6/28, 25, 26, 25
2018/6/29, 26, 19, 10
2018/6/30, 16, 10, 9
2018/7/1, 11, 8, 8
2018/1/2, 24, 3, 11
2018/1/3, 9, 5, 9
2018/1/4, 14, 8, 10
2018/1/5, 24, 5, 13
2018/1/6, 15, 6, 8
2018/1/7, 14, 33, 7
2018/1/8, 17, 33, 15
2018/1/9, 24, 4, 14
2018/1/10, 16, 14, 17
2018/1/11, 38, 4, 15
2018/1/12, 15, 7, 12
2018/1/13, 18, 32, 7
2018/1/14, 25, 32, 6
2018/1/15, 27, 31, 7
2018/1/16, 45, 20, 5
2018/1/17, 50, 13, 10
2018/1/18, 39, 21, 15
2018/1/19, 58, 15, 21
2018/1/20, 45, 12, 17
2018/1/21, 38, 21, 30
2018/1/22, 58, 11, 21
2018/1/23, 37, 11, 17
2018/1/24, 32, 11, 10
2018/1/25, 32, 6, 6
2018/1/26, 13, 9, 17
2018/1/27, 23, 5, 10
2018/1/28, 18, 8, 11
2018/1/29, 17, 7, 10
2018/1/30, 21, 6, 17
2018/1/31, 18, 6, 11
2018/2/1, 16, 11, 15
2018/2/2, 14, 7, 16
2018/2/3, 21, 7, 7
2018/2/4, 22, 8, 11
2018/2/5, 25, 10, 21
2018/2/6, 21, 9, 20
2018/2/7, 25, 12, 16
2018/2/8, 31, 14, 24
2018/2/9, 40, 11, 21
2018/2/10, 22, 14, 20
2018/2/11, 36, 7, 8
2018/2/12, 25, 15, 5
2018/2/13, 50, 3, 7
2018/2/14, 9, 5, 18
2018/2/15, 15, 12, 17
2018/2/16, 33, 15, 10
2018/2/17, 45, 17, 17
2018/2/18, 50, 16, 18
2018/2/19, 50, 16, 20
2018/2/20, 48, 14, 23
2018/2/21, 45, 16, 29
2018/2/22, 35, 16, 35
2018/2/23, 38, 14, 26
2018/2/24, 37, 10, 20
2018/2/25, 25, 13, 19
2018/2/26, 23, 7, 23
2018/2/27, 16, 6, 20
2018/2/28, 18, 7, 19
2018/3/1, 20, 9, 27
2018/3/2, 24, 7, 28
2018/3/3, 20, 10, 26
2018/3/4, 24, 11, 28
2018/3/5, 32, 12, 23
2018/3/6, 34, 18, 31
2018/3/7, 49, 21, 33
2018/3/8, 55, 18, 29
2018/3/9, 51, 23, 26
2018/3/10, 62, 26, 23
2018/3/11, 63, 16, 20
2018/3/12, 50, 18, 11
2018/3/13, 53, 23, 23
2018/3/14, 57, 31, 19
2018/3/15, 27, 61, 24
2018/3/16, 36, 68, 21
2018/3/17, 44, 101, 18
2018/3/18, 53, 107, 18
2018/3/19, 54, 76, 25
2018/3/20, 43, 60, 22
2018/3/21, 32, 84, 32
2018/3/22, 52, 50, 29
2018/3/23, 28, 65, 33
2018/3/24, 36, 32, 12
2018/3/25, 30, 37, 15
2018/3/26, 40, 42, 16
2018/3/27, 28, 82, 29
2018/3/28, 43, 114, 42
2018/3/29, 62, 84, 28
2018/3/30, 48, 54, 19
2018/3/31, 32, 56, 19
2018/4/1, 35, 40, 15
2017/10/5, 13, 6, 12
2017/10/6, 9, 6, 10
2017/10/7, 8, 4, 10
2017/10/8, 13, 2, 5
2017/10/9, 8, 3, 11
2017/10/10, 7, 5, 6
2017/10/11, 12, 7, 12
2017/10/12, 12, 4, 8
2017/10/13, 10, 4, 9
2017/10/14, 9, 5, 8
2017/10/15, 11, 11, 10
2017/10/16, 21, 13, 10
2017/10/17, 28, 13, 9
2017/10/18, 26, 4, 11
2017/10/19, 10, 10, 22
2017/10/20, 19, 14, 25
2017/10/21, 25, 7, 10
2017/10/22, 14, 7, 11
2017/10/23, 17, 5, 15
2017/10/24, 11, , 9
2017/10/31, 11, 18, 19
2017/11/1, 13, 6, 17
2017/11/2, 17, 6, 14
2017/11/3, 15, 13, 16
2017/11/4, 16, 6, 6
2017/11/5, 14, 24, 5
2017/11/6, 58, 19, 16
2017/11/7, 21, 12, 21
2017/11/8, 27, 15, 23
2017/11/9, 30, 18, 9
2017/11/10, 42, 13, 13
2017/11/11, 25, 4, 10
2017/11/12, 13, 4, 7
2017/11/13, 11, 5, 16
2017/11/14, 10, 8, 17
2017/11/15, 12, 5, 14
2017/11/16, 12, 8, 20
2017/11/17, 13, 10, 11
2017/11/18, 15, 9, 9
2017/11/19, 14, 9, 11
2017/11/20, 24, 4, 11
2017/11/21, 10, 6, 13
2017/11/22, 17, , 
2017/11/24, 52, 10, 11
2017/11/25, 26, 9, 13
2017/11/26, 23, 12, 14
2017/11/27, 29, 6, 13
2017/11/28, 13, 4, 9
2017/11/29, 11, 4, 10
2017/11/30, 12, 6, 19
2017/12/1, 17, 4, 12
2017/12/2, 12, 3, 9
2017/12/3, 9, 2, 8
2017/12/4, 7, 17, 16
2017/12/5, 14, 5, 16
2017/12/6, 14, 5, 26
2017/12/7, 13, 7, 15
2017/12/8, 15, 10, 7
2017/12/9, 14, 5, 4
2017/12/10, 12, 5, 10
2017/12/11, 12, 10, 19
2017/12/12, 26, 8, 15
2017/12/13, 23, 6, 12
2017/12/14, 15, 9, 8
2017/12/15, 29, 5, 15
2017/12/16, 15, 6, 11
2017/12/17, 19, 7, 11
2017/12/18, 18, 11, 17
2017/12/19, 29, 9, 15
2017/12/20, 27, 10, 11
2017/12/21, 30, 6, 19
2017/12/22, 17, 4, 19
2017/12/23, 13, 3, 9
2017/12/24, 11, 3, 9
2017/12/25, 9, 5, 10
2017/12/26, 14, 4, 6
2017/12/27, 16, 4, 7
2017/12/28, 10, 20, 6
2017/12/29, 55, 14, 13
2017/12/30, 42, 6, 9
2017/12/31, 16, , 
2023/4/5, , 11, 15
2022/8/17, , 24, 16
2022/5/23, , 22, 11
2021/1/12, , 4, 16
2021/1/24, , 12, 12
2021/2/1, , 13, 25
2020/1/1, , 13, 10
2019/11/22, , 17, 6
2019/11/24, , 25, 6
2019/1/1, , 5, 5
2018/10/29, , 14, 18
2018/9/28, , 5, 16
2018/6/5, , 27, 13
2018/1/1, , 8, 5
2017/10/4, , 8, 17
2017/10/30, , 8, 7
2017/11/23, , 19, 10
2018/10/21, , , 10
2018/10/22, , , 16
2018/10/23, , , 13
2018/10/24, , , 16
2018/10/25, , , 25
2018/10/26, , , 23
2018/10/27, , , 8
2018/10/28, , , 12
2018/9/23, , , 10
2018/9/24, , , 13
2018/9/25, , , 18
2018/9/26, , , 13
2018/9/27, , , 20
2018/6/4, , , 12
2017/10/25, , , 5
2017/10/26, , , 10
2017/10/27, , , 14
2017/10/28, , , 9
2017/10/29, , , 4