name,datetime,tempmax,tempmin,temp,feelslikemax,feelslikemin,feelslike,dew,humidity,precip,precipprob,precipcover,preciptype,snow,snowdepth,windgust,windspeed,winddir,sealevelpressure,cloudcover,visibility,solarradiation,solarenergy,uvindex,severerisk,sunrise,sunset,moonphase,conditions,description,icon,stations
"Ø£Ø³ÙØ§Ù, ÙØµØ±",2022-01-01,22.1,11.9,16.4,22.1,11.9,16.4,3.9,44.5,0,0,0,,0,0,,27.7,270.3,1014,2.3,10,196.5,17,7,,2022-01-01T06:31:41,2022-01-01T17:12:18,0.95,Clear,Clear conditions throughout the day.,clear-day,"62414099999,HESN,remote"
"Ø£Ø³ÙØ§Ù, ÙØµØ±",2022-01-02,20,7.9,14.6,20,6,14.4,5.3,56.1,0,0,0,,0,0,,22.3,337.7,1016.4,0.5,10,196.6,17,7,,2022-01-02T06:31:59,2022-01-02T17:12:57,0,Clear,Clear conditions throughout the day.,clear-day,"62414099999,HESN,remote"
"Ø£Ø³ÙØ§Ù, ÙØµØ±",2022-01-03,22,9,14.9,22,7.3,14.7,6.1,57.8,0,0,0,,0,0,,14.8,351.7,1019,0,8.7,197,17,7,,2022-01-03T06:32:14,2022-01-03T17:13:37,0.02,Clear,Clear conditions throughout the day.,clear-day,"62414099999,HESN"
"Ø£Ø³ÙØ§Ù, ÙØµØ±",2022-01-04,23.4,9,15.7,23.4,7.3,15.6,5.8,55.7,0,0,0,,0,0,,22.3,360,1021.5,2.4,8.1,202.9,17.6,8,,2022-01-04T06:32:29,2022-01-04T17:14:17,0.05,Clear,Clear conditions throughout the day.,clear-day,"62414099999,HESN,remote"
"Ø£Ø³ÙØ§Ù, ÙØµØ±",2022-01-05,21.8,10.9,15.9,21.8,10.9,15.9,5.1,50,0,0,0,,0,0,,25.9,5.1,1020.7,44.8,8.2,196.9,17.1,8,,2022-01-05T06:32:42,2022-01-05T17:14:58,0.09,Partially cloudy,Partly cloudy throughout the day.,partly-cloudy-day,"62414099999,HESN,remote"
"Ø£Ø³ÙØ§Ù, ÙØµØ±",2022-01-06,23.2,11,17.1,23.2,11,17.1,5.1,46.7,0,0,0,,0,0,,25.9,1.3,1017.2,43.2,9.6,167.5,14.5,6,,2022-01-06T06:32:54,2022-01-06T17:15:40,0.12,Partially cloudy,Partly cloudy throughout the day.,partly-cloudy-day,"62414099999,HESN,remote"
"Ø£Ø³ÙØ§Ù, ÙØµØ±",2022-01-07,25,12,18.4,25,12,18.4,3.6,38.3,0,0,0,,0,0,,22.3,5.7,1016.5,62,10,153.7,13.4,6,,2022-01-07T06:33:05,2022-01-07T17:16:22,0.15,Partially cloudy,Partly cloudy throughout the day.,partly-cloudy-day,"62414099999,HESN"
"Ø£Ø³ÙØ§Ù, ÙØµØ±",2022-01-08,24.7,15.3,19.3,24.7,15.3,19.3,3.6,35.8,0,0,0,,0,0,,24.1,335.4,1015.1,51.3,8.8,110,9.6,5,,2022-01-08T06:33:14,2022-01-08T17:17:04,0.19,Partially cloudy,Partly cloudy throughout the day.,partly-cloudy-day,"62414099999,HESN,remote"
"Ø£Ø³ÙØ§Ù, ÙØµØ±",2022-01-09,29.5,14.1,18.4,27.8,14.1,18.3,3.4,37.6,0,0,0,,0,0,,29.5,353.7,1014.6,53,8.4,173.3,14.9,7,,2022-01-09T06:33:22,2022-01-09T17:17:47,0.25,Partially cloudy,Partly cloudy throughout the day.,partly-cloudy-day,"62414099999,HESN,remote"
"Ø£Ø³ÙØ§Ù, ÙØµØ±",2022-01-10,22.9,13,16.9,22.9,13,16.9,0.1,33.1,0.9,100,20.83,rain,0,0,26.3,31.7,3.6,1014.2,32,10.7,209.2,18,6,10,2022-01-10T06:33:28,2022-01-10T17:18:30,0.25,"Rain, Partially cloudy",Clearing in the afternoon with rain clearing later.,rain,"62414099999,HESN,remote"
"Ø£Ø³ÙØ§Ù, ÙØµØ±",2022-01-11,23,8.1,14.9,23,4.7,14.5,-5.1,25.9,0,0,0,,0,0,22.7,25.9,4.8,1016.4,0,9.2,209.9,18.4,6,10,2022-01-11T06:33:33,2022-01-11T17:19:13,0.28,Clear,Clear conditions throughout the day.,clear-day,"62414099999,HESN"
"Ø£Ø³ÙØ§Ù, ÙØµØ±",2022-01-12,25,8,17,25,5.8,16.8,-1.3,29.4,0,0,0,,0,0,22,25.9,4.4,1015.4,28.6,11.3,202,17.5,6,10,2022-01-12T06:33:36,2022-01-12T17:19:57,0.32,Partially cloudy,Becoming cloudy in the afternoon.,partly-cloudy-day,"62414099999,HESN,remote"
"Ø£Ø³ÙØ§Ù, ÙØµØ±",2022-01-13,24,14,19,24,14,19,-4.4,21.1,0,0,0,,0,0,52.6,29.9,10.9,1015.2,44.5,12.7,176,15.4,5,10,2022-01-13T06:33:39,2022-01-13T17:20:41,0.35,Partially cloudy,Partly cloudy throughout the day.,partly-cloudy-day,"62414099999,HESN,remote"
"Ø£Ø³ÙØ§Ù, ÙØµØ±",2022-01-14,21,12,16.3,21,12,16.3,1,36.3,0,0,0,,0,0,51.8,20.5,10.3,1016.8,13.3,10,204.7,17.9,6,10,2022-01-14T06:33:39,2022-01-14T17:21:25,0.38,Clear,Clear conditions throughout the day.,clear-day,"62414099999,HESN"
"Ø£Ø³ÙØ§Ù, ÙØµØ±",2022-01-15,20,9,14.2,20,7,14.1,0.3,40.5,0,0,0,,0,0,34.2,24.1,353.4,1017.1,8.1,10,206.6,17.9,6,10,2022-01-15T06:33:38,2022-01-15T17:22:09,0.42,Clear,Clear conditions throughout the day.,clear-day,"62414099999,HESN"
"Ø£Ø³ÙØ§Ù, ÙØµØ±",2022-01-16,17.1,6,12.2,17.1,4,11.7,-3.3,36.4,0,0,0,,0,0,25.6,20.5,327.9,1017.8,0,10.6,214.2,18.7,6,10,2022-01-16T06:33:36,2022-01-16T17:22:53,0.45,Clear,Clear conditions throughout the day.,clear-day,"62414099999,HESN,remote"
"Ø£Ø³ÙØ§Ù, ÙØµØ±",2022-01-17,18.2,5,11.9,18.2,4,11.4,-0.9,43.1,0,0,0,,0,0,40,46.4,321.3,1019.4,22.3,9.8,210.3,18.2,6,10,2022-01-17T06:33:33,2022-01-17T17:23:37,0.48,Partially cloudy,Becoming cloudy in the afternoon.,partly-cloudy-day,"62414099999,HESN,remote"
"Ø£Ø³ÙØ§Ù, ÙØµØ±",2022-01-18,17.2,6,12.1,17.2,4.4,11.6,-2,41,0,0,0,,0,0,23,18.4,340.4,1022.5,0,11.2,215.1,18.8,6,10,2022-01-18T06:33:28,2022-01-18T17:24:21,0.5,Clear,Clear conditions throughout the day.,clear-day,"62414099999,HESN,remote"
"Ø£Ø³ÙØ§Ù, ÙØµØ±",2022-01-19,17,6,11.7,17,3.3,10.8,-2.3,39,0,0,0,,0,0,42.5,24.5,1.8,1024,3.8,11.2,218.8,19.1,6,10,2022-01-19T06:33:21,2022-01-19T17:25:06,0.55,Clear,Clear conditions throughout the day.,clear-day,"62414099999,HESN,remote"
"Ø£Ø³ÙØ§Ù, ÙØµØ±",2022-01-20,18,8,12.1,18,5.1,11.5,-0.5,43.7,0,0,0,,0,0,36,22.3,359,1025,0,10,216.1,18.8,6,10,2022-01-20T06:33:13,2022-01-20T17:25:50,0.59,Clear,Clear conditions throughout the day.,clear-day,"62414099999,HESN"
"Ø£Ø³ÙØ§Ù, ÙØµØ±",2022-01-21,21.2,5,13,21.2,3.3,12.2,1,44.6,0,0,0,,0,0,39.6,20.5,6,1022.3,0,12.4,215.6,18.8,6,10,2022-01-21T06:33:04,2022-01-21T17:26:34,0.62,Clear,Clear conditions throughout the day.,clear-day,"62414099999,HESN,remote"
"Ø£Ø³ÙØ§Ù, ÙØµØ±",2022-01-22,19.7,8,13.8,19.7,5.5,13.5,-2.4,36,0,0,0,,0,0,38.2,20.2,356,1019.6,0,18.8,218.3,19,6,10,2022-01-22T06:32:53,2022-01-22T17:27:18,0.66,Clear,Clear conditions throughout the day.,clear-day,"62414099999,HESN,remote"
"Ø£Ø³ÙØ§Ù, ÙØµØ±",2022-01-23,19.3,8.1,13.4,19.3,5.3,12.6,-3.3,32.8,0,0,0,,0,0,38.9,23,353.8,1019.6,7.7,24.1,220.8,19.1,6,10,2022-01-23T06:32:41,2022-01-23T17:28:02,0.69,Clear,Clear conditions throughout the day.,clear-day,remote
"Ø£Ø³ÙØ§Ù, ÙØµØ±",2022-01-24,18.8,9.1,13.7,18.8,6.6,13.3,-1.7,35.4,0,0,0,,0,0,33.8,22.7,359.8,1020.4,42.3,20,216.1,18.9,6,10,2022-01-24T06:32:27,2022-01-24T17:28:46,0.73,Partially cloudy,Becoming cloudy in the afternoon.,partly-cloudy-day,"62414099999,HESN,remote"
"Ø£Ø³ÙØ§Ù, ÙØµØ±",2022-01-25,19,6,12.8,19,3.6,12.1,-2.2,37.5,0,0,0,,0,0,39.2,23.8,6.8,1019.4,1.5,11.8,227.9,19.8,6,10,2022-01-25T06:32:12,2022-01-25T17:29:29,0.75,Clear,Clear conditions throughout the day.,clear-day,"62414099999,HESN,remote"
"Ø£Ø³ÙØ§Ù, ÙØµØ±",2022-01-26,19.2,5,12,19.2,2.8,11.2,-4.1,33.6,0,0,0,,0,0,46.8,28.4,343.5,1020.3,0,12.4,208.5,18.1,6,10,2022-01-26T06:31:56,2022-01-26T17:30:13,0.8,Clear,Clear conditions throughout the day.,clear-day,"62414099999,HESN,remote"
"Ø£Ø³ÙØ§Ù, ÙØµØ±",2022-01-27,15.3,5.7,10.4,15.3,1.8,9,-4,38.4,0,0,0,,0,0,45.4,30.2,356.1,1023.8,30.8,15.3,222.8,19.5,6,10,2022-01-27T06:31:38,2022-01-27T17:30:56,0.83,Partially cloudy,Partly cloudy throughout the day.,partly-cloudy-day,"62414099999,HESN,remote"
"Ø£Ø³ÙØ§Ù, ÙØµØ±",2022-01-28,16,5,10.3,16,2.1,9.1,-3.1,40.3,0,0,0,,0,0,48.2,36,5.6,1023.1,42.4,11.8,202.5,17.6,5,10,2022-01-28T06:31:19,2022-01-28T17:31:39,0.87,Partially cloudy,Partly cloudy throughout the day.,partly-cloudy-day,"62414099999,HESN,remote"
"Ø£Ø³ÙØ§Ù, ÙØµØ±",2022-01-29,18.7,5,11.8,18.7,2.4,11.2,-2.4,39.6,0,0,0,,0,0,47.9,23,7,1021,0,12.4,230.8,20.1,6,10,2022-01-29T06:30:58,2022-01-29T17:32:22,0.9,Clear,Clear conditions throughout the day.,clear-day,"62414099999,HESN,remote"
"Ø£Ø³ÙØ§Ù, ÙØµØ±",2022-01-30,19.1,6,12.7,19.1,4,12.1,-1.4,39.7,0,0,0,,0,0,33.1,20.2,357.7,1018.4,45,14.1,223.1,19.3,6,10,2022-01-30T06:30:36,2022-01-30T17:33:04,0.94,Partially cloudy,Partly cloudy throughout the day.,partly-cloudy-day,"62414099999,HESN,remote"
"Ø£Ø³ÙØ§Ù, ÙØµØ±",2022-01-31,19.1,10,14.2,19.1,10,14.2,-1.2,35.9,0,0,0,,0,0,33.8,29.5,315.2,1018.4,28.9,17.1,231.5,20.2,6,10,2022-01-31T06:30:13,2022-01-31T17:33:46,0.97,Partially cloudy,Clearing in the afternoon.,partly-cloudy-day,"62414099999,HESN,remote"
"Ø£Ø³ÙØ§Ù, ÙØµØ±",2022-02-01,21,8,14.6,21,6.4,14.3,1.4,42.5,0,0,0,,0,0,21.2,18.4,5.1,1018.6,0,13.2,231.4,20.2,6,10,2022-02-01T06:29:48,2022-02-01T17:34:28,0,Clear,Clear conditions throughout the day.,clear-day,"62414099999,HESN,remote"
"Ø£Ø³ÙØ§Ù, ÙØµØ±",2022-02-02,24,7,15.5,24,4.8,15.2,2.7,44.3,0,0,0,,0,0,13.3,14.8,13,1015.1,0,11.8,233.3,20.3,6,10,2022-02-02T06:29:22,2022-02-02T17:35:09,0.04,Clear,Clear conditions throughout the day.,clear-day,"62414099999,HESN,remote"
"Ø£Ø³ÙØ§Ù, ÙØµØ±",2022-02-03,25,11,17.2,25,11,17.2,-1.9,29,0,0,0,,0,0,33.1,27.7,280.2,1016,0,11.8,234.1,20.2,6,10,2022-02-03T06:28:55,2022-02-03T17:35:50,0.07,Clear,Clear conditions throughout the day.,clear-day,"62414099999,HESN,remote"
"Ø£Ø³ÙØ§Ù, ÙØµØ±",2022-02-04,19.2,9.9,14.6,19.2,9.9,14.6,-2.3,32,0,0,0,,0,0,38.5,32,312.9,1019.9,0.1,12.4,236.3,20.5,7,10,2022-02-04T06:28:27,2022-02-04T17:36:31,0.1,Clear,Clear conditions throughout the day.,clear-day,"62414099999,HESN,remote"
"Ø£Ø³ÙØ§Ù, ÙØµØ±",2022-02-05,21,8.6,13.6,21,6.2,13.2,0.4,42.1,0,0,0,,0,0,43.2,25.6,345.6,1022.1,0,14.5,237.3,20.4,7,10,2022-02-05T06:27:57,2022-02-05T17:37:11,0.14,Clear,Clear conditions throughout the day.,clear-day,"62414099999,HESN,remote"
"Ø£Ø³ÙØ§Ù, ÙØµØ±",2022-02-06,21.7,9,14.7,21.7,6.5,14.4,0,39.3,0,0,0,,0,0,45,31.7,6.1,1022.5,0,12.3,240.6,21,7,10,2022-02-06T06:27:26,2022-02-06T17:37:51,0.17,Clear,Clear conditions throughout the day.,clear-day,"62414099999,HESN,remote"
"Ø£Ø³ÙØ§Ù, ÙØµØ±",2022-02-07,25.4,9,16.9,25.4,8,16.8,-1,32.7,0,0,0,,0,0,29.5,22.3,11.4,1019.9,0,12.3,243.8,21.3,7,10,2022-02-07T06:26:54,2022-02-07T17:38:30,0.2,Clear,Clear conditions throughout the day.,clear-day,"62414099999,HESN,remote"
"Ø£Ø³ÙØ§Ù, ÙØµØ±",2022-02-08,26.6,10,18.5,26.6,10,18.5,-1.7,28.2,0,0,0,,0,0,24.5,15.8,0,1017.3,0,12.9,247,21.6,7,10,2022-02-08T06:26:21,2022-02-08T17:39:09,0.25,Clear,Clear conditions throughout the day.,clear-day,"62414099999,HESN,remote"
"Ø£Ø³ÙØ§Ù, ÙØµØ±",2022-02-09,27.1,13,19.3,26.3,13,19.2,-5.9,19.2,0,0,0,,0,0,47.2,23,357.2,1015.4,0,11.8,249.2,21.7,7,10,2022-02-09T06:25:46,2022-02-09T17:39:48,0.26,Clear,Clear conditions throughout the day.,clear-day,"62414099999,HESN,remote"
"Ø£Ø³ÙØ§Ù, ÙØµØ±",2022-02-10,19,9,14.7,19,6.1,14.6,-2,32.8,0,0,0,,0,0,49.3,27,356.4,1018.7,0,10.8,248.7,21.7,7,10,2022-02-10T06:25:10,2022-02-10T17:40:26,0.3,Clear,Clear conditions throughout the day.,clear-day,"62414099999,HESN,remote"
"Ø£Ø³ÙØ§Ù, ÙØµØ±",2022-02-11,20,8,13.7,20,6,13.2,-0.9,38,0,0,0,,0,0,38.9,22.3,3.9,1019.6,0,12.4,250.2,21.8,7,10,2022-02-11T06:24:34,2022-02-11T17:41:04,0.33,Clear,Clear conditions throughout the day.,clear-day,"62414099999,HESN,remote"
"Ø£Ø³ÙØ§Ù, ÙØµØ±",2022-02-12,27,9,17.2,26.2,7.3,16.8,1.7,38,0,0,0,,0,0,48.6,18.4,24.8,1018.8,0,10,249.7,21.8,7,10,2022-02-12T06:23:56,2022-02-12T17:41:41,0.36,Clear,Clear conditions throughout the day.,clear-day,"62414099999,HESN"
"Ø£Ø³ÙØ§Ù, ÙØµØ±",2022-02-13,26.1,9,18.2,26.1,7.6,18.2,1.7,35.9,0,0,0,,0,0,41.8,26.6,8.2,1017.5,0,11.2,253.4,22.1,7,10,2022-02-13T06:23:17,2022-02-13T17:42:18,0.39,Clear,Clear conditions throughout the day.,clear-day,"62414099999,HESN,remote"
"Ø£Ø³ÙØ§Ù, ÙØµØ±",2022-02-14,26,12,19.2,26,12,19.2,-1.7,25.9,0,0,0,,0,0,37.8,20.5,13.5,1015.7,0.6,10,256.3,22.4,7,10,2022-02-14T06:22:37,2022-02-14T17:42:54,0.43,Clear,Clear conditions throughout the day.,clear-day,"62414099999,HESN"
"Ø£Ø³ÙØ§Ù, ÙØµØ±",2022-02-15,26,10,17.7,26,10,17.7,-1.5,29.7,0,0,0,,0,0,42.1,18.7,11.1,1016.2,0.1,10.6,256.7,22.4,7,10,2022-02-15T06:21:56,2022-02-15T17:43:30,0.46,Clear,Clear conditions throughout the day.,clear-day,"62414099999,HESN,remote"
"Ø£Ø³ÙØ§Ù, ÙØµØ±",2022-02-16,25,11,17.4,25,11,17.4,0,33.8,0,0,0,,0,0,40.3,18.4,10.7,1015.7,12.2,11.2,260.1,22.7,7,10,2022-02-16T06:21:14,2022-02-16T17:44:05,0.5,Clear,Clear conditions throughout the day.,clear-day,"62414099999,HESN,remote"
"Ø£Ø³ÙØ§Ù, ÙØµØ±",2022-02-17,27,10,18.1,26.1,10,18.1,-2.2,28.2,0,0,0,,0,0,23.4,15.5,0.2,1011.1,58.2,10.6,253.4,22,7,10,2022-02-17T06:20:31,2022-02-17T17:44:40,0.53,Partially cloudy,Partly cloudy throughout the day.,partly-cloudy-day,"62414099999,HESN,remote"
"Ø£Ø³ÙØ§Ù, ÙØµØ±",2022-02-18,24.2,11,18.5,24.2,11,18.5,-1.1,28.6,0,0,0,,0,0,47.9,37.1,323.2,1010.8,47.1,11.6,257,22.5,7,10,2022-02-18T06:19:47,2022-02-18T17:45:15,0.56,Partially cloudy,Clearing in the afternoon.,partly-cloudy-day,"62414099999,HESN,remote"
"Ø£Ø³ÙØ§Ù, ÙØµØ±",2022-02-19,20.9,11,16.1,20.9,11,16.1,2.5,41.4,0,0,0,,0,0,49,27.7,316.3,1017.5,0,10,258.4,22.5,7,10,2022-02-19T06:19:02,2022-02-19T17:45:49,0.6,Clear,Clear conditions throughout the day.,clear-day,"62414099999,HESN"
"Ø£Ø³ÙØ§Ù, ÙØµØ±",2022-02-20,21,12,16.3,21,12,16.3,1.6,38.4,0,0,0,,0,0,34.9,22.7,349.9,1021.2,0,10.6,263.9,23,7,10,2022-02-20T06:18:16,2022-02-20T17:46:23,0.63,Clear,Clear conditions throughout the day.,clear-day,"62414099999,HESN,remote"
"Ø£Ø³ÙØ§Ù, ÙØµØ±",2022-02-21,26,10,18.2,26,10,18.2,2.1,36.8,0,0,0,,0,0,29.2,17.3,14.2,1019.1,12.6,11.1,265.6,23.1,7,10,2022-02-21T06:17:29,2022-02-21T17:46:56,0.67,Clear,Clear conditions throughout the day.,clear-day,"62414099999,HESN,remote"
"Ø£Ø³ÙØ§Ù, ÙØµØ±",2022-02-22,26,12,19.2,26,12,19.2,0.5,31.4,0,0,0,,0,0,18.4,13,6.7,1014.3,3.7,11.2,271.3,23.7,7,10,2022-02-22T06:16:42,2022-02-22T17:47:29,0.7,Clear,Clear conditions throughout the day.,clear-day,"62414099999,HESN,remote"
"Ø£Ø³ÙØ§Ù, ÙØµØ±",2022-02-23,28.2,14,21.2,26.8,14,20.9,-1,23.3,0,0,0,,0,0,16.6,16.6,338.7,1011.9,0.3,10.6,269.4,23.5,7,10,2022-02-23T06:15:53,2022-02-23T17:48:01,0.74,Clear,Clear conditions throughout the day.,clear-day,"62414099999,HESN,remote"
"Ø£Ø³ÙØ§Ù, ÙØµØ±",2022-02-24,24,13,18.4,24,13,18.4,-2.5,25.4,0,0,0,,0,0,41,25.9,326.5,1014.6,0,9.4,268.3,23.3,7,10,2022-02-24T06:15:04,2022-02-24T17:48:33,0.75,Clear,Clear conditions throughout the day.,clear-day,"62414099999,HESN"
"Ø£Ø³ÙØ§Ù, ÙØµØ±",2022-02-25,24,12,17.9,24,12,17.9,0.4,32.1,0,0,0,,0,0,32.8,29.5,336.9,1018.3,0,9,270.5,23.6,7,10,2022-02-25T06:14:14,2022-02-25T17:49:04,0.81,Clear,Clear conditions throughout the day.,clear-day,"62414099999,HESN"
"Ø£Ø³ÙØ§Ù, ÙØµØ±",2022-02-26,23,10,16.8,23,10,16.8,0.5,34.7,0,0,0,,0,0,32.8,14.8,3.3,1019,0,10.6,275.3,24,7,10,2022-02-26T06:13:23,2022-02-26T17:49:35,0.85,Clear,Clear conditions throughout the day.,clear-day,"62414099999,HESN"
"Ø£Ø³ÙØ§Ù, ÙØµØ±",2022-02-27,26,11,18.1,26,11,18.1,0.4,32.7,0,0,0,,0,0,32.4,18.4,9.5,1018.2,0,10,278.8,24.3,7,10,2022-02-27T06:12:32,2022-02-27T17:50:06,0.88,Clear,Clear conditions throughout the day.,clear-day,"62414099999,HESN"
"Ø£Ø³ÙØ§Ù, ÙØµØ±",2022-02-28,29,11,20.1,27.4,11,19.8,-2.9,23.1,0,0,0,,0,0,37.8,19.1,12.5,1016.4,0.2,11.8,281.6,24.6,8,10,2022-02-28T06:11:40,2022-02-28T17:50:36,0.92,Clear,Clear conditions throughout the day.,clear-day,"62414099999,HESN,remote"
"Ø£Ø³ÙØ§Ù, ÙØµØ±",2022-03-01,32,14,22.5,29.9,14,22,-5.8,17.1,0,0,0,,0,0,32.8,18.4,16.6,1014.4,0.3,10,279.1,20.1,8,10,2022-03-01T06:10:47,2022-03-01T17:51:06,0.95,Clear,Clear conditions throughout the day.,clear-day,"62414099999,HESN"
"Ø£Ø³ÙØ§Ù, ÙØµØ±",2022-03-02,33,16,24.3,30.9,16,23.6,0.2,20.9,0,0,0,,0,0,16.6,14.8,344.4,1011.1,5,10,273.7,19.6,7,10,2022-03-02T06:09:54,2022-03-02T17:51:35,0,Clear,Clear conditions throughout the day.,clear-day,"62414099999,HESN"
"Ø£Ø³ÙØ§Ù, ÙØµØ±",2022-03-03,27,17.8,22.6,26.3,17.8,22.5,-5.6,15.5,0,0,0,,0,0,52.6,29.5,0.8,1013.5,4.5,6.1,273,19.6,7,10,2022-03-03T06:09:00,2022-03-03T17:52:04,0.02,Clear,Clear conditions throughout the day.,clear-day,"62414099999,HESN,remote"
"Ø£Ø³ÙØ§Ù, ÙØµØ±",2022-03-04,27,12,19.5,26.1,12,19.4,-1.4,26,0,0,0,,0,0,49.7,22.3,10.1,1015.1,52.2,9,267.9,19.2,7,10,2022-03-04T06:08:05,2022-03-04T17:52:33,0.05,Partially cloudy,Partly cloudy throughout the day.,partly-cloudy-day,"62414099999,HESN"
"Ø£Ø³ÙØ§Ù, ÙØµØ±",2022-03-05,33,14,23.3,30.7,14,22.5,-1.3,21.7,0,0,0,,0,0,24.8,14.8,10,1011.6,54.7,10,268.2,19.2,7,10,2022-03-05T06:07:10,2022-03-05T17:53:01,0.09,Partially cloudy,Partly cloudy throughout the day.,partly-cloudy-day,"62414099999,HESN"
"Ø£Ø³ÙØ§Ù, ÙØµØ±",2022-03-06,34.9,17,25.9,32.2,17,24.9,-2.3,16.6,0,0,0,,0,0,32.4,19.8,354.2,1008.6,29,13.4,272.4,19.6,7,10,2022-03-06T06:06:14,2022-03-06T17:53:29,0.12,Partially cloudy,Partly cloudy throughout the day.,partly-cloudy-day,"62414099999,HESN,remote"
"Ø£Ø³ÙØ§Ù, ÙØµØ±",2022-03-07,32,19,25.3,29.8,19,24.7,-5.1,13.7,0,0,0,,0,0,49.7,27.4,7.5,1009.7,24,9.4,293.8,23.3,8,10,2022-03-07T06:05:18,2022-03-07T17:53:57,0.15,Partially cloudy,Partly cloudy throughout the day.,partly-cloudy-day,"62414099999,HESN,remote"
"Ø£Ø³ÙØ§Ù, ÙØµØ±",2022-03-08,33.1,16,25.3,30.7,16,24.4,-1.1,19.4,0,0,0,,0,0,33.5,22.3,13.6,1008.3,24.8,10,273,23.5,8,10,2022-03-08T06:04:21,2022-03-08T17:54:25,0.18,Partially cloudy,Partly cloudy throughout the day.,partly-cloudy-day,"62414099999,HESN,remote"
"Ø£Ø³ÙØ§Ù, ÙØµØ±",2022-03-09,37,20,28.2,34,20,27,-1.7,15.6,0,0,0,,0,0,49.7,28.4,307.6,1006,40.6,12.4,275.7,23.9,8,10,2022-03-09T06:03:24,2022-03-09T17:54:52,0.21,Partially cloudy,Partly cloudy throughout the day.,partly-cloudy-day,"62414099999,HESN,remote"
"Ø£Ø³ÙØ§Ù, ÙØµØ±",2022-03-10,27.1,17.8,22.1,26.1,17.8,22,2.9,29.7,0,0,0,,0,0,50.8,33.5,353.6,1012.1,66.8,11.4,264,22.9,8,10,2022-03-10T06:02:27,2022-03-10T17:55:18,0.25,Partially cloudy,Partly cloudy throughout the day.,partly-cloudy-day,"62414099999,HESN,remote"
"Ø£Ø³ÙØ§Ù, ÙØµØ±",2022-03-11,21,12.4,16.6,21,12.4,16.6,-3.3,26.1,0,0,0,,0,0,52.6,22.3,357.2,1017,14.4,7.2,289.8,25,8,10,2022-03-11T06:01:29,2022-03-11T17:55:45,0.28,Clear,Clear conditions throughout the day.,clear-day,"62414099999,HESN,remote"
"Ø£Ø³ÙØ§Ù, ÙØµØ±",2022-03-12,22,10,15.8,22,10,15.8,-2.6,29.8,0,0,0,,0,0,52.6,30.2,4.9,1015.8,52.8,10.8,270.6,23.4,7,10,2022-03-12T06:00:31,2022-03-12T17:56:11,0.31,Partially cloudy,Partly cloudy throughout the day.,partly-cloudy-day,"62414099999,HESN,remote"
"Ø£Ø³ÙØ§Ù, ÙØµØ±",2022-03-13,23.5,9,16.2,23.5,7.3,16,-5.2,25.3,0,0,0,,0,0,52.9,27.7,358.6,1015.5,0.6,12.9,295.7,25.6,8,10,2022-03-13T05:59:32,2022-03-13T17:56:37,0.34,Clear,Clear conditions throughout the day.,clear-day,"62414099999,HESN,remote"
"Ø£Ø³ÙØ§Ù, ÙØµØ±",2022-03-14,22,9,15.9,22,7,15.8,-3.6,28.5,0,0,0,,0,0,53.3,30.6,355.8,1018.6,0,11.7,296.8,25.6,8,10,2022-03-14T05:58:33,2022-03-14T17:57:03,0.38,Clear,Clear conditions throughout the day.,clear-day,"62414099999,HESN,remote"
"Ø£Ø³ÙØ§Ù, ÙØµØ±",2022-03-15,19,9,13.9,19,4.9,13.7,-4.9,27.7,0,0,0,,0,0,60.1,40.7,356.7,1021.4,0,7.8,300.3,25.7,8,10,2022-03-15T05:57:34,2022-03-15T17:57:29,0.41,Clear,Clear conditions throughout the day.,clear-day,"62414099999,HESN,remote"
"Ø£Ø³ÙØ§Ù, ÙØµØ±",2022-03-16,22,7.9,14.9,22,5.5,14.6,-4.4,28,0,0,0,,0,0,52.6,28.8,9.3,1021.2,0,11.8,301.9,25.9,8,10,2022-03-16T05:56:35,2022-03-16T17:57:54,0.44,Clear,Clear conditions throughout the day.,clear-day,"62414099999,HESN,remote"
"Ø£Ø³ÙØ§Ù, ÙØµØ±",2022-03-17,26,9,17.5,26,7.3,17.3,-4.3,25,0,0,0,,0,0,41.4,20.5,13.3,1019.6,0,11.8,301.7,25.9,8,10,2022-03-17T05:55:35,2022-03-17T17:58:19,0.47,Clear,Clear conditions throughout the day.,clear-day,"62414099999,HESN,remote"
"Ø£Ø³ÙØ§Ù, ÙØµØ±",2022-03-18,28,11,20.2,26.6,11,20,-7.2,17.5,0,0,0,,0,0,36.4,21.2,9.3,1016.9,0,11.2,305.4,26.3,8,10,2022-03-18T05:54:36,2022-03-18T17:58:45,0.5,Clear,Clear conditions throughout the day.,clear-day,"62414099999,HESN,remote"
"Ø£Ø³ÙØ§Ù, ÙØµØ±",2022-03-19,29.1,12.7,21,27.4,12.7,20.5,-7.5,15.8,0,0,0,,0,0,43.9,18.7,5.5,1014.9,0.3,12.4,310,26.9,9,10,2022-03-19T05:53:36,2022-03-19T17:59:09,0.54,Clear,Clear conditions throughout the day.,clear-day,"62414099999,HESN,remote"
"Ø£Ø³ÙØ§Ù, ÙØµØ±",2022-03-20,30,13.8,21.2,28.2,13.8,20.9,-4.6,18.9,0,0,0,,0,0,31.7,18.4,5.6,1012.1,42,12.4,280.1,24.2,8,10,2022-03-20T05:52:36,2022-03-20T17:59:34,0.58,Partially cloudy,Clearing in the afternoon.,partly-cloudy-day,"62414099999,HESN,remote"
"Ø£Ø³ÙØ§Ù, ÙØµØ±",2022-03-21,32,14,23.2,29.8,14,22.5,-4.4,18,0,0,0,,0,0,41.8,25.9,305.2,1010,0,9,267.7,23.2,8,10,2022-03-21T05:51:35,2022-03-21T17:59:59,0.61,Clear,Clear conditions throughout the day.,clear-day,"62414099999,HESN"
"Ø£Ø³ÙØ§Ù, ÙØµØ±",2022-03-22,27,14.6,20.9,26.2,14.6,20.9,-0.1,26.3,0,0,0,,0,0,46.1,27.7,355.9,1012.4,1.1,12.9,283.5,24.5,10,10,2022-03-22T05:50:35,2022-03-22T18:00:23,0.65,Clear,Clear conditions throughout the day.,clear-day,"62414099999,HESN,remote"
"Ø£Ø³ÙØ§Ù, ÙØµØ±",2022-03-23,23,11,16.8,23,11,16.8,-3.6,25.5,0,0,0,,0,0,46.1,29.5,0.5,1017.5,0.1,12.9,293,25.3,10,10,2022-03-23T05:49:35,2022-03-23T18:00:48,0.68,Clear,Clear conditions throughout the day.,clear-day,"62414099999,HESN,remote"
"Ø£Ø³ÙØ§Ù, ÙØµØ±",2022-03-24,23,10,16.1,23,10,16.1,-7,21.6,0,0,0,,0,0,41.4,22.3,357.8,1019.4,1,10.6,300.6,26,10,10,2022-03-24T05:48:34,2022-03-24T18:01:12,0.72,Clear,Clear conditions throughout the day.,clear-day,"62414099999,HESN,remote"
"Ø£Ø³ÙØ§Ù, ÙØµØ±",2022-03-25,22,9,15.9,22,7.6,15.8,-5.1,23.8,0,0,0,,0,0,44.6,30.2,359.3,1020.3,0.4,10.6,298.5,25.8,10,10,2022-03-25T05:47:34,2022-03-25T18:01:36,0.75,Clear,Clear conditions throughout the day.,clear-day,"62414099999,HESN,remote"
"Ø£Ø³ÙØ§Ù, ÙØµØ±",2022-03-26,25,9,17.5,25,6.5,17.4,-2.6,27.7,0,0,0,,0,0,45.7,27.7,10.1,1020.8,0,11.1,300.2,25.9,10,10,2022-03-26T05:46:34,2022-03-26T18:02:00,0.79,Clear,Clear conditions throughout the day.,clear-day,"62414099999,HESN,remote"
"Ø£Ø³ÙØ§Ù, ÙØµØ±",2022-03-27,30,11,19.9,28.1,11,19.6,-4.2,21.5,0,0,0,,0,0,55.4,38.9,24.5,1019.7,28.6,14.2,300.3,25.9,10,10,2022-03-27T05:45:33,2022-03-27T18:02:24,0.83,Partially cloudy,Becoming cloudy in the afternoon.,partly-cloudy-day,"62414099999,HESN,remote"
"Ø£Ø³ÙØ§Ù, ÙØµØ±",2022-03-28,32,13,22,29.8,13,21.5,-8.9,12.5,0,0,0,,0,0,50.8,29.2,18.9,1016.8,12.2,11.8,304,26.4,10,10,2022-03-28T05:44:33,2022-03-28T18:02:49,0.86,Clear,Clear conditions throughout the day.,clear-day,"62414099999,HESN,remote"
"Ø£Ø³ÙØ§Ù, ÙØµØ±",2022-03-29,33,14,24.6,30.6,14,23.7,-3.8,15.6,0,0,0,,0,0,44.6,25.9,6.8,1012.2,0,10.3,295.1,25.7,10,10,2022-03-29T05:43:33,2022-03-29T18:03:13,0.9,Clear,Clear conditions throughout the day.,clear-day,"62414099999,HESN,remote"
"Ø£Ø³ÙØ§Ù, ÙØµØ±",2022-03-30,34.2,19,26.5,31.6,19,25.5,-3.3,14.4,0,0,0,,0,0,39.2,25.9,12.2,1011.5,0,10.4,301.5,25.9,10,10,2022-03-30T05:42:33,2022-03-30T18:03:37,0.93,Clear,Clear conditions throughout the day.,clear-day,"62414099999,HESN,remote"
"Ø£Ø³ÙØ§Ù, ÙØµØ±",2022-03-31,38,19,28.1,34.8,19,26.8,-3.5,14.2,0,0,0,,0,0,39.2,16.6,16.5,1011.8,19,9.8,306.8,26.5,10,10,2022-03-31T05:41:33,2022-03-31T18:04:01,0.97,Clear,Clear conditions throughout the day.,clear-day,"62414099999,HESN,remote"
"Ø£Ø³ÙØ§Ù, ÙØµØ±",2022-04-01,39.8,20,30.5,36.6,20,28.9,0.3,14.9,0,0,0,,0,0,22,14.8,35.4,1011.1,38,11.3,298,25.7,10,10,2022-04-01T05:40:33,2022-04-01T18:04:25,0,Partially cloudy,Partly cloudy throughout the day.,partly-cloudy-day,"62414099999,HESN,remote"
"Ø£Ø³ÙØ§Ù, ÙØµØ±",2022-04-02,41,22,32.5,37.6,22,30.5,-0.4,13.1,0,0,0,,0,0,37.1,20.5,45.9,1009.6,50.2,12.4,301.8,25.9,10,10,2022-04-02T05:39:34,2022-04-02T18:04:49,0.04,Partially cloudy,Partly cloudy throughout the day.,partly-cloudy-day,"62414099999,HESN,remote"
"Ø£Ø³ÙØ§Ù, ÙØµØ±",2022-04-03,41,23,32.4,37.8,23,30.5,1.1,14.2,0,0,0,,0,0,24.8,20.5,48.8,1008.5,59.3,9,286.1,24.6,10,10,2022-04-03T05:38:35,2022-04-03T18:05:13,0.07,Partially cloudy,Partly cloudy throughout the day.,partly-cloudy-day,"62414099999,HESN"
"Ø£Ø³ÙØ§Ù, ÙØµØ±",2022-04-04,41,24,33.4,37.8,24,31.3,-0.3,12.3,0,0,0,,0,0,42.1,18.4,33.1,1009.3,69.8,11.2,290.7,25.1,10,10,2022-04-04T05:37:36,2022-04-04T18:05:37,0.1,Partially cloudy,Partly cloudy throughout the day.,partly-cloudy-day,"62414099999,HESN,remote"
"Ø£Ø³ÙØ§Ù, ÙØµØ±",2022-04-05,41,24.2,32.8,38.6,24.2,30.7,-3.8,10.1,0,0,0,,0,0,37.1,18.4,17.2,1010.4,0,11.9,310.1,26.8,10,10,2022-04-05T05:36:37,2022-04-05T18:06:01,0.13,Clear,Clear conditions throughout the day.,clear-day,"62414099999,HESN,remote"
"Ø£Ø³ÙØ§Ù, ÙØµØ±",2022-04-06,42,23,32.8,37.8,23,30.7,-7.2,7.8,0,0,0,,0,0,56.2,24.1,29.7,1011.3,0.7,9.3,315,27.2,10,10,2022-04-06T05:35:39,2022-04-06T18:06:26,0.17,Clear,Clear conditions throughout the day.,clear-day,"62414099999,HESN"
"Ø£Ø³ÙØ§Ù, ÙØµØ±",2022-04-07,43,24,34.1,38.7,24,31.7,-3.3,9.6,0,0,0,,0,0,50.4,31.7,44.3,1011.5,3.9,8.3,305.9,26.4,10,10,2022-04-07T05:34:40,2022-04-07T18:06:50,0.2,Clear,Clear conditions throughout the day.,clear-day,"62414099999,HESN,remote"
"Ø£Ø³ÙØ§Ù, ÙØµØ±",2022-04-08,42,24,33.5,37.9,24,31.2,-3.9,9.9,0,0,0,,0,0,27.4,18.4,342.7,1009.5,33.9,10,308.7,26.7,10,10,2022-04-08T05:33:43,2022-04-08T18:07:14,0.23,Partially cloudy,Partly cloudy throughout the day.,partly-cloudy-day,"62414099999,HESN"
"Ø£Ø³ÙØ§Ù, ÙØµØ±",2022-04-09,42,27,33.9,38.5,26.2,31.5,-0.8,11.9,0,0,0,,0,0,47.5,22.3,14.9,1007.4,14.8,8.5,317.9,27.6,10,10,2022-04-09T05:32:45,2022-04-09T18:07:39,0.25,Clear,Clear conditions throughout the day.,clear-day,"62414099999,HESN"
"Ø£Ø³ÙØ§Ù, ÙØµØ±",2022-04-10,41,24,32.5,37.7,24,30.6,0.1,13.3,0,0,0,,0,0,27.7,20.5,12.6,1007.2,1.8,10,322,27.8,10,10,2022-04-10T05:31:48,2022-04-10T18:08:04,0.29,Clear,Clear conditions throughout the day.,clear-day,"62414099999,HESN"
"Ø£Ø³ÙØ§Ù, ÙØµØ±",2022-04-11,42.1,25.8,32.8,38.4,25.8,30.8,-1.3,11.7,0,0,0,,0,0,62.6,36,3.5,1007.2,1.3,13.3,311.1,26.9,10,10,2022-04-11T05:30:52,2022-04-11T18:08:28,0.33,Clear,Clear conditions throughout the day.,clear-day,"62414099999,HESN,remote"
"Ø£Ø³ÙØ§Ù, ÙØµØ±",2022-04-12,37,24,29.5,34.2,24,28.2,-1.4,13.9,0,0,0,,0,0,58.7,24.8,9.7,1008.7,36,10.1,306,26.3,10,10,2022-04-12T05:29:56,2022-04-12T18:08:53,0.36,Partially cloudy,Becoming cloudy in the afternoon.,partly-cloudy-day,"62414099999,HESN,remote"
"Ø£Ø³ÙØ§Ù, ÙØµØ±",2022-04-13,34.2,17,26.2,31.6,17,25.2,-2,17.5,0,0,0,,0,0,46.1,20.5,2.6,1008.6,17.3,10,314.7,27.1,10,10,2022-04-13T05:29:00,2022-04-13T18:09:18,0.39,Clear,Clear conditions throughout the day.,clear-day,"62414099999,HESN"
"Ø£Ø³ÙØ§Ù, ÙØµØ±",2022-04-14,38,17.9,26.7,34.8,17.9,25.6,-4,15.5,0,0,0,,0,0,42.8,20.5,2.4,1008.5,28.8,11.8,313.7,27.1,10,10,2022-04-14T05:28:05,2022-04-14T18:09:44,0.42,Partially cloudy,Clearing in the afternoon.,partly-cloudy-day,"62414099999,HESN,remote"
"Ø£Ø³ÙØ§Ù, ÙØµØ±",2022-04-15,37,19.7,28.4,33.9,19.7,27,-7.2,10.4,0,0,0,,0,0,46.4,16.2,8.9,1009,0,10.6,323.7,27.9,10,10,2022-04-15T05:27:10,2022-04-15T18:10:09,0.46,Clear,Clear conditions throughout the day.,clear-day,"62414099999,HESN,remote"
"Ø£Ø³ÙØ§Ù, ÙØµØ±",2022-04-16,39,21.8,30.5,36.4,21.8,28.9,-4.8,10.6,0,0,0,,0,0,26.3,14.8,5.5,1008.8,0,9.5,317.6,27.5,10,10,2022-04-16T05:26:16,2022-04-16T18:10:35,0.5,Clear,Clear conditions throughout the day.,clear-day,"62414099999,HESN"
"Ø£Ø³ÙØ§Ù, ÙØµØ±",2022-04-17,42,23.9,33.1,38.2,23.9,31,-3.1,10.2,0,0,0,,0,0,26.3,20.5,282.9,1007.4,29.9,9.7,297.5,25.7,10,10,2022-04-17T05:25:23,2022-04-17T18:11:00,0.52,Partially cloudy,Partly cloudy throughout the day.,partly-cloudy-day,"62414099999,HESN,remote"
"Ø£Ø³ÙØ§Ù, ÙØµØ±",2022-04-18,41.2,25,33.2,37.4,25,31,-2.9,10.4,0,0,0,,0,0,16.9,18.4,145.6,1005.2,44.4,10.3,301.4,26,10,10,2022-04-18T05:24:30,2022-04-18T18:11:26,0.56,Partially cloudy,Partly cloudy throughout the day.,partly-cloudy-day,"62414099999,HESN,remote"
"Ø£Ø³ÙØ§Ù, ÙØµØ±",2022-04-19,34,24.9,29.7,31.7,24.9,28.2,2.9,18.5,0,0,0,,0,0,60.1,38.5,357.6,1007.9,34.9,7.3,248.1,21.5,9,10,2022-04-19T05:23:38,2022-04-19T18:11:52,0.59,Partially cloudy,Partly cloudy throughout the day.,partly-cloudy-day,"62414099999,HESN,remote"
"Ø£Ø³ÙØ§Ù, ÙØµØ±",2022-04-20,33,21,27,30.6,21,26.1,-1.4,16.6,0,0,0,,0,0,59,27.7,360,1011.2,0.4,8.8,320.9,27.7,10,10,2022-04-20T05:22:46,2022-04-20T18:12:18,0.63,Clear,Clear conditions throughout the day.,clear-day,"62414099999,HESN"
"Ø£Ø³ÙØ§Ù, ÙØµØ±",2022-04-21,36,16,25.7,33.2,16,24.7,-3,17,0,0,0,,0,0,46.8,22.3,4.6,1009.2,4.1,10.6,327.8,28.3,10,10,2022-04-21T05:21:55,2022-04-21T18:12:44,0.66,Clear,Clear conditions throughout the day.,clear-day,"62414099999,HESN,remote"
"Ø£Ø³ÙØ§Ù, ÙØµØ±",2022-04-22,37.1,19,28.6,34.1,19,27.2,-4.1,12.3,0,0,0,,0,0,36.7,16.6,1,1007.3,31.4,11.8,320.3,27.7,10,10,2022-04-22T05:21:05,2022-04-22T18:13:11,0.7,Partially cloudy,Partly cloudy throughout the day.,partly-cloudy-day,"62414099999,HESN,remote"
"Ø£Ø³ÙØ§Ù, ÙØµØ±",2022-04-23,37,17.7,28.5,33.9,17.7,27.1,-8.1,10.2,0,0,0,,0,0,31,24.1,327.5,1006.4,0,11.2,329.6,28.6,10,10,2022-04-23T05:20:15,2022-04-23T18:13:38,0.75,Clear,Clear conditions throughout the day.,clear-day,"62414099999,HESN,remote"
"Ø£Ø³ÙØ§Ù, ÙØµØ±",2022-04-24,37,21.7,28.8,34.2,21.7,27.5,-5.8,10.2,0,0,0,,0,0,23.8,15.1,261.7,1006.2,11.7,10.6,320.3,27.7,10,10,2022-04-24T05:19:27,2022-04-24T18:14:05,0.77,Clear,Clear conditions throughout the day.,clear-day,"62414099999,HESN,remote"
"Ø£Ø³ÙØ§Ù, ÙØµØ±",2022-04-25,37.1,23.3,30.4,34,23.3,28.8,-3.3,11.9,0,0,0,,0,0,29.9,18.4,2,1006.1,8.4,12.4,321.7,27.8,10,10,2022-04-25T05:18:39,2022-04-25T18:14:32,0.81,Clear,Clear conditions throughout the day.,clear-day,"62414099999,HESN,remote"
"Ø£Ø³ÙØ§Ù, ÙØµØ±",2022-04-26,39,22.8,31.4,36.3,22.8,29.6,-2.2,12.2,0,0,0,,0,0,38.2,29.5,351.7,1005.7,9.1,9.7,321.9,27.8,10,10,2022-04-26T05:17:51,2022-04-26T18:14:59,0.84,Clear,Clear conditions throughout the day.,clear-day,"62414099999,HESN,remote"
"Ø£Ø³ÙØ§Ù, ÙØµØ±",2022-04-27,39,23,31.6,35.8,23,29.8,1.4,17.5,0,0,0,,0,0,32.8,16.6,18.4,1006,7.1,10.8,321.4,27.8,10,10,2022-04-27T05:17:05,2022-04-27T18:15:26,0.88,Clear,Clear conditions throughout the day.,clear-day,"62414099999,HESN,remote"
"Ø£Ø³ÙØ§Ù, ÙØµØ±",2022-04-28,39,25,32.4,35.8,25,30.4,0,13.2,0,0,0,,0,0,25.9,17.3,3.4,1006.6,0,12.9,320.9,27.8,10,10,2022-04-28T05:16:19,2022-04-28T18:15:54,0.91,Clear,Clear conditions throughout the day.,clear-day,"62414099999,HESN,remote"
"Ø£Ø³ÙØ§Ù, ÙØµØ±",2022-04-29,43,25.7,34.6,38.7,25.7,32,-2.4,9.9,0,0,0,,0,0,18.7,16.6,190.7,1007.7,0,11.2,323.6,28,10,10,2022-04-29T05:15:34,2022-04-29T18:16:22,0.95,Clear,Clear conditions throughout the day.,clear-day,"62414099999,HESN,remote"
"Ø£Ø³ÙØ§Ù, ÙØµØ±",2022-04-30,43.2,29,35.2,41.9,27.4,33,2.4,13.8,0,0,0,,0,0,41,24.1,331.4,1007.9,5.5,11.8,319.4,27.5,10,10,2022-04-30T05:14:50,2022-04-30T18:16:50,0,Clear,Clear conditions throughout the day.,clear-day,"62414099999,HESN,remote"
"Ø£Ø³ÙØ§Ù, ÙØµØ±",2022-05-01,39,25,32.1,35.5,25,30,-2.6,11.9,0,0,0,,0,0,46.1,26.3,5.3,1010.2,0.4,13.5,322.5,27.8,10,10,2022-05-01T05:14:07,2022-05-01T18:17:18,0.02,Clear,Clear conditions throughout the day.,clear-day,"62414099999,HESN,remote"
"Ø£Ø³ÙØ§Ù, ÙØµØ±",2022-05-02,41.2,24,32.7,37.3,24,30.7,-2.1,11.8,0,0,0,,0,0,27.4,13,40.6,1008.2,20.9,10.6,313.6,27,10,10,2022-05-02T05:13:25,2022-05-02T18:17:46,0.05,Partially cloudy,Partly cloudy throughout the day.,partly-cloudy-day,"62414099999,HESN,remote"
"Ø£Ø³ÙØ§Ù, ÙØµØ±",2022-05-03,44,26,34.9,44,26,32.6,0.8,12,0,0,0,,0,0,42.5,24.1,123,1006.9,1.5,11.2,322.1,27.8,10,10,2022-05-03T05:12:44,2022-05-03T18:18:15,0.08,Clear,Clear conditions throughout the day.,clear-day,"62414099999,HESN,remote"
"Ø£Ø³ÙØ§Ù, ÙØµØ±",2022-05-04,39,27,32,36.5,26.2,30.2,5.3,18.9,0,0,0,,0,0,49,30.2,2.9,1010.4,1.1,9.8,318.5,27.3,10,10,2022-05-04T05:12:04,2022-05-04T18:18:43,0.12,Clear,Clear conditions throughout the day.,clear-day,"62414099999,HESN,remote"
"Ø£Ø³ÙØ§Ù, ÙØµØ±",2022-05-05,33.9,23.2,28.3,31.3,23.2,27.1,1.3,19.2,0,0,0,,0,0,51.5,31.7,356.3,1012.4,1.6,13,326.1,28.2,10,10,2022-05-05T05:11:24,2022-05-05T18:19:12,0.15,Clear,Clear conditions throughout the day.,clear-day,"62414099999,HESN,remote"
"Ø£Ø³ÙØ§Ù, ÙØµØ±",2022-05-06,33,19.8,26.8,30.7,19.8,25.8,-3.2,16.9,0,0,0,,0,0,53.3,27,359.1,1011.9,0.1,12.4,333.9,29,10,10,2022-05-06T05:10:46,2022-05-06T18:19:41,0.18,Clear,Clear conditions throughout the day.,clear-day,"62414099999,HESN,remote"
"Ø£Ø³ÙØ§Ù, ÙØµØ±",2022-05-07,36,19,27.1,33.2,19,25.9,-2.3,16.5,0,0,0,,0,0,46.1,23.4,12.4,1011.5,4.1,13.5,332.2,28.6,10,10,2022-05-07T05:10:08,2022-05-07T18:20:10,0.21,Clear,Clear conditions throughout the day.,clear-day,"62414099999,HESN,remote"
"Ø£Ø³ÙØ§Ù, ÙØµØ±",2022-05-08,38,21,30.5,35.1,21,28.9,-2.2,12.9,0,0,0,,0,0,28.1,18,13.9,1011.2,4.4,11.2,323.8,28.1,10,10,2022-05-08T05:09:32,2022-05-08T18:20:39,0.25,Clear,Clear conditions throughout the day.,clear-day,"62414099999,HESN,remote"
"Ø£Ø³ÙØ§Ù, ÙØµØ±",2022-05-09,41,24,33.2,37.4,24,31,-1.8,11.1,0,0,0,,0,0,46.4,19.8,16.9,1010.6,65.9,12.9,313.6,27,10,10,2022-05-09T05:08:57,2022-05-09T18:21:08,0.25,Partially cloudy,Partly cloudy throughout the day.,partly-cloudy-day,"62414099999,HESN,remote"
"Ø£Ø³ÙØ§Ù, ÙØµØ±",2022-05-10,39.2,26,32.8,36,26,30.6,-0.5,12.2,0,0,0,,0,0,55.8,33.5,9.2,1011.3,51,10.8,323.8,28,10,10,2022-05-10T05:08:22,2022-05-10T18:21:37,0.31,Partially cloudy,Becoming cloudy in the afternoon.,partly-cloudy-day,"62414099999,HESN,remote"
"Ø£Ø³ÙØ§Ù, ÙØµØ±",2022-05-11,39.1,25.8,32.5,36.1,25.8,30.5,0.8,13.7,0,0,0,,0,0,47.2,24.5,19,1012.7,36.8,11.2,321.7,27.8,10,10,2022-05-11T05:07:49,2022-05-11T18:22:07,0.34,Partially cloudy,Partly cloudy throughout the day.,partly-cloudy-day,"62414099999,HESN,remote"
"Ø£Ø³ÙØ§Ù, ÙØµØ±",2022-05-12,41.4,24,33.4,37.9,24,31.3,1.5,14.2,0,0,0,,0,0,39.6,24.8,19.1,1012,1,12.3,324.1,28,10,10,2022-05-12T05:07:17,2022-05-12T18:22:36,0.38,Clear,Clear conditions throughout the day.,clear-day,"62414099999,HESN,remote"
"Ø£Ø³ÙØ§Ù, ÙØµØ±",2022-05-13,45.7,26.8,36.3,45.7,25.8,34.4,-0.1,10.8,0,0,0,,0,0,48.6,21.6,53.6,1009.5,0,12.4,326.8,28.3,10,10,2022-05-13T05:06:46,2022-05-13T18:23:06,0.41,Clear,Clear conditions throughout the day.,clear-day,"62414099999,HESN,remote"
"Ø£Ø³ÙØ§Ù, ÙØµØ±",2022-05-14,47,28,37.4,47,26.7,35.5,-0.1,10.2,0,0,0,,0,0,33.1,20.2,11.5,1007.1,1.9,12,328.5,28.3,10,10,2022-05-14T05:06:16,2022-05-14T18:23:35,0.44,Clear,Clear conditions throughout the day.,clear-day,"62414099999,HESN,remote"
"Ø£Ø³ÙØ§Ù, ÙØµØ±",2022-05-15,40.6,29,34.7,38.7,27.9,32.7,7.1,19.1,0,0,0,,0,0,63,36.4,1.7,1009.1,4.8,12.1,323.3,27.9,10,10,2022-05-15T05:05:47,2022-05-15T18:24:05,0.48,Clear,Clear conditions throughout the day.,clear-day,"62414099999,HESN,remote"
"Ø£Ø³ÙØ§Ù, ÙØµØ±",2022-05-16,41,27,33,38.1,26.1,30.9,0.6,13.2,0,0,0,,0,0,62.6,31.7,7.9,1010.5,36.3,10.4,301.3,26,10,10,2022-05-16T05:05:19,2022-05-16T18:24:34,0.5,Partially cloudy,Partly cloudy throughout the day.,partly-cloudy-day,"62414099999,HESN,remote"
"Ø£Ø³ÙØ§Ù, ÙØµØ±",2022-05-17,42,25,32.9,38.5,25,30.9,0.1,12.9,0,0,0,,0,0,49,22.3,10.1,1009.5,45.1,10.6,323,27.7,10,10,2022-05-17T05:04:53,2022-05-17T18:25:04,0.54,Partially cloudy,Partly cloudy throughout the day.,partly-cloudy-day,"62414099999,HESN,remote"
"Ø£Ø³ÙØ§Ù, ÙØµØ±",2022-05-18,42,26,33.7,38.5,25.9,31.5,-0.7,11.7,0,0,0,,0,0,49.7,24.1,9.7,1008.2,5.5,11.2,328,28.3,10,10,2022-05-18T05:04:27,2022-05-18T18:25:33,0.58,Clear,Clear conditions throughout the day.,clear-day,"62414099999,HESN,remote"
"Ø£Ø³ÙØ§Ù, ÙØµØ±",2022-05-19,41.8,27,34.5,38.1,25.9,31.9,-3.3,9.2,0,0,0,,0,0,45.7,18.4,4.6,1008.6,3,10.6,330.8,28.5,10,10,2022-05-19T05:04:03,2022-05-19T18:26:03,0.61,Clear,Clear conditions throughout the day.,clear-day,"62414099999,HESN,remote"
"Ø£Ø³ÙØ§Ù, ÙØµØ±",2022-05-20,42,25,33.8,37.9,25,31.3,-4.9,8.4,0,0,0,,0,0,50.8,27.7,5.3,1008.5,2.3,13.5,333.3,28.7,10,10,2022-05-20T05:03:39,2022-05-20T18:26:32,0.65,Clear,Clear conditions throughout the day.,clear-day,"62414099999,HESN,remote"
"Ø£Ø³ÙØ§Ù, ÙØµØ±",2022-05-21,41,24.2,31.8,38.7,24.2,30.1,3.4,17,0,0,0,,0,0,51.8,31.7,359.1,1008.9,0.4,11.7,326.6,28,10,10,2022-05-21T05:03:17,2022-05-21T18:27:01,0.68,Clear,Clear conditions throughout the day.,clear-day,"62414099999,HESN,remote"
"Ø£Ø³ÙØ§Ù, ÙØµØ±",2022-05-22,36,23,28.9,33.2,23,27.6,-0.9,15.1,0,0,0,,0,0,51.5,30.2,347.8,1010.9,3,9.1,330,28.3,10,10,2022-05-22T05:02:57,2022-05-22T18:27:30,0.75,Clear,Clear conditions throughout the day.,clear-day,"62414099999,HESN,remote"
"Ø£Ø³ÙØ§Ù, ÙØµØ±",2022-05-23,36,21.8,28.6,33.3,21.8,27.3,0.9,17.5,0,0,0,,0,0,46.4,24.1,354.3,1010.5,0,12.9,338.5,29.3,10,10,2022-05-23T05:02:37,2022-05-23T18:27:59,0.75,Clear,Clear conditions throughout the day.,clear-day,"62414099999,HESN,remote"
"Ø£Ø³ÙØ§Ù, ÙØµØ±",2022-05-24,37,22,29.6,34,22,28.1,0.6,16.4,0,0,0,,0,0,46.1,20.2,2.4,1009.9,0,11.2,338.7,29.3,10,10,2022-05-24T05:02:18,2022-05-24T18:28:28,0.79,Clear,Clear conditions throughout the day.,clear-day,"62414099999,HESN,remote"
"Ø£Ø³ÙØ§Ù, ÙØµØ±",2022-05-25,39,22.6,30.9,35.8,22.6,29.2,0.6,15.5,0,0,0,,0,0,39.6,22.3,1.8,1010.4,0,10.6,337.7,29.2,10,10,2022-05-25T05:02:01,2022-05-25T18:28:57,0.82,Clear,Clear conditions throughout the day.,clear-day,"62414099999,HESN,remote"
"Ø£Ø³ÙØ§Ù, ÙØµØ±",2022-05-26,40,24,31.7,36.6,24,29.9,-1,12.9,0,0,0,,0,0,42.1,22.3,340.6,1010,0.3,10.6,336.9,29.1,10,10,2022-05-26T05:01:45,2022-05-26T18:29:25,0.86,Clear,Clear conditions throughout the day.,clear-day,"62414099999,HESN,remote"
"Ø£Ø³ÙØ§Ù, ÙØµØ±",2022-05-27,39,24.9,31.9,36.5,24.9,30.1,3.7,17.8,0,0,0,,0,0,37.4,22.3,325.6,1008.1,0,11.2,336.1,29.1,10,10,2022-05-27T05:01:30,2022-05-27T18:29:53,0.89,Clear,Clear conditions throughout the day.,clear-day,"62414099999,HESN,remote"
"Ø£Ø³ÙØ§Ù, ÙØµØ±",2022-05-28,39,26,32.9,36.4,26,31,4.3,17.2,0,0,0,,0,0,27.4,14.8,297.4,1007.1,0,12.4,333.9,29,10,10,2022-05-28T05:01:16,2022-05-28T18:30:21,0.93,Clear,Clear conditions throughout the day.,clear-day,"62414099999,HESN,remote"
"Ø£Ø³ÙØ§Ù, ÙØµØ±",2022-05-29,41.2,26.9,33.9,38.1,26.1,31.7,2.3,14.3,0,0,0,,0,0,24.1,16.6,359.5,1007.7,0,15.9,335,29,10,10,2022-05-29T05:01:04,2022-05-29T18:30:49,0.96,Clear,Clear conditions throughout the day.,clear-day,"62414099999,HESN,remote"
"Ø£Ø³ÙØ§Ù, ÙØµØ±",2022-05-30,43,26.2,35,39.3,26,32.6,1.1,12.5,0,0,0,,0,0,27.4,18.4,5.8,1008,0,10.6,335.9,29,10,10,2022-05-30T05:00:52,2022-05-30T18:31:16,0,Clear,Clear conditions throughout the day.,clear-day,"62414099999,HESN,remote"
"Ø£Ø³ÙØ§Ù, ÙØµØ±",2022-05-31,42.1,27,35.1,39.6,26,32.5,-2.6,9.7,0,0,0,,0,0,46.4,20.5,11.9,1007.2,1.2,10.6,338.8,29.3,10,10,2022-05-31T05:00:42,2022-05-31T18:31:43,0.03,Clear,Clear conditions throughout the day.,clear-day,"62414099999,HESN,remote"
"Ø£Ø³ÙØ§Ù, ÙØµØ±",2022-06-01,42,28.9,35.3,38.6,27.4,32.8,3.3,14.4,0,0,0,,0,0,54.4,29.9,352.8,1006.2,54.2,12.9,326.5,28.4,10,10,2022-06-01T05:00:33,2022-06-01T18:32:10,0.06,Partially cloudy,Partly cloudy throughout the day.,partly-cloudy-day,"62414099999,HESN,remote"
"Ø£Ø³ÙØ§Ù, ÙØµØ±",2022-06-02,37.7,25,31.8,34.9,25,30,3,16.9,0,0,0,,0,0,48.2,23.8,353,1007.2,32.2,17.1,326.1,28,10,10,2022-06-02T05:00:25,2022-06-02T18:32:36,0.1,Partially cloudy,Becoming cloudy in the afternoon.,partly-cloudy-day,"62414099999,HESN,remote"
"Ø£Ø³ÙØ§Ù, ÙØµØ±",2022-06-03,39,27.1,33.3,36.4,26.2,31.1,3.2,15.7,0,0,0,,0,0,42.8,25.6,353.7,1008.1,85.2,19.4,307.2,26.5,9,10,2022-06-03T05:00:19,2022-06-03T18:33:02,0.13,Partially cloudy,Partly cloudy throughout the day.,partly-cloudy-day,"62414099999,HESN,remote"
"Ø£Ø³ÙØ§Ù, ÙØµØ±",2022-06-04,41.7,26.9,34.7,38.7,26.1,32.4,3.7,15.1,0,0,0,,0,0,44.3,30.2,1.6,1007.8,64,14.7,319.3,27.7,10,10,2022-06-04T05:00:13,2022-06-04T18:33:27,0.16,Partially cloudy,Partly cloudy throughout the day.,partly-cloudy-day,"62414099999,HESN,remote"
"Ø£Ø³ÙØ§Ù, ÙØµØ±",2022-06-05,42.1,27.9,34.8,39.1,26.6,32.4,2.6,13.7,0,0,0,,0,0,51.5,28.4,8.1,1007.7,28.1,11.2,324.8,28,10,10,2022-06-05T05:00:09,2022-06-05T18:33:52,0.2,Partially cloudy,Becoming cloudy in the afternoon.,partly-cloudy-day,"62414099999,HESN,remote"
"Ø£Ø³ÙØ§Ù, ÙØµØ±",2022-06-06,41.9,24.6,34.9,38.8,24.6,32.7,4.7,15.9,0,0,0,,0,0,43.6,16.6,6.3,1007.6,2.4,10,327.1,28.3,10,10,2022-06-06T05:00:06,2022-06-06T18:34:16,0.23,Clear,Clear conditions throughout the day.,clear-day,"62414099999,HESN"
"Ø£Ø³ÙØ§Ù, ÙØµØ±",2022-06-07,41,28,34.6,38.4,27,32.6,7.1,18.9,0,0,0,,0,0,41.4,18,1.7,1006.6,1.7,10.6,326.8,28.2,10,10,2022-06-07T05:00:04,2022-06-07T18:34:40,0.25,Clear,Clear conditions throughout the day.,clear-day,"62414099999,HESN,remote"
"Ø£Ø³ÙØ§Ù, ÙØµØ±",2022-06-08,42.2,27.9,35,39.6,26.8,32.8,5.6,16.9,0,0,0,,0,0,47.9,25.9,349.4,1007,0,15.9,324.7,28.1,10,10,2022-06-08T05:00:03,2022-06-08T18:35:03,0.3,Clear,Clear conditions throughout the day.,clear-day,"62414099999,HESN,remote"
"Ø£Ø³ÙØ§Ù, ÙØµØ±",2022-06-09,41.7,27.9,35.1,39,26.7,32.8,4.9,15.8,0,0,0,,0,0,39.2,20.9,5.7,1007.4,0,11.8,326.2,28.2,10,10,2022-06-09T05:00:03,2022-06-09T18:35:26,0.33,Clear,Clear conditions throughout the day.,clear-day,"62414099999,HESN,remote"
"Ø£Ø³ÙØ§Ù, ÙØµØ±",2022-06-10,43.8,28,36.6,43.8,26.8,34.3,4.1,14,0,0,0,,0,0,35.3,22.3,7.6,1007.5,0.6,10,328.1,28.4,10,10,2022-06-10T05:00:04,2022-06-10T18:35:48,0.36,Clear,Clear conditions throughout the day.,clear-day,"62414099999,HESN"
"Ø£Ø³ÙØ§Ù, ÙØµØ±",2022-06-11,44.2,29.8,37.2,44.2,28,34.8,2.1,11.7,0,0,0,,0,0,33.1,27.7,1.3,1006.8,0.2,12.9,330,28.6,10,10,2022-06-11T05:00:07,2022-06-11T18:36:09,0.4,Clear,Clear conditions throughout the day.,clear-day,"62414099999,HESN,remote"
"Ø£Ø³ÙØ§Ù, ÙØµØ±",2022-06-12,46,30,38.1,46,28.1,36.2,3.1,12,0,0,0,,0,0,53.6,20.5,3.3,1005.3,0,10.6,334.7,28.8,10,10,2022-06-12T05:00:10,2022-06-12T18:36:29,0.43,Clear,Clear conditions throughout the day.,clear-day,"62414099999,HESN,remote"
"Ø£Ø³ÙØ§Ù, ÙØµØ±",2022-06-13,43,29.9,36.2,40.5,28.4,34.3,8.3,19,0,0,0,,0,0,49.3,28.1,356.1,1006.7,1.7,10.6,327.4,28.3,10,10,2022-06-13T05:00:15,2022-06-13T18:36:49,0.46,Clear,Clear conditions throughout the day.,clear-day,"62414099999,HESN,remote"
"Ø£Ø³ÙØ§Ù, ÙØµØ±",2022-06-14,40,23,33.9,38.4,23,32.2,8.2,21.9,0,0,0,,0,0,42.5,18.4,347.5,1008.3,0.5,10,328.3,28.5,10,10,2022-06-14T05:00:20,2022-06-14T18:37:09,0.5,Clear,Clear conditions throughout the day.,clear-day,"62414099999,HESN"
"Ø£Ø³ÙØ§Ù, ÙØµØ±",2022-06-15,39,25.7,33,37.1,25.7,31.4,6.8,20,0,0,0,,0,0,42.8,25.9,0.6,1008.6,5.6,10,330.6,28.6,10,10,2022-06-15T05:00:27,2022-06-15T18:37:27,0.53,Clear,Clear conditions throughout the day.,clear-day,"62414099999,HESN"
"Ø£Ø³ÙØ§Ù, ÙØµØ±",2022-06-16,40.2,26.2,33.6,37.9,26.2,31.8,6.5,19.7,0,0,0,,0,0,42.8,24.5,328.5,1006.7,0.3,12.9,331.5,28.6,10,10,2022-06-16T05:00:35,2022-06-16T18:37:44,0.57,Clear,Clear conditions throughout the day.,clear-day,"62414099999,HESN,remote"
"Ø£Ø³ÙØ§Ù, ÙØµØ±",2022-06-17,40,26,33.7,38.4,26,32.2,9,23.1,0,0,0,,0,0,46.1,23.8,345.6,1005.7,0,12.4,330.3,28.6,10,10,2022-06-17T05:00:43,2022-06-17T18:38:01,0.6,Clear,Clear conditions throughout the day.,clear-day,"62414099999,HESN,remote"
"Ø£Ø³ÙØ§Ù, ÙØµØ±",2022-06-18,41,26,34.1,39.4,26,32.6,9.1,22.8,0,0,0,,0,0,43.6,25.9,341.9,1005.1,2,10.6,326.6,28.2,10,10,2022-06-18T05:00:53,2022-06-18T18:38:17,0.63,Clear,Clear conditions throughout the day.,clear-day,"62414099999,HESN,remote"
"Ø£Ø³ÙØ§Ù, ÙØµØ±",2022-06-19,41,25,34.2,39.8,25,32.8,9.3,22.9,0,0,0,,0,0,43.9,22.3,344,1006.5,8.7,12.4,324.2,28,10,10,2022-06-19T05:01:03,2022-06-19T18:38:32,0.67,Clear,Clear conditions throughout the day.,clear-day,"62414099999,HESN,remote"
"Ø£Ø³ÙØ§Ù, ÙØµØ±",2022-06-20,42,26,34.2,39.4,26,32.1,3.7,15.4,0,0,0,,0,0,47.9,32,358.8,1007.6,18.6,11.2,325.9,28,10,10,2022-06-20T05:01:15,2022-06-20T18:38:46,0.7,Clear,Clear conditions throughout the day.,clear-day,"62414099999,HESN,remote"
"Ø£Ø³ÙØ§Ù, ÙØµØ±",2022-06-21,40,26,33.7,37.2,26,31.6,4.2,16.9,0,0,0,,0,0,54.7,37.1,357.3,1006.1,1.1,7.8,327.2,28.3,10,10,2022-06-21T05:01:27,2022-06-21T18:39:00,0.75,Clear,Clear conditions throughout the day.,clear-day,"62414099999,HESN,remote"
"Ø£Ø³ÙØ§Ù, ÙØµØ±",2022-06-22,39,27,32.8,36.1,26.4,30.9,6,19.9,0,0,0,,0,0,49,29.5,345.4,1005.5,0.2,11.8,329.5,28.6,10,10,2022-06-22T05:01:40,2022-06-22T18:39:12,0.77,Clear,Clear conditions throughout the day.,clear-day,"62414099999,HESN,remote"
"Ø£Ø³ÙØ§Ù, ÙØµØ±",2022-06-23,40.1,26,33,38.4,26,31.7,8.8,23.5,0,0,0,,0,0,46.1,27.7,349.9,1005.5,0.6,11.2,332.8,28.7,10,10,2022-06-23T05:01:55,2022-06-23T18:39:23,0.81,Clear,Clear conditions throughout the day.,clear-day,"62414099999,HESN,remote"
"Ø£Ø³ÙØ§Ù, ÙØµØ±",2022-06-24,42,26,34.5,38.6,26,32.4,5.2,17.9,0,0,0,,0,0,21.2,25.9,351.8,1005,0,11.8,335.3,28.9,10,10,2022-06-24T05:02:10,2022-06-24T18:39:34,0.84,Clear,Clear conditions throughout the day.,clear-day,"62414099999,HESN,remote"
"Ø£Ø³ÙØ§Ù, ÙØµØ±",2022-06-25,44,28,36,44,26.8,33.8,4.8,15.5,0,0,0,,0,0,46.1,17.3,357,1005.3,0,10.6,330.9,28.7,10,10,2022-06-25T05:02:25,2022-06-25T18:39:43,0.87,Clear,Clear conditions throughout the day.,clear-day,"62414099999,HESN,remote"
"Ø£Ø³ÙØ§Ù, ÙØµØ±",2022-06-26,43,28,35.3,41.5,27,33.3,6.2,17.8,0,0,0,,0,0,49.3,25.9,351.3,1006.8,0,12.9,328.1,28.4,10,10,2022-06-26T05:02:42,2022-06-26T18:39:51,0.91,Clear,Clear conditions throughout the day.,clear-day,"62414099999,HESN,remote"
"Ø£Ø³ÙØ§Ù, ÙØµØ±",2022-06-27,42,26,34.4,38.8,26,32.4,5,17.5,0,0,0,,0,0,46.4,24.1,2.1,1007.1,0.1,10,336.1,29.3,10,10,2022-06-27T05:02:59,2022-06-27T18:39:59,0.94,Clear,Clear conditions throughout the day.,clear-day,"62414099999,HESN"
"Ø£Ø³ÙØ§Ù, ÙØµØ±",2022-06-28,41,27.9,34.8,38.4,26.9,32.8,7,18.5,0,0,0,,0,0,49.3,23.8,354.7,1006.8,4.3,11.8,328.2,28.4,10,10,2022-06-28T05:03:17,2022-06-28T18:40:05,0.98,Clear,Clear conditions throughout the day.,clear-day,"62414099999,HESN,remote"
"Ø£Ø³ÙØ§Ù, ÙØµØ±",2022-06-29,41,27.8,34.1,38.4,26.9,32.2,7.1,19.7,0,0,0,,0,0,39.6,22.3,332.3,1007.4,0,11.8,325.6,28.2,10,10,2022-06-29T05:03:36,2022-06-29T18:40:10,0,Clear,Clear conditions throughout the day.,clear-day,"62414099999,HESN,remote"
"Ø£Ø³ÙØ§Ù, ÙØµØ±",2022-06-30,41,27,34.1,38.3,26.4,32.2,7.1,19.8,0,0,0,,0,0,33.8,25.9,335.8,1006.9,0,10,325.9,28.1,10,10,2022-06-30T05:03:55,2022-06-30T18:40:14,0.04,Clear,Clear conditions throughout the day.,clear-day,"62414099999,HESN"
"Ø£Ø³ÙØ§Ù, ÙØµØ±",2022-07-01,40.1,27,34.5,38.4,26.5,32.9,8.8,21.5,0,0,0,,0,0,34.6,27.7,304.3,1007,0,10.6,324.5,27.9,10,10,2022-07-01T05:04:15,2022-07-01T18:40:17,0.08,Clear,Clear conditions throughout the day.,clear-day,"62414099999,HESN,remote"
"Ø£Ø³ÙØ§Ù, ÙØµØ±",2022-07-02,40,27,34,37.5,26.4,32.1,7,19.8,0,0,0,,0,0,28.1,29.5,301.9,1007,0,12.9,327.8,28.4,10,10,2022-07-02T05:04:36,2022-07-02T18:40:18,0.11,Clear,Clear conditions throughout the day.,clear-day,"62414099999,HESN,remote"
"Ø£Ø³ÙØ§Ù, ÙØµØ±",2022-07-03,41,27,34.2,37.9,26.2,32.1,5.2,17.2,0,0,0,,0,0,35.6,25.9,307.4,1005.7,13.8,12.9,326.3,28.3,10,10,2022-07-03T05:04:57,2022-07-03T18:40:19,0.15,Clear,Clear conditions throughout the day.,clear-day,"62414099999,HESN,remote"
"Ø£Ø³ÙØ§Ù, ÙØµØ±",2022-07-04,41,27.7,34.8,38.4,26.7,32.8,6.2,17.7,0,0,0,,0,0,25.6,27.7,291.8,1006.2,17.2,10.6,325.4,28.2,10,10,2022-07-04T05:05:19,2022-07-04T18:40:18,0.18,Clear,Clear conditions throughout the day.,clear-day,"62414099999,HESN,remote"
"Ø£Ø³ÙØ§Ù, ÙØµØ±",2022-07-05,41.2,29,35.8,38.4,27.5,33.4,4.6,14.9,0,0,0,,0,0,36.7,31.7,302.4,1006.6,2.9,11.2,327.6,28.3,10,10,2022-07-05T05:05:41,2022-07-05T18:40:17,0.21,Clear,Clear conditions throughout the day.,clear-day,"62414099999,HESN,remote"
"Ø£Ø³ÙØ§Ù, ÙØµØ±",2022-07-06,42,29.2,36.3,39.4,27.7,34,5.6,15.6,0,0,0,,0,0,38.5,24.1,315.6,1005.1,32.5,11.2,324.4,28.1,10,10,2022-07-06T05:06:04,2022-07-06T18:40:14,0.25,Partially cloudy,Clearing in the afternoon.,partly-cloudy-day,"62414099999,HESN,remote"
"Ø£Ø³ÙØ§Ù, ÙØµØ±",2022-07-07,40.2,28,34.7,37.4,27,32.5,5.5,17,0,0,0,,0,0,32,18,5.4,1005.5,39.8,15.3,328,28.4,10,10,2022-07-07T05:06:27,2022-07-07T18:40:10,0.25,Partially cloudy,Partly cloudy throughout the day.,partly-cloudy-day,"62414099999,HESN,remote"
"Ø£Ø³ÙØ§Ù, ÙØµØ±",2022-07-08,41,27.8,34.3,37.9,26.6,32,3.2,15,0,0,0,,0,0,43.9,24.1,329.4,1006.3,61.2,10.6,331.6,28.7,10,10,2022-07-08T05:06:51,2022-07-08T18:40:04,0.32,Partially cloudy,Partly cloudy throughout the day.,partly-cloudy-day,"62414099999,HESN,remote"
"Ø£Ø³ÙØ§Ù, ÙØµØ±",2022-07-09,40,27,33.4,37.9,27,31.7,7.7,21.9,0,0,0,,0,0,29.9,24.1,312.6,1005.3,73.5,14.7,309.2,26.7,9,10,2022-07-09T05:07:15,2022-07-09T18:39:58,0.35,Partially cloudy,Partly cloudy throughout the day.,partly-cloudy-day,"62414099999,HESN,remote"
"Ø£Ø³ÙØ§Ù, ÙØµØ±",2022-07-10,40,27,34,38.7,26.4,32.2,7.2,19.6,0,0,0,,0,0,40,18.7,306.4,1003.1,23.8,11.8,325.8,28.3,10,10,2022-07-10T05:07:40,2022-07-10T18:39:50,0.39,Partially cloudy,Partly cloudy throughout the day.,partly-cloudy-day,"62414099999,HESN,remote"
"Ø£Ø³ÙØ§Ù, ÙØµØ±",2022-07-11,42,28,35.5,39.2,27,33.5,7,18,0,0,0,,0,0,48.6,20.5,2.5,1004.8,39.1,10.6,314.2,27.1,10,10,2022-07-11T05:08:04,2022-07-11T18:39:41,0.42,Partially cloudy,Partly cloudy throughout the day.,partly-cloudy-day,"62414099999,HESN,remote"
"Ø£Ø³ÙØ§Ù, ÙØµØ±",2022-07-12,41,28.8,34.3,39.4,27.6,32.7,9.3,23,0,0,0,,0,0,41.8,24.1,345.7,1007.8,33.2,10.6,306.8,26.4,10,10,2022-07-12T05:08:30,2022-07-12T18:39:31,0.45,Partially cloudy,Becoming cloudy in the afternoon.,partly-cloudy-day,"62414099999,HESN,remote"
"Ø£Ø³ÙØ§Ù, ÙØµØ±",2022-07-13,40,28,34,38.4,27,32.6,9.7,23.1,0,0,0,,0,0,44.6,16.6,295.9,1006.2,25.3,10,322.1,27.8,10,10,2022-07-13T05:08:55,2022-07-13T18:39:20,0.5,Partially cloudy,Partly cloudy throughout the day.,partly-cloudy-day,"62414099999,HESN"
"Ø£Ø³ÙØ§Ù, ÙØµØ±",2022-07-14,41,27.2,33.9,39.2,26.5,32.2,7.5,20.4,0,0,0,,0,0,43.9,29.5,340,1005.2,33.7,10,321.6,27.8,10,10,2022-07-14T05:09:21,2022-07-14T18:39:07,0.52,Partially cloudy,Partly cloudy throughout the day.,partly-cloudy-day,"62414099999,HESN"
"Ø£Ø³ÙØ§Ù, ÙØµØ±",2022-07-15,40,25,32.9,37.4,25,31,4.7,18.7,0,0,0,,0,0,40.3,25.9,337.3,1005.7,17.7,10.6,325,28.1,10,10,2022-07-15T05:09:47,2022-07-15T18:38:53,0.55,Clear,Clear conditions throughout the day.,clear-day,"62414099999,HESN,remote"
"Ø£Ø³ÙØ§Ù, ÙØµØ±",2022-07-16,39.2,26,33.3,36.5,26,31.4,6.4,19.8,0,0,0,,0,0,41,25.9,331.7,1006.8,19.2,10,323.5,28,10,10,2022-07-16T05:10:13,2022-07-16T18:38:38,0.59,Clear,Clear conditions throughout the day.,clear-day,"62414099999,HESN"
"Ø£Ø³ÙØ§Ù, ÙØµØ±",2022-07-17,40,28,33.7,36.9,26.9,31.6,5.2,18.2,0,0,0,,0,0,40.7,24.1,335.2,1005.7,30,10,323.9,27.9,10,10,2022-07-17T05:10:40,2022-07-17T18:38:22,0.62,Partially cloudy,Clearing in the afternoon.,partly-cloudy-day,"62414099999,HESN"
"Ø£Ø³ÙØ§Ù, ÙØµØ±",2022-07-18,40,27.2,33.9,37.2,26.3,31.8,5.3,17.3,0,0,0,,0,0,34.9,22.3,310.8,1004.1,7.5,11.2,326.5,28.1,10,10,2022-07-18T05:11:06,2022-07-18T18:38:04,0.65,Clear,Clear conditions throughout the day.,clear-day,"62414099999,HESN,remote"
"Ø£Ø³ÙØ§Ù, ÙØµØ±",2022-07-19,42,28,35.6,38.5,27,33.2,3.6,14.5,0,0,0,,0,0,23.4,18.4,321.5,1004.6,1.9,11.2,323.8,27.9,10,10,2022-07-19T05:11:33,2022-07-19T18:37:46,0.69,Clear,Clear conditions throughout the day.,clear-day,"62414099999,HESN,remote"
"Ø£Ø³ÙØ§Ù, ÙØµØ±",2022-07-20,42.6,29,35.5,39.6,27.5,33.3,5.8,16.5,0,0,0,,0,0,43.6,24.1,343.6,1005.8,2.3,11.2,323.5,27.8,10,10,2022-07-20T05:12:00,2022-07-20T18:37:26,0.75,Clear,Clear conditions throughout the day.,clear-day,"62414099999,HESN,remote"
"Ø£Ø³ÙØ§Ù, ÙØµØ±",2022-07-21,42,29,35.2,39.6,27.7,33.1,6.5,17.9,0,0,0,,0,0,45,22.3,342.4,1005.5,12.5,9.7,321.5,27.7,10,10,2022-07-21T05:12:27,2022-07-21T18:37:04,0.76,Clear,Clear conditions throughout the day.,clear-day,"62414099999,HESN"
"Ø£Ø³ÙØ§Ù, ÙØµØ±",2022-07-22,39.7,27.8,34,37.4,26.6,32,5.1,17.1,0,0,0,,0,0,42.5,24.1,353.2,1006.2,18.2,10,320.7,27.8,10,10,2022-07-22T05:12:54,2022-07-22T18:36:42,0.79,Clear,Clear conditions throughout the day.,clear-day,"62414099999,HESN"
"Ø£Ø³ÙØ§Ù, ÙØµØ±",2022-07-23,41,27.2,34.4,38.9,26.5,32.5,6.4,18.4,0,0,0,,0,0,43.9,24.1,349.3,1005.5,15.5,10,319.3,27.6,10,10,2022-07-23T05:13:21,2022-07-23T18:36:18,0.82,Clear,Clear conditions throughout the day.,clear-day,"62414099999,HESN"
"Ø£Ø³ÙØ§Ù, ÙØµØ±",2022-07-24,43,27.8,34.9,39.5,26.8,32.5,3,14.8,0,0,0,,0,0,42.8,24.1,335.4,1003,72.5,10.8,321.7,27.9,10,10,2022-07-24T05:13:49,2022-07-24T18:35:54,0.86,Partially cloudy,Partly cloudy throughout the day.,partly-cloudy-day,"62414099999,HESN,remote"
"Ø£Ø³ÙØ§Ù, ÙØµØ±",2022-07-25,42,26.8,34.2,39.4,26.2,32.2,6,18.3,0,0,0,,0,0,38.9,20.5,334,1002.8,25.6,11.2,326.4,28.1,10,10,2022-07-25T05:14:16,2022-07-25T18:35:28,0.89,Partially cloudy,Partly cloudy throughout the day.,partly-cloudy-day,"62414099999,HESN,remote"
"Ø£Ø³ÙØ§Ù, ÙØµØ±",2022-07-26,42,27.9,35.5,39.8,26.6,33.1,1.3,12.4,0,0,0,,0,0,22.3,16.6,337.7,1002.7,7,10.6,327.3,28.2,10,10,2022-07-26T05:14:43,2022-07-26T18:35:00,0.92,Clear,Clear conditions throughout the day.,clear-day,"62414099999,HESN,remote"
"Ø£Ø³ÙØ§Ù, ÙØµØ±",2022-07-27,42.2,28,35.4,38.6,26.7,32.9,0.8,11.9,0,0,0,,0,0,26.6,20.5,334.7,1002.7,40.3,10,317.5,27.3,10,10,2022-07-27T05:15:10,2022-07-27T18:34:32,0.96,Partially cloudy,Partly cloudy throughout the day.,partly-cloudy-day,"62414099999,HESN"
"Ø£Ø³ÙØ§Ù, ÙØµØ±",2022-07-28,42,28,35.8,39.2,26.7,33.3,2.7,12.9,0,0,0,,0,0,27.7,18.4,332.7,1004.6,33.3,10.6,316.2,27.4,10,10,2022-07-28T05:15:38,2022-07-28T18:34:03,0,Partially cloudy,Becoming cloudy in the afternoon.,partly-cloudy-day,"62414099999,HESN,remote"
"Ø£Ø³ÙØ§Ù, ÙØµØ±",2022-07-29,42,28,35.5,39.2,26.7,33.2,4.6,15.1,0,0,0,,0,0,25.9,18.7,331.2,1006.1,75.4,11.8,274.3,23.9,9,10,2022-07-29T05:16:05,2022-07-29T18:33:32,0.02,Partially cloudy,Partly cloudy throughout the day.,partly-cloudy-day,"62414099999,HESN,remote"
"Ø£Ø³ÙØ§Ù, ÙØµØ±",2022-07-30,42.2,29.8,36,39.1,28.1,33.6,5.6,16.1,0,0,0,,0,0,31,22.3,348.8,1006.2,3.8,10,316.5,27.2,10,10,2022-07-30T05:16:32,2022-07-30T18:33:00,0.06,Clear,Clear conditions throughout the day.,clear-day,"62414099999,HESN"
"Ø£Ø³ÙØ§Ù, ÙØµØ±",2022-07-31,42,29,35.4,39,27.5,33,4.9,15.8,0,0,0,,0,0,32,24.1,343,1004.7,12.9,10.6,321.3,27.7,10,10,2022-07-31T05:16:59,2022-07-31T18:32:27,0.09,Clear,Clear conditions throughout the day.,clear-day,"62414099999,HESN,remote"
"Ø£Ø³ÙØ§Ù, ÙØµØ±",2022-08-01,42,29,35.6,42.7,27.5,33.5,5.7,16.2,0,0,0,,0,0,29.9,22.3,325.3,1003.8,23.1,11.2,320.6,27.9,10,10,2022-08-01T05:17:26,2022-08-01T18:31:53,0.13,Partially cloudy,Clearing in the afternoon.,partly-cloudy-day,"62414099999,HESN,remote"
"Ø£Ø³ÙØ§Ù, ÙØµØ±",2022-08-02,41.1,29.5,35.6,38.5,28,33.4,7,17.7,0,0,0,,0,0,43.2,24.5,334.4,1004.1,52.8,18.8,311.2,26.7,10,10,2022-08-02T05:17:52,2022-08-02T18:31:18,0.16,Partially cloudy,Becoming cloudy in the afternoon.,partly-cloudy-day,"62414099999,HESN,remote"
"Ø£Ø³ÙØ§Ù, ÙØµØ±",2022-08-03,41,28,35.2,39.2,26.8,33.4,7.5,18.4,0,0,0,,0,0,44.3,16.6,0.6,1004.4,16,10,311.6,26.9,10,10,2022-08-03T05:18:19,2022-08-03T18:30:42,0.2,Clear,Clear conditions throughout the day.,clear-day,"62414099999,HESN"
"Ø£Ø³ÙØ§Ù, ÙØµØ±",2022-08-04,43,29.2,36.3,40.5,27.8,34.3,7.7,18,0,0,0,,0,0,45.4,22.3,8.3,1004.5,42,10.6,296.4,25.7,9,10,2022-08-04T05:18:45,2022-08-04T18:30:05,0.23,Partially cloudy,Partly cloudy throughout the day.,partly-cloudy-day,"62414099999,HESN,remote"
"Ø£Ø³ÙØ§Ù, ÙØµØ±",2022-08-05,42,30,36.4,40.1,28.4,34.5,8.3,18.4,0,0,0,,0,0,41.4,21.6,1,1004.9,63.5,11.8,300.5,25.9,10,10,2022-08-05T05:19:12,2022-08-05T18:29:26,0.25,Partially cloudy,Partly cloudy throughout the day.,partly-cloudy-day,"62414099999,HESN,remote"
"Ø£Ø³ÙØ§Ù, ÙØµØ±",2022-08-06,43,30,37.1,42.2,28.3,35.4,8.9,18.3,0,0,0,,0,0,51.1,22.3,354.7,1003.6,46.7,11.2,302.5,26.2,10,10,2022-08-06T05:19:38,2022-08-06T18:28:47,0.3,Partially cloudy,Partly cloudy throughout the day.,partly-cloudy-day,"62414099999,HESN,remote"
"Ø£Ø³ÙØ§Ù, ÙØµØ±",2022-08-07,43.4,31,36.7,43.4,29.2,34.8,8.4,18.2,0,0,0,,0,0,46.1,25.2,351.5,1002.9,30.1,11.8,307.7,26.7,10,10,2022-08-07T05:20:04,2022-08-07T18:28:07,0.34,Partially cloudy,Partly cloudy throughout the day.,partly-cloudy-day,"62414099999,HESN,remote"
"Ø£Ø³ÙØ§Ù, ÙØµØ±",2022-08-08,42,30,36.5,40.5,28.5,34.8,9.6,20,0.1,100,4.17,rain,0,0,43.6,27.4,3.3,1004.9,5.5,12.4,306.3,26.6,10,10,2022-08-08T05:20:30,2022-08-08T18:27:25,0.37,Rain,Clear conditions throughout the day with late afternoon rain.,rain,"62414099999,HESN,remote"
"Ø£Ø³ÙØ§Ù, ÙØµØ±",2022-08-09,43.1,29,37,41.5,27.7,35.3,9,18.6,0,0,0,,0,0,51.8,20.5,356.2,1005.3,9.6,10.6,305.9,26.5,10,10,2022-08-09T05:20:55,2022-08-09T18:26:43,0.41,Clear,Clear conditions throughout the day.,clear-day,"62414099999,HESN"
"Ø£Ø³ÙØ§Ù, ÙØµØ±",2022-08-10,42,30,36.3,40.7,28.7,34.9,10.6,21.5,0,0,0,,0,0,50,27,356,1004.8,33.3,11.8,269.5,23.3,10,10,2022-08-10T05:21:21,2022-08-10T18:26:00,0.44,Partially cloudy,Becoming cloudy in the afternoon.,partly-cloudy-day,"62414099999,HESN,remote"
"Ø£Ø³ÙØ§Ù, ÙØµØ±",2022-08-11,42,31,36.4,40.5,29.4,34.8,9.9,20.5,0,0,0,,0,0,49.7,25.6,1.7,1005.1,26.3,12.4,300.9,26.1,10,10,2022-08-11T05:21:46,2022-08-11T18:25:16,0.48,Partially cloudy,Clearing in the afternoon.,partly-cloudy-day,"62414099999,HESN,remote"
"Ø£Ø³ÙØ§Ù, ÙØµØ±",2022-08-12,41.2,30,35.8,38.8,28.5,33.8,7.8,18.6,0,0,0,,0,0,46.1,28.8,353.5,1005.6,48.5,13.5,306.2,26.6,10,10,2022-08-12T05:22:11,2022-08-12T18:24:31,0.5,Partially cloudy,Clearing in the afternoon.,partly-cloudy-day,"62414099999,HESN,remote"
"Ø£Ø³ÙØ§Ù, ÙØµØ±",2022-08-13,41,29,34.6,39.4,27.7,32.7,7.8,19.7,0,0,0,,0,0,42.1,24.5,352.1,1005.5,41.8,12.4,308.4,26.9,10,10,2022-08-13T05:22:36,2022-08-13T18:23:45,0.54,Partially cloudy,Partly cloudy throughout the day.,partly-cloudy-day,"62414099999,HESN,remote"
"Ø£Ø³ÙØ§Ù, ÙØµØ±",2022-08-14,40,27.9,34,37.2,27.1,32,6.6,19.6,0,0,0,,0,0,42.5,27.4,347.3,1004.6,50.5,11.1,307.4,26.8,10,10,2022-08-14T05:23:01,2022-08-14T18:22:58,0.58,Partially cloudy,Partly cloudy throughout the day.,partly-cloudy-day,"62414099999,HESN,remote"
"Ø£Ø³ÙØ§Ù, ÙØµØ±",2022-08-15,40.2,27,33.9,38.2,26.6,32.3,8.6,22,0,0,0,,0,0,43.6,28.8,348.8,1005.1,43.8,11.8,307.8,26.9,10,10,2022-08-15T05:23:25,2022-08-15T18:22:10,0.61,Partially cloudy,Partly cloudy throughout the day.,partly-cloudy-day,"62414099999,HESN,remote"
"Ø£Ø³ÙØ§Ù, ÙØµØ±",2022-08-16,41.7,27.7,34.9,39.4,26.9,33.2,8.5,21,0,0,0,,0,0,48.2,24.1,342.5,1005.5,24.4,11.2,306,26.6,10,10,2022-08-16T05:23:49,2022-08-16T18:21:21,0.64,Partially cloudy,Partly cloudy throughout the day.,partly-cloudy-day,"62414099999,HESN,remote"
"Ø£Ø³ÙØ§Ù, ÙØµØ±",2022-08-17,42,28.1,34.9,40.5,27.2,33.3,9.5,21.9,0,0,0,,0,0,45.4,20.9,354.6,1004.7,2.9,10.6,305.7,26.5,10,10,2022-08-17T05:24:13,2022-08-17T18:20:32,0.68,Clear,Clear conditions throughout the day.,clear-day,"62414099999,HESN,remote"
"Ø£Ø³ÙØ§Ù, ÙØµØ±",2022-08-18,42,28,34.9,39.9,27,33.2,8.6,20.8,0,0,0,,0,0,38.9,20.9,352.3,1004,1.2,11.8,305.4,26.4,10,10,2022-08-18T05:24:37,2022-08-18T18:19:42,0.71,Clear,Clear conditions throughout the day.,clear-day,"62414099999,HESN,remote"
"Ø£Ø³ÙØ§Ù, ÙØµØ±",2022-08-19,42,28.8,35.3,39.4,27.6,33.4,7.7,18.9,0,0,0,,0,0,38.5,22.3,354.6,1005.1,9.8,11.2,306,26.5,10,10,2022-08-19T05:25:01,2022-08-19T18:18:51,0.75,Clear,Clear conditions throughout the day.,clear-day,"62414099999,HESN,remote"
"Ø£Ø³ÙØ§Ù, ÙØµØ±",2022-08-20,42,28.2,35.3,39.6,27.1,33.3,7.4,18.9,0,0,0,,0,0,33.1,27.7,335.3,1006.6,9,10,307.1,26.5,10,10,2022-08-20T05:25:24,2022-08-20T18:17:59,0.77,Clear,Clear conditions throughout the day.,clear-day,"62414099999,HESN"
"Ø£Ø³ÙØ§Ù, ÙØµØ±",2022-08-21,42,28,35.7,39.4,27.1,33.6,6.9,18,0,0,0,,0,0,35.6,22.3,342.8,1005.9,0.2,11.8,306.1,26.4,10,10,2022-08-21T05:25:47,2022-08-21T18:17:07,0.81,Clear,Clear conditions throughout the day.,clear-day,"62414099999,HESN,remote"
"Ø£Ø³ÙØ§Ù, ÙØµØ±",2022-08-22,42,28.9,36.3,39.4,27.4,33.9,5.1,14.9,0,0,0,,0,0,25.2,14.8,3.1,1006.3,28.9,10,283.3,24.4,10,10,2022-08-22T05:26:10,2022-08-22T18:16:14,0.84,Partially cloudy,Becoming cloudy in the afternoon.,partly-cloudy-day,"62414099999,HESN"
"Ø£Ø³ÙØ§Ù, ÙØµØ±",2022-08-23,42.8,28,36.4,39.6,26.7,34,4.8,14.7,0,0,0,,0,0,32,22.3,358.6,1007.1,2.3,11.4,304.4,26.1,10,10,2022-08-23T05:26:33,2022-08-23T18:15:20,0.87,Clear,Clear conditions throughout the day.,clear-day,"62414099999,HESN,remote"
"Ø£Ø³ÙØ§Ù, ÙØµØ±",2022-08-24,43,29,36.4,40.5,27.6,34.2,6.7,16.8,0,0,0,,0,0,29.5,14.8,14.2,1007,8.4,10.6,302,25.9,10,10,2022-08-24T05:26:55,2022-08-24T18:14:25,0.9,Clear,Clear conditions throughout the day.,clear-day,"62414099999,HESN,remote"
"Ø£Ø³ÙØ§Ù, ÙØµØ±",2022-08-25,42.2,30,36.5,40,28.3,34.2,5.9,15.6,0,0,0,,0,0,38.5,29.5,310.6,1006.2,4.9,11.2,302.3,26.1,10,10,2022-08-25T05:27:18,2022-08-25T18:13:30,0.94,Clear,Clear conditions throughout the day.,clear-day,"62414099999,HESN,remote"
"Ø£Ø³ÙØ§Ù, ÙØµØ±",2022-08-26,40,28,34.2,37.9,27.5,32.7,9.8,23.6,0,0,0,,0,0,42.8,25.9,333,1005.3,20,11.2,301,25.9,10,10,2022-08-26T05:27:40,2022-08-26T18:12:35,0.97,Clear,Partly cloudy throughout the day.,clear-day,"62414099999,HESN,remote"
"Ø£Ø³ÙØ§Ù, ÙØµØ±",2022-08-27,41,28,34.3,38,27,32.6,8.5,21.3,0,0,0,,0,0,41.4,18.4,331.1,1004.4,61.8,11.8,289.6,24.9,9,10,2022-08-27T05:28:02,2022-08-27T18:11:38,0,Partially cloudy,Partly cloudy throughout the day.,partly-cloudy-day,"62414099999,HESN,remote"
"Ø£Ø³ÙØ§Ù, ÙØµØ±",2022-08-28,43,29,35.9,41.1,27.8,34.5,10.5,22.3,0,0,0,,0,0,40,18.4,285.7,1004.7,3.5,10.6,296.7,25.5,10,10,2022-08-28T05:28:23,2022-08-28T18:10:41,0.04,Clear,Clear conditions throughout the day.,clear-day,"62414099999,HESN,remote"
"Ø£Ø³ÙØ§Ù, ÙØµØ±",2022-08-29,43.8,31.4,37.6,43.8,29.9,36.6,11.6,21.7,0,0,0,,0,0,30.2,18.4,355.3,1006.3,3.5,11,294,25.4,10,10,2022-08-29T05:28:45,2022-08-29T18:09:44,0.07,Clear,Clear conditions throughout the day.,clear-day,"62414099999,HESN,remote"
"Ø£Ø³ÙØ§Ù, ÙØµØ±",2022-08-30,45,32,37.9,45,31.3,37.5,13.6,24.5,0,0,0,,0,0,51.5,18.4,4.5,1007.1,3.6,10,290.1,25,9,10,2022-08-30T05:29:07,2022-08-30T18:08:46,0.11,Clear,Clear conditions throughout the day.,clear-day,"62414099999,HESN"
"Ø£Ø³ÙØ§Ù, ÙØµØ±",2022-08-31,43,30.9,36.8,43.2,29.4,35.9,12,23.1,0,0,0,,0,0,48.6,22.3,1.4,1005.8,0.2,10,292.4,25.3,9,10,2022-08-31T05:29:28,2022-08-31T18:07:48,0.14,Clear,Clear conditions throughout the day.,clear-day,"62414099999,HESN"
"Ø£Ø³ÙØ§Ù, ÙØµØ±",2022-09-01,42.2,29.8,36,44.7,29,35.8,13.2,26.4,0,0,0,,0,0,50.4,27.7,3.1,1005.1,0,9.5,292.4,25.3,10,10,2022-09-01T05:29:49,2022-09-01T18:06:49,0.18,Clear,Clear conditions throughout the day.,clear-day,"62414099999,HESN"
"Ø£Ø³ÙØ§Ù, ÙØµØ±",2022-09-02,43,28.9,35.7,42.6,27.7,34.5,10.6,22.3,0,0,0,,0,0,47.2,21.6,352.7,1006.4,3.1,12.4,291.8,25.2,9,10,2022-09-02T05:30:10,2022-09-02T18:05:50,0.22,Clear,Clear conditions throughout the day.,clear-day,"62414099999,HESN,remote"
"Ø£Ø³ÙØ§Ù, ÙØµØ±",2022-09-03,43,29,35.8,42.7,28,34.8,11.9,24.4,0,0,0,,0,0,48.6,20.2,2.2,1007.6,12.5,10.6,291.1,25.2,9,10,2022-09-03T05:30:31,2022-09-03T18:04:50,0.25,Clear,Clear conditions throughout the day.,clear-day,"62414099999,HESN,remote"
"Ø£Ø³ÙØ§Ù, ÙØµØ±",2022-09-04,43.2,29,36,42.2,27.9,34.9,11.5,24,0,0,0,,0,0,45,33.5,7.7,1007.4,17.2,10.6,290.6,25.1,9,10,2022-09-04T05:30:52,2022-09-04T18:03:50,0.29,Clear,Clear conditions throughout the day.,clear-day,"62414099999,HESN,remote"
"Ø£Ø³ÙØ§Ù, ÙØµØ±",2022-09-05,41,29,35,40.1,28.3,33.8,11.8,25.5,0,0,0,,0,0,40.7,18.4,8.5,1008.5,12.4,10,290.5,25.1,10,10,2022-09-05T05:31:12,2022-09-05T18:02:49,0.32,Clear,Clear conditions throughout the day.,clear-day,"62414099999,HESN"
"Ø£Ø³ÙØ§Ù, ÙØµØ±",2022-09-06,41,28,34.3,39.2,27.5,32.8,10,23.8,0,0,0,,0,0,44.3,25.9,345.2,1008.6,0,10,289.5,25.1,9,10,2022-09-06T05:31:33,2022-09-06T18:01:48,0.36,Clear,Clear conditions throughout the day.,clear-day,"62414099999,HESN"
"Ø£Ø³ÙØ§Ù, ÙØµØ±",2022-09-07,38.2,26.7,32.4,35.8,26.6,30.9,9.1,25,0,0,0,,0,0,36.4,25.2,337.8,1007.7,0,21.8,291.1,25.2,10,10,2022-09-07T05:31:53,2022-09-07T18:00:47,0.39,Clear,Clear conditions throughout the day.,clear-day,"62414099999,HESN,remote"
"Ø£Ø³ÙØ§Ù, ÙØµØ±",2022-09-08,37.8,26.8,32.3,35.7,26.6,30.8,9.8,26.3,0,0,0,,0,0,37.4,24.5,339.3,1008,2.6,24.1,290.8,25,10,10,2022-09-08T05:32:13,2022-09-08T17:59:46,0.43,Clear,Clear conditions throughout the day.,clear-day,remote
"Ø£Ø³ÙØ§Ù, ÙØµØ±",2022-09-09,39.5,26.9,33.1,36.9,26.7,31.4,8.7,24,0,0,0,,0,0,34.9,22.7,330.5,1008.6,1.8,23.5,289,25,10,10,2022-09-09T05:32:34,2022-09-09T17:58:44,0.46,Clear,Clear conditions throughout the day.,clear-day,"62414099999,HESN,remote"
"Ø£Ø³ÙØ§Ù, ÙØµØ±",2022-09-10,41,26.8,33.8,39.8,26.5,32.5,10.4,24.8,0,0,0,,0,0,45.7,20.9,4.5,1008.4,6,11.2,290.1,25,10,10,2022-09-10T05:32:54,2022-09-10T17:57:42,0.5,Clear,Clear conditions throughout the day.,clear-day,"62414099999,HESN,remote"
"Ø£Ø³ÙØ§Ù, ÙØµØ±",2022-09-11,42,27,34.4,40.5,26.7,32.9,9.7,23.4,0,0,0,,0,0,45.7,14.8,8.8,1007.2,15.4,10,286.8,24.8,9,10,2022-09-11T05:33:14,2022-09-11T17:56:40,0.53,Clear,Clear conditions throughout the day.,clear-day,"62414099999,HESN"
"Ø£Ø³ÙØ§Ù, ÙØµØ±",2022-09-12,43,26,34.2,39.8,26,32.1,4.5,17,0,0,0,,0,0,42.5,22.3,358.5,1005.7,0.9,10,288.5,24.9,10,10,2022-09-12T05:33:34,2022-09-12T17:55:38,0.56,Clear,Clear conditions throughout the day.,clear-day,"62414099999,HESN"
"Ø£Ø³ÙØ§Ù, ÙØµØ±",2022-09-13,41,26,33.9,38.3,26,32.1,8,23,0,0,0,,0,0,43.2,24.1,353,1006.4,4.6,10,284.6,24.6,9,10,2022-09-13T05:33:54,2022-09-13T17:54:35,0.6,Clear,Clear conditions throughout the day.,clear-day,"62414099999,HESN"
"Ø£Ø³ÙØ§Ù, ÙØµØ±",2022-09-14,41,27,33.4,38.3,26.7,31.8,9.1,23.7,0,0,0,,0,0,40.3,20.5,16.9,1009.3,1.6,10,282.6,24.4,9,10,2022-09-14T05:34:15,2022-09-14T17:53:32,0.63,Clear,Clear conditions throughout the day.,clear-day,"62414099999,HESN"
"Ø£Ø³ÙØ§Ù, ÙØµØ±",2022-09-15,39,26,32.2,36.5,26,30.6,7.9,23,0,0,0,,0,0,44.3,25.9,7.4,1010.7,3.7,10.6,281.9,24.4,9,10,2022-09-15T05:34:35,2022-09-15T17:52:29,0.66,Clear,Clear conditions throughout the day.,clear-day,"62414099999,HESN,remote"
"Ø£Ø³ÙØ§Ù, ÙØµØ±",2022-09-16,39,25,31.1,36.4,25,29.7,6.5,22.9,0,0,0,,0,0,43.2,29.2,355.2,1009.4,17.6,10.6,283.3,24.4,9,10,2022-09-16T05:34:55,2022-09-16T17:51:27,0.69,Clear,Clear conditions throughout the day.,clear-day,"62414099999,HESN,remote"
"Ø£Ø³ÙØ§Ù, ÙØµØ±",2022-09-17,38.1,24,30.9,35.7,24,29.5,6.4,23,0,0,0,,0,0,34.9,25.9,350.3,1008.6,0.9,10,282.1,24.5,9,10,2022-09-17T05:35:15,2022-09-17T17:50:24,0.75,Clear,Clear conditions throughout the day.,clear-day,"62414099999,HESN"
"Ø£Ø³ÙØ§Ù, ÙØµØ±",2022-09-18,39,23,31.6,36.5,23,30.2,7.1,22.9,0,0,0,,0,0,29.2,24.1,2.3,1009.7,2.3,11.8,282.5,24.5,9,10,2022-09-18T05:35:35,2022-09-18T17:49:20,0.76,Clear,Clear conditions throughout the day.,clear-day,"62414099999,HESN,remote"
"Ø£Ø³ÙØ§Ù, ÙØµØ±",2022-09-19,39,25,31.6,36.5,25,30,5.4,20.4,0,0,0,,0,0,37.8,29.5,354.4,1009.9,1.8,11.8,281.9,24.5,9,10,2022-09-19T05:35:55,2022-09-19T17:48:17,0.79,Clear,Clear conditions throughout the day.,clear-day,"62414099999,HESN,remote"
"Ø£Ø³ÙØ§Ù, ÙØµØ±",2022-09-20,39,24,30.7,36.5,24,29.6,8,25.3,0,0,0,,0,0,31.3,33.5,0.3,1009.2,0.3,11.2,281.6,24.3,9,10,2022-09-20T05:36:16,2022-09-20T17:47:14,0.82,Clear,Clear conditions throughout the day.,clear-day,"62414099999,HESN,remote"
"Ø£Ø³ÙØ§Ù, ÙØµØ±",2022-09-21,37,25,31.3,34.6,25,29.7,5.9,21.4,0,0,0,,0,0,42.5,20.5,345.3,1009.2,0,11.2,280.4,24.4,9,10,2022-09-21T05:36:36,2022-09-21T17:46:11,0.85,Clear,Clear conditions throughout the day.,clear-day,"62414099999,HESN,remote"
"Ø£Ø³ÙØ§Ù, ÙØµØ±",2022-09-22,38,24.9,31.2,35.7,24.9,29.8,7.2,23.9,0,0,0,,0,0,43.6,14.8,2.9,1009.1,0.4,10,278.7,24.1,9,10,2022-09-22T05:36:57,2022-09-22T17:45:08,0.89,Clear,Clear conditions throughout the day.,clear-day,"62414099999,HESN"
"Ø£Ø³ÙØ§Ù, ÙØµØ±",2022-09-23,40,24,33,37.5,24,31.2,5.5,18.9,0,0,0,,0,0,30.2,16.6,15.1,1008.6,0,10.6,277.7,24,9,10,2022-09-23T05:37:17,2022-09-23T17:44:06,0.92,Clear,Clear conditions throughout the day.,clear-day,"62414099999,HESN,remote"
"Ø£Ø³ÙØ§Ù, ÙØµØ±",2022-09-24,40,25.9,33.5,37.5,25.9,31.5,3.9,16.7,0,0,0,,0,0,24.8,18.7,7.2,1009.4,0,11.2,278.6,24,9,10,2022-09-24T05:37:38,2022-09-24T17:43:03,0.95,Clear,Clear conditions throughout the day.,clear-day,"62414099999,HESN,remote"
"Ø£Ø³ÙØ§Ù, ÙØµØ±",2022-09-25,42,25,34.5,38.8,25,32.3,2.9,14.5,0,0,0,,0,0,38.9,16.6,20.8,1008.3,0.3,10.6,271.1,23.4,9,10,2022-09-25T05:37:59,2022-09-25T17:42:00,0,Clear,Clear conditions throughout the day.,clear-day,"62414099999,HESN,remote"
"Ø£Ø³ÙØ§Ù, ÙØµØ±",2022-09-26,44,27.8,35.8,44,26.7,33.9,5.9,16.5,0,0,0,,0,0,37.1,23.8,17.4,1008.4,13.4,11.2,268.3,23.1,9,10,2022-09-26T05:38:20,2022-09-26T17:40:58,0.02,Clear,Clear conditions throughout the day.,clear-day,"62414099999,HESN,remote"
"Ø£Ø³ÙØ§Ù, ÙØµØ±",2022-09-27,44,28,36.4,44,27.2,34.5,6.8,18,0,0,0,,0,0,34.9,16.9,52.2,1008.8,27.1,14,266.6,23.1,9,10,2022-09-27T05:38:41,2022-09-27T17:39:55,0.05,Partially cloudy,Partly cloudy throughout the day.,partly-cloudy-day,"62414099999,HESN,remote"
"Ø£Ø³ÙØ§Ù, ÙØµØ±",2022-09-28,43,28,36,40.3,26.9,33.6,4.5,15.2,0,0,0,,0,0,34.6,17.3,4.3,1008.9,1.2,11.2,267.9,23.1,9,10,2022-09-28T05:39:03,2022-09-28T17:38:53,0.09,Clear,Clear conditions throughout the day.,clear-day,"62414099999,HESN,remote"
"Ø£Ø³ÙØ§Ù, ÙØµØ±",2022-09-29,42,28,34.9,39.2,26.7,32.6,3.5,14.7,0,0,0,,0,0,31.7,16.6,23.9,1007.5,0,11.8,267.3,23.1,9,10,2022-09-29T05:39:25,2022-09-29T17:37:52,0.13,Clear,Clear conditions throughout the day.,clear-day,"62414099999,HESN,remote"
"Ø£Ø³ÙØ§Ù, ÙØµØ±",2022-09-30,41,26.6,34.2,38.4,26.2,32.2,4.9,16.8,0,0,0,,0,0,44.3,19.4,23.6,1007.5,0,10.6,267.7,23.1,9,10,2022-09-30T05:39:46,2022-09-30T17:36:50,0.16,Clear,Clear conditions throughout the day.,clear-day,"62414099999,HESN,remote"
"Ø£Ø³ÙØ§Ù, ÙØµØ±",2022-10-01,42,27,34.4,39.6,26.2,32.4,6,17.7,0,0,0,,0,0,53.6,16.6,22.7,1009.1,0.1,12.4,264.9,23,9,10,2022-10-01T05:40:08,2022-10-01T17:35:49,0.2,Clear,Clear conditions throughout the day.,clear-day,"62414099999,HESN,remote"
"Ø£Ø³ÙØ§Ù, ÙØµØ±",2022-10-02,41,26,33.9,38.7,26,32.1,5.8,17.8,0,0,0,,0,0,31.3,16.9,10.7,1007.1,0,11.2,264.5,22.9,9,10,2022-10-02T05:40:31,2022-10-02T17:34:48,0.23,Clear,Clear conditions throughout the day.,clear-day,"62414099999,HESN,remote"
"Ø£Ø³ÙØ§Ù, ÙØµØ±",2022-10-03,41,27,33.8,38.3,26.2,31.8,5.4,17.6,0,0,0,,0,0,35.3,13,359.1,1004.8,0,10,261.1,22.6,9,10,2022-10-03T05:40:53,2022-10-03T17:33:47,0.25,Clear,Clear conditions throughout the day.,clear-day,"62414099999,HESN"
"Ø£Ø³ÙØ§Ù, ÙØµØ±",2022-10-04,40,27,33.3,38,26.8,32,9.9,25.5,0,0,0,,0,0,43.6,20.5,10.4,1006.7,0.3,10,260.5,22.4,9,10,2022-10-04T05:41:16,2022-10-04T17:32:47,0.3,Clear,Clear conditions throughout the day.,clear-day,"62414099999,HESN"
"Ø£Ø³ÙØ§Ù, ÙØµØ±",2022-10-05,41,26,33.8,39.2,26,32.3,8.5,22.1,0,0,0,,0,0,43.9,18.4,6.7,1009.2,24.9,11.2,250.5,21.7,9,10,2022-10-05T05:41:39,2022-10-05T17:31:47,0.34,Partially cloudy,Partly cloudy throughout the day.,partly-cloudy-day,"62414099999,HESN,remote"
"Ø£Ø³ÙØ§Ù, ÙØµØ±",2022-10-06,40,28,34.2,38.4,26.8,32.3,7.2,20.3,0,0,0,,0,0,49.3,16.6,6,1009.7,23.2,11.2,252.2,21.7,9,10,2022-10-06T05:42:03,2022-10-06T17:30:48,0.38,Partially cloudy,Partly cloudy throughout the day.,partly-cloudy-day,"62414099999,HESN,remote"
"Ø£Ø³ÙØ§Ù, ÙØµØ±",2022-10-07,39,27,31.7,38.4,26.6,30.5,10.6,28.2,0,0,0,,0,0,51.8,29.5,1.7,1009.5,5.9,14.5,251.5,21.8,9,10,2022-10-07T05:42:27,2022-10-07T17:29:49,0.41,Clear,Clear conditions throughout the day.,clear-day,"62414099999,HESN,remote"
"Ø£Ø³ÙØ§Ù, ÙØµØ±",2022-10-08,36,23.7,29.4,33.9,23.7,28.4,6.8,24.8,0,0,0,,0,0,52.6,28.1,4.8,1010.7,3.3,10.6,250.7,21.7,9,10,2022-10-08T05:42:51,2022-10-08T17:28:51,0.45,Clear,Clear conditions throughout the day.,clear-day,"62414099999,HESN,remote"
"Ø£Ø³ÙØ§Ù, ÙØµØ±",2022-10-09,35,22.6,28.4,32.9,22.6,27.4,7.6,28.1,0,0,0,,0,0,50.4,29.5,357.2,1011.7,0.3,15.3,250.4,21.7,9,10,2022-10-09T05:43:15,2022-10-09T17:27:53,0.5,Clear,Clear conditions throughout the day.,clear-day,"62414099999,HESN,remote"
"Ø£Ø³ÙØ§Ù, ÙØµØ±",2022-10-10,35.2,22.3,28.5,32.9,22.3,27.4,7.2,27.8,0,0,0,,0,0,45.7,28.1,358.3,1013.2,0,19.4,250.5,21.6,9,10,2022-10-10T05:43:40,2022-10-10T17:26:56,0.52,Clear,Clear conditions throughout the day.,clear-day,"62414099999,remote"
"Ø£Ø³ÙØ§Ù, ÙØµØ±",2022-10-11,36,21.7,29,33.9,21.7,27.9,8.2,28.6,0,0,0,,0,0,44.3,24.1,0.4,1012.9,0.3,14.7,247.8,21.4,9,10,2022-10-11T05:44:05,2022-10-11T17:25:59,0.55,Clear,Clear conditions throughout the day.,clear-day,"62414099999,HESN,remote"
"Ø£Ø³ÙØ§Ù, ÙØµØ±",2022-10-12,37,22,29.2,34.8,22,28.1,8.8,30,0,0,0,,0,0,47.2,18.4,12.7,1012.5,0,10.6,248.2,21.3,9,10,2022-10-12T05:44:30,2022-10-12T17:25:03,0.58,Clear,Clear conditions throughout the day.,clear-day,"62414099999,HESN,remote"
"Ø£Ø³ÙØ§Ù, ÙØµØ±",2022-10-13,38,21.9,29.4,35.9,21.9,28.4,8.3,27.9,0,0,0,,0,0,46.4,23.4,5.1,1012.2,0,11.2,245.8,21,9,10,2022-10-13T05:44:56,2022-10-13T17:24:07,0.61,Clear,Clear conditions throughout the day.,clear-day,"62414099999,HESN,remote"
"Ø£Ø³ÙØ§Ù, ÙØµØ±",2022-10-14,36,21,27.9,33.7,21,27.1,8.5,31.3,0,0,0,,0,0,47.2,21.6,3.5,1011.1,0.1,11.2,244.8,21,9,10,2022-10-14T05:45:23,2022-10-14T17:23:12,0.65,Clear,Clear conditions throughout the day.,clear-day,"62414099999,HESN,remote"
"Ø£Ø³ÙØ§Ù, ÙØµØ±",2022-10-15,36,20,27.7,33.7,20,26.7,6.8,28.1,0,0,0,,0,0,45.4,20.2,5.9,1010,36.2,11.2,243,21,9,10,2022-10-15T05:45:49,2022-10-15T17:22:18,0.68,Partially cloudy,Becoming cloudy in the afternoon.,partly-cloudy-day,"62414099999,HESN,remote"
"Ø£Ø³ÙØ§Ù, ÙØµØ±",2022-10-16,36.9,22.7,29.4,34.7,22.7,28.3,6.7,24.6,0,0,0,,0,0,50.8,27.7,6.8,1010.9,26.5,11.8,240.5,20.8,8,10,2022-10-16T05:46:17,2022-10-16T17:21:24,0.71,Partially cloudy,Becoming cloudy in the afternoon.,partly-cloudy-day,"62414099999,HESN,remote"
"Ø£Ø³ÙØ§Ù, ÙØµØ±",2022-10-17,35,22,28.3,33.1,22,27.4,8.5,29.9,0,0,0,,0,0,51.1,29.5,5.1,1013.6,13.6,10.9,237,20.5,8,10,2022-10-17T05:46:44,2022-10-17T17:20:32,0.75,Clear,Clear conditions throughout the day.,clear-day,"62414099999,HESN,remote"
"Ø£Ø³ÙØ§Ù, ÙØµØ±",2022-10-18,35,21.9,28.1,33.5,21.9,27.4,9.3,31.6,0,0,0,,0,0,50.4,22.3,12.9,1013.5,1.8,10.6,237,20.5,8,10,2022-10-18T05:47:12,2022-10-18T17:19:40,0.77,Clear,Clear conditions throughout the day.,clear-day,"62414099999,HESN,remote"
"Ø£Ø³ÙØ§Ù, ÙØµØ±",2022-10-19,35.1,21,27.9,33.2,21,27.1,8.7,30.8,0,0,0,,0,0,46.1,21.2,6.5,1011.6,21.8,11.8,227.7,19.6,8,10,2022-10-19T05:47:41,2022-10-19T17:18:48,0.81,Partially cloudy,Becoming cloudy in the afternoon.,partly-cloudy-day,"62414099999,HESN,remote"
"Ø£Ø³ÙØ§Ù, ÙØµØ±",2022-10-20,37,22,28.9,35.6,22,28.2,10,31.6,0.3,100,8.33,rain,0,0,49.7,22.3,9.3,1010.5,8.9,10,227.8,19.6,8,10,2022-10-20T05:48:09,2022-10-20T17:17:58,0.84,Rain,Clear conditions throughout the day with afternoon rain.,rain,"62414099999,HESN"
"Ø£Ø³ÙØ§Ù, ÙØµØ±",2022-10-21,34.2,22,27.5,32.1,22,26.8,9.5,34,0,0,0,,0,0,44.3,20.2,342,1012.3,3.4,11.8,228.5,19.6,8,10,2022-10-21T05:48:39,2022-10-21T17:17:08,0.87,Clear,Clear conditions throughout the day.,clear-day,"62414099999,HESN,remote"
"Ø£Ø³ÙØ§Ù, ÙØµØ±",2022-10-22,34.8,20,26.2,32.5,20,25.4,6.9,31,0,0,0,,0,0,46.1,22.3,356.6,1015.7,0.7,10,236.7,20.4,8,10,2022-10-22T05:49:09,2022-10-22T17:16:20,0.9,Clear,Clear conditions throughout the day.,clear-day,"62414099999,HESN"
"Ø£Ø³ÙØ§Ù, ÙØµØ±",2022-10-23,32,19,25,30,19,24.5,8,35.2,0,0,0,,0,0,45.7,20.5,359.3,1017.6,3.7,11.2,231.9,20.1,8,10,2022-10-23T05:49:39,2022-10-23T17:15:32,0.93,Clear,Clear conditions throughout the day.,clear-day,"62414099999,HESN,remote"
"Ø£Ø³ÙØ§Ù, ÙØµØ±",2022-10-24,31,18,24.3,29.1,18,23.9,5.9,31.5,0,0,0,,0,0,39.6,18.4,334.6,1015.5,3.1,10.6,228.9,19.6,8,10,2022-10-24T05:50:10,2022-10-24T17:14:45,0.97,Clear,Clear conditions throughout the day.,clear-day,"62414099999,HESN,remote"
"Ø£Ø³ÙØ§Ù, ÙØµØ±",2022-10-25,29,19,24.1,27.9,19,23.7,8.1,36.9,0,0,0,,0,0,29.9,16.6,335,1012.9,0,11.8,231.1,20,8,10,2022-10-25T05:50:41,2022-10-25T17:13:59,0,Clear,Clear conditions throughout the day.,clear-day,"62414099999,HESN,remote"
"Ø£Ø³ÙØ§Ù, ÙØµØ±",2022-10-26,31,19,24.4,29.1,19,23.9,6.1,32.3,0,0,0,,0,0,30.2,20.5,351.9,1015.2,2.5,12.9,230.5,20,8,10,2022-10-26T05:51:13,2022-10-26T17:13:14,0.03,Clear,Clear conditions throughout the day.,clear-day,"62414099999,HESN,remote"
"Ø£Ø³ÙØ§Ù, ÙØµØ±",2022-10-27,30.8,17,24.5,28.9,17,24,8,36.4,0,0,0,,0,0,25.2,18.4,12.8,1015.3,3.1,10,228.1,19.7,8,10,2022-10-27T05:51:45,2022-10-27T17:12:30,0.07,Clear,Clear conditions throughout the day.,clear-day,"62414099999,HESN"
"Ø£Ø³ÙØ§Ù, ÙØµØ±",2022-10-28,33,19,25.7,31,19,25.1,9.1,37.7,0,0,0,,0,0,27,11.2,7.1,1013.1,0.5,10,221.7,19.2,8,10,2022-10-28T05:52:18,2022-10-28T17:11:47,0.11,Clear,Clear conditions throughout the day.,clear-day,"62414099999,HESN"
"Ø£Ø³ÙØ§Ù, ÙØµØ±",2022-10-29,33.1,20,26.3,31.2,20,25.5,6.8,30.2,0,0,0,,0,0,35.6,17.6,348.7,1011.7,9.8,11.2,219.2,18.8,8,10,2022-10-29T05:52:51,2022-10-29T17:11:06,0.14,Clear,Clear conditions throughout the day.,clear-day,"62414099999,HESN,remote"
"Ø£Ø³ÙØ§Ù, ÙØµØ±",2022-10-30,31,17.7,25,29.5,17.7,24.5,7.9,34.6,0,0,0,,0,0,36,14.8,340.4,1012.4,53.5,10,216,18.7,8,10,2022-10-30T05:53:25,2022-10-30T17:10:25,0.18,Partially cloudy,Partly cloudy throughout the day.,partly-cloudy-day,"62414099999,HESN"
"Ø£Ø³ÙØ§Ù, ÙØµØ±",2022-10-31,32,19,24.7,30.3,19,24.2,8.2,36.4,0,0,0,,0,0,42.1,21.2,2.4,1013.1,21.4,10.6,216.3,18.8,8,10,2022-10-31T05:53:59,2022-10-31T17:09:45,0.21,Partially cloudy,Clearing in the afternoon.,partly-cloudy-day,"62414099999,HESN,remote"
"Ø£Ø³ÙØ§Ù, ÙØµØ±",2022-11-01,30,17.8,23.7,28.3,17.8,23.2,4,29,0,0,0,,0,0,41.4,18.4,358.4,1015.6,9.7,10,222.9,19.3,8,10,2022-11-01T05:54:33,2022-11-01T17:09:07,0.25,Clear,Clear conditions throughout the day.,clear-day,"62414099999,HESN"
"Ø£Ø³ÙØ§Ù, ÙØµØ±",2022-11-02,29,17,22.6,27.6,17,22.4,4.6,31.8,0,0,0,,0,0,33.5,19.8,355.4,1015.4,9,10.6,223.1,19.4,8,10,2022-11-02T05:55:09,2022-11-02T17:08:29,0.28,Clear,Clear conditions throughout the day.,clear-day,"62414099999,HESN,remote"
"Ø£Ø³ÙØ§Ù, ÙØµØ±",2022-11-03,29,17,22.6,27.8,17,22.4,7.1,38.7,0,0,0,,0,0,36.7,14.8,3.1,1014.9,20.3,10.6,219,18.9,8,10,2022-11-03T05:55:44,2022-11-03T17:07:53,0.32,Partially cloudy,Partly cloudy throughout the day.,partly-cloudy-day,"62414099999,HESN,remote"
"Ø£Ø³ÙØ§Ù, ÙØµØ±",2022-11-04,31,16,23.4,29.1,16,23,5.2,31.9,0,0,0,,0,0,37.1,16.2,1.6,1014.1,50.2,12.4,208.3,18,8,10,2022-11-04T05:56:20,2022-11-04T17:07:18,0.36,Partially cloudy,Partly cloudy throughout the day.,partly-cloudy-day,"62414099999,HESN,remote"
"Ø£Ø³ÙØ§Ù, ÙØµØ±",2022-11-05,29,17,23.3,27.5,17,22.9,4.6,30.6,0,0,0,,0,0,24.8,14.8,10.9,1014.5,87.1,10,206,17.9,8,10,2022-11-05T05:56:57,2022-11-05T17:06:44,0.39,Partially cloudy,Partly cloudy throughout the day.,partly-cloudy-day,"62414099999,HESN"
"Ø£Ø³ÙØ§Ù, ÙØµØ±",2022-11-06,30,16,22.9,28.2,16,22.5,4.6,31.6,0,0,0,,0,0,22.7,17.3,10.7,1014.9,26.4,10.6,216.4,18.5,8,10,2022-11-06T05:57:34,2022-11-06T17:06:12,0.43,Partially cloudy,Partly cloudy throughout the day.,partly-cloudy-day,"62414099999,HESN,remote"
"Ø£Ø³ÙØ§Ù, ÙØµØ±",2022-11-07,29,17,22.6,27.5,17,22.2,3.4,29.5,0,0,0,,0,0,28.8,16.6,4.3,1015.1,0,11.2,215.8,18.5,8,10,2022-11-07T05:58:11,2022-11-07T17:05:40,0.46,Clear,Clear conditions throughout the day.,clear-day,"62414099999,HESN,remote"
"Ø£Ø³ÙØ§Ù, ÙØµØ±",2022-11-08,29,15,21.9,27.6,15,21.6,3.8,31.4,0,0,0,,0,0,33.5,22.3,5.7,1014.9,0,10,212.7,18.5,8,10,2022-11-08T05:58:49,2022-11-08T17:05:10,0.5,Clear,Clear conditions throughout the day.,clear-day,"62414099999,HESN"
"Ø£Ø³ÙØ§Ù, ÙØµØ±",2022-11-09,28,16,21.8,26.9,16,21.6,6.7,38.7,0,0,0,,0,0,34.9,16.6,7.9,1014,1.8,10,210.5,18.2,8,10,2022-11-09T05:59:28,2022-11-09T17:04:42,0.53,Clear,Clear conditions throughout the day.,clear-day,"62414099999,HESN"
"Ø£Ø³ÙØ§Ù, ÙØµØ±",2022-11-10,29,16,22.2,27.9,16,22,8.1,41.4,0,0,0,,0,0,37.8,18.4,1,1013.9,0,12.4,208.8,18,8,10,2022-11-10T06:00:06,2022-11-10T17:04:14,0.56,Clear,Clear conditions throughout the day.,clear-day,"62414099999,HESN,remote"
"Ø£Ø³ÙØ§Ù, ÙØµØ±",2022-11-11,29,17,22.8,28,17,22.6,8,39.1,0,0,0,,0,0,37.1,18.4,355.2,1014.6,2.1,10,202.5,17.5,7,10,2022-11-11T06:00:46,2022-11-11T17:03:48,0.6,Clear,Clear conditions throughout the day.,clear-day,"62414099999,HESN"
"Ø£Ø³ÙØ§Ù, ÙØµØ±",2022-11-12,30,17,23.6,29,17,23.5,7.6,36,0,0,0,,0,0,45.7,17.3,5.4,1015.1,11.7,13.5,199.4,17.2,7,10,2022-11-12T06:01:25,2022-11-12T17:03:24,0.63,Clear,Clear conditions throughout the day.,clear-day,"62414099999,HESN,remote"
"Ø£Ø³ÙØ§Ù, ÙØµØ±",2022-11-13,30,18,24.3,29.2,18,24,8.2,36.1,0,0,0,,0,0,43.6,23.8,3.5,1015.4,7.3,11.8,198,17.1,7,10,2022-11-13T06:02:05,2022-11-13T17:03:00,0.66,Clear,Clear conditions throughout the day.,clear-day,"62414099999,HESN,remote"
"Ø£Ø³ÙØ§Ù, ÙØµØ±",2022-11-14,30.9,19,24.5,29.2,19,24.1,6.7,32.7,0,0,0,,0,0,45.7,22.3,2.8,1014.5,3.6,12.9,197.9,17.1,7,10,2022-11-14T06:02:45,2022-11-14T17:02:38,0.69,Clear,Clear conditions throughout the day.,clear-day,"62414099999,HESN,remote"
"Ø£Ø³ÙØ§Ù, ÙØµØ±",2022-11-15,30,18,23,28.6,18,22.7,7.6,38.5,0,0,0,,0,0,51.8,22.3,4.5,1014.4,0,11.2,198.3,17.1,7,10,2022-11-15T06:03:26,2022-11-15T17:02:18,0.72,Clear,Clear conditions throughout the day.,clear-day,"62414099999,HESN,remote"
"Ø£Ø³ÙØ§Ù, ÙØµØ±",2022-11-16,25,15,19.9,25,15,19.9,4.3,36.8,0,0,0,,0,0,48.6,24.8,354,1015.3,57.6,13.5,195.9,17,7,10,2022-11-16T06:04:06,2022-11-16T17:01:58,0.75,Partially cloudy,Partly cloudy throughout the day.,partly-cloudy-day,"62414099999,HESN,remote"
"Ø£Ø³ÙØ§Ù, ÙØµØ±",2022-11-17,26,14,19.8,26,14,19.8,3.5,34.7,0,0,0,,0,0,27.4,18.4,350.5,1015.6,98.6,11.2,180.1,15.5,7,10,2022-11-17T06:04:48,2022-11-17T17:01:41,0.79,Overcast,Cloudy skies throughout the day.,cloudy,"62414099999,HESN,remote"
"Ø£Ø³ÙØ§Ù, ÙØµØ±",2022-11-18,28,13,20.1,27,13,20,4.5,37.3,0,0,0,,0,0,25.2,19.1,6.4,1015.6,7,11.2,199.5,17.2,7,10,2022-11-18T06:05:29,2022-11-18T17:01:24,0.82,Clear,Clear conditions throughout the day.,clear-day,"62414099999,HESN,remote"
"Ø£Ø³ÙØ§Ù, ÙØµØ±",2022-11-19,28.1,14,20.8,26.8,14,20.6,3.2,32.9,0,0,0,,0,0,31.3,19.8,9.6,1016.4,0,12.4,201,17.2,7,10,2022-11-19T06:06:11,2022-11-19T17:01:10,0.85,Clear,Clear conditions throughout the day.,clear-day,"62414099999,HESN,remote"
"Ø£Ø³ÙØ§Ù, ÙØµØ±",2022-11-20,30,14,22.5,28.6,14,22.2,5.5,33.6,0,0,0,,0,0,26.3,18.4,9.4,1015.5,0.4,10.6,197.2,17,7,10,2022-11-20T06:06:52,2022-11-20T17:00:56,0.89,Clear,Clear conditions throughout the day.,clear-day,"62414099999,HESN,remote"
"Ø£Ø³ÙØ§Ù, ÙØµØ±",2022-11-21,33,17.9,25.2,31.7,17.9,24.7,11.5,44.6,0,0,0,,0,0,24.1,18.4,326,1013.3,48.3,10.9,170.8,14.7,6,10,2022-11-21T06:07:34,2022-11-21T17:00:44,0.92,Partially cloudy,Partly cloudy throughout the day.,partly-cloudy-day,"62414099999,HESN,remote"
"Ø£Ø³ÙØ§Ù, ÙØµØ±",2022-11-22,32,21,25.8,30.8,21,25.4,10.8,40.4,0,0,0,,0,0,50.8,19.1,7.9,1012.9,46.6,13,183.9,15.9,7,10,2022-11-22T06:08:16,2022-11-22T17:00:34,0.95,Partially cloudy,Partly cloudy throughout the day.,partly-cloudy-day,"62414099999,HESN,remote"
"Ø£Ø³ÙØ§Ù, ÙØµØ±",2022-11-23,31,19,24.6,30.4,19,24.5,8.9,37,0.3,100,4.17,rain,0,0,44.3,16.6,5.4,1011.9,33,9.1,156.9,13.7,7,10,2022-11-23T06:08:59,2022-11-23T17:00:25,0.98,"Rain, Partially cloudy",Clearing in the afternoon with afternoon rain.,rain,"62414099999,HESN"
"Ø£Ø³ÙØ§Ù, ÙØµØ±",2022-11-24,27,14.7,21.2,26.1,14.7,21.2,3.8,32.9,0,0,0,,0,0,44.6,25.2,358.1,1013.5,0,11.8,195.7,17,7,10,2022-11-24T06:09:41,2022-11-24T17:00:17,0,Clear,Clear conditions throughout the day.,clear-day,"62414099999,HESN,remote"
"Ø£Ø³ÙØ§Ù, ÙØµØ±",2022-11-25,26,15,20.2,26,15,20.2,2.8,33,0,0,0,,0,0,28.8,18.4,359.6,1015.7,0.1,11.2,192.2,16.5,7,10,2022-11-25T06:10:23,2022-11-25T17:00:11,0.05,Clear,Clear conditions throughout the day.,clear-day,"62414099999,HESN,remote"
"Ø£Ø³ÙØ§Ù, ÙØµØ±",2022-11-26,26,15,20.1,26,15,20.1,6.3,42.2,0,0,0,,0,0,31.3,16.9,2.3,1016.1,1,12.4,190.4,16.4,7,10,2022-11-26T06:11:06,2022-11-26T17:00:06,0.09,Clear,Clear conditions throughout the day.,clear-day,"62414099999,HESN,remote"
"Ø£Ø³ÙØ§Ù, ÙØµØ±",2022-11-27,26,14.9,20.4,26,14.9,20.4,7.9,44.9,0,0,0,,0,0,22,15.1,6.9,1012.4,50,11.2,181.5,15.5,7,10,2022-11-27T06:11:48,2022-11-27T17:00:03,0.12,Partially cloudy,Partly cloudy throughout the day.,partly-cloudy-day,"62414099999,HESN,remote"
"Ø£Ø³ÙØ§Ù, ÙØµØ±",2022-11-28,29,16,22.5,27.7,16,22.3,6.4,36.6,0,0,0,,0,0,17.3,11.2,335.7,1009.5,87.4,12.4,119.5,10.4,5,10,2022-11-28T06:12:31,2022-11-28T17:00:01,0.16,Partially cloudy,Partly cloudy throughout the day.,partly-cloudy-day,"62414099999,HESN,remote"
"Ø£Ø³ÙØ§Ù, ÙØµØ±",2022-11-29,30,15,22,28.2,15,21.7,3,29.5,0,0,0,,0,0,22.3,9.4,344.1,1010.6,4.1,11.2,190.3,16.4,7,10,2022-11-29T06:13:13,2022-11-29T17:00:01,0.19,Clear,Clear conditions throughout the day.,clear-day,"62414099999,HESN,remote"
"Ø£Ø³ÙØ§Ù, ÙØµØ±",2022-11-30,27,16,21.3,26.2,16,21.3,3.7,32.2,0,0,0,,0,0,19.1,11.2,355,1013.3,83.3,11.8,164,14.2,6,10,2022-11-30T06:13:55,2022-11-30T17:00:03,0.25,Partially cloudy,Partly cloudy throughout the day.,partly-cloudy-day,"62414099999,HESN,remote"
"Ø£Ø³ÙØ§Ù, ÙØµØ±",2022-12-01,28,15,21.3,27.2,15,21.1,6.4,39.2,0,0,0,,0,0,35.3,19.8,1.3,1015.2,9,14.7,191.7,16.6,7,10,2022-12-01T06:14:37,2022-12-01T17:00:05,0.26,Clear,Clear conditions throughout the day.,clear-day,"62414099999,HESN,remote"
"Ø£Ø³ÙØ§Ù, ÙØµØ±",2022-12-02,27.2,14,20.4,26.7,14,20.3,3.4,34,0,0,0,,0,0,32.4,18.4,7.3,1015.4,21,11.2,186,16.2,7,10,2022-12-02T06:15:19,2022-12-02T17:00:10,0.3,Partially cloudy,Becoming cloudy in the afternoon.,partly-cloudy-day,"62414099999,HESN,remote"
"Ø£Ø³ÙØ§Ù, ÙØµØ±",2022-12-03,26.1,13,19.8,26.1,13,19.8,2,31.5,0,0,0,,0,0,28.8,18.7,359.5,1014.2,56.5,12.4,169.8,14.8,7,10,2022-12-03T06:16:01,2022-12-03T17:00:15,0.33,Partially cloudy,Partly cloudy throughout the day.,partly-cloudy-day,"62414099999,HESN,remote"
"Ø£Ø³ÙØ§Ù, ÙØµØ±",2022-12-04,29.2,12,19.4,27.5,12,19.3,3,35.4,0,0,0,,0,0,36.4,22,1.5,1015.4,69.4,11.8,172.1,14.9,7,10,2022-12-04T06:16:42,2022-12-04T17:00:22,0.37,Partially cloudy,Partly cloudy throughout the day.,partly-cloudy-day,"62414099999,HESN,remote"
"Ø£Ø³ÙØ§Ù, ÙØµØ±",2022-12-05,25.1,14,19.2,25.1,14,19.2,7.1,46.7,0,0,0,,0,0,41,16.6,7,1016.2,27.3,10,184.6,15.8,7,10,2022-12-05T06:17:23,2022-12-05T17:00:31,0.4,Partially cloudy,Partly cloudy throughout the day.,partly-cloudy-day,"62414099999,HESN"
"Ø£Ø³ÙØ§Ù, ÙØµØ±",2022-12-06,26,13.2,18.4,26,13.2,18.4,5.9,46.6,0,0,0,,0,0,40,25.6,354.2,1016.5,0,12.9,185.8,16.1,7,10,2022-12-06T06:18:04,2022-12-06T17:00:41,0.44,Clear,Clear conditions throughout the day.,clear-day,"62414099999,HESN,remote"
"Ø£Ø³ÙØ§Ù, ÙØµØ±",2022-12-07,26,12.2,17.8,26,12.2,17.8,4.8,45.4,0,0,0,,0,0,35.3,18.4,1,1016.9,0,11.8,187.4,16.4,7,10,2022-12-07T06:18:44,2022-12-07T17:00:52,0.47,Clear,Clear conditions throughout the day.,clear-day,"62414099999,HESN,remote"
"Ø£Ø³ÙØ§Ù, ÙØµØ±",2022-12-08,26,11,17.9,26,11,17.9,2.2,36.7,0,0,0,,0,0,23,14.8,3.7,1018.5,9.7,10.6,186.6,16.3,7,10,2022-12-08T06:19:24,2022-12-08T17:01:05,0.5,Clear,Clear conditions throughout the day.,clear-day,"62414099999,HESN,remote"
"Ø£Ø³ÙØ§Ù, ÙØµØ±",2022-12-09,26.8,13,20.6,26.6,13,20.5,1.3,29,0,0,0,,0,0,26.3,20.9,6.2,1018.2,10.7,15.3,185.3,16,7,10,2022-12-09T06:20:04,2022-12-09T17:01:19,0.54,Clear,Clear conditions throughout the day.,clear-day,"62414099999,HESN,remote"
"Ø£Ø³ÙØ§Ù, ÙØµØ±",2022-12-10,29,15,21.2,27.4,15,21,0.3,25.9,0,0,0,,0,0,28.4,17.6,7.5,1016.8,0,10.6,184.7,15.9,7,10,2022-12-10T06:20:43,2022-12-10T17:01:35,0.57,Clear,Clear conditions throughout the day.,clear-day,"62414099999,HESN,remote"
"Ø£Ø³ÙØ§Ù, ÙØµØ±",2022-12-11,29,14,21.2,27.4,14,20.8,0.9,27.2,0,0,0,,0,0,19.1,22.3,4.2,1015.3,0,10,184.4,15.9,7,10,2022-12-11T06:21:21,2022-12-11T17:01:51,0.61,Clear,Clear conditions throughout the day.,clear-day,"62414099999,HESN"
"Ø£Ø³ÙØ§Ù, ÙØµØ±",2022-12-12,29,13,20.8,27.4,13,20.6,-0.2,25.4,0,0,0,,0,0,13.7,9.4,356,1014.4,0.1,10,182.7,15.8,7,10,2022-12-12T06:21:59,2022-12-12T17:02:10,0.64,Clear,Clear conditions throughout the day.,clear-day,"62414099999,HESN"
"Ø£Ø³ÙØ§Ù, ÙØµØ±",2022-12-13,28,14,21.5,26.7,14,21.3,0.5,25.3,0,0,0,,0,0,22.7,14.8,350.9,1014.6,3.4,10.6,181,15.8,7,10,2022-12-13T06:22:36,2022-12-13T17:02:29,0.67,Clear,Clear conditions throughout the day.,clear-day,"62414099999,HESN,remote"
"Ø£Ø³ÙØ§Ù, ÙØµØ±",2022-12-14,25.2,12,19.7,25.2,12,19.7,4.6,37.6,0,0,0,,0,0,23,13.3,5,1015.6,0,11.2,180.1,15.8,7,10,2022-12-14T06:23:13,2022-12-14T17:02:50,0.7,Clear,Clear conditions throughout the day.,clear-day,"62414099999,HESN,remote"
"Ø£Ø³ÙØ§Ù, ÙØµØ±",2022-12-15,26,14,19.8,26,14,19.8,6.9,44.3,0,0,0,,0,0,33.8,14.8,7.7,1016.2,0,10,179.1,15.6,7,10,2022-12-15T06:23:49,2022-12-15T17:03:12,0.74,Clear,Clear conditions throughout the day.,clear-day,"62414099999,HESN"
"Ø£Ø³ÙØ§Ù, ÙØµØ±",2022-12-16,28,15,20.7,27,15,20.6,7.9,45.3,0,0,0,,0,0,45,16.6,12,1015.7,0,10,178.3,15.3,7,10,2022-12-16T06:24:24,2022-12-16T17:03:35,0.75,Clear,Clear conditions throughout the day.,clear-day,"62414099999,HESN"
"Ø£Ø³ÙØ§Ù, ÙØµØ±",2022-12-17,29,14.4,21.4,27.6,14.4,21.2,8.5,45.7,0,0,0,,0,0,46.8,14.8,12.6,1015.2,0,10,179.2,15.5,7,10,2022-12-17T06:24:58,2022-12-17T17:03:59,0.8,Clear,Clear conditions throughout the day.,clear-day,"62414099999,HESN"
"Ø£Ø³ÙØ§Ù, ÙØµØ±",2022-12-18,29.9,15,21.6,28.3,15,21.4,7,40.9,0,0,0,,0,0,28.4,14,9.6,1015.2,1.2,10.6,177.5,15.3,7,10,2022-12-18T06:25:32,2022-12-18T17:04:25,0.84,Clear,Clear conditions throughout the day.,clear-day,"62414099999,HESN,remote"
"Ø£Ø³ÙØ§Ù, ÙØµØ±",2022-12-19,30,17,22.3,28.5,17,22,6.4,37,0,0,0,,0,0,32.8,18.7,14.3,1014.1,9.4,10.6,177.2,15.2,7,10,2022-12-19T06:26:04,2022-12-19T17:04:52,0.87,Clear,Clear conditions throughout the day.,clear-day,"62414099999,HESN,remote"
"Ø£Ø³ÙØ§Ù, ÙØµØ±",2022-12-20,32,16,22.7,30,16,22.3,5.4,34.5,0,0,0,,0,0,43.2,14.8,7.2,1012.2,37.7,10,167.8,14.4,7,10,2022-12-20T06:26:36,2022-12-20T17:05:20,0.9,Partially cloudy,Partly cloudy throughout the day.,partly-cloudy-day,"62414099999,HESN"
"Ø£Ø³ÙØ§Ù, ÙØµØ±",2022-12-21,25.4,15,19.8,25.4,15,19.8,6,41.9,0,0,0,,0,0,43.6,18.4,9.7,1012.9,85.7,10.6,168.7,14.6,7,10,2022-12-21T06:27:07,2022-12-21T17:05:49,0.93,Partially cloudy,Partly cloudy throughout the day.,partly-cloudy-day,"62414099999,HESN,remote"
"Ø£Ø³ÙØ§Ù, ÙØµØ±",2022-12-22,26,14,18.5,26,14,18.5,5.9,45.1,0,0,0,,0,0,44.3,20.5,338.1,1012.9,82.6,10.6,164.8,14.1,6,10,2022-12-22T06:27:37,2022-12-22T17:06:19,0.97,Partially cloudy,Partly cloudy throughout the day.,partly-cloudy-day,"62414099999,HESN,remote"
"Ø£Ø³ÙØ§Ù, ÙØµØ±",2022-12-23,22,10,16.2,22,10,16.2,2.4,41,0,0,0,,0,0,30.2,14.8,312.6,1016.2,0,10,179.9,15.5,7,10,2022-12-23T06:28:06,2022-12-23T17:06:50,0,Clear,Clear conditions throughout the day.,clear-day,"62414099999,HESN"
"Ø£Ø³ÙØ§Ù, ÙØµØ±",2022-12-24,21,10,15.8,21,10,15.8,4.6,48.3,0,0,0,,0,0,25.9,15.5,335.9,1018,8.5,10.6,179.2,15.5,7,10,2022-12-24T06:28:34,2022-12-24T17:07:22,0.03,Clear,Clear conditions throughout the day.,clear-day,"62414099999,HESN,remote"
"Ø£Ø³ÙØ§Ù, ÙØµØ±",2022-12-25,22,11,16.2,22,11,16.2,1.9,39.2,0,0,0,,0,0,25.2,25.9,344.6,1019.9,8.6,10.6,179.6,15.5,7,10,2022-12-25T06:29:01,2022-12-25T17:07:54,0.07,Clear,Clear conditions throughout the day.,clear-day,"62414099999,HESN,remote"
"Ø£Ø³ÙØ§Ù, ÙØµØ±",2022-12-26,26,11,16.9,26,11,16.9,4.6,45.4,0,0,0,,0,0,36.7,23.8,344.4,1021.2,0,11.8,179.8,15.5,7,10,2022-12-26T06:29:27,2022-12-26T17:08:28,0.1,Clear,Clear conditions throughout the day.,clear-day,"62414099999,HESN,remote"
"Ø£Ø³ÙØ§Ù, ÙØµØ±",2022-12-27,21,11,15.8,21,11,15.8,4.2,47.8,0,0,0,,0,0,36.4,18.4,358,1023,0,10,183.9,15.9,7,10,2022-12-27T06:29:52,2022-12-27T17:09:03,0.14,Clear,Clear conditions throughout the day.,clear-day,"62414099999,HESN"
"Ø£Ø³ÙØ§Ù, ÙØµØ±",2022-12-28,23.1,9,16.1,23.1,7.6,16,4.3,46.5,0,0,0,,0,0,37.4,16.6,5.7,1022.5,0,10,181.6,15.6,7,10,2022-12-28T06:30:15,2022-12-28T17:09:39,0.17,Clear,Clear conditions throughout the day.,clear-day,"62414099999,HESN"
"Ø£Ø³ÙØ§Ù, ÙØµØ±",2022-12-29,23,9,16.3,23,7.6,16.3,5.5,51.1,0,0,0,,0,0,48.6,15.8,4.8,1021.4,0,10.6,181.7,15.7,7,10,2022-12-29T06:30:38,2022-12-29T17:10:15,0.21,Clear,Clear conditions throughout the day.,clear-day,"62414099999,HESN,remote"
"Ø£Ø³ÙØ§Ù, ÙØµØ±",2022-12-30,23,10,16.5,23,10,16.5,2.1,39.6,0,0,0,,0,0,28.8,14.8,5,1020.6,0.1,10,186.6,16.1,7,10,2022-12-30T06:30:59,2022-12-30T17:10:52,0.25,Clear,Clear conditions throughout the day.,clear-day,"62414099999,HESN"
"Ø£Ø³ÙØ§Ù, ÙØµØ±",2022-12-31,22.7,10,16,22.7,10,16,1.8,39.2,0,0,0,,0,0,23.8,13.7,7.7,1020.3,70,11.2,161.9,14,6,10,2022-12-31T06:31:19,2022-12-31T17:11:30,0.27,Partially cloudy,Partly cloudy throughout the day.,partly-cloudy-day,"62414099999,HESN,remote"
