name,datetime,tempmax,tempmin,temp,feelslikemax,feelslikemin,feelslike,dew,humidity,precip,precipprob,precipcover,preciptype,snow,snowdepth,windgust,windspeed,winddir,sealevelpressure,cloudcover,visibility,solarradiation,solarenergy,uvindex,severerisk,sunrise,sunset,moonphase,conditions,description,icon,stations
beijing,2022-01-01,8,-10,-1.6,6.2,-13.1,-4.9,-13.7,45.4,0,0,0,,0,0,42.8,32.4,323.1,1027.2,0,11.3,106.3,9.2,5,,2022-01-01T07:36:07,2022-01-01T16:59:47,0.94,Clear,Clear conditions throughout the day.,clear-day,"ZBAA,54511099999"
beijing,2022-01-02,2,-12,-3.4,-1.1,-16.4,-5.5,-16.1,38.9,0,0,0,,0,0,42.8,18,195.2,1030.9,45.4,12.5,109.6,9.3,5,,2022-01-02T07:36:14,2022-01-02T17:00:37,0.98,Partially cloudy,Becoming cloudy in the afternoon.,partly-cloudy-day,"ZBAA,54511099999"
beijing,2022-01-03,5.2,-10,-2.7,3.4,-14.1,-4.5,-14.3,44.7,0,0,0,,0,0,27.4,14.4,2.9,1026.6,6.6,11.1,113.5,9.8,5,,2022-01-03T07:36:19,2022-01-03T17:01:28,0,Clear,Clear conditions throughout the day.,clear-day,"ZBAA,54511099999"
beijing,2022-01-04,3,-10,-3.9,2,-14.1,-5.4,-11,59.9,0,0,0,,0,0,15.8,10.8,44.3,1031.2,14.4,10.4,100.4,8.7,4,,2022-01-04T07:36:22,2022-01-04T17:02:21,0.05,Clear,Clear conditions throughout the day.,clear-day,"ZBAA,54511099999"
beijing,2022-01-05,2.3,-9,-3.6,2,-9.8,-4.7,-7.6,75.3,0,0,0,,0,0,15.8,10.8,8.8,1030.4,66.5,9.6,97.2,8.5,4,,2022-01-05T07:36:22,2022-01-05T17:03:15,0.08,Partially cloudy,Partly cloudy throughout the day.,partly-cloudy-day,"ZBAA,54511099999"
beijing,2022-01-06,6,-7.5,-1.9,6,-11.9,-4,-9.7,60.1,0,0,0,,0,0,16.9,10.8,18.5,1033.8,0.3,9.8,111.4,9.5,5,,2022-01-06T07:36:21,2022-01-06T17:04:11,0.11,Clear,Clear conditions throughout the day.,clear-day,"ZBAA,54511099999"
beijing,2022-01-07,4,-8,-3.3,3.3,-9.4,-3.9,-8.3,71,0,0,0,,0,0,14.4,10.8,316.4,1030.1,1.3,8.5,78.6,6.7,4,,2022-01-07T07:36:17,2022-01-07T17:05:08,0.14,Clear,Clear conditions throughout the day.,clear-day,"ZBAA,54511099999"
beijing,2022-01-08,8.5,-8,-0.2,6.9,-11.2,-2.1,-10.3,53.3,0,0,0,,0,0,33.1,18,359.8,1025.8,10.3,9.2,118,10.2,5,,2022-01-08T07:36:11,2022-01-08T17:06:06,0.18,Clear,Clear conditions throughout the day.,clear-day,"ZBAA,54511099999"
beijing,2022-01-09,1,-3,-0.5,1,-3.6,-1.7,-4.4,75.1,0,0,0,,0,0,23,10.8,82.2,1026.3,64.9,9.8,83.5,7.2,4,,2022-01-09T07:36:03,2022-01-09T17:07:05,0.21,Partially cloudy,Partly cloudy throughout the day.,partly-cloudy-day,"ZBAA,54511099999"
beijing,2022-01-10,2,-5,-1.7,-1.4,-9.5,-5.6,-14.8,46.2,0,0,0,,0,0,38.2,36,353.1,1027.7,24,11.8,122.9,10.6,5,10,2022-01-10T07:35:52,2022-01-10T17:08:06,0.25,Partially cloudy,Clearing in the afternoon.,partly-cloudy-day,"ZBAA,54511099999"
beijing,2022-01-11,0,-9,-4.9,0,-12.9,-7.1,-18.6,34.4,0,0,0,,0,0,38.2,10.8,33.6,1028.2,22.6,12.5,112.3,9.7,3,10,2022-01-11T07:35:39,2022-01-11T17:09:07,0.28,Partially cloudy,Partly cloudy throughout the day.,partly-cloudy-day,"ZBAA,54511099999"
beijing,2022-01-12,2,-10,-3.7,-1.8,-13.1,-7.7,-16.2,41.1,0,0,0,,0,0,64.8,43.2,336.5,1026.6,53.5,12.4,80.1,6.8,3,10,2022-01-12T07:35:24,2022-01-12T17:10:10,0.31,Partially cloudy,Partly cloudy throughout the day.,partly-cloudy-day,"ZBAA,54511099999"
beijing,2022-01-13,4,-6,-1.6,1.3,-10.4,-5,-17.4,30.5,0,0,0,,0,0,37.4,18,258.8,1028.5,0,11.7,116.9,10.2,4,10,2022-01-13T07:35:07,2022-01-13T17:11:13,0.34,Clear,Clear conditions throughout the day.,clear-day,"ZBAA,54511099999"
beijing,2022-01-14,1.8,-11,-4.8,0.5,-11,-5.3,-11.8,59.3,0,0,0,,0,0,21.2,7.5,102.3,1021.8,18.4,9,112.8,9.8,4,10,2022-01-14T07:34:48,2022-01-14T17:12:18,0.37,Clear,Clear conditions throughout the day.,clear-day,"ZBAA,54511099999"
beijing,2022-01-15,4,-9,-2.7,-0.8,-14.3,-6.7,-14.7,48,0,0,0,,0,0,51.8,32.4,347.2,1024.2,3.7,9.8,114.7,10,4,10,2022-01-15T07:34:27,2022-01-15T17:13:23,0.41,Clear,Clear conditions throughout the day.,clear-day,"ZBAA,54511099999"
beijing,2022-01-16,1,-9,-4.7,-1,-14.3,-7.1,-17.3,38.4,0,0,0,,0,0,32.8,10.8,344.6,1030.7,7.8,12.1,116.6,10.1,4,10,2022-01-16T07:34:03,2022-01-16T17:14:29,0.44,Clear,Clear conditions throughout the day.,clear-day,"ZBAA,54511099999"
beijing,2022-01-17,5,-11,-2.5,2.3,-15.3,-5.5,-17.2,36.9,0,0,0,,0,0,38.9,25.2,288,1030.5,0,11.5,122.9,10.7,4,10,2022-01-17T07:33:38,2022-01-17T17:15:36,0.47,Clear,Clear conditions throughout the day.,clear-day,"ZBAA,54511099999"
beijing,2022-01-18,3,-12,-4.1,3,-12,-4.9,-12.4,54.8,0,0,0,,0,0,22,7.7,53.2,1025.9,22.5,10,113.8,9.9,4,10,2022-01-18T07:33:10,2022-01-18T17:16:43,0.5,Partially cloudy,Partly cloudy throughout the day.,partly-cloudy-day,"ZBAA,54511099999"
beijing,2022-01-19,-1.8,-7,-3.5,-4,-8.7,-6.4,-10.7,59.9,0,0,0,,0,0,24.1,18,150,1032.1,32.3,9.8,115.2,9.9,4,10,2022-01-19T07:32:40,2022-01-19T17:17:52,0.54,Partially cloudy,Clearing in the afternoon.,partly-cloudy-day,"ZBAA,54511099999"
beijing,2022-01-20,-2.8,-7,-4.1,-3,-11.9,-7.2,-9.8,64.5,0,0,0,,0,0,23,14.4,145.7,1034.5,91.4,9.3,85,7.4,3,10,2022-01-20T07:32:08,2022-01-20T17:19:00,0.58,Overcast,Cloudy skies throughout the day.,cloudy,"ZBAA,54511099999"
beijing,2022-01-21,-2.6,-5,-3.5,-3.9,-7.1,-5.9,-8.6,68.7,0.2,100,4.17,snow,0.2,0,20.2,10.8,136.2,1031.4,97.9,8,89.9,7.6,3,10,2022-01-21T07:31:34,2022-01-21T17:20:10,0.61,"Snow, Overcast",Cloudy skies throughout the day with late afternoon snow.,snow,"ZBAA,54511099999"
beijing,2022-01-22,-1,-6,-3.8,-1,-6,-3.9,-5.9,85.6,1.8,100,8.33,snow,1.4,1.5,13.3,6.1,56.9,1028.6,70.3,4,76.9,6.6,3,10,2022-01-22T07:30:58,2022-01-22T17:21:19,0.65,"Snow, Partially cloudy",Partly cloudy throughout the day with snow clearing later.,snow,"ZBAA,54511099999"
beijing,2022-01-23,0,-6,-2.1,0,-6,-3,-4.4,84.7,0,0,0,,0,0.4,13.3,10.8,141.9,1030.4,13.7,3.9,114.2,10,4,10,2022-01-23T07:30:21,2022-01-23T17:22:30,0.68,Clear,Clear conditions throughout the day.,clear-day,"ZBAA,54511099999"
beijing,2022-01-24,1,-3,-1,1,-3.1,-1.7,-3.7,82.6,0,0,0,,0,1.2,14.8,8.7,178.4,1026.6,26.8,2.2,110.1,9.6,4,10,2022-01-24T07:29:41,2022-01-24T17:23:40,0.72,Partially cloudy,Clearing in the afternoon.,partly-cloudy-day,"ZBAA,54511099999"
beijing,2022-01-25,6,-3,1.3,2.4,-6,-1.6,-8.4,55.2,0,0,0,,0,1.4,43.2,25.2,313.5,1024.8,3.7,8,129.8,11.3,4,10,2022-01-25T07:28:59,2022-01-25T17:24:51,0.75,Clear,Clear conditions throughout the day.,clear-day,"ZBAA,54511099999"
beijing,2022-01-26,1.2,-5,-2.1,-1,-9.9,-5.7,-14.4,39.6,0,0,0,,0,1.1,43.2,18,3.5,1030.6,77.4,12.7,103.8,9.1,3,10,2022-01-26T07:28:15,2022-01-26T17:26:03,0.79,Partially cloudy,Partly cloudy throughout the day.,partly-cloudy-day,"ZBAA,54511099999"
beijing,2022-01-27,2.2,-8,-2.4,1,-13.1,-5.6,-15.2,38.5,0,0,0,,0,1.7,30.6,18,17.4,1033.1,23.9,12.9,138.8,12.2,4,10,2022-01-27T07:27:29,2022-01-27T17:27:14,0.82,Partially cloudy,Partly cloudy throughout the day.,partly-cloudy-day,"ZBAA,54511099999"
beijing,2022-01-28,3,-7,-3,3,-11.9,-5.6,-16.6,36.2,0,0,0,,0,0.5,30.6,14.4,18.8,1031.9,76.7,12.3,130,11.4,4,10,2022-01-28T07:26:42,2022-01-28T17:28:26,0.86,Partially cloudy,Partly cloudy throughout the day.,partly-cloudy-day,"ZBAA,54511099999"
beijing,2022-01-29,4.2,-8,-2.4,4.2,-13.1,-4.6,-15.8,38.4,0,0,0,,0,0,20.2,18,348.9,1026.7,3,11.7,141,12.3,4,10,2022-01-29T07:25:53,2022-01-29T17:29:38,0.89,Clear,Clear conditions throughout the day.,clear-day,"ZBAA,54511099999"
beijing,2022-01-30,3,-10,-3.1,1.2,-11.4,-4.3,-9,65.9,0.8,100,4.17,"rain,snow",0.1,0,20.5,14.4,46.6,1024.4,17,7,130,11.4,4,10,2022-01-30T07:25:02,2022-01-30T17:30:50,0.93,"Snow, Rain",Clear conditions throughout the day with late afternoon rain or snow.,snow,"ZBAA,54511099999"
beijing,2022-01-31,0,-7,-2.3,-4.6,-12.3,-8.3,-16.6,34.4,0,0,0,,0,0.1,61.2,39.6,313.4,1025.9,4.2,13.2,146.1,12.7,4,10,2022-01-31T07:24:09,2022-01-31T17:32:02,0.96,Clear,Clear conditions throughout the day.,clear-day,"ZBAA,54511099999"
beijing,2022-02-01,2,-10,-4.4,2,-15.5,-7.6,-18.1,36,0,0,0,,0,0,48.2,18,348.2,1032.7,0,13,151.4,13.1,5,10,2022-02-01T07:23:14,2022-02-01T17:33:15,0,Clear,Clear conditions throughout the day.,clear-day,"ZBAA,54511099999"
beijing,2022-02-02,5,-12,-4.1,3.3,-17.9,-6.7,-17.7,39.6,0,0,0,,0,0,28.8,18,336.4,1030.9,0,12.5,152.5,13.2,5,10,2022-02-02T07:22:18,2022-02-02T17:34:27,0.03,Clear,Clear conditions throughout the day.,clear-day,"ZBAA,54511099999"
beijing,2022-02-03,2.2,-10,-3.1,-0.1,-12.9,-5.8,-17.5,35.6,0,0,0,,0,0,38.2,14.4,6.9,1029.8,13.6,13,146.8,12.7,4,10,2022-02-03T07:21:20,2022-02-03T17:35:39,0.06,Clear,Clear conditions throughout the day.,clear-day,"ZBAA,54511099999"
beijing,2022-02-04,1,-6.5,-3.8,-3.9,-13.6,-9.5,-20.7,26.6,0,0,0,,0,0,43.2,36,322.9,1033,0.2,13.2,158,13.9,5,10,2022-02-04T07:20:21,2022-02-04T17:36:52,0.09,Clear,Clear conditions throughout the day.,clear-day,"ZBAA,54511099999"
beijing,2022-02-05,4,-6,-1.3,0.9,-13.1,-6.2,-20.1,23.5,0,0,0,,0,0,42.5,32.4,299.8,1033.4,6,13.2,158.9,14,5,10,2022-02-05T07:19:19,2022-02-05T17:38:04,0.13,Clear,Clear conditions throughout the day.,clear-day,"ZBAA,54511099999"
beijing,2022-02-06,6,-6,0.4,3.7,-7.1,-2.4,-17.1,27.5,0,0,0,,0,0,34.9,21.6,324.2,1031.9,58.4,12.2,147.5,13.1,4,10,2022-02-06T07:18:17,2022-02-06T17:39:16,0.16,Partially cloudy,Partly cloudy throughout the day.,partly-cloudy-day,"ZBAA,54511099999"
beijing,2022-02-07,5,-8,-2,5,-12.9,-4.1,-15.9,37.2,0,0,0,,0,0,21.2,14.4,342.1,1029.1,94.9,12.2,117.1,10.4,4,10,2022-02-07T07:17:12,2022-02-07T17:40:28,0.19,Overcast,Cloudy skies throughout the day.,cloudy,"ZBAA,54511099999"
beijing,2022-02-08,8,-9,-0.7,6.9,-13.1,-2.9,-16.2,35.3,0,0,0,,0,0,19.4,10.8,313.7,1027.8,1.1,12.1,162.1,14.3,5,10,2022-02-08T07:16:07,2022-02-08T17:41:40,0.25,Clear,Clear conditions throughout the day.,clear-day,"ZBAA,54511099999"
beijing,2022-02-09,7,-9,-1.5,6,-9,-1.9,-12,49,0,0,0,,0,0,19.4,7.9,48,1023.6,27.6,10.2,152.7,13.4,5,10,2022-02-09T07:15:00,2022-02-09T17:42:52,0.26,Partially cloudy,Clearing in the afternoon.,partly-cloudy-day,"ZBAA,54511099999"
beijing,2022-02-10,10,-8,0.4,10,-11.8,-1.1,-11.2,47,0.3,100,4.17,rain,0,0,25.2,18,240.5,1022,6.9,9.7,160.4,14,5,10,2022-02-10T07:13:51,2022-02-10T17:44:04,0.29,Rain,Clear conditions throughout the day with morning rain.,rain,"ZBAA,54511099999"
beijing,2022-02-11,9,-5,2.2,8.1,-8.3,0,-11.4,41.2,0,0,0,,0,0,34.6,15.2,68.1,1025.8,81.8,10,106.5,9.4,3,10,2022-02-11T07:12:41,2022-02-11T17:45:15,0.32,Partially cloudy,Partly cloudy throughout the day.,partly-cloudy-day,"ZBAA,54511099999"
beijing,2022-02-12,1,-5,-1.4,1,-7.1,-3.2,-9.8,53.5,0,0,0,,0,0,34.6,10.8,106.4,1028.5,86.8,10.5,79.1,7.1,2,10,2022-02-12T07:11:30,2022-02-12T17:46:26,0.35,Partially cloudy,Partly cloudy throughout the day.,partly-cloudy-day,"ZBAA,54511099999"
beijing,2022-02-13,-3.5,-7.4,-5,-4,-10.4,-6.9,-7.2,84.7,3,100,12.5,snow,0.9,0.4,24.5,14.4,116.5,1027.3,99.4,4.3,67.9,5.7,2,10,2022-02-13T07:10:17,2022-02-13T17:47:37,0.39,"Snow, Overcast",Cloudy skies throughout the day with snow.,snow,"ZBAA,54511099999"
beijing,2022-02-14,-2.8,-12,-6.1,-7.1,-16.7,-11.7,-16,47.7,0,0,0,,0,1.4,43.2,28.8,320.7,1029.5,2.1,11.9,181.3,15.9,5,10,2022-02-14T07:09:03,2022-02-14T17:48:48,0.42,Clear,Clear conditions throughout the day.,clear-day,"ZBAA,54511099999"
beijing,2022-02-15,-3,-11,-7.8,-3,-17.8,-11.3,-19,40.9,0,0,0,,0,1.5,29.9,18,18.7,1029.8,40,12.3,164.4,14.4,5,10,2022-02-15T07:07:48,2022-02-15T17:49:59,0.45,Partially cloudy,Clearing in the afternoon.,partly-cloudy-day,"ZBAA,54511099999"
beijing,2022-02-16,-1,-10,-6.4,-3.1,-16.6,-9.8,-18.6,38.4,0,0,0,,0,1.7,28.8,14.4,19.9,1031.4,6.7,12.7,184.9,16.1,5,10,2022-02-16T07:06:31,2022-02-16T17:51:09,0.48,Clear,Clear conditions throughout the day.,clear-day,"ZBAA,54511099999"
beijing,2022-02-17,-1.5,-12,-5.8,-4,-12.5,-8.2,-14,53.2,0,0,0,,0,1.8,28.8,18,162.6,1032.9,87.5,11.2,128.2,11.2,4,10,2022-02-17T07:05:14,2022-02-17T17:52:19,0.5,Partially cloudy,Partly cloudy throughout the day.,partly-cloudy-day,"ZBAA,54511099999"
beijing,2022-02-18,4,-9,-2.7,-0.4,-10.7,-5.4,-12.4,54.3,0,0,0,,0,1.4,39.6,32.4,317.1,1030.9,69,11,137.4,12.1,4,10,2022-02-18T07:03:55,2022-02-18T17:53:29,0.55,Partially cloudy,Partly cloudy throughout the day.,partly-cloudy-day,"ZBAA,54511099999"
beijing,2022-02-19,1,-7,-3.4,-4.2,-14.6,-9.2,-19.5,28.2,0,0,0,,0,1.1,61.2,43.2,324.3,1034.3,16.7,13.2,193.2,17.1,5,10,2022-02-19T07:02:35,2022-02-19T17:54:38,0.59,Clear,Clear conditions throughout the day.,clear-day,"ZBAA,54511099999"
beijing,2022-02-20,5,-13,-2.4,2,-13,-5.7,-18.4,31.9,0,0,0,,0,1.1,46.8,36,306.9,1029.8,0.9,12,193,17.1,5,10,2022-02-20T07:01:14,2022-02-20T17:55:47,0.62,Clear,Clear conditions throughout the day.,clear-day,"ZBAA,54511099999"
beijing,2022-02-21,4,-11,-1.6,-0.2,-11,-6,-18.3,29,0,0,0,,0,0.9,43.2,32.4,317.5,1032,3.5,13.1,189.2,16.7,5,10,2022-02-21T06:59:53,2022-02-21T17:56:56,0.66,Clear,Clear conditions throughout the day.,clear-day,"ZBAA,54511099999"
beijing,2022-02-22,4,-10,-2.6,1.4,-11.7,-5.8,-18.7,30.6,0,0,0,,0,0.9,43.2,36,328.1,1036.6,0,12.8,200.3,17.8,6,10,2022-02-22T06:58:30,2022-02-22T17:58:05,0.69,Clear,Clear conditions throughout the day.,clear-day,"ZBAA,54511099999"
beijing,2022-02-23,7,-11,-2,5.7,-16.7,-4.1,-15.5,40.8,0,0,0,,0,0.2,25.2,10.8,308.7,1034.4,1.1,12,198.9,17.6,6,10,2022-02-23T06:57:06,2022-02-23T17:59:13,0.73,Clear,Clear conditions throughout the day.,clear-day,"ZBAA,54511099999"
beijing,2022-02-24,10,-6.7,0.5,10,-10.7,-0.9,-13.5,39,0,0,0,,0,0,21.6,10.8,275.9,1028.4,0.6,11.2,198.5,17.4,6,10,2022-02-24T06:55:41,2022-02-24T18:00:21,0.75,Clear,Clear conditions throughout the day.,clear-day,"ZBAA,54511099999"
beijing,2022-02-25,14,-6,3.4,14,-9.4,2.6,-9.1,45.4,0,0,0,,0,0,21.6,14.4,231.3,1020.2,9.3,8.9,189.6,16.8,5,10,2022-02-25T06:54:15,2022-02-25T18:01:28,0.8,Clear,Clear conditions throughout the day.,clear-day,"ZBAA,54511099999"
beijing,2022-02-26,11.3,-1,6.3,11.3,-3.6,3.7,-15.1,21.9,0,0,0,,0,0,52.6,28.8,298.3,1020.7,0.2,12.8,209.6,18.6,6,10,2022-02-26T06:52:49,2022-02-26T18:02:35,0.84,Clear,Clear conditions throughout the day.,clear-day,"ZBAA,54511099999"
beijing,2022-02-27,16,-6,5.1,16,-9.4,4.5,-12.1,33.1,0,0,0,,0,0,36,14.4,125,1017.2,23.3,11,207.3,18.4,6,10,2022-02-27T06:51:22,2022-02-27T18:03:42,0.87,Partially cloudy,Partly cloudy throughout the day.,partly-cloudy-day,"ZBAA,54511099999"
beijing,2022-02-28,12.1,0,7,12.1,0,5.6,-7.1,37.5,0,0,0,,0,0,54,32.4,341.2,1015.1,80.5,10.3,144.2,12.5,4,10,2022-02-28T06:49:53,2022-02-28T18:04:49,0.91,Partially cloudy,Partly cloudy throughout the day.,partly-cloudy-day,"ZBAA,54511099999"
beijing,2022-03-01,12,-1,6.4,12,-5.5,3.6,-15,21.1,0,0,0,,0,0,54,32.4,283,1022.4,0,13,205.7,15.9,6,10,2022-03-01T06:48:24,2022-03-01T18:05:55,0.94,Clear,Clear conditions throughout the day.,clear-day,"ZBAA,54511099999"
beijing,2022-03-02,16,-4,6.9,16,-7.1,6.1,-12.9,29.8,0,0,0,,0,0,40.7,28.8,289,1015.6,0,11.6,217,15.6,6,10,2022-03-02T06:46:55,2022-03-02T18:07:01,0.98,Clear,Clear conditions throughout the day.,clear-day,"ZBAA,54511099999"
beijing,2022-03-03,11.1,-3,4.7,11.1,-3,4,-11.1,33.3,0,0,0,,0,0,36,10.8,90.8,1014.5,6.4,10.9,214.7,15.5,6,10,2022-03-03T06:45:25,2022-03-03T18:08:07,0,Clear,Clear conditions throughout the day.,clear-day,"ZBAA,54511099999"
beijing,2022-03-04,11,-1,4.8,11,-1.3,2.9,-12.9,35.9,0,0,0,,0,0,75.6,57.6,321.5,1012.5,0.7,10.5,224.1,16.1,6,10,2022-03-04T06:43:54,2022-03-04T18:09:12,0.05,Clear,Clear conditions throughout the day.,wind,"ZBAA,54511099999"
beijing,2022-03-05,9.6,-4,3.7,8.4,-5.5,1.5,-19.2,20.6,0,0,0,,0,0,45,36,319.9,1022.5,0,12.4,229,16.3,6,10,2022-03-05T06:42:22,2022-03-05T18:10:18,0.08,Clear,Clear conditions throughout the day.,clear-day,"ZBAA,54511099999"
beijing,2022-03-06,11.1,-7,3.3,11.1,-7,2.6,-13.3,33.2,0,0,0,,0,0,32.4,21.6,133.3,1022.4,27.8,11.2,223.1,16.1,6,10,2022-03-06T06:40:50,2022-03-06T18:11:22,0.11,Partially cloudy,Partly cloudy throughout the day.,partly-cloudy-day,"ZBAA,54511099999"
beijing,2022-03-07,18,-3.1,7.6,18,-3.1,7.2,-11,32.1,0,0,0,,0,0,32.4,14.4,259.3,1017.5,7.7,11.5,229.5,17.2,6,10,2022-03-07T06:39:17,2022-03-07T18:12:27,0.14,Clear,Clear conditions throughout the day.,clear-day,"ZBAA,54511099999"
beijing,2022-03-08,17,-2,7.6,17,-3.6,7.1,-5.7,41.3,0,0,0,,0,0,28.8,7.2,69.1,1015.6,9,10,224.4,19.3,6,10,2022-03-08T06:37:44,2022-03-08T18:13:31,0.17,Clear,Clear conditions throughout the day.,clear-day,"ZBAA,54511099999"
beijing,2022-03-09,17,1,8.9,17,-1.3,8.7,-1.1,51.8,0,0,0,,0,0,18,10.8,98.2,1017.8,55.5,7.6,191.8,16.6,5,10,2022-03-09T06:36:10,2022-03-09T18:14:35,0.21,Partially cloudy,Partly cloudy throughout the day.,partly-cloudy-day,"ZBAA,54511099999"
beijing,2022-03-10,19,1,9.9,19,1,9.7,3.2,66.6,0,0,0,,0,0,18,7.2,72,1012.7,4.6,4.3,225.2,19.4,6,10,2022-03-10T06:34:36,2022-03-10T18:15:39,0.25,Clear,Clear conditions throughout the day.,clear-day,"ZBAA,54511099999"
beijing,2022-03-11,12,6,10,12,6,9.9,0.4,54.4,0,0,0,,0,0,28.4,14.4,139.7,1019,54.4,7.5,85,7.3,3,10,2022-03-11T06:33:02,2022-03-11T18:16:43,0.27,Partially cloudy,Partly cloudy throughout the day.,partly-cloudy-day,"ZBAA,54511099999"
beijing,2022-03-12,13,5,8.4,13,2.5,7.9,0.3,58.6,1,100,4.17,rain,0,0,18,10.8,61.9,1011.8,80,9.6,158.8,13.6,6,10,2022-03-12T06:31:27,2022-03-12T18:17:46,0.3,"Rain, Partially cloudy",Partly cloudy throughout the day with morning rain.,rain,"ZBAA,54511099999"
beijing,2022-03-13,11,1,7.3,11,1,6.2,3,75.7,0,0,0,,0,0,32.4,25.2,150,1013.3,46.6,7.3,186.6,16.1,6,10,2022-03-13T06:29:51,2022-03-13T18:18:49,0.34,Partially cloudy,Partly cloudy throughout the day.,partly-cloudy-day,"ZBAA,54511099999"
beijing,2022-03-14,21,1,11.8,21,1,11.6,-1.6,47.5,0,0,0,,0,0,39.2,20,218.3,1013.4,33.8,10.5,241.4,20.8,6,10,2022-03-14T06:28:16,2022-03-14T18:19:52,0.37,Partially cloudy,Partly cloudy throughout the day.,partly-cloudy-day,"ZBAA,54511099999"
beijing,2022-03-15,17,1,8.9,17,0.1,7.9,-0.9,52.4,0,0,0,,0,0,41.8,21.6,110.1,1010.2,24.2,9.7,239.5,20.7,6,10,2022-03-15T06:26:40,2022-03-15T18:20:54,0.4,Partially cloudy,Becoming cloudy in the afternoon.,partly-cloudy-day,"ZBAA,54511099999"
beijing,2022-03-16,13,5.8,9.8,13,3.8,8.9,0.9,54,0,0,0,,0,0,37.4,21.6,141.5,1020.1,86.3,9.7,193,16.8,5,10,2022-03-16T06:25:04,2022-03-16T18:21:57,0.43,Partially cloudy,Partly cloudy throughout the day.,partly-cloudy-day,"ZBAA,54511099999"
beijing,2022-03-17,5,-1,1.4,1.9,-4.7,-1.4,-5.4,64.7,1.3,100,8.33,"rain,snow",0.5,0.2,32.4,14.4,153.7,1027.7,95.6,9.3,75.6,6.6,2,10,2022-03-17T06:23:27,2022-03-17T18:22:59,0.46,"Snow, Rain, Overcast",Cloudy skies throughout the day with rain or snow.,snow,"ZBAA,54511099999"
beijing,2022-03-18,1,-3,-0.8,0,-7.1,-2.7,-2.1,90.6,6.2,100,12.5,"rain,snow",0.9,0.7,18,10.8,119,1016.5,45.2,5.5,129.4,11.2,4,10,2022-03-18T06:21:51,2022-03-18T18:24:01,0.5,"Snow, Rain, Partially cloudy",Becoming cloudy in the afternoon with rain or snow.,snow,"ZBAA,54511099999"
beijing,2022-03-19,7,-3,1.7,7,-7.2,-0.8,-7.5,54.1,2,100,4.17,"rain,snow",0.1,0.7,25.2,18,43.6,1019.9,39.9,11,240.8,20.8,7,10,2022-03-19T06:20:14,2022-03-19T18:25:03,0.53,"Snow, Rain, Partially cloudy",Partly cloudy throughout the day with morning rain or snow.,snow,"ZBAA,54511099999"
beijing,2022-03-20,11,-2,4.3,11,-3.6,3.1,-5,53.8,0,0,0,,0,0,29.9,18,210.3,1020.2,31.8,9.9,246.7,21.3,7,10,2022-03-20T06:18:37,2022-03-20T18:26:05,0.57,Partially cloudy,Clearing in the afternoon.,partly-cloudy-day,"ZBAA,54511099999"
beijing,2022-03-21,13,0,7.2,13,-2.5,5.8,-11,29.9,0,0,0,,0,0,39.6,25.2,334.5,1025,48.6,12.7,236.1,20.4,6,10,2022-03-21T06:17:00,2022-03-21T18:27:06,0.6,Partially cloudy,Partly cloudy throughout the day.,partly-cloudy-day,"ZBAA,54511099999"
beijing,2022-03-22,10,-2,3.7,8.5,-4.8,2.5,-7.4,49.5,0,0,0,,0,0,36,21.6,203.8,1025.7,65.9,11.6,146.3,12.7,5,10,2022-03-22T06:15:23,2022-03-22T18:28:08,0.64,Partially cloudy,Partly cloudy throughout the day.,partly-cloudy-day,"ZBAA,54511099999"
beijing,2022-03-23,11.5,-3,3.9,11.5,-6,3.5,-0.5,75.5,0,0,0,,0,0,36,7.2,44.9,1014.5,19.2,6.4,226.8,19.7,8,10,2022-03-23T06:13:46,2022-03-23T18:29:09,0.67,Clear,Clear conditions throughout the day.,clear-day,"ZBAA,54511099999"
beijing,2022-03-24,9.1,0,5.4,8.7,-2.5,4.6,3.5,88.6,0.2,100,8.33,rain,0,0,22.3,10.8,38.9,1010.6,47.2,3.2,147.7,12.7,7,10,2022-03-24T06:12:08,2022-03-24T18:30:11,0.71,"Rain, Partially cloudy",Partly cloudy throughout the day with rain.,rain,"ZBAA,54511099999"
beijing,2022-03-25,15,5,9.4,15,1.9,8.4,-2,53.3,0,0,0,,0,0,33.8,14.4,3.2,1012.5,74.9,7.4,103.1,8.9,4,10,2022-03-25T06:10:31,2022-03-25T18:31:12,0.75,Partially cloudy,Partly cloudy throughout the day.,partly-cloudy-day,"ZBAA,54511099999"
beijing,2022-03-26,20,-1,11,20,-2.5,10.8,-9.2,31.1,0,0,0,,0,0,54,39.6,303.1,1012.9,25.1,10.8,236.6,20.3,9,10,2022-03-26T06:08:54,2022-03-26T18:32:13,0.78,Partially cloudy,Becoming cloudy in the afternoon.,partly-cloudy-day,"ZBAA,54511099999"
beijing,2022-03-27,16,4,10.7,16,1.3,9.7,-16.1,14.4,0,0,0,,0,0,54,32.4,282.4,1021.4,0,12.9,267.8,23,9,10,2022-03-27T06:07:17,2022-03-27T18:33:14,0.82,Clear,Clear conditions throughout the day.,clear-day,"ZBAA,54511099999"
beijing,2022-03-28,18,2,11.5,18,0.6,10.8,-6,30.4,0,0,0,,0,0,45.7,25.2,182.8,1018.9,22.5,12,262.5,22.6,9,10,2022-03-28T06:05:40,2022-03-28T18:34:15,0.85,Partially cloudy,Partly cloudy throughout the day.,partly-cloudy-day,"ZBAA,remote,54511099999"
beijing,2022-03-29,13,5,10.5,13,5,10.3,3.9,66.1,0.9,100,4.17,rain,0,0,44.3,18,138.5,1015.8,82.1,8.8,67.2,5.8,3,10,2022-03-29T06:04:03,2022-03-29T18:35:15,0.89,"Rain, Partially cloudy",Partly cloudy throughout the day with afternoon rain.,rain,"ZBAA,54511099999"
beijing,2022-03-30,10,4.8,7.8,8.5,3,6.6,4,77.2,0,0,0,rain,0,0,19.1,14.6,13.1,1025.3,44.6,9.6,152.3,13.1,8,10,2022-03-30T06:02:27,2022-03-30T18:36:16,0.92,Partially cloudy,Partly cloudy throughout the day.,partly-cloudy-day,"ZBAA,54511099999"
beijing,2022-03-31,15,1,8.1,15,-1.3,7.2,-5,50,0,0,0,,0,0,46.8,36,334.1,1033.1,4.9,11.7,272.8,23.8,9,10,2022-03-31T06:00:50,2022-03-31T18:37:17,0.96,Clear,Clear conditions throughout the day.,clear-day,"ZBAA,54511099999"
beijing,2022-04-01,15.2,-2,8.2,15.2,-3.6,7.8,-7.6,35.2,0,0,0,,0,0,39.6,18,195.8,1032.4,44.8,11.7,228.5,19.8,8,10,2022-04-01T05:59:14,2022-04-01T18:38:17,0,Partially cloudy,Becoming cloudy in the afternoon.,partly-cloudy-day,"ZBAA,54511099999"
beijing,2022-04-02,19,3,12,19,1,11.8,-6.3,34.2,0,0,0,,0,0,38.5,18,17.3,1027.1,5.1,11.7,275.5,23.9,9,10,2022-04-02T05:57:38,2022-04-02T18:39:18,0.03,Clear,Clear conditions throughout the day.,clear-day,"ZBAA,54511099999"
beijing,2022-04-03,22,2,13.3,22,2,13.3,-5.2,31.4,0,0,0,,0,0,45,28.8,203.2,1022.9,22.9,11.1,272.8,23.7,9,10,2022-04-03T05:56:02,2022-04-03T18:40:19,0.06,Partially cloudy,Clearing in the afternoon.,partly-cloudy-day,"ZBAA,54511099999"
beijing,2022-04-04,22,6,14.9,22,4.5,14.7,3.8,48.7,0,0,0,,0,0,46.4,18,175.4,1018.9,11.2,8.4,266.6,23,9,10,2022-04-04T05:54:27,2022-04-04T18:41:19,0.09,Clear,Clear conditions throughout the day.,clear-day,"ZBAA,54511099999"
beijing,2022-04-05,24.1,7,16.5,24.1,5.7,16.4,0.9,43.7,0,0,0,,0,0,36,21.6,42.1,1017.6,11.3,9,276.8,23.9,9,10,2022-04-05T05:52:52,2022-04-05T18:42:20,0.13,Clear,Clear conditions throughout the day.,clear-day,"ZBAA,54511099999"
beijing,2022-04-06,13,6.3,10.1,13,4.9,9,-6.7,30.8,0,0,0,,0,0,36,18,161.3,1024.9,42.7,12.4,257.1,22.2,9,10,2022-04-06T05:51:17,2022-04-06T18:43:20,0.16,Partially cloudy,Partly cloudy throughout the day.,partly-cloudy-day,"ZBAA,54511099999"
beijing,2022-04-07,22.5,1,12.2,22.5,1,12,-3.5,35.7,0,0,0,,0,0,26.6,11.5,134.3,1016.8,18.7,11.1,268.2,23.1,9,10,2022-04-07T05:49:43,2022-04-07T18:44:21,0.19,Clear,Clear conditions throughout the day.,clear-day,"ZBAA,54511099999"
beijing,2022-04-08,23.8,6,15.1,23.8,6,15.1,5.1,52.6,0,0,0,,0,0,24.1,136,103.7,1009.3,4.8,8.8,280.6,24.2,9,10,2022-04-08T05:48:09,2022-04-08T18:45:21,0.22,Clear,Clear conditions throughout the day.,wind,"ZBAA,54511099999"
beijing,2022-04-09,25,10,18.5,25,9.2,18.4,9.1,57.4,0,0,0,,0,0,36.4,14.6,113,1004.6,10.9,6.7,278.2,24,9,10,2022-04-09T05:46:35,2022-04-09T18:46:22,0.25,Clear,Clear conditions throughout the day.,clear-day,"ZBAA,54511099999"
beijing,2022-04-10,26,10,18.2,26,10,18.2,11.2,66.1,0,0,0,,0,0,23.4,10.8,114.2,1003.4,18.9,5.6,264.3,22.8,9,10,2022-04-10T05:45:02,2022-04-10T18:47:22,0.29,Clear,Clear conditions throughout the day.,clear-day,"ZBAA,54511099999"
beijing,2022-04-11,28,14,20.6,27.6,14,20.5,5.1,47,0,0,0,,0,0,56.9,36,326.9,1005.3,50,6.9,130.7,11.3,5,10,2022-04-11T05:43:30,2022-04-11T18:48:23,0.32,Partially cloudy,Partly cloudy throughout the day.,partly-cloudy-day,"ZBAA,54511099999"
beijing,2022-04-12,21,14,17.3,21,14,17.3,-2.7,26.8,0,0,0,,0,0,56.9,21.6,2.6,1016.4,86,11.5,268.5,23.3,9,10,2022-04-12T05:41:58,2022-04-12T18:49:24,0.35,Partially cloudy,Partly cloudy throughout the day.,partly-cloudy-day,"ZBAA,54511099999"
beijing,2022-04-13,20,8,14.4,20,8,14.3,-1,37.6,0,0,0,,0,0,45.3,32.4,176.3,1018.1,55.7,11.7,279.8,24.3,9,10,2022-04-13T05:40:27,2022-04-13T18:50:24,0.38,Partially cloudy,Becoming cloudy in the afternoon.,partly-cloudy-day,"ZBAA,54511099999"
beijing,2022-04-14,20,4,13.1,20,4,13.1,-3.9,35.2,0,0,0,,0,0,46.8,36,339.1,1022.6,59.3,12.6,284,24.5,9,10,2022-04-14T05:38:56,2022-04-14T18:51:25,0.42,Partially cloudy,Partly cloudy throughout the day.,partly-cloudy-day,"ZBAA,54511099999"
beijing,2022-04-15,20.3,6,14,20.3,4.5,13.7,-8.4,22.8,0,0,0,,0,0,41.4,18,321.8,1026.7,4.4,13.1,307.6,26.5,9,10,2022-04-15T05:37:26,2022-04-15T18:52:25,0.45,Clear,Clear conditions throughout the day.,clear-day,"ZBAA,54511099999"
beijing,2022-04-16,24,1,15.4,24,-1.3,15.1,-8.6,24.5,0,0,0,,0,0,43.9,18,256.9,1019.2,0,12.2,308.7,26.5,9,10,2022-04-16T05:35:57,2022-04-16T18:53:26,0.48,Clear,Clear conditions throughout the day.,clear-day,"ZBAA,54511099999"
beijing,2022-04-17,21,5,13.9,21,5,13.9,1.1,45,0,0,0,,0,0,36,18,181.8,1015.6,91.9,10,169.7,14.7,6,10,2022-04-17T05:34:28,2022-04-17T18:54:27,0.5,Overcast,Cloudy skies throughout the day.,cloudy,"ZBAA,54511099999"
beijing,2022-04-18,23,9,16.7,23,8,16.7,3.5,46,0,0,0,,0,0,28.8,14.4,119.7,1017.1,20.3,8.7,298.6,25.7,9,10,2022-04-18T05:33:00,2022-04-18T18:55:28,0.55,Partially cloudy,Partly cloudy throughout the day.,partly-cloudy-day,"ZBAA,54511099999"
beijing,2022-04-19,28,6,18.6,26.7,6,18.5,2.6,43.4,0,0,0,,0,0,47.2,21.8,204.9,1013.4,0,8.5,305.4,26.3,9,10,2022-04-19T05:31:33,2022-04-19T18:56:28,0.58,Clear,Clear conditions throughout the day.,clear-day,"ZBAA,54511099999"
beijing,2022-04-20,29,9,20.5,27.4,9,20.3,5.1,41,0,0,0,,0,0,54.4,25.2,180.3,1004,32.7,10.2,302,26.2,9,10,2022-04-20T05:30:07,2022-04-20T18:57:29,0.62,Partially cloudy,Becoming cloudy in the afternoon.,partly-cloudy-day,"ZBAA,54511099999"
beijing,2022-04-21,28,17,21.1,26.7,17,21,6.3,43.3,0,0,0,,0,0,57.6,32.4,293,999.1,67.4,10.4,277.3,24,9,10,2022-04-21T05:28:41,2022-04-21T18:58:30,0.66,Partially cloudy,Partly cloudy throughout the day.,partly-cloudy-day,"ZBAA,54511099999"
beijing,2022-04-22,23,10,17.2,23,8.5,17.1,-2.4,27.5,0,0,0,,0,0,57.6,32.4,273.5,1011.5,9.4,13,309.3,26.7,9,10,2022-04-22T05:27:16,2022-04-22T18:59:30,0.69,Clear,Clear conditions throughout the day.,clear-day,"ZBAA,54511099999"
beijing,2022-04-23,27,8,18,26.3,8,18,6.1,48,0,0,0,,0,0,55.1,18,172.7,1004.8,5.4,10.5,308.1,26.6,9,10,2022-04-23T05:25:53,2022-04-23T19:00:31,0.75,Clear,Clear conditions throughout the day.,clear-day,"ZBAA,54511099999"
beijing,2022-04-24,27,13,20.4,27,13,20.4,10.9,56.1,0,0,0,,0,0,36,21.6,112.9,1004.4,58.9,9.4,293.2,25.2,9,10,2022-04-24T05:24:30,2022-04-24T19:01:32,0.76,Partially cloudy,Partly cloudy throughout the day.,partly-cloudy-day,"ZBAA,54511099999"
beijing,2022-04-25,26,16.9,20.5,26,16.9,20.5,13.1,63.2,0,0,0,,0,0,31.7,14.4,121,1004,35.6,5.5,289.9,25,9,10,2022-04-25T05:23:08,2022-04-25T19:02:33,0.8,Partially cloudy,Partly cloudy throughout the day.,partly-cloudy-day,"ZBAA,54511099999"
beijing,2022-04-26,24.1,15,20,24.1,15,20,-8.4,20.6,0,0,0,,0,0,82.8,57.6,329.4,1010.8,30.7,10.9,324,28,10,10,2022-04-26T05:21:47,2022-04-26T19:03:33,0.83,Partially cloudy,Becoming cloudy in the afternoon.,wind,"ZBAA,54511099999"
beijing,2022-04-27,14,7,10.8,14,5.7,10.2,0.9,54.7,3.2,100,12.5,rain,0,0,36,28.8,335.6,1022.6,75.8,12.1,127,10.8,7,10,2022-04-27T05:20:27,2022-04-27T19:04:34,0.87,"Rain, Partially cloudy",Partly cloudy throughout the day with rain.,rain,"ZBAA,54511099999"
beijing,2022-04-28,16,7.9,11.1,16,6.1,10.7,6.1,73.2,9.7,100,12.5,rain,0,0,21.6,14.4,184.9,1022.1,65.4,11.1,209.3,18,8,10,2022-04-28T05:19:08,2022-04-28T19:05:34,0.9,"Rain, Partially cloudy",Partly cloudy throughout the day with rain clearing later.,rain,"ZBAA,54511099999"
beijing,2022-04-29,19,10,14.4,19,10,14.4,8.2,67.4,0,0,0,,0,0,39.6,14.4,191.6,1018.9,64.9,9.1,275.5,24.1,9,10,2022-04-29T05:17:50,2022-04-29T19:06:35,0.94,Partially cloudy,Partly cloudy throughout the day.,partly-cloudy-day,"ZBAA,54511099999"
beijing,2022-04-30,23,11,16.8,23,11,16.8,-5.4,24.1,0,0,0,,0,0,46.8,24,330.7,1021.1,33.6,13,330.3,28.6,10,10,2022-04-30T05:16:34,2022-04-30T19:07:35,0.98,Partially cloudy,Clearing in the afternoon.,partly-cloudy-day,"ZBAA,54511099999"
beijing,2022-05-01,26,4,16.8,26,4,16.8,0.9,41.1,0,0,0,,0,0,43.2,32.4,326.7,1012.6,26.1,12.1,302.3,26.2,9,10,2022-05-01T05:15:18,2022-05-01T19:08:35,0,Partially cloudy,Becoming cloudy in the afternoon.,partly-cloudy-day,"ZBAA,54511099999"
beijing,2022-05-02,26,8,17.9,26,8,17.9,4.5,45.4,0,0,0,,0,0,43.2,18,138,1014.5,31.9,10.8,318.2,27.5,9,10,2022-05-02T05:14:04,2022-05-02T19:09:36,0.04,Partially cloudy,Becoming cloudy in the afternoon.,partly-cloudy-day,"ZBAA,54511099999"
beijing,2022-05-03,31.9,9,21.3,30.1,9,20.8,7.1,44.7,0,0,0,,0,0,39.6,21.6,187,1008.3,17.7,10.8,326.9,28.3,10,10,2022-05-03T05:12:50,2022-05-03T19:10:36,0.08,Clear,Clear conditions throughout the day.,clear-day,"ZBAA,54511099999"
beijing,2022-05-04,33,12,23.2,31.5,12,22.7,9.5,48.4,0,0,0,,0,0,53.3,25.2,179,1004.3,49.4,10.7,316.7,27.6,10,10,2022-05-04T05:11:38,2022-05-04T19:11:36,0.11,Partially cloudy,Partly cloudy throughout the day.,partly-cloudy-day,"ZBAA,54511099999"
beijing,2022-05-05,31,19.8,24.9,29.8,19.8,24.7,11.8,44.8,0,0,0,,0,0,51.5,18,157.4,1004.2,78.4,10.9,281.6,24.6,8,10,2022-05-05T05:10:28,2022-05-05T19:12:35,0.14,Partially cloudy,Partly cloudy throughout the day.,partly-cloudy-day,"ZBAA,54511099999"
beijing,2022-05-06,23.2,7,14.5,23.2,7,14.5,6.8,64.6,4.6,100,12.5,rain,0,0,46.8,27.4,41,1017.1,58.6,11,62.5,5.4,4,10,2022-05-06T05:09:18,2022-05-06T19:13:35,0.17,"Rain, Partially cloudy",Partly cloudy throughout the day with rain in the morning and afternoon.,rain,"ZBAA,54511099999"
beijing,2022-05-07,20,6,13.2,20,5.5,12.9,2,56,1,100,4.17,rain,0,0,46.8,28.8,219.8,1024.9,79.9,11.5,257,22.3,8,10,2022-05-07T05:08:10,2022-05-07T19:14:34,0.21,"Rain, Partially cloudy",Partly cloudy throughout the day with late afternoon rain.,rain,"ZBAA,54511099999"
beijing,2022-05-08,15,8.6,10.7,15,7.5,10.4,7.6,82.7,5.8,100,8.33,rain,0,0,46.8,9.1,144,1022.9,73.7,10.4,107.3,9.3,5,10,2022-05-08T05:07:03,2022-05-08T19:15:33,0.24,"Rain, Partially cloudy",Partly cloudy throughout the day with rain clearing later.,rain,"ZBAA,54511099999"
beijing,2022-05-09,20,7,13.7,20,6.9,13.5,7,67.7,0,0,0,,0,0,19.4,18,136.1,1019.6,77.2,10.5,258.7,22.4,8,10,2022-05-09T05:05:58,2022-05-09T19:16:32,0.25,Partially cloudy,Partly cloudy throughout the day.,partly-cloudy-day,"ZBAA,54511099999"
beijing,2022-05-10,15,9,12.7,15,8,12.6,9.1,79.4,0,0,0,rain,0,0,22.3,14.4,174.6,1014,36.7,5.7,300.5,26,9,10,2022-05-10T05:04:54,2022-05-10T19:17:30,0.3,Partially cloudy,Becoming cloudy in the afternoon.,partly-cloudy-day,"ZBAA,54511099999"
beijing,2022-05-11,22,8,16.1,22,6.9,15.8,6.5,59.1,0,0,0,,0,0,31.7,21.6,248.8,1016.6,73.2,9.2,284.5,24.4,9,10,2022-05-11T05:03:51,2022-05-11T19:18:29,0.34,Partially cloudy,Partly cloudy throughout the day.,partly-cloudy-day,"ZBAA,54511099999"
beijing,2022-05-12,20,12,16.2,20,12,16.2,6.8,55.2,0,0,0,,0,0,43.2,21.6,203.1,1015.4,85.2,11.7,252.4,21.8,9,10,2022-05-12T05:02:50,2022-05-12T19:19:26,0.37,Partially cloudy,Partly cloudy throughout the day.,partly-cloudy-day,"ZBAA,54511099999"
beijing,2022-05-13,25,7,16.6,25,5.7,16.5,-3,36.5,0,0,0,,0,0,43.2,27.4,307.4,1012.7,63.3,12.4,316.7,27.3,10,10,2022-05-13T05:01:51,2022-05-13T19:20:24,0.4,Partially cloudy,Partly cloudy throughout the day.,partly-cloudy-day,"ZBAA,54511099999"
beijing,2022-05-14,25,7,16.9,25,4.9,16.7,0.9,38.8,0,0,0,,0,0,43.2,18,353.2,1015.8,39.9,12.8,315.2,27.1,10,10,2022-05-14T05:00:53,2022-05-14T19:21:21,0.43,Partially cloudy,Partly cloudy throughout the day.,partly-cloudy-day,"ZBAA,54511099999"
beijing,2022-05-15,28,8,18.9,26.6,6.9,18.4,0.6,38.6,0,0,0,,0,0,32.4,21.6,288.2,1012.8,37.9,12.5,330.4,28.6,10,10,2022-05-15T04:59:56,2022-05-15T19:22:18,0.47,Partially cloudy,Partly cloudy throughout the day.,partly-cloudy-day,"ZBAA,54511099999"
beijing,2022-05-16,29,8,20.4,27.4,6.1,19.8,2,35.6,0,0,0,,0,0,40,18,91.6,1006.9,31.5,12.5,317.9,27.5,10,10,2022-05-16T04:59:01,2022-05-16T19:23:14,0.5,Partially cloudy,Becoming cloudy in the afternoon.,partly-cloudy-day,"ZBAA,54511099999"
beijing,2022-05-17,29,11.9,21.6,27.6,11.9,21.4,6.9,41.4,0,0,0,,0,0,44.3,18,105.1,1004.3,32.3,10.6,289.8,25,9,10,2022-05-17T04:58:08,2022-05-17T19:24:09,0.53,Partially cloudy,Partly cloudy throughout the day.,partly-cloudy-day,"ZBAA,54511099999"
beijing,2022-05-18,31,12,23,28.9,12,22.4,5.3,39.2,0,0,0,,0,0,33.5,18,87.9,1011.5,53.9,11.7,324.7,28,10,10,2022-05-18T04:57:16,2022-05-18T19:25:04,0.57,Partially cloudy,Becoming cloudy in the afternoon.,partly-cloudy-day,"ZBAA,54511099999"
beijing,2022-05-19,32,14,23.7,30.8,14,23.4,11.4,48.3,0,0,0,,0,0,44.3,21.6,174.1,1011.1,89.5,10.3,284,24.5,9,10,2022-05-19T04:56:26,2022-05-19T19:25:59,0.6,Partially cloudy,Partly cloudy throughout the day.,partly-cloudy-day,"ZBAA,54511099999"
beijing,2022-05-20,34,17,25.3,32.1,17,24.9,13.5,52,0,0,0,,0,0,33.8,18,195.9,1008.3,18.9,9.6,335.4,29,10,10,2022-05-20T04:55:38,2022-05-20T19:26:53,0.64,Clear,Clear conditions throughout the day.,clear-day,"ZBAA,54511099999"
beijing,2022-05-21,36,16,26.6,33.9,16,26,13.3,50.3,0,0,0,,0,0,36,21.6,202,1004.6,8,10.2,341.3,29.6,10,10,2022-05-21T04:54:51,2022-05-21T19:27:46,0.67,Clear,Clear conditions throughout the day.,clear-day,"ZBAA,54511099999"
beijing,2022-05-22,33.1,17,26.7,32.6,17,26.6,15.2,52,0,0,0,,0,0,32.4,14.4,127,1003.7,44.8,10.6,330.5,28.6,9,10,2022-05-22T04:54:07,2022-05-22T19:28:39,0.71,Partially cloudy,Becoming cloudy in the afternoon.,partly-cloudy-day,"ZBAA,54511099999"
beijing,2022-05-23,33,19,26.7,31.7,19,26.2,13,47.4,0,0,0,,0,0,34.6,21.6,183.7,1006.6,58.8,11,318,27.7,9,10,2022-05-23T04:53:23,2022-05-23T19:29:31,0.75,Partially cloudy,Partly cloudy throughout the day.,partly-cloudy-day,"ZBAA,54511099999"
beijing,2022-05-24,33,17,25.5,32.3,17,25.3,14.1,51.7,0,0,0,rain,0,0,46.8,25.2,200.4,1006.8,26.8,10.7,295.5,25.6,9,10,2022-05-24T04:52:42,2022-05-24T19:30:22,0.78,Partially cloudy,Partly cloudy throughout the day.,partly-cloudy-day,"ZBAA,54511099999"
beijing,2022-05-25,31,19,24.7,28.9,19,24.1,1.9,24.6,0,0,0,,0,0,46.8,36,357.9,1011.9,22.5,13.1,350.2,30.2,10,10,2022-05-25T04:52:02,2022-05-25T19:31:12,0.81,Partially cloudy,Partly cloudy throughout the day.,partly-cloudy-day,"ZBAA,54511099999"
beijing,2022-05-26,35,12,24.1,32.3,12,23.1,4.3,35.7,0,0,0,,0,0,39.6,28.8,310.4,1003.2,11.3,12.2,346.4,29.9,10,10,2022-05-26T04:51:24,2022-05-26T19:32:02,0.85,Clear,Clear conditions throughout the day.,clear-day,"ZBAA,54511099999"
beijing,2022-05-27,36,14,26.4,33.2,14,25.1,5.3,33.6,0,0,0,,0,0,49.7,25.2,202.1,999.2,43.6,12.5,341.8,29.6,10,10,2022-05-27T04:50:48,2022-05-27T19:32:50,0.88,Partially cloudy,Becoming cloudy in the afternoon.,partly-cloudy-day,"ZBAA,54511099999"
beijing,2022-05-28,36,18,28.6,34.8,18,28,11.8,37.8,0,0,0,,0,0,46.8,21.6,179.8,993.4,35.6,11.1,343.1,29.6,10,10,2022-05-28T04:50:14,2022-05-28T19:33:38,0.92,Partially cloudy,Partly cloudy throughout the day.,partly-cloudy-day,"ZBAA,54511099999"
beijing,2022-05-29,29.1,17.3,25.3,29.5,17.3,25.1,9.2,40.1,0,0,0,rain,0,0,50.4,39.6,335.2,998.2,40.8,12.7,263.5,22.8,9,10,2022-05-29T04:49:42,2022-05-29T19:34:25,0.95,Partially cloudy,Partly cloudy throughout the day.,partly-cloudy-day,"ZBAA,54511099999"
beijing,2022-05-30,32,10,22.1,29.8,10,21.4,1.8,32.4,0,0,0,,0,0,54,36,301,1003.4,3,11.9,354.3,30.6,10,10,2022-05-30T04:49:12,2022-05-30T19:35:10,0,Clear,Clear conditions throughout the day.,clear-day,"ZBAA,54511099999"
beijing,2022-05-31,30,11,22.3,28.8,11,22,9.6,47.5,0,0,0,,0,0,54,14.4,81.6,1000.5,24.9,11.5,325.8,28.1,10,10,2022-05-31T04:48:43,2022-05-31T19:35:55,0.02,Partially cloudy,Partly cloudy throughout the day.,partly-cloudy-day,"ZBAA,54511099999"
beijing,2022-06-01,36,14,25.8,33.2,14,24.7,6.5,37.4,0,0,0,,0,0,43.9,21.6,224.8,1003,1.8,11.9,355.9,30.8,10,10,2022-06-01T04:48:16,2022-06-01T19:36:39,0.06,Clear,Clear conditions throughout the day.,clear-day,"ZBAA,54511099999"
beijing,2022-06-02,37,15,27.1,34.9,15,26.3,10.3,38.7,0,0,0,,0,0,42.1,21.6,146.2,1001.7,34.5,11.4,345.5,29.7,10,10,2022-06-02T04:47:52,2022-06-02T19:37:21,0.09,Partially cloudy,Becoming cloudy in the afternoon.,partly-cloudy-day,"ZBAA,54511099999"
beijing,2022-06-03,35,19,27.3,35.2,19,27.7,15.5,49.7,0,0,0,,0,0,36,18,130,1001.7,74.9,10.4,296.7,25.6,9,10,2022-06-03T04:47:29,2022-06-03T19:38:02,0.12,Partially cloudy,Partly cloudy throughout the day.,partly-cloudy-day,"ZBAA,54511099999"
beijing,2022-06-04,34,21,26.6,34.6,21,26.9,17.6,59.7,0.3,100,4.17,rain,0,0,28.8,21.6,27.6,1001.5,66.2,11.7,228.9,19.7,9,10,2022-06-04T04:47:08,2022-06-04T19:38:43,0.16,"Rain, Partially cloudy",Partly cloudy throughout the day with morning rain.,rain,"ZBAA,54511099999"
beijing,2022-06-05,35,18.5,27.1,32.3,18.5,26.1,7.6,40.5,0,0,0,,0,0,58.7,43.2,322.5,1000.8,31.4,11.8,349.6,30.1,10,10,2022-06-05T04:46:49,2022-06-05T19:39:21,0.19,Partially cloudy,Becoming cloudy in the afternoon.,partly-cloudy-day,"ZBAA,54511099999"
beijing,2022-06-06,29,19,24.5,27.5,19,24.1,7.1,33.9,0,0,0,,0,0,46.8,25.2,357.1,1004.8,29.6,13.2,287.5,24.8,10,10,2022-06-06T04:46:32,2022-06-06T19:39:59,0.22,Partially cloudy,Partly cloudy throughout the day.,partly-cloudy-day,"ZBAA,54511099999"
beijing,2022-06-07,27,13,21.9,26.7,13,21.9,9.7,47.7,0,0,0,rain,0,0,36,18,144.9,1008.5,32.8,13,338,29.1,10,10,2022-06-07T04:46:17,2022-06-07T19:40:35,0.25,Partially cloudy,Clearing in the afternoon.,partly-cloudy-day,"ZBAA,54511099999"
beijing,2022-06-08,24,19,21.1,24,19,21.1,12.1,56.6,0,0,0,rain,0,0,32.4,14.4,100.4,1008.7,21.7,10.9,289.3,24.9,9,10,2022-06-08T04:46:03,2022-06-08T19:41:10,0.29,Partially cloudy,Partly cloudy throughout the day.,partly-cloudy-day,"ZBAA,54511099999"
beijing,2022-06-09,25,17,20.9,25,17,20.9,13.7,64.4,0,0,0,,0,0,27,14.4,137.5,1009.2,31.6,9.3,325,28,9,10,2022-06-09T04:45:52,2022-06-09T19:41:43,0.32,Partially cloudy,Becoming cloudy in the afternoon.,partly-cloudy-day,"ZBAA,54511099999"
beijing,2022-06-10,29,18,23.9,29.1,18,24.1,16.8,66.1,3,100,4.17,rain,0,0,32.4,18,120.7,1008.9,41.7,8.4,284.1,24.5,9,30,2022-06-10T04:45:43,2022-06-10T19:42:15,0.36,"Rain, Partially cloudy",Becoming cloudy in the afternoon with late afternoon rain.,rain,"ZBAA,54511099999"
beijing,2022-06-11,26,19.7,22.1,26,19.7,22.1,19,83.1,21.2,100,16.67,rain,0,0,32.4,21.6,116.7,1009.9,64.3,8,166.1,14.4,7,10,2022-06-11T04:45:35,2022-06-11T19:42:46,0.39,"Rain, Partially cloudy",Partly cloudy throughout the day with a chance of rain throughout the day.,rain,"ZBAA,54511099999"
beijing,2022-06-12,27,17,21.6,28.2,17,21.6,18.7,84.6,20.3,100,8.33,rain,0,0,43.2,21.6,145.7,1005.5,72,7.8,78.5,6.7,4,30,2022-06-12T04:45:30,2022-06-12T19:43:15,0.42,"Rain, Partially cloudy",Partly cloudy throughout the day with rain.,rain,"ZBAA,54511099999"
beijing,2022-06-13,23,16,19.3,23,16,19.3,16.5,84.3,1,100,4.17,rain,0,0,43.2,14.4,99.2,1004.3,66.9,9.6,260.8,22.4,9,10,2022-06-13T04:45:26,2022-06-13T19:43:42,0.46,"Rain, Partially cloudy",Partly cloudy throughout the day with early morning rain.,rain,"ZBAA,54511099999"
beijing,2022-06-14,27,17,21.7,27.3,17,21.8,16.4,74.5,0,0,0,rain,0,0,28.8,14.4,38.5,1005.4,44.7,10.4,330.6,28.6,9,10,2022-06-14T04:45:25,2022-06-14T19:44:08,0.5,Partially cloudy,Partly cloudy throughout the day.,partly-cloudy-day,"ZBAA,54511099999"
beijing,2022-06-15,27,19,22.8,27.7,19,22.9,17.4,72.8,0,0,0,rain,0,0,28.8,14.4,136.5,1006.4,69.5,8.4,290.9,25.1,9,10,2022-06-15T04:45:25,2022-06-15T19:44:32,0.52,Partially cloudy,Partly cloudy throughout the day.,partly-cloudy-day,"ZBAA,54511099999"
beijing,2022-06-16,29.1,20.2,24.7,30.8,20.2,25.2,18.9,71.3,0,0,0,rain,0,0,22,10.8,106,1003.4,45.6,8.6,314.8,27.2,9,10,2022-06-16T04:45:27,2022-06-16T19:44:55,0.56,Partially cloudy,Partly cloudy throughout the day.,partly-cloudy-day,"ZBAA,54511099999"
beijing,2022-06-17,31,20,26,33.3,20,27.2,20.2,71.9,0,0,0,,0,0,39.6,12.7,104,1001.8,29.1,7.2,289,24.9,8,15,2022-06-17T04:45:31,2022-06-17T19:45:15,0.59,Partially cloudy,Partly cloudy throughout the day.,partly-cloudy-day,"ZBAA,54511099999"
beijing,2022-06-18,32,21.8,27.2,35.8,21.8,28.8,21.1,70.9,1,100,4.17,rain,0,0,39.6,14.4,115.2,1002.2,38.3,7.7,333.8,29,9,15,2022-06-18T04:45:37,2022-06-18T19:45:34,0.63,"Rain, Partially cloudy",Clearing in the afternoon with late afternoon rain.,rain,"ZBAA,54511099999"
beijing,2022-06-19,32,21.9,27.2,35.8,21.9,28.9,21.1,70.5,0,0,0,,0,0,25.2,14.4,136.4,1004.3,9.5,8.5,333.5,28.9,9,15,2022-06-19T04:45:44,2022-06-19T19:45:52,0.66,Clear,Clear conditions throughout the day.,clear-day,"ZBAA,54511099999"
beijing,2022-06-20,34,22.4,28.6,40.6,22.4,31.4,22.3,70.4,0,0,0,,0,0,25.2,10.8,151.8,1000.5,41.3,8,322.6,28,9,30,2022-06-20T04:45:54,2022-06-20T19:46:07,0.69,Partially cloudy,Becoming cloudy in the afternoon.,partly-cloudy-day,"ZBAA,54511099999"
beijing,2022-06-21,34,24,29.3,40.6,24,32.8,22.9,69.6,0,0,0,,0,0,29.9,14.4,68.8,998.9,41.7,6.8,195.8,16.9,8,10,2022-06-21T04:46:05,2022-06-21T19:46:21,0.75,Partially cloudy,Partly cloudy throughout the day.,partly-cloudy-day,"ZBAA,54511099999"
beijing,2022-06-22,26,23.5,25,26,23.5,25,22.6,87.2,3.6,100,12.5,rain,0,0,23.4,14.4,37.2,1000.7,47.1,5.8,85.3,7.4,6,10,2022-06-22T04:46:18,2022-06-22T19:46:33,0.76,"Rain, Partially cloudy",Clearing in the afternoon with rain.,rain,"ZBAA,54511099999"
beijing,2022-06-23,36,21.7,27.8,36.1,21.7,28,18.3,61.6,0,0,0,rain,0,0,50.7,25.5,313.8,997.8,7.4,10.8,337,29.3,10,10,2022-06-23T04:46:33,2022-06-23T19:46:43,0.8,Clear,Clear conditions throughout the day.,clear-day,"ZBAA,54511099999"
beijing,2022-06-24,38,19.9,30.3,36.3,19.9,29.7,14.1,42.4,0,0,0,,0,0,43.2,25.2,277.5,997,1.3,12.9,348.2,30.1,10,10,2022-06-24T04:46:49,2022-06-24T19:46:51,0.83,Clear,Clear conditions throughout the day.,clear-day,"ZBAA,54511099999"
beijing,2022-06-25,38.1,20,29.9,41.2,20,31.3,18.3,52.9,0,0,0,,0,0,36,28.8,105.9,994.4,58.8,11.6,296.4,25.6,9,10,2022-06-25T04:47:07,2022-06-25T19:46:58,0.86,Partially cloudy,Partly cloudy throughout the day.,partly-cloudy-day,"ZBAA,54511099999"
beijing,2022-06-26,32,25,29.5,34.2,25,31,19.8,56.7,0,0,0,rain,0,0,37.4,14.4,87.6,1000.2,93.7,11.3,197.5,17.3,7,10,2022-06-26T04:47:27,2022-06-26T19:47:02,0.9,Overcast,Cloudy skies throughout the day.,cloudy,"ZBAA,54511099999"
beijing,2022-06-27,30.1,23,26.4,33.2,23,27.5,21.9,77.5,15,100,12.5,rain,0,0,36,14.4,353.9,997.3,51.5,9.5,260.3,22.6,9,10,2022-06-27T04:47:49,2022-06-27T19:47:05,0.93,"Rain, Partially cloudy",Partly cloudy throughout the day with rain clearing later.,rain,"ZBAA,54511099999"
beijing,2022-06-28,26.1,22,24.2,26.1,22,24.2,20.9,82.7,6,100,8.33,rain,0,0,25.9,18,328.1,997.9,74.9,11.5,197.4,17,9,10,2022-06-28T04:48:12,2022-06-28T19:47:05,0.97,"Rain, Partially cloudy",Partly cloudy throughout the day with early morning rain.,rain,"ZBAA,54511099999"
beijing,2022-06-29,27,21,24,29.2,21,24.3,20.6,82.1,17,100,16.67,rain,0,0,27.4,18,337.7,1002.5,55.9,11.6,51.7,4.6,3,10,2022-06-29T04:48:36,2022-06-29T19:47:04,0,"Rain, Partially cloudy",Partly cloudy throughout the day with a chance of rain throughout the day.,rain,"ZBAA,54511099999"
beijing,2022-06-30,31,21,26.5,34.5,21,27.7,20.8,72.8,0,0,0,rain,0,0,25.2,10.8,81.4,1005.6,49.4,11.5,286.1,24.6,9,10,2022-06-30T04:49:02,2022-06-30T19:47:01,0.04,Partially cloudy,Partly cloudy throughout the day.,partly-cloudy-day,"ZBAA,54511099999"
beijing,2022-07-01,29.4,22,25.3,32.7,22,26.3,22.3,84.3,4,100,4.17,rain,0,0,25.2,10.8,110.1,1007.6,78.2,10.4,155.3,13.5,7,10,2022-07-01T04:49:30,2022-07-01T19:46:56,0.07,"Rain, Partially cloudy",Partly cloudy throughout the day with morning rain.,rain,"ZBAA,54511099999"
beijing,2022-07-02,31,23,27.1,36.5,23,29.6,23.1,79.8,0,0,0,rain,0,0,18,9.1,123.2,1007.6,54,8,321.9,28,9,30,2022-07-02T04:49:59,2022-07-02T19:46:48,0.1,Partially cloudy,Becoming cloudy in the afternoon.,partly-cloudy-day,"ZBAA,54511099999"
beijing,2022-07-03,27,23,24.3,29.6,23,24.4,23.2,93.7,80,100,25,rain,0,0,28.8,14.4,105.9,1005.3,65.1,6.7,56.1,4.7,3,10,2022-07-03T04:50:30,2022-07-03T19:46:39,0.14,"Rain, Partially cloudy",Partly cloudy throughout the day with a chance of rain throughout the day.,rain,"ZBAA,54511099999"
beijing,2022-07-04,29.3,23.8,26.2,35.4,23.8,28.5,24.3,89.6,5,100,4.17,rain,0,0,18,10.8,122.8,1002,61.4,8.2,217.6,18.8,9,30,2022-07-04T04:51:02,2022-07-04T19:46:28,0.17,"Rain, Partially cloudy",Partly cloudy throughout the day with early morning rain.,rain,"ZBAA,54511099999"
beijing,2022-07-05,33,24,27.4,40.6,24,30.1,24.8,86.6,0.5,100,4.17,rain,0,0,32.4,21.6,117.3,1002.3,22.4,7,231.3,20,9,30,2022-07-05T04:51:35,2022-07-05T19:46:15,0.21,"Rain, Partially cloudy",Partly cloudy throughout the day with afternoon rain.,rain,"ZBAA,54511099999"
beijing,2022-07-06,30,22.9,25.9,33.3,22.9,27,23,85.1,5.3,100,12.5,rain,0,0,32.4,14.4,19.4,1001.9,41.1,11,281.4,24.4,9,10,2022-07-06T04:52:10,2022-07-06T19:46:00,0.24,"Rain, Partially cloudy",Clearing in the afternoon with rain clearing later.,rain,"ZBAA,54511099999"
beijing,2022-07-07,36,21,29,38.9,21,30.7,21,66.7,0,0,0,,0,0,29.2,10.8,95.6,1001.2,4.4,11.7,344.9,29.9,10,10,2022-07-07T04:52:46,2022-07-07T19:45:43,0.25,Clear,Clear conditions throughout the day.,clear-day,"ZBAA,54511099999"
beijing,2022-07-08,35,25,29.4,38.5,25,32.2,23.1,71.3,0,0,0,,0,0,34.2,14.4,34.4,1000.5,7.8,10.7,318.8,27.6,9,10,2022-07-08T04:53:23,2022-07-08T19:45:24,0.31,Clear,Clear conditions throughout the day.,clear-day,"ZBAA,54511099999"
beijing,2022-07-09,35,23,28.6,35.1,23,29.3,19.6,62.2,0,0,0,,0,0,33.5,11,9.4,1002,66.5,12.5,284.4,24.5,9,10,2022-07-09T04:54:01,2022-07-09T19:45:03,0.34,Partially cloudy,Partly cloudy throughout the day.,partly-cloudy-day,"ZBAA,54511099999"
beijing,2022-07-10,28,19.9,24.1,29.7,19.9,24.3,19.6,77.6,28,100,16.67,rain,0,0,25.2,14.4,186.2,1005.1,33.2,11.3,290.8,25.2,9,10,2022-07-10T04:54:40,2022-07-10T19:44:40,0.38,"Rain, Partially cloudy",Clearing in the afternoon with a chance of rain throughout the day.,rain,"ZBAA,54511099999"
beijing,2022-07-11,28,19,24.1,30.1,19,24.8,21,83.4,0,0,0,rain,0,0,14.4,7.2,126,1006,79.9,10,207.9,18,7,10,2022-07-11T04:55:21,2022-07-11T19:44:15,0.41,Partially cloudy,Partly cloudy throughout the day.,partly-cloudy-day,"ZBAA,54511099999"
beijing,2022-07-12,27,20.9,23.6,28.8,20.9,23.7,21.6,89.1,17.7,100,16.67,rain,0,0,25.9,14.4,10.7,1003.8,96.4,8.8,49.3,4.3,3,10,2022-07-12T04:56:03,2022-07-12T19:43:48,0.45,"Rain, Overcast",Cloudy skies throughout the day with a chance of rain throughout the day.,rain,"ZBAA,54511099999"
beijing,2022-07-13,35,20.9,28.3,41.9,20.9,31.5,22.8,74.3,0,0,0,,0,0,28.8,18,228.6,1000.2,21.7,11.6,326.8,28.3,9,30,2022-07-13T04:56:45,2022-07-13T19:43:20,0.48,Partially cloudy,Partly cloudy throughout the day.,partly-cloudy-day,"ZBAA,54511099999"
beijing,2022-07-14,36,22.4,29.3,36.3,22.4,29.7,19,58.7,0,0,0,,0,0,28.8,18,16.7,1001.4,28.3,11.9,332.6,28.7,9,10,2022-07-14T04:57:29,2022-07-14T19:42:49,0.5,Partially cloudy,Partly cloudy throughout the day.,partly-cloudy-day,"ZBAA,54511099999"
beijing,2022-07-15,37,22,29.9,37,22,30.8,19,56.3,0,0,0,,0,0,39.6,18,232.3,1000.7,70.9,12.3,314.6,27.2,9,10,2022-07-15T04:58:14,2022-07-15T19:42:16,0.55,Partially cloudy,Partly cloudy throughout the day.,partly-cloudy-day,"ZBAA,54511099999"
beijing,2022-07-16,33,23,28.6,39.4,23,31.5,22.3,69.8,0,0,0,,0,0,26.6,14.6,114.9,998.7,50.4,10.4,301.9,26,9,10,2022-07-16T04:58:59,2022-07-16T19:41:42,0.58,Partially cloudy,Partly cloudy throughout the day.,partly-cloudy-day,"ZBAA,54511099999"
beijing,2022-07-17,37,23.4,30.4,37.4,23.4,31.2,19.6,59,0,0,0,,0,0,36,21.6,287.3,997.9,31.9,10.8,327.8,28.2,9,10,2022-07-17T04:59:45,2022-07-17T19:41:05,0.61,Partially cloudy,Clearing in the afternoon.,partly-cloudy-day,"ZBAA,54511099999"
beijing,2022-07-18,36,23,29.8,35.2,23,30.2,18,53,0,0,0,,0,0,41.8,21.6,181.1,1000,42.4,12.4,329.9,28.4,9,10,2022-07-18T05:00:33,2022-07-18T19:40:27,0.65,Partially cloudy,Partly cloudy throughout the day.,partly-cloudy-day,"ZBAA,54511099999"
beijing,2022-07-19,34,21,27.7,34.6,21,28.6,19.7,64.8,0,0,0,,0,0,25.9,14.6,124.3,1001.6,99.9,10.9,230.2,19.7,9,10,2022-07-19T05:01:21,2022-07-19T19:39:47,0.68,Overcast,Cloudy skies throughout the day.,cloudy,"ZBAA,54511099999"
beijing,2022-07-20,33,25,28.6,34.6,25,29.8,20.5,64,0,0,0,,0,0,36,21.6,176.1,1003.2,21.2,11.1,325.5,28.1,9,10,2022-07-20T05:02:09,2022-07-20T19:39:05,0.75,Partially cloudy,Partly cloudy throughout the day.,partly-cloudy-day,"ZBAA,54511099999"
beijing,2022-07-21,34,22,28.1,36.1,22,29.5,20.5,65.7,0,0,0,,0,0,28.8,14.4,135.5,1006.1,4.7,10.8,320,27.8,9,10,2022-07-21T05:02:59,2022-07-21T19:38:22,0.75,Clear,Clear conditions throughout the day.,clear-day,"ZBAA,54511099999"
beijing,2022-07-22,31,23,27.5,35.5,23,29.4,21.4,70.5,10,100,4.17,rain,0,0,46.8,21.6,155.5,1007.2,87.3,10,173.8,15,7,10,2022-07-22T05:03:49,2022-07-22T19:37:36,0.78,"Rain, Partially cloudy",Partly cloudy throughout the day with late afternoon rain.,rain,"ZBAA,54511099999"
beijing,2022-07-23,34,22,27.5,35.1,22,28.2,19.9,66.4,3.1,100,8.33,rain,0,0,46.8,21.6,271,1003,20.5,12.7,320.6,27.8,9,30,2022-07-23T05:04:39,2022-07-23T19:36:49,0.81,"Rain, Partially cloudy",Partly cloudy throughout the day with rain clearing later.,rain,"ZBAA,54511099999"
beijing,2022-07-24,34,23,28,39.4,23,30.3,22.1,71.6,0,0,0,,0,0,39.6,14.4,147.6,1002,15.9,9.7,320.5,27.6,9,30,2022-07-24T05:05:31,2022-07-24T19:36:00,0.85,Clear,Clear conditions throughout the day.,clear-day,"ZBAA,54511099999"
beijing,2022-07-25,33,23,28.7,39.3,23,31.1,21.6,66.5,0,0,0,,0,0,29.2,18,162.5,1004.4,92.4,11.1,217.8,18.9,7,30,2022-07-25T05:06:22,2022-07-25T19:35:10,0.88,Overcast,Cloudy skies throughout the day.,cloudy,"ZBAA,54511099999"
beijing,2022-07-26,33,23,28.2,36.1,23,30.6,22.3,72.2,0,0,0,rain,0,0,31,18,136.1,1005.7,49.7,10.7,247.8,21.4,9,30,2022-07-26T05:07:15,2022-07-26T19:34:17,0.91,Partially cloudy,Partly cloudy throughout the day.,partly-cloudy-day,"ZBAA,54511099999"
beijing,2022-07-27,27,21,23.8,30.1,21,24.1,22.8,94.3,93.3,100,20.83,rain,0,0,36,18,25.2,1007.5,76.4,8,67,5.9,3,10,2022-07-27T05:08:08,2022-07-27T19:33:23,0.95,"Rain, Partially cloudy",Partly cloudy throughout the day with rain.,rain,"ZBAA,54511099999"
beijing,2022-07-28,30,20,23.9,32.5,20,24.5,20.9,84.5,54.3,100,12.5,rain,0,0,25.2,18,10.2,1006.8,54.6,11.5,88.8,7.6,5,10,2022-07-28T05:09:01,2022-07-28T19:32:28,0.98,"Rain, Partially cloudy",Partly cloudy throughout the day with rain clearing later.,rain,"ZBAA,54511099999"
beijing,2022-07-29,32,21,26.8,35.8,21,28.3,21.7,75.8,0,0,0,,0,0,19.4,10.8,147.5,1007.7,0.8,10.4,313.8,27,9,30,2022-07-29T05:09:55,2022-07-29T19:31:31,0,Clear,Clear conditions throughout the day.,clear-day,"ZBAA,54511099999"
beijing,2022-07-30,32,23.9,27.5,37.9,23.9,29.9,23.3,78.9,0,0,0,rain,0,0,22.3,14.4,127.5,1007.9,25.8,8.8,285.2,24.7,9,30,2022-07-30T05:10:49,2022-07-30T19:30:32,0.05,Partially cloudy,Partly cloudy throughout the day.,partly-cloudy-day,"ZBAA,54511099999"
beijing,2022-07-31,33,24.6,28.5,39.3,24.6,32.1,24.4,79.6,0,0,0,rain,0,0,21.6,10.8,134.7,1005.5,31.7,9.7,291.3,25.1,8,30,2022-07-31T05:11:43,2022-07-31T19:29:31,0.08,Partially cloudy,Partly cloudy throughout the day.,partly-cloudy-day,"ZBAA,54511099999"
beijing,2022-08-01,34,25,29.5,43.5,25,35.1,25.7,81,0,0,0,,0,0,18,10.8,141.1,1004.8,0,8,306.7,26.7,9,30,2022-08-01T05:12:38,2022-08-01T19:28:30,0.12,Clear,Clear conditions throughout the day.,clear-day,"ZBAA,54511099999"
beijing,2022-08-02,35,26,30.4,43.5,26,37,25.8,78,0,0,0,rain,0,0,25.2,18,140.4,1005.8,8.7,8,301,26,9,30,2022-08-02T05:13:33,2022-08-02T19:27:26,0.15,Clear,Clear conditions throughout the day.,clear-day,"ZBAA,54511099999"
beijing,2022-08-03,36,27.4,31.3,43.3,32.8,38.9,25.9,74.8,0,0,0,rain,0,0,28.4,18,171.1,1005.5,53.3,8.3,290.4,24.8,9,30,2022-08-03T05:14:28,2022-08-03T19:26:21,0.19,Partially cloudy,Partly cloudy throughout the day.,partly-cloudy-day,"ZBAA,54511099999"
beijing,2022-08-04,36,25,30.3,48.1,25,37.8,26.3,80.9,11,100,4.17,rain,0,0,43.2,25.2,138.8,1003.6,43,9,295.8,25.6,9,60,2022-08-04T05:15:24,2022-08-04T19:25:15,0.22,"Rain, Partially cloudy",Partly cloudy throughout the day with late afternoon rain.,rain,"ZBAA,54511099999"
beijing,2022-08-05,37,24,30.3,44.6,24,35.3,24.8,75.4,0,0,0,,0,0,43.2,10.8,129.7,1002.3,8.2,10.3,308,26.6,9,60,2022-08-05T05:16:20,2022-08-05T19:24:08,0.25,Clear,Clear conditions throughout the day.,clear-day,"ZBAA,54511099999"
beijing,2022-08-06,31.6,26,28.3,44.1,26,33.6,25.8,86.5,27.2,100,8.33,rain,0,0,50.4,18,64.8,1001.8,60.2,9.3,182,15.8,8,60,2022-08-06T05:17:16,2022-08-06T19:22:59,0.29,"Rain, Partially cloudy",Partly cloudy throughout the day with rain.,rain,"ZBAA,54511099999"
beijing,2022-08-07,34,26.8,29.2,45.3,30.9,36.9,27.1,88.8,4.5,100,12.5,rain,0,0,21.2,10.8,159.5,999.9,46.9,8.2,174.2,15.1,8,60,2022-08-07T05:18:12,2022-08-07T19:21:48,0.33,"Rain, Partially cloudy",Clearing in the afternoon with a chance of rain throughout the day.,rain,"ZBAA,54511099999"
beijing,2022-08-08,29,23,26.4,36.8,23,27.7,20.8,72.7,0,0,0,,0,0,30.2,18,41.5,1006.9,88.6,12.4,30.3,2.6,1,60,2022-08-08T05:19:08,2022-08-08T19:20:37,0.36,Partially cloudy,Partly cloudy throughout the day.,partly-cloudy-day,"ZBAA,54511099999"
beijing,2022-08-09,26,19.4,22.6,26,19.4,22.6,19.9,85.7,6.2,100,12.5,rain,0,0,25.2,14.4,230.5,1009.4,25.1,12.1,106.6,9.3,7,10,2022-08-09T05:20:05,2022-08-09T19:19:24,0.4,"Rain, Partially cloudy",Partly cloudy throughout the day with a chance of rain throughout the day.,rain,"ZBAA,54511099999"
beijing,2022-08-10,31,18,24.5,33,18,25.3,20.1,78.9,0,0,0,,0,0,26.6,14.4,175.7,1006.3,0.7,11.5,304.8,26.2,9,10,2022-08-10T05:21:01,2022-08-10T19:18:09,0.43,Clear,Clear conditions throughout the day.,clear-day,"ZBAA,54511099999"
beijing,2022-08-11,32,20.9,26.7,36.8,20.9,28.5,22.2,78.2,0,0,0,,0,0,25.2,14.6,171.6,1003.1,8.2,10.1,294.7,25.5,9,10,2022-08-11T05:21:58,2022-08-11T19:16:54,0.47,Clear,Clear conditions throughout the day.,clear-day,"ZBAA,54511099999"
beijing,2022-08-12,32,24,27.8,36.8,24,30.3,23.5,78.5,0,0,0,rain,0,0,25.2,14.4,143.1,1003.7,37.3,8.7,165.5,14.4,6,10,2022-08-12T05:22:55,2022-08-12T19:15:37,0.5,Partially cloudy,Partly cloudy throughout the day.,partly-cloudy-day,"ZBAA,54511099999"
beijing,2022-08-13,32,24,28.2,39.2,24,31.5,24.1,79.8,0,0,0,rain,0,0,28.4,10.8,134.2,1004,49.2,7.1,214.2,18.5,8,10,2022-08-13T05:23:51,2022-08-13T19:14:20,0.54,Partially cloudy,Partly cloudy throughout the day.,partly-cloudy-day,"ZBAA,54511099999"
beijing,2022-08-14,27,23,24.4,30.6,23,24.7,23.5,94.8,10,100,12.5,rain,0,0,25.6,7.2,58.7,1000.9,85.1,6.2,9.7,0.9,0,10,2022-08-14T05:24:48,2022-08-14T19:13:01,0.57,"Rain, Partially cloudy",Partly cloudy throughout the day with a chance of rain throughout the day.,rain,"ZBAA,54511099999"
beijing,2022-08-15,36,23,28.7,36.3,23,29,19.3,62.9,0,0,0,,0,0,33.1,32.4,328.1,999.7,32.4,11.6,266.2,23.1,8,10,2022-08-15T05:25:45,2022-08-15T19:11:41,0.6,Partially cloudy,Partly cloudy throughout the day.,partly-cloudy-day,"ZBAA,54511099999"
beijing,2022-08-16,31,19,26,32.4,19,26.4,17.7,62.4,0,0,0,,0,0,28.8,14.4,77,1006.9,21.8,12.5,285.6,24.7,9,10,2022-08-16T05:26:42,2022-08-16T19:10:20,0.63,Partially cloudy,Clearing in the afternoon.,partly-cloudy-day,"ZBAA,54511099999"
beijing,2022-08-17,30.2,23,26.5,35.1,23,28.3,22.2,77.9,0,0,0,rain,0,0,26.6,14.4,142.6,1006.1,81.2,10.2,146.2,12.6,4,10,2022-08-17T05:27:39,2022-08-17T19:08:58,0.67,Partially cloudy,Partly cloudy throughout the day.,partly-cloudy-day,"ZBAA,54511099999"
beijing,2022-08-18,26,23,24.1,26,23,24.1,23.5,96.3,17,100,25,rain,0,0,38.2,10.8,140.2,1001.6,96.7,4.7,21.6,1.8,1,10,2022-08-18T05:28:36,2022-08-18T19:07:34,0.7,"Rain, Overcast",Cloudy skies throughout the day with a chance of rain throughout the day.,rain,"ZBAA,54511099999"
beijing,2022-08-19,32,21,26.5,32.4,21,26.7,19.5,69.7,0.1,100,4.17,rain,0,0,46.4,28.8,321,1001.2,31.7,10,285.4,24.7,9,10,2022-08-19T05:29:33,2022-08-19T19:06:10,0.75,"Rain, Partially cloudy",Becoming cloudy in the afternoon with early morning rain.,rain,"ZBAA,54511099999"
beijing,2022-08-20,31,19,25.4,34.5,19,26.5,20.5,75.7,0,0,0,rain,0,0,36,18,181.6,1007.9,57,11.6,208.3,18,9,10,2022-08-20T05:30:29,2022-08-20T19:04:45,0.77,Partially cloudy,Partly cloudy throughout the day.,partly-cloudy-day,"ZBAA,54511099999"
beijing,2022-08-21,31,23,26.3,34.5,23,27.6,21.8,77.3,9,100,8.33,rain,0,0,37.4,11,132.7,1002.2,95.1,10.4,148.4,12.8,6,10,2022-08-21T05:31:26,2022-08-21T19:03:19,0.8,"Rain, Overcast",Cloudy skies throughout the day with late afternoon rain.,rain,"ZBAA,54511099999"
beijing,2022-08-22,34,20,26.6,32.9,20,26.5,17.8,66.3,22.4,100,8.33,rain,0,0,43.2,28.8,341.5,1003,67,9.5,237.7,20.7,9,10,2022-08-22T05:32:23,2022-08-22T19:01:53,0.83,"Rain, Partially cloudy",Partly cloudy throughout the day with rain clearing later.,rain,"ZBAA,54511099999"
beijing,2022-08-23,27.5,16,22.4,26.7,16,22.3,12.4,56.6,0,0,0,,0,0,32.4,25.2,325.5,1014.4,63.3,12.9,240,20.8,9,10,2022-08-23T05:33:20,2022-08-23T19:00:25,0.86,Partially cloudy,Partly cloudy throughout the day.,partly-cloudy-day,"ZBAA,54511099999"
beijing,2022-08-24,28,18,23.3,28,18,23.3,15.3,62.4,0,0,0,,0,0,32.4,14.4,208.9,1010.8,77,12.8,243.7,21,8,10,2022-08-24T05:34:17,2022-08-24T18:58:56,0.9,Partially cloudy,Partly cloudy throughout the day.,partly-cloudy-day,"ZBAA,54511099999"
beijing,2022-08-25,32,18,24.8,30.6,18,24.2,13.7,58.3,0,0,0,,0,0,36.7,28.8,277,1007.8,34.1,11.8,287.8,24.8,9,10,2022-08-25T05:35:13,2022-08-25T18:57:27,0.93,Partially cloudy,Clearing in the afternoon.,partly-cloudy-day,"ZBAA,54511099999"
beijing,2022-08-26,28,16,21.5,26.7,16,21.4,9.2,53.5,0,0,0,,0,0,61.2,43.2,323.3,1008.3,75.4,12.7,158.9,13.6,5,10,2022-08-26T05:36:10,2022-08-26T18:55:57,0.96,Partially cloudy,Partly cloudy throughout the day.,partly-cloudy-day,"ZBAA,54511099999"
beijing,2022-08-27,27,11,19.6,26.2,11,19.5,7.8,51.4,0,0,0,,0,0,34.9,10.8,15,1015.2,58.6,12.6,267,23.1,9,10,2022-08-27T05:37:07,2022-08-27T18:54:26,0,Partially cloudy,Partly cloudy throughout the day.,partly-cloudy-day,"ZBAA,54511099999"
beijing,2022-08-28,22,13,17.5,22,13,17.5,14,81.1,1,100,4.17,rain,0,0,32,14.4,269.4,1014.1,99,10.8,32.5,2.7,2,10,2022-08-28T05:38:03,2022-08-28T18:52:55,0.03,"Rain, Overcast",Cloudy skies throughout the day with late afternoon rain.,rain,"ZBAA,54511099999"
beijing,2022-08-29,25,16,19.4,25,16,19.4,15.7,80.5,0,0,0,,0,0,28.8,18,179.4,1013.3,62.6,9.9,244.8,21.2,8,10,2022-08-29T05:39:00,2022-08-29T18:51:23,0.06,Partially cloudy,Partly cloudy throughout the day.,partly-cloudy-day,"ZBAA,54511099999"
beijing,2022-08-30,29,15,21.9,29.8,15,22.2,16.9,75.4,0,0,0,,0,0,28.8,21.6,224.8,1012.6,28.4,9.7,254.4,21.9,8,10,2022-08-30T05:39:56,2022-08-30T18:49:50,0.1,Partially cloudy,Clearing in the afternoon.,partly-cloudy-day,"ZBAA,54511099999"
beijing,2022-08-31,32,16,24,30.6,16,23.6,13.6,59.3,0,0,0,,0,0,29.5,18,299.4,1011.5,0.2,12.3,274.7,23.8,9,10,2022-08-31T05:40:52,2022-08-31T18:48:17,0.14,Clear,Clear conditions throughout the day.,clear-day,"ZBAA,54511099999"
beijing,2022-09-01,29,15,23.1,28,15,22.8,12.3,54.6,0,0,0,,0,0,29.5,14.4,111.8,1017.3,0.2,12.5,273.5,23.6,9,10,2022-09-01T05:41:49,2022-09-01T18:46:43,0.17,Clear,Clear conditions throughout the day.,clear-day,"ZBAA,54511099999"
beijing,2022-09-02,29,14,21.8,28.6,14,21.7,14.7,67.6,0,0,0,,0,0,25.2,10.8,158.2,1017.4,33.5,11.2,268.7,23.2,9,10,2022-09-02T05:42:45,2022-09-02T18:45:09,0.21,Partially cloudy,Becoming cloudy in the afternoon.,partly-cloudy-day,"ZBAA,54511099999"
beijing,2022-09-03,27,16,22,27.9,16,22.1,17.8,79.3,0.2,100,4.17,rain,0,0,23,14.4,152.8,1013.1,80.6,9.5,195.1,16.8,8,10,2022-09-03T05:43:41,2022-09-03T18:43:34,0.24,"Rain, Partially cloudy",Partly cloudy throughout the day with late afternoon rain.,rain,"ZBAA,54511099999"
beijing,2022-09-04,29,19,23,29.8,19,23.3,18,74.9,3,100,4.17,rain,0,0,43.2,10.8,174.3,1007.8,24.3,9.1,258.3,22.4,8,30,2022-09-04T05:44:38,2022-09-04T18:41:58,0.25,"Rain, Partially cloudy",Partly cloudy throughout the day with late afternoon rain.,rain,"ZBAA,54511099999"
beijing,2022-09-05,30,16.8,22.1,28.2,16.8,21.8,8.5,48.9,0,0,0,,0,0,46.8,25.2,334.7,1008.2,5.6,12.9,271.5,23.6,9,10,2022-09-05T05:45:34,2022-09-05T18:40:22,0.31,Clear,Clear conditions throughout the day.,clear-day,"ZBAA,54511099999"
beijing,2022-09-06,30,11,21.7,28.3,11,21.2,8.7,52.7,0,0,0,,0,0,47,28.8,284.7,1008.8,0,12.2,266.4,23.1,8,10,2022-09-06T05:46:30,2022-09-06T18:38:46,0.35,Clear,Clear conditions throughout the day.,clear-day,"ZBAA,54511099999"
beijing,2022-09-07,33,13,22.4,30.8,13,21.9,11.1,56.8,0,0,0,,0,0,36,10.8,349.7,1016.7,0,11.6,266.8,23,8,10,2022-09-07T05:47:26,2022-09-07T18:37:09,0.38,Clear,Clear conditions throughout the day.,clear-day,"ZBAA,54511099999"
beijing,2022-09-08,32,14,23.2,32,14,23.1,15.1,65.4,0,0,0,,0,0,24.8,12.7,175.4,1017,24.3,11,254.3,22,8,10,2022-09-08T05:48:22,2022-09-08T18:35:32,0.42,Partially cloudy,Becoming cloudy in the afternoon.,partly-cloudy-day,"ZBAA,54511099999"
beijing,2022-09-09,32,17,24.2,32.9,17,24.6,18.1,72.7,0,0,0,,0,0,18,10.8,110.8,1016.7,86.5,9.6,234.4,20.2,8,10,2022-09-09T05:49:18,2022-09-09T18:33:54,0.46,Partially cloudy,Partly cloudy throughout the day.,partly-cloudy-day,"ZBAA,54511099999"
beijing,2022-09-10,31,19,24.7,32.3,19,25.2,18.4,70.8,0,0,0,,0,0,36,18,70.5,1016,27.1,9.3,246,21.3,8,10,2022-09-10T05:50:15,2022-09-10T18:32:17,0.5,Partially cloudy,Partly cloudy throughout the day.,partly-cloudy-day,"ZBAA,54511099999"
beijing,2022-09-11,29,17,23.7,29.8,17,24,17.9,71.5,0,0,0,,0,0,21.6,14.4,129.7,1013.9,16.5,10.1,239.2,20.5,8,10,2022-09-11T05:51:11,2022-09-11T18:30:39,0.52,Clear,Clear conditions throughout the day.,clear-day,"ZBAA,54511099999"
beijing,2022-09-12,30,21,24.7,32.5,21,25.4,20.2,77.2,0,0,0,,0,0,21.6,9.1,131.3,1012.9,0,6.9,243.7,20.9,8,30,2022-09-12T05:52:07,2022-09-12T18:29:00,0.56,Clear,Clear conditions throughout the day.,clear-day,"ZBAA,54511099999"
beijing,2022-09-13,30,19,24.3,31.9,19,24.9,20.1,79.3,0,0,0,,0,0,18.7,14.4,95.1,1018.2,0,6.4,238.4,20.6,8,30,2022-09-13T05:53:03,2022-09-13T18:27:22,0.59,Clear,Clear conditions throughout the day.,clear-day,"ZBAA,54511099999"
beijing,2022-09-14,31,19,24.7,31.4,19,25,18.4,71,0,0,0,,0,0,25.2,10.8,97.5,1017.9,4.4,9.1,239,20.6,8,10,2022-09-14T05:53:59,2022-09-14T18:25:43,0.62,Clear,Clear conditions throughout the day.,clear-day,"ZBAA,54511099999"
beijing,2022-09-15,31,18,24.3,31.4,18,24.5,17.9,70.3,0,0,0,,0,0,21.6,10.8,139.6,1011.5,0,10.3,237,20.6,8,10,2022-09-15T05:54:56,2022-09-15T18:24:04,0.65,Clear,Clear conditions throughout the day.,clear-day,"ZBAA,54511099999"
beijing,2022-09-16,32,18,24.5,32,18,24.7,18.1,71.2,0,0,0,,0,0,34.6,14.4,199.7,1005.5,17.9,9.8,236.8,20.5,8,10,2022-09-16T05:55:52,2022-09-16T18:22:25,0.69,Clear,Clear conditions throughout the day.,clear-day,"ZBAA,54511099999"
beijing,2022-09-17,31,19,24.5,32.5,19,25.1,19.6,76.2,0,0,0,,0,0,21.6,14.4,129.1,1007.1,16.7,8,225.4,19.4,8,10,2022-09-17T05:56:49,2022-09-17T18:20:46,0.72,Clear,Clear conditions throughout the day.,clear-day,"ZBAA,54511099999"
beijing,2022-09-18,30,16,24.3,28.2,16,23.8,7.8,40.9,0,0,0,,0,0,36,21.6,21.3,1012.7,9.4,11.6,238.3,20.4,8,10,2022-09-18T05:57:45,2022-09-18T18:19:07,0.75,Clear,Clear conditions throughout the day.,clear-day,"ZBAA,54511099999"
beijing,2022-09-19,28,13,20.7,26.7,13,20.6,5.2,40.9,0,0,0,,0,0,36,18,18.7,1018,65.5,12.2,199,17.2,7,10,2022-09-19T05:58:42,2022-09-19T18:17:28,0.78,Partially cloudy,Partly cloudy throughout the day.,partly-cloudy-day,"ZBAA,54511099999"
beijing,2022-09-20,26,11,18.8,26,11,18.8,2.7,38.9,0,0,0,,0,0,34.9,10.8,337.8,1018.7,4.4,12.5,242.3,20.9,8,10,2022-09-20T05:59:38,2022-09-20T18:15:48,0.81,Clear,Clear conditions throughout the day.,clear-day,"ZBAA,54511099999"
beijing,2022-09-21,27.1,9,18.8,26.6,9,18.8,9,56.8,0,0,0,,0,0,42.5,21.6,169.7,1013,37.7,11.6,224.4,19.6,8,10,2022-09-21T06:00:35,2022-09-21T18:14:09,0.85,Partially cloudy,Partly cloudy throughout the day.,partly-cloudy-day,"ZBAA,54511099999"
beijing,2022-09-22,27.3,13.9,20.4,26.2,13.9,20.2,5.3,47.1,0.7,100,8.33,rain,0,0,68.4,46.8,312.8,1009.8,35.6,11.2,227.7,19.6,8,10,2022-09-22T06:01:32,2022-09-22T18:12:30,0.88,"Rain, Partially cloudy",Clearing in the afternoon with rain clearing later.,rain,"ZBAA,54511099999"
beijing,2022-09-23,26,10.8,19,26,10.8,19,-2.5,24.6,0,0,0,,0,0,68.4,39.6,280.9,1017.6,0.2,12.7,237.3,20.5,8,10,2022-09-23T06:02:29,2022-09-23T18:10:50,0.91,Clear,Clear conditions throughout the day.,clear-day,"ZBAA,54511099999"
beijing,2022-09-24,28,7,17.1,26.7,5.7,16.8,4.7,51,0,0,0,,0,0,38.2,18,150.7,1016.1,63.6,11.7,219.2,19.1,7,10,2022-09-24T06:03:26,2022-09-24T18:09:11,0.94,Partially cloudy,Partly cloudy throughout the day.,partly-cloudy-day,"ZBAA,54511099999"
beijing,2022-09-25,26,8,17.2,26,8,17.2,9.5,64.5,0,0,0,,0,0,21.6,10.8,142.2,1013.2,3,9.1,229.8,20,8,10,2022-09-25T06:04:23,2022-09-25T18:07:32,0.98,Clear,Clear conditions throughout the day.,clear-day,"ZBAA,54511099999"
beijing,2022-09-26,28,12,19.1,27.6,12,19.1,12.8,70.9,0,0,0,,0,0,25.9,10.8,91.7,1014.8,0,7.9,223.1,19.2,8,10,2022-09-26T06:05:21,2022-09-26T18:05:54,0,Clear,Clear conditions throughout the day.,clear-day,"ZBAA,54511099999"
beijing,2022-09-27,30,13,20,28.8,13,19.9,13.7,71.8,0,0,0,,0,0,34.2,18,153.6,1014.6,34,7.5,217.2,18.8,7,10,2022-09-27T06:06:19,2022-09-27T18:04:15,0.04,Partially cloudy,Becoming cloudy in the afternoon.,partly-cloudy-day,"ZBAA,54511099999"
beijing,2022-09-28,29,13,20.6,28.6,13,20.6,14.3,70.3,0,0,0,,0,0,28.1,14.4,129.2,1010.8,32.1,7.9,214.3,18.4,7,10,2022-09-28T06:07:16,2022-09-28T18:02:37,0.08,Partially cloudy,Clearing in the afternoon.,partly-cloudy-day,"ZBAA,54511099999"
beijing,2022-09-29,30,14,21.6,30,14,21.6,15.7,72.3,0,0,0,,0,0,33.1,10.8,110.8,1010.2,0.5,6.9,213.3,18.4,7,10,2022-09-29T06:08:14,2022-09-29T18:00:58,0.12,Clear,Clear conditions throughout the day.,clear-day,"ZBAA,54511099999"
beijing,2022-09-30,29,15,21.7,29.5,15,21.7,16.5,75.4,0,0,0,,0,0,40,10.8,140.9,1010,8.6,6.3,211.5,18.3,7,10,2022-09-30T06:09:13,2022-09-30T17:59:20,0.15,Clear,Clear conditions throughout the day.,clear-day,"ZBAA,54511099999"
beijing,2022-10-01,26,18,22.1,26,18,22.1,17.8,77,0,0,0,rain,0,0,32,14.4,134.4,1012.5,45.7,7.1,95.7,8.5,5,10,2022-10-01T06:10:11,2022-10-01T17:57:43,0.19,Partially cloudy,Partly cloudy throughout the day.,partly-cloudy-day,"ZBAA,54511099999"
beijing,2022-10-02,21,17,19.2,21,17,19.2,17.6,91.1,5.1,100,16.67,rain,0,0,23.8,14.4,65.8,1012.2,92.3,7.9,12.3,1.2,1,10,2022-10-02T06:11:10,2022-10-02T17:56:06,0.22,"Rain, Overcast",Cloudy skies throughout the day with a chance of rain throughout the day.,rain,"ZBAA,54511099999"
beijing,2022-10-03,19,9.4,16,19,7.6,15.8,10.3,72.4,1.4,100,8.33,rain,0,0,46.8,28.8,3.3,1019.1,56.9,9.7,6.9,0.7,0,10,2022-10-03T06:12:09,2022-10-03T17:54:29,0.25,"Rain, Partially cloudy",Partly cloudy throughout the day with rain.,rain,"ZBAA,54511099999"
beijing,2022-10-04,17,4,10.3,17,3.7,9.5,-4.3,41,0,0,0,,0,0,43.2,21.6,5.5,1030.5,3.7,13,220.5,19.1,8,10,2022-10-04T06:13:08,2022-10-04T17:52:52,0.3,Clear,Clear conditions throughout the day.,clear-day,"ZBAA,54511099999"
beijing,2022-10-05,16,1,8.4,16,-1.3,7.9,-1.6,58.5,0,0,0,,0,0,32.4,14.4,23.3,1028.5,59.5,12.1,170,14.8,6,10,2022-10-05T06:14:07,2022-10-05T17:51:16,0.33,Partially cloudy,Partly cloudy throughout the day.,partly-cloudy-day,"ZBAA,54511099999"
beijing,2022-10-06,19,2,10.4,19,-0.2,10.1,2.1,62.8,0,0,0,,0,0,30.6,18,177.2,1025,33.3,10.8,204.6,17.8,7,10,2022-10-06T06:15:07,2022-10-06T17:49:40,0.37,Partially cloudy,Partly cloudy throughout the day.,partly-cloudy-day,"ZBAA,54511099999"
beijing,2022-10-07,20,3,11.2,20,3,11.1,6.1,74.1,0,0,0,,0,0,40.3,14.4,147.5,1021.9,4,9.2,202.7,17.4,7,10,2022-10-07T06:16:07,2022-10-07T17:48:05,0.4,Clear,Clear conditions throughout the day.,clear-day,"ZBAA,54511099999"
beijing,2022-10-08,13,9,11.8,13,9,11.7,9.3,86.9,0,0,0,rain,0,0,50,32.4,155.5,1018.7,54,5.1,82.1,7,3,10,2022-10-08T06:17:07,2022-10-08T17:46:31,0.44,Partially cloudy,Partly cloudy throughout the day.,partly-cloudy-day,"ZBAA,54511099999"
beijing,2022-10-09,16,10,12.3,16,6.7,11.7,-5.3,29.6,0,0,0,,0,0,72,46.8,314,1023.6,21.4,13,191,16.5,7,10,2022-10-09T06:18:07,2022-10-09T17:44:57,0.47,Partially cloudy,Becoming cloudy in the afternoon.,partly-cloudy-day,"ZBAA,54511099999"
beijing,2022-10-10,19,4.8,11.6,19,4.3,10.8,-7.1,31.6,0,0,0,,0,0,54,32.4,319.9,1024.8,0,12.5,203.3,17.6,7,10,2022-10-10T06:19:08,2022-10-10T17:43:23,0.5,Clear,Clear conditions throughout the day.,clear-day,"ZBAA,54511099999"
beijing,2022-10-11,21,1,9.9,21,-1.3,9.4,-0.8,56.9,0,0,0,,0,0,32.4,14.4,351.6,1024.2,0,11.6,201.1,17.4,7,10,2022-10-11T06:20:09,2022-10-11T17:41:50,0.54,Clear,Clear conditions throughout the day.,clear-day,"ZBAA,54511099999"
beijing,2022-10-12,20,3,10.5,20,3,10.5,4.1,69.6,0,0,0,,0,0,25.2,14.4,148.5,1023.9,56.9,9.4,152.4,13.4,6,10,2022-10-12T06:21:11,2022-10-12T17:40:18,0.57,Partially cloudy,Partly cloudy throughout the day.,partly-cloudy-day,"ZBAA,54511099999"
beijing,2022-10-13,20,6,12.8,20,6,12.8,6.5,69.7,0,0,0,,0,0,25.2,10.8,157.6,1023.5,40.8,6.3,146.3,12.6,5,10,2022-10-13T06:22:12,2022-10-13T17:38:47,0.61,Partially cloudy,Partly cloudy throughout the day.,partly-cloudy-day,"ZBAA,54511099999"
beijing,2022-10-14,22,9,14.3,22,9,14.3,8.3,71.5,0,0,0,,0,0,21.6,14.4,165.2,1020.1,15.8,4.9,184.3,15.8,7,10,2022-10-14T06:23:14,2022-10-14T17:37:16,0.64,Clear,Clear conditions throughout the day.,clear-day,"ZBAA,54511099999"
beijing,2022-10-15,24,8,15,24,6.9,14.9,9,71.9,0,0,0,,0,0,19.4,14.4,91.3,1019.1,25,4.5,176.3,15.2,7,10,2022-10-15T06:24:17,2022-10-15T17:35:46,0.67,Partially cloudy,Clearing in the afternoon.,partly-cloudy-day,"ZBAA,54511099999"
beijing,2022-10-16,20,9,15.9,20,6.8,15.8,-8.9,19,0,0,0,,0,0,37.8,25.2,5.9,1026.5,24.7,12.9,187.5,16.1,7,10,2022-10-16T06:25:20,2022-10-16T17:34:17,0.7,Partially cloudy,Partly cloudy throughout the day.,partly-cloudy-day,"ZBAA,54511099999"
beijing,2022-10-17,18,3.2,11.7,18,1.9,11,-10.6,23.5,0,0,0,,0,0,42.5,25.2,307.4,1029.3,0,12.2,189.1,16.2,7,10,2022-10-17T06:26:23,2022-10-17T17:32:48,0.73,Clear,Clear conditions throughout the day.,clear-day,"ZBAA,54511099999"
beijing,2022-10-18,19,0,8.5,19,-0.1,8.4,-4.1,50.6,0,0,0,,0,0,32.4,10.8,226.4,1025.1,0,11.8,186.3,16.1,7,10,2022-10-18T06:27:26,2022-10-18T17:31:21,0.75,Clear,Clear conditions throughout the day.,clear-day,"ZBAA,54511099999"
beijing,2022-10-19,21,0,9.4,21,-3.5,9.2,1.2,63.6,0,0,0,,0,0,41.8,10.8,180.2,1022.8,0.2,10.2,181.1,15.6,7,10,2022-10-19T06:28:30,2022-10-19T17:29:54,0.8,Clear,Clear conditions throughout the day.,clear-day,"ZBAA,54511099999"
beijing,2022-10-20,17.6,6,12.1,17.6,5.7,11.9,4.9,64.2,0,0,0,,0,0,29.5,10.8,121.1,1022.5,52.9,7.6,124.2,10.7,5,10,2022-10-20T06:29:34,2022-10-20T17:28:28,0.83,Partially cloudy,Partly cloudy throughout the day.,partly-cloudy-day,"ZBAA,54511099999"
beijing,2022-10-21,22,5,12.5,22,5,12.5,6.9,73.2,0,0,0,,0,0,25.9,10.8,241.9,1020.4,12.3,5.4,165.8,14.3,6,10,2022-10-21T06:30:38,2022-10-21T17:27:04,0.86,Clear,Clear conditions throughout the day.,clear-day,"ZBAA,54511099999"
beijing,2022-10-22,21,6.8,14,21,6.8,13.7,0.8,47.4,0,0,0,,0,0,40.7,25.2,311.1,1024.4,0,11.2,172.3,14.8,6,10,2022-10-22T06:31:43,2022-10-22T17:25:40,0.89,Clear,Clear conditions throughout the day.,clear-day,"ZBAA,54511099999"
beijing,2022-10-23,22,2,11,22,2,10.8,-0.9,52.9,0,0,0,,0,0,39.6,10.8,25.1,1024.8,0,12.1,171.5,14.8,6,10,2022-10-23T06:32:48,2022-10-23T17:24:17,0.93,Clear,Clear conditions throughout the day.,clear-day,"ZBAA,54511099999"
beijing,2022-10-24,19,3,10.5,19,1,10.2,4,68,0,0,0,,0,0,21.6,10.8,60.7,1024.4,0,10,166.7,14.4,6,10,2022-10-24T06:33:53,2022-10-24T17:22:55,0.96,Clear,Clear conditions throughout the day.,clear-day,"ZBAA,54511099999"
beijing,2022-10-25,19,4,11.2,19,3.4,10.9,6.5,76.2,0,0,0,,0,0,18,10.8,77,1021.4,8.5,7.3,159.7,13.7,6,10,2022-10-25T06:34:59,2022-10-25T17:21:35,0,Clear,Clear conditions throughout the day.,clear-day,"ZBAA,54511099999"
beijing,2022-10-26,19,9,13.6,19,9,13.5,5.8,63.6,0,0,0,rain,0,0,36,18,22.8,1023.7,37.8,6.3,71.2,6.1,4,10,2022-10-26T06:36:05,2022-10-26T17:20:15,0.03,Partially cloudy,Partly cloudy throughout the day.,partly-cloudy-day,"ZBAA,54511099999"
beijing,2022-10-27,13,10,11.2,13,10,11.2,-0.8,44.7,0,0,0,,0,0,32.4,14.4,27.1,1032.5,95.5,12.3,33.3,2.9,1,10,2022-10-27T06:37:12,2022-10-27T17:18:57,0.06,Overcast,Cloudy skies throughout the day.,cloudy,"ZBAA,54511099999"
beijing,2022-10-28,13,9,10.9,13,8,10.8,3.4,60.3,0,0,0,,0,0,14.4,10.8,112.6,1031.2,59.8,11.2,150.5,12.9,6,10,2022-10-28T06:38:18,2022-10-28T17:17:40,0.1,Partially cloudy,Clearing in the afternoon.,partly-cloudy-day,"ZBAA,54511099999"
beijing,2022-10-29,14.1,10,11.9,14.1,9.2,11.9,6.1,68,0,0,0,,0,0,18,10.8,151.7,1028.6,99,10.1,78.2,6.7,3,10,2022-10-29T06:39:25,2022-10-29T17:16:24,0.13,Overcast,Cloudy skies throughout the day.,cloudy,"ZBAA,54511099999"
beijing,2022-10-30,15.1,11,13,15.1,11,13,8.9,76.9,0,0,0,,0,0,18,7.2,190.1,1024,100,5.9,74.7,6.5,3,10,2022-10-30T06:40:33,2022-10-30T17:15:10,0.17,Overcast,Cloudy skies throughout the day.,cloudy,"ZBAA,54511099999"
beijing,2022-10-31,17,6.1,12.7,17,5.2,12.5,-4.8,37.9,0,0,0,,0,0,47.5,32.4,311.4,1024.6,22.7,11.1,159.6,13.9,6,10,2022-10-31T06:41:40,2022-10-31T17:13:57,0.2,Partially cloudy,Partly cloudy throughout the day.,partly-cloudy-day,"ZBAA,54511099999"
beijing,2022-11-01,16,-1,8.6,16,-1.1,8.1,-5.3,41.6,0,0,0,,0,0,32.4,18,131,1025.8,4.8,11.7,154.2,13.3,6,10,2022-11-01T06:42:48,2022-11-01T17:12:45,0.25,Clear,Clear conditions throughout the day.,clear-day,"ZBAA,54511099999"
beijing,2022-11-02,17,3,10.4,17,2.2,10.1,2.5,61.4,0,0,0,,0,0,25.6,10.8,25.2,1020.7,56.5,10.1,120.5,10.5,6,10,2022-11-02T06:43:56,2022-11-02T17:11:34,0.28,Partially cloudy,Partly cloudy throughout the day.,partly-cloudy-day,"ZBAA,54511099999"
beijing,2022-11-03,14,1,9.2,14,-1.3,8.4,0,55.4,0.4,100,4.17,rain,0,0,28.1,18,191.3,1027.3,24.2,10.8,146.9,12.5,6,10,2022-11-03T06:45:04,2022-11-03T17:10:25,0.31,"Rain, Partially cloudy",Clearing in the afternoon with early morning rain.,rain,"ZBAA,54511099999"
beijing,2022-11-04,15,-3,6.2,15,-3.6,5.8,-7.6,45.5,0,0,0,,0,0,36,18,269.1,1029,0.8,11.5,151.4,13.2,6,10,2022-11-04T06:46:13,2022-11-04T17:09:18,0.35,Clear,Clear conditions throughout the day.,clear-day,"ZBAA,54511099999"
beijing,2022-11-05,17,-4,6.2,17,-8.3,5.4,-4.3,56.9,0,0,0,,0,0,21.6,14.4,256.7,1025,3.6,9.9,149.4,13,6,10,2022-11-05T06:47:21,2022-11-05T17:08:12,0.38,Clear,Clear conditions throughout the day.,clear-day,"ZBAA,54511099999"
beijing,2022-11-06,14,2,7,14,-0.1,6.8,2.2,73.5,0,0,0,,0,0,18,10.8,37.7,1020.2,53,6.9,96,8.3,4,10,2022-11-06T06:48:30,2022-11-06T17:07:07,0.42,Partially cloudy,Partly cloudy throughout the day.,partly-cloudy-day,"ZBAA,54511099999"
beijing,2022-11-07,18,1,8.4,18,-2.3,7.5,-4.1,52.9,0,0,0,,0,0,39.6,18,350.2,1023.5,0,10.1,145.4,12.4,6,10,2022-11-07T06:49:39,2022-11-07T17:06:04,0.45,Clear,Clear conditions throughout the day.,clear-day,"ZBAA,54511099999"
beijing,2022-11-08,16,-2,5.8,16,-2,5.8,-1.2,65.8,0,0,0,,0,0,21.6,10.8,336.6,1023.8,22.3,9.9,138.9,12.1,5,10,2022-11-08T06:50:48,2022-11-08T17:05:03,0.5,Partially cloudy,Partly cloudy throughout the day.,partly-cloudy-day,"ZBAA,54511099999"
beijing,2022-11-09,14,0,7.6,14,-2.5,7.1,1.6,69.2,0,0,0,,0,0,18,7.2,21.4,1021.4,53.1,7.4,93.3,8.1,5,10,2022-11-09T06:51:57,2022-11-09T17:04:03,0.52,Partially cloudy,Partly cloudy throughout the day.,partly-cloudy-day,"ZBAA,54511099999"
beijing,2022-11-10,18,5,11.6,18,3.7,11.3,7.8,79.4,0,0,0,,0,0,21.6,10.8,27.5,1022.6,10.4,5,129.3,11.1,5,10,2022-11-10T06:53:06,2022-11-10T17:03:05,0.56,Clear,Clear conditions throughout the day.,clear-day,"ZBAA,54511099999"
beijing,2022-11-11,13,12,12.5,13,12,12.5,12.1,97.9,18.1,100,16.67,rain,0,0,18,14.4,73.9,1020.4,83.3,1.5,31.7,2.7,2,10,2022-11-11T06:54:16,2022-11-11T17:02:09,0.59,"Rain, Partially cloudy",Partly cloudy throughout the day with a chance of rain throughout the day.,rain,"ZBAA,54511099999"
beijing,2022-11-12,13,4,9.4,13,0.1,7.7,-0.9,52.4,15,100,8.33,rain,0,0,50.4,36,320.7,1021.8,56.9,12.1,116.1,10,5,10,2022-11-12T06:55:25,2022-11-12T17:01:14,0.62,"Rain, Partially cloudy",Partly cloudy throughout the day with early morning rain.,rain,"ZBAA,54511099999"
beijing,2022-11-13,9,-2,3.5,8,-3.1,1.7,-7.2,48.3,0,0,0,,0,0,46.8,25.2,330.5,1028.8,32.5,12.9,136.2,11.7,5,10,2022-11-13T06:56:34,2022-11-13T17:00:21,0.65,Partially cloudy,Partly cloudy throughout the day.,partly-cloudy-day,"ZBAA,54511099999"
beijing,2022-11-14,13,-3,3.8,13,-3,3.6,-1.6,71.6,0,0,0,,0,0,25.2,10.8,197.7,1020.1,25.2,10.4,130.8,11.3,5,10,2022-11-14T06:57:43,2022-11-14T16:59:30,0.68,Partially cloudy,Partly cloudy throughout the day.,partly-cloudy-day,"ZBAA,54511099999"
beijing,2022-11-15,17,-2,6.7,17,-5.9,6.1,-4.1,58,0,0,0,,0,0,36,25.2,292.3,1017.7,0.3,11,129.7,11.3,5,10,2022-11-15T06:58:52,2022-11-15T16:58:41,0.72,Clear,Clear conditions throughout the day.,clear-day,"ZBAA,54511099999"
beijing,2022-11-16,16,-2,5.3,16,-4.8,4.5,-2.4,63.3,0,0,0,,0,0,22.3,7.2,2.1,1018.2,34.9,10,108.6,9.2,4,10,2022-11-16T07:00:01,2022-11-16T16:57:54,0.75,Partially cloudy,Partly cloudy throughout the day.,partly-cloudy-day,"ZBAA,54511099999"
beijing,2022-11-17,15,-1,5.3,15,-3.6,4.6,0.1,74.2,0,0,0,,0,0,11.2,10.8,336.4,1019.8,0.8,9.3,126.4,10.8,5,10,2022-11-17T07:01:10,2022-11-17T16:57:08,0.78,Clear,Clear conditions throughout the day.,clear-day,"ZBAA,54511099999"
beijing,2022-11-18,12,1,6.6,12,-1.3,6.3,2.3,76.4,0,0,0,,0,0,18,10.8,23,1025.8,31.3,6.7,68.8,6,3,10,2022-11-18T07:02:18,2022-11-18T16:56:25,0.81,Partially cloudy,Partly cloudy throughout the day.,partly-cloudy-day,"ZBAA,54511099999"
beijing,2022-11-19,15,4,9.3,15,4,9.2,5.3,78.4,0,0,0,,0,0,18,14.4,178,1020.3,18.7,6.2,119.9,10.2,5,10,2022-11-19T07:03:26,2022-11-19T16:55:43,0.85,Clear,Clear conditions throughout the day.,clear-day,"ZBAA,54511099999"
beijing,2022-11-20,9,3,6.8,9,2.2,6.3,5.7,93,0,0,0,rain,0,0,14.4,7.2,46.1,1020.2,29.6,2.9,14.4,1.1,1,10,2022-11-20T07:04:34,2022-11-20T16:55:03,0.88,Partially cloudy,Partly cloudy throughout the day.,partly-cloudy-day,"ZBAA,54511099999"
beijing,2022-11-21,13,1,7,13,-1.3,6.4,-0.7,65.1,0,0,0,,0,0,25.2,10.8,23.5,1025.2,48.7,9.1,116.1,10.1,5,10,2022-11-21T07:05:42,2022-11-21T16:54:26,0.91,Partially cloudy,Becoming cloudy in the afternoon.,partly-cloudy-day,"ZBAA,54511099999"
beijing,2022-11-22,11,3,6.8,11,1,6.5,2.4,74.8,0,0,0,,0,0,18,14.4,166.8,1023.7,77,9.5,86.8,7.5,4,10,2022-11-22T07:06:49,2022-11-22T16:53:50,0.94,Partially cloudy,Partly cloudy throughout the day.,partly-cloudy-day,"ZBAA,54511099999"
beijing,2022-11-23,13,0,5.2,13,-1.3,5,2.1,83.1,0,0,0,,0,0,18,7.2,18.8,1019.1,13.1,7.1,97.3,8.4,4,10,2022-11-23T07:07:55,2022-11-23T16:53:17,0.97,Clear,Clear conditions throughout the day.,clear-day,"ZBAA,54511099999"
beijing,2022-11-24,9,1,6.4,9,1,6.2,5,90.9,0,0,0,,0,0,10.8,7.2,24.8,1015,54.1,3.6,111.4,9.7,5,10,2022-11-24T07:09:01,2022-11-24T16:52:45,0,Partially cloudy,Becoming cloudy in the afternoon.,partly-cloudy-day,"ZBAA,54511099999"
beijing,2022-11-25,13,2,7.7,13,-1.1,6.5,-6.4,50.3,0,0,0,,0,0,65.2,39.6,318.1,1015.5,20.6,7.9,115.5,10,5,10,2022-11-25T07:10:07,2022-11-25T16:52:16,0.04,Partially cloudy,Partly cloudy throughout the day.,partly-cloudy-day,"ZBAA,54511099999"
beijing,2022-11-26,4,-5,0.6,2.2,-9.5,-2.7,-17.5,25.7,0,0,0,,0,0,54,28.8,51.8,1023.1,43.3,12.9,110.5,9.4,5,10,2022-11-26T07:11:12,2022-11-26T16:51:49,0.08,Partially cloudy,Clearing in the afternoon.,partly-cloudy-day,"ZBAA,54511099999"
beijing,2022-11-27,8,-1,3.5,7,-3.6,2.1,-11,34.7,0,0,0,,0,0,25.2,10.8,0.8,1014.8,89.6,12.2,97.5,8.6,5,10,2022-11-27T07:12:16,2022-11-27T16:51:24,0.11,Partially cloudy,Partly cloudy throughout the day.,partly-cloudy-day,"ZBAA,54511099999"
beijing,2022-11-28,13,-0.7,6.6,13,-7.3,4.4,-9.7,31.9,0,0,0,,0,0,68.4,46.8,325.4,1018.3,73.5,10.7,94.8,8.2,5,10,2022-11-28T07:13:20,2022-11-28T16:51:01,0.15,Partially cloudy,Partly cloudy throughout the day.,partly-cloudy-day,"ZBAA,54511099999"
beijing,2022-11-29,-2,-10,-5.9,-9.3,-17.4,-13.5,-25.4,20.3,0,0,0,,0,0,64.8,39.6,328.9,1037.5,35.2,12.9,106,9.2,5,10,2022-11-29T07:14:23,2022-11-29T16:50:40,0.18,Partially cloudy,Becoming cloudy in the afternoon.,partly-cloudy-day,"ZBAA,54511099999"
beijing,2022-11-30,-1.7,-11,-6.1,-7.1,-18.1,-11.9,-25,22.4,0,0,0,,0,0,50.4,32.4,291.2,1040.2,0,12.9,118.5,10.4,5,10,2022-11-30T07:15:25,2022-11-30T16:50:21,0.25,Clear,Clear conditions throughout the day.,clear-day,"ZBAA,54511099999"
beijing,2022-12-01,1,-14,-5.5,-5,-17.6,-9.7,-20.6,35.1,0,0,0,,0,0,45.4,36,273.8,1034.8,0,12.3,116.1,9.9,5,10,2022-12-01T07:16:26,2022-12-01T16:50:05,0.25,Clear,Clear conditions throughout the day.,clear-day,"ZBAA,54511099999"
beijing,2022-12-02,-1,-12,-7.1,-1,-12.9,-7.8,-14.5,57.1,0,0,0,,0,0,25.2,7.2,324.7,1026.2,51.1,10.1,75,6.7,3,10,2022-12-02T07:17:26,2022-12-02T16:49:51,0.29,Partially cloudy,Partly cloudy throughout the day.,partly-cloudy-day,"ZBAA,54511099999"
beijing,2022-12-03,2,-11,-3.5,-2.4,-12.4,-7,-18.5,35.4,0,0,0,,0,0,46.8,21.6,323.6,1031,30.3,12.7,102.8,8.9,5,10,2022-12-03T07:18:25,2022-12-03T16:49:39,0.32,Partially cloudy,Clearing in the afternoon.,partly-cloudy-day,"ZBAA,54511099999"
beijing,2022-12-04,2.4,-14,-5.9,2,-16.7,-7,-17.3,44.7,0,0,0,,0,0,46.8,10.8,286.9,1036.2,2.8,12.3,112.1,9.8,5,10,2022-12-04T07:19:23,2022-12-04T16:49:29,0.36,Clear,Clear conditions throughout the day.,clear-day,"ZBAA,54511099999"
beijing,2022-12-05,5,-11,-4,2.5,-17.8,-6.6,-17.2,45,0,0,0,,0,0,37.1,21.6,317.5,1031.8,0,11,112.2,9.8,5,10,2022-12-05T07:20:20,2022-12-05T16:49:22,0.39,Clear,Clear conditions throughout the day.,clear-day,"ZBAA,54511099999"
beijing,2022-12-06,7,-13,-3.6,4.5,-13,-4.4,-15.2,48.2,0,0,0,,0,0,47.9,14.4,237.9,1025.4,0,10.2,111,9.6,5,10,2022-12-06T07:21:16,2022-12-06T16:49:17,0.43,Clear,Clear conditions throughout the day.,clear-day,"ZBAA,54511099999"
beijing,2022-12-07,8,-11,-2.3,8,-16.7,-3.4,-14.7,45.3,0,0,0,,0,0,47.5,11.1,348.1,1025.3,58.4,10.9,88.8,7.6,4,10,2022-12-07T07:22:11,2022-12-07T16:49:14,0.46,Partially cloudy,Partly cloudy throughout the day.,partly-cloudy-day,"ZBAA,54511099999"
beijing,2022-12-08,9,-5,1.3,8,-7.4,-0.1,-11.3,42.8,0,0,0,,0,0,21.6,14.4,337.4,1025.8,25.4,11.2,103.6,9,4,10,2022-12-08T07:23:04,2022-12-08T16:49:13,0.5,Partially cloudy,Becoming cloudy in the afternoon.,partly-cloudy-day,"ZBAA,54511099999"
beijing,2022-12-09,7.5,-9,-0.1,7,-12.9,-1.3,-10,51.4,0,0,0,,0,0,15.5,14.4,325.7,1023.8,48.7,10.2,99.7,8.4,4,10,2022-12-09T07:23:57,2022-12-09T16:49:15,0.53,Partially cloudy,Becoming cloudy in the afternoon.,partly-cloudy-day,"ZBAA,54511099999"
beijing,2022-12-10,4,-1.9,1,-1.1,-8.1,-4.4,-16.1,27.5,0,0,0,,0,0,57.6,32.4,314.1,1029.6,1,12.9,107.2,9.2,5,10,2022-12-10T07:24:47,2022-12-10T16:49:19,0.57,Clear,Clear conditions throughout the day.,clear-day,"ZBAA,54511099999"
beijing,2022-12-11,4.1,-6,-1.2,4.1,-11.7,-4.2,-14.8,36.4,0,0,0,,0,0,46.8,14.4,30.9,1029,49.6,12.7,100.3,8.6,4,10,2022-12-11T07:25:37,2022-12-11T16:49:25,0.6,Partially cloudy,Becoming cloudy in the afternoon.,partly-cloudy-day,"ZBAA,54511099999"
beijing,2022-12-12,3,-4,0.9,-0.1,-7.1,-3.2,-18.1,24.8,0,0,0,,0,0,61.2,39.6,289.2,1021.3,5.5,5.8,106.1,9.2,5,10,2022-12-12T07:26:24,2022-12-12T16:49:33,0.63,Clear,Clear conditions throughout the day.,clear-day,"ZBAA,54511099999"
beijing,2022-12-13,1,-6,-3.7,-5,-13.7,-11.1,-24.7,18,0,0,0,,0,0,72,50.4,295.5,1028.5,0,11.1,108.7,9.4,5,10,2022-12-13T07:27:11,2022-12-13T16:49:43,0.66,Clear,Clear conditions throughout the day.,wind,"ZBAA,54511099999"
beijing,2022-12-14,-0.9,-15,-6.4,-3,-18.8,-8.8,-20.7,33.8,0,0,0,,0,0,50.4,14.4,210.6,1027.6,39.9,11.6,97.9,8.6,4,10,2022-12-14T07:27:56,2022-12-14T16:49:56,0.7,Partially cloudy,Partly cloudy throughout the day.,partly-cloudy-day,"ZBAA,54511099999"
beijing,2022-12-15,-2,-10,-5.5,-6.8,-16.6,-10.2,-20.5,31.5,0,0,0,,0,1,46.8,25.2,357.2,1030.4,46.9,12.7,86.9,7.5,4,10,2022-12-15T07:28:39,2022-12-15T16:50:11,0.73,Partially cloudy,Partly cloudy throughout the day.,partly-cloudy-day,"ZBAA,54511099999"
beijing,2022-12-16,-1.7,-12,-6.1,-6.4,-17.4,-11.5,-22.6,27.3,0,0,0,,0,0.4,63.1,34.6,319.7,1037,47.4,12.4,107.3,9.4,5,10,2022-12-16T07:29:20,2022-12-16T16:50:28,0.75,Partially cloudy,Partly cloudy throughout the day.,partly-cloudy-day,"ZBAA,54511099999"
beijing,2022-12-17,-3,-14,-7.8,-9.9,-20.7,-14.7,-24.8,24.4,0,0,0,,0,0,61.2,32.4,320.8,1035.8,3.8,13.1,106,9.2,5,10,2022-12-17T07:30:00,2022-12-17T16:50:47,0.79,Clear,Clear conditions throughout the day.,clear-day,"ZBAA,54511099999"
beijing,2022-12-18,-1,-15,-8.1,-1,-18.8,-9.5,-19.4,42.2,0,0,0,,0,0,50.4,7.2,64.6,1026,6.2,12.2,103.3,9,4,10,2022-12-18T07:30:38,2022-12-18T16:51:09,0.83,Clear,Clear conditions throughout the day.,clear-day,"ZBAA,54511099999"
beijing,2022-12-19,3,-15,-6.5,1,-20.3,-8,-16,51.9,0,0,0,,0,0,18,14.4,264.2,1025.5,10.5,11.8,103.3,9,4,10,2022-12-19T07:31:14,2022-12-19T16:51:32,0.86,Clear,Clear conditions throughout the day.,clear-day,"ZBAA,54511099999"
beijing,2022-12-20,2,-12,-4.8,0,-12.6,-6.4,-13.9,52.3,0,0,0,,0,0,57.6,36,285.1,1021.5,49.2,10.7,86,7.3,4,10,2022-12-20T07:31:49,2022-12-20T16:51:58,0.89,Partially cloudy,Partly cloudy throughout the day.,partly-cloudy-day,"ZBAA,54511099999"
beijing,2022-12-21,0,-8.4,-3.5,-1,-12.9,-7.6,-16.4,37.6,0,0,0,,0,0,57.6,25.2,328.8,1018.9,62,12.9,72.5,6.3,3,10,2022-12-21T07:32:21,2022-12-21T16:52:26,0.93,Partially cloudy,Partly cloudy throughout the day.,partly-cloudy-day,"ZBAA,54511099999"
beijing,2022-12-22,-2,-7,-4.8,-9.3,-15.4,-12.3,-21.7,25.7,0,0,0,,0,0,54,43.2,322.4,1025.2,0.5,13.1,105.5,9.1,5,10,2022-12-22T07:32:52,2022-12-22T16:52:55,0.96,Clear,Clear conditions throughout the day.,clear-day,"ZBAA,54511099999"
beijing,2022-12-23,0,-10,-5.8,0,-16.2,-10.3,-21.8,28.3,0,0,0,,0,0,50.4,21.6,14.1,1027.8,0.7,13,106.7,9.1,5,10,2022-12-23T07:33:20,2022-12-23T16:53:27,0,Clear,Clear conditions throughout the day.,clear-day,"ZBAA,54511099999"
beijing,2022-12-24,4,-10,-4.1,3.2,-15.5,-7.6,-19.3,31.7,0,0,0,,0,0,36.4,18,4,1031.2,0,12.3,103.9,9.1,4,10,2022-12-24T07:33:47,2022-12-24T16:54:01,0.03,Clear,Clear conditions throughout the day.,clear-day,"ZBAA,54511099999"
beijing,2022-12-25,1,-9,-4,1,-11.9,-6.1,-18.5,33.3,0,0,0,,0,0,18,14.4,0.3,1030.6,83,11.5,52.1,4.5,2,10,2022-12-25T07:34:12,2022-12-25T16:54:36,0.06,Partially cloudy,Partly cloudy throughout the day.,partly-cloudy-day,"ZBAA,54511099999"
beijing,2022-12-26,4,-11,-3.8,2.2,-15.5,-6.6,-17.4,38.5,0,0,0,,0,0,36.4,14.4,304.9,1030.2,5.7,11.5,104.7,9.1,5,10,2022-12-26T07:34:34,2022-12-26T16:55:14,0.09,Clear,Clear conditions throughout the day.,clear-day,"ZBAA,54511099999"
beijing,2022-12-27,0,-12,-4.3,-4.7,-17.9,-8.7,-18.2,35.7,0,0,0,,0,0,51.8,32.4,307.1,1032.7,0.5,12.6,104.8,9,5,10,2022-12-27T07:34:55,2022-12-27T16:55:53,0.13,Clear,Clear conditions throughout the day.,clear-day,"ZBAA,54511099999"
beijing,2022-12-28,3,-14,-4.9,-0.3,-18.8,-7.9,-18,41.2,0,0,0,,0,0,43.2,32.4,297,1032.9,11.5,11.5,103.6,8.9,5,10,2022-12-28T07:35:13,2022-12-28T16:56:34,0.16,Clear,Clear conditions throughout the day.,clear-day,"ZBAA,54511099999"
beijing,2022-12-29,2.3,-10,-3.9,-0.8,-12.9,-7.2,-19.4,31.3,0,0,0,,0,0,37.8,21.6,331.6,1035,0.1,12.7,105.5,9,5,10,2022-12-29T07:35:29,2022-12-29T16:57:17,0.2,Clear,Clear conditions throughout the day.,clear-day,"ZBAA,54511099999"
beijing,2022-12-30,4,-13,-5.6,3,-17.6,-7.3,-17.1,45.6,0,0,0,,0,0,21.6,10.8,299.5,1032.6,0,11.2,107.5,9.3,5,10,2022-12-30T07:35:44,2022-12-30T16:58:02,0.25,Clear,Clear conditions throughout the day.,clear-day,"ZBAA,54511099999"
beijing,2022-12-31,7,-12,-4.3,5.6,-16.4,-5.7,-16.1,44.9,0,0,0,,0,0,37.1,14.4,353.3,1030.9,1.6,11,105.3,9,5,10,2022-12-31T07:35:56,2022-12-31T16:58:48,0.27,Clear,Clear conditions throughout the day.,clear-day,"ZBAA,54511099999"
