name,datetime,tempmax,tempmin,temp,feelslikemax,feelslikemin,feelslike,dew,humidity,precip,precipprob,precipcover,preciptype,snow,snowdepth,windgust,windspeed,winddir,sealevelpressure,cloudcover,visibility,solarradiation,solarenergy,uvindex,severerisk,sunrise,sunset,moonphase,conditions,description,icon,stations
changsha,2022-01-01,11,3,7.8,11,3,7.5,3.6,76.3,0,0,0,,0,0,13.3,7.2,316.6,1029,0,3.7,98.6,8.6,4,,2022-01-01T07:20:01,2022-01-01T17:43:11,0.94,Clear,Clear conditions throughout the day.,clear-day,"59287199999,57687099999,ZGHA"
changsha,2022-01-02,15,-1,6.6,15,-1,6.5,2.7,79.3,0,0,0,,0,0,21.6,6.7,68.5,1027.1,0,4.6,157.5,13.7,6,,2022-01-02T07:20:16,2022-01-02T17:43:52,0.98,Clear,Clear conditions throughout the day.,clear-day,"59287199999,57687099999,ZGHA"
changsha,2022-01-03,13,6,10.2,13,4.5,10.1,4.7,69.8,0,0,0,,0,0,13.7,10.8,28.2,1023.3,41.7,6.4,147.3,12.8,6,,2022-01-03T07:20:30,2022-01-03T17:44:35,0,Partially cloudy,Becoming cloudy in the afternoon.,partly-cloudy-day,"59287199999,57687099999,ZGHA"
changsha,2022-01-04,14,9,11.2,14,6.8,11.1,7.2,76.7,0,0,0,,0,0,37.1,16,327.8,1020.9,13.2,3.5,125.4,10.7,5,,2022-01-04T07:20:42,2022-01-04T17:45:18,0.05,Clear,Clear conditions throughout the day.,clear-day,"59287199999,57687099999,ZGHA"
changsha,2022-01-05,9,5.7,6.9,6.8,2.6,3.9,5.4,90.2,5.5,100,8.33,rain,0,0,53.6,21.9,336.1,1023.9,75.8,3.7,147.7,12.7,6,,2022-01-05T07:20:52,2022-01-05T17:46:02,0.08,"Rain, Partially cloudy",Partly cloudy throughout the day with early morning rain.,rain,"59287199999,57687099999,ZGHA"
changsha,2022-01-06,7,5.4,6,3.8,2.2,2.7,4.9,92.5,12.4,100,12.5,rain,0,0,35.3,21.6,345.2,1028.4,84.1,4.3,109.4,9.4,4,,2022-01-06T07:21:02,2022-01-06T17:46:46,0.11,"Rain, Partially cloudy",Partly cloudy throughout the day with rain.,rain,"59287199999,57687099999,ZGHA"
changsha,2022-01-07,8,5.4,6.6,5.5,2.7,4,5.8,94.8,1.4,100,4.17,rain,0,0,33.8,18,348.7,1029.4,89,4.3,64.3,5.5,3,,2022-01-07T07:21:09,2022-01-07T17:47:31,0.14,"Rain, Partially cloudy",Partly cloudy throughout the day with late afternoon rain.,rain,"59287199999,57687099999,ZGHA"
changsha,2022-01-08,7,5.7,6.7,5.7,3.2,4.6,6.1,96.4,8.8,100,16.67,rain,0,0,28.8,14.4,330.1,1026.5,89,2.9,66.5,5.7,3,,2022-01-08T07:21:15,2022-01-08T17:48:17,0.18,"Rain, Partially cloudy",Partly cloudy throughout the day with a chance of rain throughout the day.,rain,"59287199999,57687099999,ZGHA"
changsha,2022-01-09,9,5.4,7.2,9,3.1,6,5.3,87.5,0,0,0,,0,0,28.8,14.4,336.3,1024.1,80.9,3.6,70.4,6,3,,2022-01-09T07:21:20,2022-01-09T17:49:03,0.21,Partially cloudy,Partly cloudy throughout the day.,partly-cloudy-day,"59287199999,57687099999,ZGHA"
changsha,2022-01-10,9,6.8,8.1,8,4.8,6.6,6.5,89.7,2.1,100,8.33,rain,0,0,29.9,18,356.1,1023.3,48.6,4.6,59.3,5.1,2,10,2022-01-10T07:21:23,2022-01-10T17:49:50,0.25,"Rain, Partially cloudy",Partly cloudy throughout the day with rain in the morning and afternoon.,rain,"59287199999,57687099999,ZGHA"
changsha,2022-01-11,12,2,6.8,12,-1.8,5.5,3.8,83,0,0,0,,0,0,32.8,14.4,353.7,1027.3,39.1,3.3,172.6,15,5,10,2022-01-11T07:21:24,2022-01-11T17:50:37,0.28,Partially cloudy,Partly cloudy throughout the day.,partly-cloudy-day,"59287199999,57687099999,ZGHA"
changsha,2022-01-12,12,0.6,6.9,12,-0.1,6.6,2.6,76.8,0,0,0,,0,0,16.9,14.4,328.1,1024.3,3.2,4.4,159.4,14,5,10,2022-01-12T07:21:24,2022-01-12T17:51:25,0.31,Clear,Clear conditions throughout the day.,clear-day,"59287199999,57687099999,ZGHA"
changsha,2022-01-13,13,4.3,8,13,1.1,6.4,3,72.5,0,0,0,,0,0,36.7,18,337.8,1027.8,2.3,4.4,163.9,14.3,5,10,2022-01-13T07:21:22,2022-01-13T17:52:13,0.34,Clear,Clear conditions throughout the day.,clear-day,"59287199999,57687099999,ZGHA"
changsha,2022-01-14,8,5.7,6.3,7,3.6,5.2,2.5,77.4,0.8,100,8.33,rain,0,0,34.2,10.8,32.1,1023.4,33.3,4.8,20.2,1.6,2,10,2022-01-14T07:21:19,2022-01-14T17:53:01,0.37,"Rain, Partially cloudy",Partly cloudy throughout the day with rain clearing later.,rain,"59287199999,57687099999,ZGHA"
changsha,2022-01-15,8,5.7,6.9,8,4.4,5.6,4.1,82.7,0.3,100,4.17,rain,0,0,20.5,14.4,351.5,1023.7,45.8,4.2,35.3,3.1,2,10,2022-01-15T07:21:13,2022-01-15T17:53:50,0.41,"Rain, Partially cloudy",Becoming cloudy in the afternoon with late afternoon rain.,rain,"59287199999,57687099999,ZGHA"
changsha,2022-01-16,8,5.6,7,6.7,3.5,5.1,6.3,95.4,8.2,100,16.67,rain,0,0,21.6,11.4,342.3,1026.5,75.8,2.1,13.3,1.1,1,10,2022-01-16T07:21:07,2022-01-16T17:54:39,0.44,"Rain, Partially cloudy",Partly cloudy throughout the day with a chance of rain throughout the day.,rain,"59287199999,57687099999,ZGHA"
changsha,2022-01-17,9,6.7,7.9,9,4.3,6.6,7.4,96.7,9.7,100,16.67,rain,0,0,19.1,14.4,345,1027.3,78.8,1.9,28.5,2.5,3,10,2022-01-17T07:20:59,2022-01-17T17:55:28,0.47,"Rain, Partially cloudy",Partly cloudy throughout the day with a chance of rain throughout the day.,rain,"59287199999,57687099999,ZGHA"
changsha,2022-01-18,12,5.8,8.2,12,4.6,7.4,6.8,91.4,0,0,0,,0,0,26.3,13.3,343.6,1025.8,24.5,1.9,70.2,6.2,5,10,2022-01-18T07:20:49,2022-01-18T17:56:18,0.5,Partially cloudy,Partly cloudy throughout the day.,partly-cloudy-day,"59287199999,57687099999,ZGHA"
changsha,2022-01-19,14,3,7.3,14,2.8,6.9,6.1,92.9,0,0,0,,0,0,19.4,7.6,123,1023.4,37,1.6,166.4,14.5,5,10,2022-01-19T07:20:37,2022-01-19T17:57:07,0.54,Partially cloudy,Partly cloudy throughout the day.,partly-cloudy-day,"59287199999,57687099999,ZGHA"
changsha,2022-01-20,11,5,7.8,11,2.5,6.3,6.9,94.5,1.5,100,4.17,rain,0,0,33.8,18,342.2,1022.2,36.8,1.7,84.2,7.3,3,10,2022-01-20T07:20:24,2022-01-20T17:57:57,0.58,"Rain, Partially cloudy",Partly cloudy throughout the day with late afternoon rain.,rain,"59287199999,57687099999,ZGHA"
changsha,2022-01-21,10,6,7.7,10,3,6,7.3,97.5,3.4,100,16.67,rain,0,0,33.1,15.3,322.5,1020.8,71.3,1.5,43.9,4,4,10,2022-01-21T07:20:10,2022-01-21T17:58:47,0.61,"Rain, Partially cloudy",Partly cloudy throughout the day with a chance of rain throughout the day.,rain,"59287199999,57687099999,ZGHA"
changsha,2022-01-22,6,4.2,5.3,4.5,0.1,2.4,4.8,96.9,15.5,100,25,rain,0,0,41.4,20.1,329.8,1017.7,92.4,6.2,22.3,2,2,10,2022-01-22T07:19:54,2022-01-22T17:59:37,0.65,"Rain, Overcast",Cloudy skies throughout the day with a chance of rain throughout the day.,rain,"59287199999,57687099999,ZGHA"
changsha,2022-01-23,5,3.4,3.9,1.3,-0.5,0.2,3.3,95.8,11.8,100,12.5,rain,0,0,43.6,21.6,327,1019.8,89,7.5,19.2,1.7,1,10,2022-01-23T07:19:36,2022-01-23T18:00:26,0.68,"Rain, Partially cloudy",Partly cloudy throughout the day with a chance of rain throughout the day.,rain,"59287199999,57687099999,ZGHA"
changsha,2022-01-24,5,3,3.8,1.3,-1.2,0.4,3.2,95.3,2.4,100,8.33,rain,0,0,34.9,18,341.3,1023.2,94.5,3.7,20.4,2.1,2,10,2022-01-24T07:19:17,2022-01-24T18:01:16,0.72,"Rain, Overcast",Cloudy skies throughout the day with rain.,rain,"59287199999,57687099999,ZGHA"
changsha,2022-01-25,5,3.6,4.4,2.5,0.6,1.7,4,97.3,9.3,100,12.5,rain,0,0,30.2,14.4,344.7,1023.1,94.5,3.7,18.2,1.6,2,10,2022-01-25T07:18:56,2022-01-25T18:02:06,0.75,"Rain, Overcast",Cloudy skies throughout the day with rain.,rain,"59287199999,57687099999,ZGHA"
changsha,2022-01-26,6,3.6,4.8,3.7,0.6,2.2,4.3,96.7,7.7,100,20.83,rain,0,0,30.6,14.4,333.8,1021.6,89,5.6,8.4,1,0,10,2022-01-26T07:18:34,2022-01-26T18:02:55,0.79,"Rain, Partially cloudy",Partly cloudy throughout the day with a chance of rain throughout the day.,rain,"59287199999,57687099999,ZGHA"
changsha,2022-01-27,5,3.4,4.4,1.9,-0.6,0.6,3.7,95.6,14.6,100,20.83,rain,2,1.3,42.1,21.6,337.3,1025,89,5,17.1,1.6,1,10,2022-01-27T07:18:10,2022-01-27T18:03:45,0.82,"Rain, Partially cloudy",Partly cloudy throughout the day with a chance of rain or snow throughout the day.,snow,"59287199999,57687099999,ZGHA"
changsha,2022-01-28,4,1.4,2.9,0.6,-2.9,-1,2.4,97,41.4,100,33.33,"rain,ice",0.7,1.1,45,21.6,335,1025.8,89.6,5.7,15.3,1.4,1,10,2022-01-28T07:17:45,2022-01-28T18:04:34,0.86,"Rain, Ice, Partially cloudy",Partly cloudy throughout the day with a chance of rain or snow throughout the day.,snow,"59287199999,57687099999,ZGHA"
changsha,2022-01-29,2,0,1.4,-1.1,-4.3,-2.7,0.8,96.4,12.3,100,16.67,"rain,snow,ice",0.8,1.3,37.1,18,333.1,1024.8,91.9,3.7,46.1,4,3,10,2022-01-29T07:17:18,2022-01-29T18:05:24,0.89,"Snow, Rain, Ice, Overcast",Cloudy skies throughout the day with a chance of rain or snow throughout the day.,snow,"59287199999,57687099999,ZGHA"
changsha,2022-01-30,5,1.4,3.3,5,-1.8,1.4,0.9,83.9,0,0,0,,0,0.1,30.2,14.4,339.3,1026.6,89.1,6.3,100.6,8.9,5,10,2022-01-30T07:16:50,2022-01-30T18:06:13,0.93,Partially cloudy,Partly cloudy throughout the day.,partly-cloudy-day,"59287199999,57687099999,ZGHA"
changsha,2022-01-31,4,2,3.6,4,-1.1,2.2,2.2,90.7,5.2,100,8.33,rain,0,0,23.4,10.8,353.5,1027.2,84.8,4.2,41.7,3.6,3,10,2022-01-31T07:16:20,2022-01-31T18:07:02,0.96,"Rain, Partially cloudy",Partly cloudy throughout the day with rain in the morning and afternoon.,rain,"59287199999,57687099999,ZGHA"
changsha,2022-02-01,6,3.4,4.6,5,1.3,2.8,3.6,93.3,4.5,100,16.67,rain,0,0,26.6,10.8,348.6,1027.1,91.8,2.8,33.3,3.1,2,10,2022-02-01T07:15:49,2022-02-01T18:07:50,0,"Rain, Overcast",Cloudy skies throughout the day with a chance of rain throughout the day.,rain,"59287199999,57687099999,ZGHA"
changsha,2022-02-02,5,1,2.9,2.5,-3.1,-0.6,2.2,95.3,5.9,100,16.67,"rain,snow",0.5,0.2,46.1,28.8,334.5,1028.2,86.6,4.5,22,2.1,2,10,2022-02-02T07:15:17,2022-02-02T18:08:39,0.03,"Snow, Rain, Partially cloudy",Partly cloudy throughout the day with a chance of rain or snow throughout the day.,snow,"59287199999,57687099999,ZGHA"
changsha,2022-02-03,6,2.4,4.1,4.5,-1.2,1.7,2,86.5,0.1,100,4.17,rain,0,0.1,29.2,18,343,1026.9,97.9,6.2,115,10,4,10,2022-02-03T07:14:43,2022-02-03T18:09:27,0.06,"Rain, Overcast",Cloudy skies throughout the day with afternoon rain.,rain,"59287199999,57687099999,ZGHA"
changsha,2022-02-04,10,3,5.7,10,1.1,4.7,2.2,79.4,0,0,0,,0,0,30.2,10.8,345.5,1029.1,86.1,8,95.5,8.3,5,10,2022-02-04T07:14:08,2022-02-04T18:10:14,0.09,Partially cloudy,Partly cloudy throughout the day.,partly-cloudy-day,"59287199999,57687099999,ZGHA"
changsha,2022-02-05,11,0,5.4,11,-1.4,4.5,1.3,77.5,0,0,0,,0,0,31,14.4,148.4,1029.5,49.7,9.6,157.1,13.6,6,10,2022-02-05T07:13:31,2022-02-05T18:11:02,0.13,Partially cloudy,Becoming cloudy in the afternoon.,partly-cloudy-day,"59287199999,57687099999,ZGHA"
changsha,2022-02-06,7,4.7,5.6,5,1.5,3.9,3.3,85.9,5.9,100,12.5,rain,0,1,23,14.4,33.2,1026.3,81.1,6.7,23.3,2.1,2,10,2022-02-06T07:12:53,2022-02-06T18:11:49,0.16,"Rain, Partially cloudy",Partly cloudy throughout the day with rain.,rain,"59287199999,57687099999,ZGHA"
changsha,2022-02-07,5,0.6,2.1,2.5,-3.8,-1.7,1.2,93.8,21.1,100,12.5,"rain,snow",1.5,1.1,42.8,21.6,339.7,1025.2,95,7.1,50.7,4.4,2,10,2022-02-07T07:12:14,2022-02-07T18:12:36,0.19,"Snow, Rain, Overcast",Cloudy skies throughout the day with a chance of rain or snow throughout the day.,snow,"59287199999,57687099999,ZGHA"
changsha,2022-02-08,4,1,2.1,1.3,-4.2,-1.6,0.3,88,1.4,100,8.33,"rain,snow",0,0.4,34.2,21.6,351.5,1028.7,89.7,7.1,72,6.4,4,10,2022-02-08T07:11:34,2022-02-08T18:13:22,0.25,"Snow, Rain, Partially cloudy",Partly cloudy throughout the day with rain or snow.,rain,"59287199999,57687099999,ZGHA"
changsha,2022-02-09,4,0.7,2.6,4,-2.8,0.5,1.3,91.3,6.6,100,8.33,"rain,snow,ice",0,0.2,27.7,14.4,316.3,1026.6,91.3,7.8,61.2,5.4,4,10,2022-02-09T07:10:52,2022-02-09T18:14:09,0.26,"Snow, Rain, Ice, Overcast",Cloudy skies throughout the day with early morning snow or rain.,rain,"59287199999,57687099999,ZGHA"
changsha,2022-02-10,5,2.6,4.1,3.5,0.9,2.4,3.2,94,3.9,100,12.5,rain,0,0,19.4,10.8,2.9,1022.9,81.7,5.9,46.4,4.2,3,10,2022-02-10T07:10:09,2022-02-10T18:14:54,0.29,"Rain, Partially cloudy",Partly cloudy throughout the day with rain.,rain,"59287199999,57687099999,ZGHA"
changsha,2022-02-11,6,4,5.2,4.5,1.3,3,3.9,91.7,1.4,100,8.33,rain,0,0,22,11.4,325.9,1022.8,94.9,4.1,16,1.5,2,10,2022-02-11T07:09:25,2022-02-11T18:15:40,0.32,"Rain, Overcast",Cloudy skies throughout the day with rain clearing later.,rain,"59287199999,57687099999,ZGHA"
changsha,2022-02-12,7,4,5.9,5.7,2.2,3.9,3.9,87.1,0.6,100,4.17,rain,0,0,28.8,14.4,347.3,1023.5,50.2,4.3,34.1,3.1,3,10,2022-02-12T07:08:40,2022-02-12T18:16:25,0.35,"Rain, Partially cloudy",Partly cloudy throughout the day with afternoon rain.,rain,"59287199999,57687099999,ZGHA"
changsha,2022-02-13,8,4.7,6.2,7,2.5,4.8,4.2,87.1,2.7,100,8.33,rain,0,0,28.1,11,336.8,1022.8,66.3,3.9,89.2,7.8,3,10,2022-02-13T07:07:54,2022-02-13T18:17:09,0.39,"Rain, Partially cloudy",Partly cloudy throughout the day with rain clearing later.,rain,"59287199999,57687099999,ZGHA"
changsha,2022-02-14,10,3.2,7.2,10,3.2,6.9,4.1,81.1,0,0,0,,0,0,18.7,10.8,164.5,1023.5,84.6,7.7,224.4,19.8,7,10,2022-02-14T07:07:06,2022-02-14T18:17:53,0.42,Partially cloudy,Partly cloudy throughout the day.,partly-cloudy-day,"59287199999,57687099999,ZGHA"
changsha,2022-02-15,11,5.9,8.2,11,5.4,7.6,4.8,79.7,0.1,100,4.17,rain,0,0,20.2,10.8,342.4,1023,76.4,6.8,160.2,14,5,10,2022-02-15T07:06:18,2022-02-15T18:18:37,0.45,"Rain, Partially cloudy",Partly cloudy throughout the day with afternoon rain.,rain,"59287199999,57687099999,ZGHA"
changsha,2022-02-16,9,6,7.7,8,4.3,6.4,6,89.4,0.7,100,8.33,rain,0,0.6,26.3,14.4,6.7,1020,57.6,4.1,30,2.8,2,10,2022-02-16T07:05:28,2022-02-16T18:19:21,0.48,"Rain, Partially cloudy",Partly cloudy throughout the day with rain.,rain,"59287199999,57687099999,ZGHA"
changsha,2022-02-17,7.1,3.4,6,4.9,-1,2.9,5.4,96.1,18.1,100,20.83,rain,0,0.4,49.3,25.2,340.1,1019.6,93.2,5.5,19,1.9,1,10,2022-02-17T07:04:37,2022-02-17T18:20:04,0.5,"Rain, Overcast",Cloudy skies throughout the day with a chance of rain throughout the day.,rain,"59287199999,57687099999,ZGHA"
changsha,2022-02-18,4,1.4,2.3,0.1,-3.8,-2.6,1.6,95.2,10.4,100,16.67,"rain,snow,ice",3.1,1.5,46.8,25.2,341.7,1024.7,89.1,6.6,54.6,4.6,3,10,2022-02-18T07:03:46,2022-02-18T18:20:46,0.55,"Snow, Rain, Ice, Partially cloudy",Partly cloudy throughout the day with a chance of rain or snow throughout the day.,snow,"59287199999,57687099999,ZGHA"
changsha,2022-02-19,6,1.7,3.3,1.8,-3.5,-1.2,1.4,87.1,0.5,100,8.33,"rain,snow",0.1,0.2,43.6,25.2,349.7,1030.3,79.8,6.5,80.1,7.2,4,10,2022-02-19T07:02:53,2022-02-19T18:21:28,0.59,"Snow, Rain, Partially cloudy",Partly cloudy throughout the day with rain or snow clearing later.,snow,"59287199999,57687099999,ZGHA"
changsha,2022-02-20,6,2.6,4.1,3.7,-0.7,1.3,0.5,78.2,0.1,100,4.17,rain,0,0,38.5,16.3,354.4,1032,23.7,7.1,90.9,8,3,10,2022-02-20T07:01:59,2022-02-20T18:22:10,0.62,"Rain, Partially cloudy",Becoming cloudy in the afternoon with afternoon rain.,rain,"59287199999,57687099999,ZGHA"
changsha,2022-02-21,5,2.7,3.5,5,-0.2,1.9,0.2,79.6,0.6,100,8.33,"rain,snow",1,0.6,29.9,11.4,33.7,1031.4,42.9,8.7,87.3,7.8,4,10,2022-02-21T07:01:05,2022-02-21T18:22:51,0.66,"Snow, Rain, Partially cloudy",Partly cloudy throughout the day with rain or snow.,snow,"59287199999,57687099999,ZGHA"
changsha,2022-02-22,3,0,0.7,3,-4.3,-1.7,0.3,97.6,31.1,100,29.17,"rain,snow",0.1,0.4,22.3,14.4,345.9,1032.4,85.2,2.4,26.1,2.4,2,10,2022-02-22T07:00:09,2022-02-22T18:23:32,0.69,"Snow, Rain, Partially cloudy",Partly cloudy throughout the day with a chance of rain or snow throughout the day.,snow,"59287199999,57687099999,ZGHA"
changsha,2022-02-23,6.3,0,2.6,6.3,-3.5,1.6,1.2,91.7,1.4,100,4.17,"rain,snow",0.1,0.1,23.8,10.8,28.7,1033.9,70,4.9,117.8,10.5,4,10,2022-02-23T06:59:13,2022-02-23T18:24:13,0.73,"Snow, Rain, Partially cloudy",Partly cloudy throughout the day with early morning snow or rain.,snow,"59287199999,57687099999,ZGHA"
changsha,2022-02-24,11,-2,4,11,-3.6,3.4,0.8,82.4,0,0,0,,0,0,23.8,10.8,348,1031.9,29.3,5.5,179.8,15.9,6,10,2022-02-24T06:58:16,2022-02-24T18:24:53,0.75,Partially cloudy,Becoming cloudy in the afternoon.,partly-cloudy-day,"59287199999,57687099999,ZGHA"
changsha,2022-02-25,13,0,6.3,13,0,6.3,2.2,77.5,0,0,0,,0,0,22,12.3,188.8,1027.4,17.1,7.6,231,20.3,7,10,2022-02-25T06:57:18,2022-02-25T18:25:33,0.8,Clear,Clear conditions throughout the day.,clear-day,"59287199999,57687099999,ZGHA"
changsha,2022-02-26,16,4,9.9,16,4,9.9,4.9,73.4,0,0,0,,0,0,21.2,10.8,226.6,1024.6,41.5,9.6,99.9,9,6,10,2022-02-26T06:56:19,2022-02-26T18:26:12,0.84,Partially cloudy,Partly cloudy throughout the day.,partly-cloudy-day,"59287199999,57687099999,ZGHA"
changsha,2022-02-27,20,4,12.6,20,4,12.5,7.1,72.4,0,0,0,,0,0,23.4,14.4,129.8,1019.4,2.7,9,236.6,20.8,7,10,2022-02-27T06:55:20,2022-02-27T18:26:51,0.87,Clear,Clear conditions throughout the day.,clear-day,"59287199999,57687099999,ZGHA"
changsha,2022-02-28,20,8,14.2,20,8,14.2,9.7,75.7,0.1,100,4.17,rain,0,0,40,18,290.1,1016,4.2,8.8,166.4,14.6,6,10,2022-02-28T06:54:19,2022-02-28T18:27:29,0.91,Rain,Clear conditions throughout the day with afternoon rain.,rain,"59287199999,57687099999,ZGHA"
changsha,2022-03-01,15,10.3,12.8,15,10.3,12.8,8.3,74,0.2,100,8.33,rain,0,0,43.9,25.2,351.2,1021.7,56.8,8,51.4,3.9,2,10,2022-03-01T06:53:19,2022-03-01T18:28:08,0.94,"Rain, Partially cloudy",Partly cloudy throughout the day with rain clearing later.,rain,"59287199999,57687099999,ZGHA"
changsha,2022-03-02,21,5,13,21,3.4,12.8,7.2,71.2,0,0,0,,0,0,24.1,10.8,107.6,1020.5,6,10,258.8,18.6,7,10,2022-03-02T06:52:17,2022-03-02T18:28:45,0.98,Clear,Clear conditions throughout the day.,clear-day,"59287199999,57687099999,ZGHA"
changsha,2022-03-03,19,10,14.5,19,10,14.5,10.4,76.9,0.6,100,12.5,rain,0,0,34.9,18,3,1015.8,16.8,9.1,118.1,8.4,4,10,2022-03-03T06:51:15,2022-03-03T18:29:23,0,Rain,Clear conditions throughout the day with rain.,rain,"59287199999,57687099999,ZGHA"
changsha,2022-03-04,17,11,13.6,17,11,13.6,11.4,86.5,0.9,100,8.33,rain,0,0,34.9,14.4,320.9,1016.2,37.1,5.4,74.4,5.4,3,10,2022-03-04T06:50:12,2022-03-04T18:30:00,0.05,"Rain, Partially cloudy",Partly cloudy throughout the day with rain.,rain,"59287199999,57687099999,ZGHA"
changsha,2022-03-05,19,12.7,14.6,19,12.7,14.6,12.9,89.9,3.2,100,8.33,rain,0,0,24.8,18,339.2,1016,43,3.9,65.9,4.8,3,10,2022-03-05T06:49:09,2022-03-05T18:30:37,0.08,"Rain, Partially cloudy",Clearing in the afternoon with rain.,rain,"59287199999,57687099999,ZGHA"
changsha,2022-03-06,15,10.4,12.8,15,10.4,12.8,11.8,94,10.6,100,16.67,rain,0,0,40.3,23.6,351.1,1017.3,87.1,6.2,7.5,0.4,0,10,2022-03-06T06:48:05,2022-03-06T18:31:13,0.11,"Rain, Partially cloudy",Partly cloudy throughout the day with a chance of rain throughout the day.,rain,"59287199999,57687099999,ZGHA"
changsha,2022-03-07,19,9,12.9,19,7.4,12.7,8.8,77.8,0.3,100,4.17,rain,0,0,40.3,25.2,330.3,1023.2,39.8,9.2,274,20.8,8,10,2022-03-07T06:47:00,2022-03-07T18:31:50,0.14,"Rain, Partially cloudy",Partly cloudy throughout the day with early morning rain.,rain,"59287199999,57687099999,ZGHA"
changsha,2022-03-08,23,7,15.3,23,6.9,15.2,7.1,63.6,0,0,0,,0,0,37.1,21.6,159.8,1016.9,0,10.7,277.3,24,8,10,2022-03-08T06:45:55,2022-03-08T18:32:25,0.17,Clear,Clear conditions throughout the day.,clear-day,"59287199999,57687099999,ZGHA"
changsha,2022-03-09,27,8,18.3,26.3,8,18.3,7.7,53.9,0.1,100,4.17,rain,0,0,35.3,18,154.6,1014.2,21.2,12.3,271,23.4,8,10,2022-03-09T06:44:50,2022-03-09T18:33:01,0.21,"Rain, Partially cloudy",Partly cloudy throughout the day with late afternoon rain.,rain,"59287199999,57687099999,ZGHA"
changsha,2022-03-10,26,16,19.9,26,16,19.9,11,58.2,0.3,100,4.17,rain,0,0,34.9,14.4,148.7,1013.2,30.2,12.7,265.5,23.1,7,10,2022-03-10T06:43:44,2022-03-10T18:33:36,0.25,"Rain, Partially cloudy",Partly cloudy throughout the day with early morning rain.,rain,"59287199999,57687099999,ZGHA"
changsha,2022-03-11,28,16,21.5,28,16,21.6,13.9,63.4,0,0,0,,0,0,27,14.5,140.9,1011.6,11,12.4,229.2,20,7,10,2022-03-11T06:42:38,2022-03-11T18:34:11,0.27,Clear,Clear conditions throughout the day.,clear-day,"59287199999,57687099999,ZGHA"
changsha,2022-03-12,28,16,22.7,28.6,16,22.8,15.6,65.6,0.1,100,4.17,rain,0,0,31,21.6,178.8,1009.8,74.6,12.3,144.7,12.4,6,10,2022-03-12T06:41:32,2022-03-12T18:34:46,0.3,"Rain, Partially cloudy",Partly cloudy throughout the day with late afternoon rain.,rain,"59287199999,57687099999,ZGHA"
changsha,2022-03-13,31,19,24.4,31.4,19,24.6,17,65.3,1.5,100,12.5,rain,0,0,29.9,14.4,189.9,1009.1,58.7,11.5,256.9,22.2,7,10,2022-03-13T06:40:25,2022-03-13T18:35:21,0.34,"Rain, Partially cloudy",Partly cloudy throughout the day with early morning rain.,rain,"59287199999,57687099999,ZGHA"
changsha,2022-03-14,29,19.3,23.5,30.3,19.3,23.9,18.2,73.5,0.4,100,4.17,rain,0,0,40.7,21.6,12.6,1011.1,63.4,10.8,229.7,19.7,7,30,2022-03-14T06:39:17,2022-03-14T18:35:55,0.37,"Rain, Partially cloudy",Partly cloudy throughout the day with late afternoon rain.,rain,"59287199999,57687099999,ZGHA"
changsha,2022-03-15,30,17,22.3,31.3,17,22.6,18,78.8,0,0,0,,0,0,40.7,10.8,50,1011,39.2,8.2,271.3,23.4,8,10,2022-03-15T06:38:10,2022-03-15T18:36:29,0.4,Partially cloudy,Clearing in the afternoon.,partly-cloudy-day,"59287199999,57687099999,ZGHA"
changsha,2022-03-16,28,19,23.6,29.7,19,23.8,18.5,74.2,0.4,100,4.17,rain,0,0,41,21.6,162,1006.8,37.8,10.3,116.4,10.1,4,10,2022-03-16T06:37:02,2022-03-16T18:37:03,0.43,"Rain, Partially cloudy",Becoming cloudy in the afternoon with afternoon rain.,rain,"59287199999,57687099999,ZGHA"
changsha,2022-03-17,23,9.8,14.9,23,7.4,14.8,12,83,1,100,8.33,rain,0,0,54,32.4,334.5,1012,89.4,10.8,29.1,2.5,1,10,2022-03-17T06:35:54,2022-03-17T18:37:37,0.46,"Rain, Partially cloudy",Partly cloudy throughout the day with rain clearing later.,rain,"59287199999,57687099999,ZGHA"
changsha,2022-03-18,13.2,8.7,10.9,13.2,5.7,10.3,7.6,80.2,0,0,0,,0,0,41,25.2,353.2,1015.2,72.9,10.5,268.3,23.1,8,10,2022-03-18T06:34:46,2022-03-18T18:38:10,0.5,Partially cloudy,Partly cloudy throughout the day.,partly-cloudy-day,"59287199999,57687099999,ZGHA"
changsha,2022-03-19,24,9.8,15.8,24,8.8,15.7,11.5,77.6,0.3,100,12.5,rain,0,0,58.7,24.5,337.7,1009.8,33.8,8.5,214.3,18.6,7,10,2022-03-19T06:33:38,2022-03-19T18:38:44,0.53,"Rain, Partially cloudy",Becoming cloudy in the afternoon with late afternoon rain.,rain,"59287199999,57687099999,ZGHA"
changsha,2022-03-20,14,7.2,9.6,14,4,7.8,8.2,91,0.1,100,4.17,rain,0,0,58.7,28.8,331.4,1014.2,100,5.7,14.4,1.4,0,10,2022-03-20T06:32:29,2022-03-20T18:39:17,0.57,"Rain, Overcast",Cloudy skies throughout the day with late afternoon rain.,rain,"59287199999,57687099999,ZGHA"
changsha,2022-03-21,8,6.8,7.7,6.9,2.8,5.1,7.4,97.8,4.1,100,16.67,rain,0,0,47.9,25.6,335.7,1016.1,98.6,7.1,9.4,1,0,10,2022-03-21T06:31:21,2022-03-21T18:39:50,0.6,"Rain, Overcast",Cloudy skies throughout the day with a chance of rain throughout the day.,rain,"59287199999,57687099999,ZGHA"
changsha,2022-03-22,10,7.4,8.4,10,4.4,6,7.3,93,20.9,100,25,rain,0,0,41,21.6,338.4,1021.1,97,8.6,26.8,2.3,1,10,2022-03-22T06:30:12,2022-03-22T18:40:23,0.64,"Rain, Overcast",Cloudy skies throughout the day with a chance of rain throughout the day.,rain,"59287199999,57687099999,ZGHA"
changsha,2022-03-23,12,7.4,9.9,12,5,9.1,6.9,81.7,0.1,100,4.17,rain,0,0,36.7,18,317.8,1021.4,88.7,10.5,138.8,11.9,5,10,2022-03-23T06:29:03,2022-03-23T18:40:56,0.67,"Rain, Partially cloudy",Partly cloudy throughout the day with afternoon rain.,rain,"59287199999,57687099999,ZGHA"
changsha,2022-03-24,17,9,12.5,17,7.3,12.4,9.9,85.1,2.8,100,8.33,rain,0,0,37.8,25.2,170.9,1011.9,82.5,8.8,98.4,8.6,6,10,2022-03-24T06:27:54,2022-03-24T18:41:29,0.71,"Rain, Partially cloudy",Partly cloudy throughout the day with rain.,rain,"59287199999,57687099999,ZGHA"
changsha,2022-03-25,17,12.7,14.4,17,12.7,14.4,13.6,94.9,1.4,100,16.67,rain,0,0,53.3,32.4,323.1,1006.9,91.5,7.3,32.7,2.9,1,10,2022-03-25T06:26:46,2022-03-25T18:42:01,0.75,"Rain, Overcast",Cloudy skies throughout the day with a chance of rain throughout the day.,rain,"59287199999,57687099999,ZGHA"
changsha,2022-03-26,14,11.8,12.8,14,11.8,12.8,11.3,91,8.2,100,8.33,rain,0,0,53.3,25.2,337,1017.6,59,6,44.9,4,2,10,2022-03-26T06:25:37,2022-03-26T18:42:34,0.78,"Rain, Partially cloudy",Partly cloudy throughout the day with rain clearing later.,rain,"59287199999,57687099999,ZGHA"
changsha,2022-03-27,15,10.4,12.4,15,10.4,12.4,10.3,87.1,5.6,100,12.5,rain,0,0,33.5,12.3,330.6,1021.2,15.3,7.3,38,3.2,2,10,2022-03-27T06:24:28,2022-03-27T18:43:06,0.82,Rain,Clear conditions throughout the day with rain clearing later.,rain,"59287199999,57687099999,ZGHA"
changsha,2022-03-28,22,8,14.7,22,8,14.7,9.4,74.7,0,0,0,,0,0,40.7,18,120.2,1020.2,19,8.1,291.3,25.2,10,10,2022-03-28T06:23:19,2022-03-28T18:43:39,0.85,Clear,Clear conditions throughout the day.,clear-day,"59287199999,57687099999,ZGHA"
changsha,2022-03-29,24,11.6,17.4,24,11.6,17.4,12,72.5,16.2,100,8.33,rain,0,0,42.5,18,161.8,1016.7,71.4,10.9,256.4,22,9,10,2022-03-29T06:22:11,2022-03-29T18:44:11,0.89,"Rain, Partially cloudy",Partly cloudy throughout the day with late afternoon rain.,rain,"59287199999,57687099999,ZGHA"
changsha,2022-03-30,17,15,16.3,17,15,16.3,16.1,98.7,72,100,33.33,rain,0,1.7,30.6,13.4,38.3,1017.3,65,4.2,17.5,1.6,1,10,2022-03-30T06:21:03,2022-03-30T18:44:44,0.92,"Rain, Partially cloudy",Partly cloudy throughout the day with a chance of rain throughout the day.,rain,"59287199999,57687099999,ZGHA"
changsha,2022-03-31,16,12,14.8,16,12,14.8,14.2,96.3,25.7,100,20.83,rain,0,0.8,50.4,25.6,357.8,1023.1,100,7.2,11.1,0.9,1,10,2022-03-31T06:19:54,2022-03-31T18:45:16,0.96,"Rain, Overcast",Cloudy skies throughout the day with a chance of rain throughout the day.,rain,"59287199999,57687099999,ZGHA"
changsha,2022-04-01,14,11.7,12.7,14,11.7,12.7,11,89.7,2.2,100,12.5,rain,0,0,50.4,21.6,358.2,1030.8,79.9,6.3,57.9,5,3,10,2022-04-01T06:18:46,2022-04-01T18:45:49,0,"Rain, Partially cloudy",Partly cloudy throughout the day with rain.,rain,"59287199999,57687099999,ZGHA"
changsha,2022-04-02,21,9.9,14.4,21,9.9,14.4,8.9,73.1,0.1,100,4.17,rain,0,0,31,7.2,273.3,1028.9,69.4,10,236.4,20.5,9,10,2022-04-02T06:17:38,2022-04-02T18:46:21,0.03,"Rain, Partially cloudy",Becoming cloudy in the afternoon with early morning rain.,rain,"59287199999,57687099999,ZGHA"
changsha,2022-04-03,25,9,16.8,25,9,16.8,8.4,64.1,0,0,0,,0,0,33.8,18,93,1025.3,12.4,10.7,305,26.2,10,10,2022-04-03T06:16:31,2022-04-03T18:46:53,0.06,Clear,Clear conditions throughout the day.,clear-day,"59287199999,57687099999,ZGHA"
changsha,2022-04-04,25,12,18.7,25,12,18.7,7.8,52.4,0,0,0,,0,0,35.6,14.4,9.8,1023.2,75.9,12.3,275.3,23.8,9,10,2022-04-04T06:15:23,2022-04-04T18:47:26,0.09,Partially cloudy,Partly cloudy throughout the day.,partly-cloudy-day,"59287199999,57687099999,ZGHA"
changsha,2022-04-05,24,14.7,18.7,24,14.7,18.7,11.5,65.1,0.6,100,4.17,rain,0,0,34.9,17.7,336.2,1021.7,55.9,10.7,161.1,14,8,10,2022-04-05T06:14:16,2022-04-05T18:47:58,0.13,"Rain, Partially cloudy",Becoming cloudy in the afternoon with morning rain.,rain,"59287199999,57687099999,ZGHA"
changsha,2022-04-06,27,12.8,20.2,26.7,12.8,20.2,11.7,62.6,0,0,0,,0,0,21.2,10.8,34.5,1019.4,86.7,11.9,270,23.3,8,10,2022-04-06T06:13:10,2022-04-06T18:48:31,0.16,Partially cloudy,Partly cloudy throughout the day.,partly-cloudy-day,"59287199999,57687099999,ZGHA"
changsha,2022-04-07,31,14,22.2,29.1,14,21.8,11,56.5,0,0,0,,0,0,21.2,7.2,128.3,1018.1,19.1,11.3,313.9,27.1,10,10,2022-04-07T06:12:03,2022-04-07T18:49:03,0.19,Clear,Clear conditions throughout the day.,clear-day,"59287199999,57687099999,ZGHA"
changsha,2022-04-08,31,14,22.6,29.1,14,22,8.6,47,0,0,0,,0,0,28.8,14.4,156.9,1015.2,17.7,12.2,310.9,26.9,10,10,2022-04-08T06:10:57,2022-04-08T18:49:36,0.22,Clear,Clear conditions throughout the day.,clear-day,"59287199999,57687099999,ZGHA"
changsha,2022-04-09,32,14,23.3,30.2,14,22.8,9.6,46.1,0,0,0,,0,0,25.9,21.6,172.9,1010.8,64.2,12.4,303.7,26.3,10,10,2022-04-09T06:09:52,2022-04-09T18:50:09,0.25,Partially cloudy,Partly cloudy throughout the day.,partly-cloudy-day,"59287199999,57687099999,ZGHA"
changsha,2022-04-10,31,19,24.9,30.6,19,24.8,13.8,51.3,0,0,0,,0,0,33.5,21.6,182.6,1009,56,12.1,190.8,16.4,9,10,2022-04-10T06:08:46,2022-04-10T18:50:42,0.29,Partially cloudy,Partly cloudy throughout the day.,partly-cloudy-day,"59287199999,57687099999,ZGHA"
changsha,2022-04-11,33,19.5,25.8,33,19.5,25.8,15.5,55.1,0,0,0,,0,0,33.5,18,178.7,1007.9,5,11.8,305,26.5,10,10,2022-04-11T06:07:42,2022-04-11T18:51:14,0.32,Clear,Clear conditions throughout the day.,clear-day,"59287199999,57687099999,ZGHA"
changsha,2022-04-12,33,18,24.9,33.5,18,25.3,17.7,67.3,20,100,16.67,rain,0,0,47.2,28.8,226.5,1005.6,54.5,11,252.8,21.8,10,10,2022-04-12T06:06:37,2022-04-12T18:51:47,0.35,"Rain, Partially cloudy",Partly cloudy throughout the day with late afternoon rain.,rain,"59287199999,57687099999,ZGHA"
changsha,2022-04-13,18,15.4,17,18,15.4,17,14.6,86.2,18.3,100,12.5,rain,0,0,52.2,32.4,330.3,1009.7,97.3,10.3,73.9,6.5,4,10,2022-04-13T06:05:33,2022-04-13T18:52:21,0.38,"Rain, Overcast",Cloudy skies throughout the day with rain clearing later.,rain,"59287199999,57687099999,ZGHA"
changsha,2022-04-14,21,13.8,17.4,21,13.8,17.4,14,81.4,0.2,100,4.17,rain,0,0,44.6,21.6,333.7,1014.5,87.8,9.3,114.6,9.8,5,10,2022-04-14T06:04:30,2022-04-14T18:52:54,0.42,"Rain, Partially cloudy",Partly cloudy throughout the day with late afternoon rain.,rain,"59287199999,57687099999,ZGHA"
changsha,2022-04-15,15,10.9,12.7,15,10.9,12.7,12,95.4,27.4,100,20.83,rain,0,1.5,46.4,21.6,348.7,1018,82.4,5.9,8.4,0.6,1,10,2022-04-15T06:03:28,2022-04-15T18:53:27,0.45,"Rain, Partially cloudy",Partly cloudy throughout the day with a chance of rain throughout the day.,rain,"59287199999,57687099999,ZGHA"
changsha,2022-04-16,12,10.6,11.4,12,10.6,11.4,10.6,95.3,34.6,100,20.83,rain,0,1.1,41,18,352.5,1020.2,93.1,5.6,16.2,1.4,1,10,2022-04-16T06:02:25,2022-04-16T18:54:01,0.48,"Rain, Overcast",Cloudy skies throughout the day with rain.,rain,"59287199999,57687099999,ZGHA"
changsha,2022-04-17,13,11.5,12.1,13,11.5,12.1,11.1,93.6,7.3,100,16.67,rain,0,0,28.8,7.2,336.1,1020.5,81.8,5.2,17.3,1.4,1,10,2022-04-17T06:01:24,2022-04-17T18:54:34,0.5,"Rain, Partially cloudy",Partly cloudy throughout the day with rain.,rain,"59287199999,57687099999,ZGHA"
changsha,2022-04-18,21,11.5,15.7,21,11.5,15.7,11,76.5,0.5,100,4.17,rain,0,0,22.7,10.8,309.7,1021.2,49.5,8,262,22.4,9,10,2022-04-18T06:00:23,2022-04-18T18:55:08,0.55,"Rain, Partially cloudy",Partly cloudy throughout the day with early morning rain.,rain,"59287199999,57687099999,ZGHA"
changsha,2022-04-19,25,12.3,17.9,25,12.3,17.9,11.6,70.4,0,0,0,,0,0,19.8,10.8,156.1,1020.1,10.5,9,289.5,25.2,10,10,2022-04-19T05:59:23,2022-04-19T18:55:42,0.58,Clear,Clear conditions throughout the day.,clear-day,"59287199999,57687099999,ZGHA"
changsha,2022-04-20,25,13,18.9,25,13,18.9,12.4,69.1,0,0,0,,0,0,29.5,14.4,188.5,1014.7,22.3,10,234.8,20.3,9,10,2022-04-20T05:58:23,2022-04-20T18:56:15,0.62,Partially cloudy,Partly cloudy throughout the day.,partly-cloudy-day,"59287199999,57687099999,ZGHA"
changsha,2022-04-21,29,13.9,21.3,28.4,13.9,21.3,13.3,63.4,0,0,0,,0,0,36,25.2,181.8,1009.9,49.3,11.6,305.5,26.3,10,10,2022-04-21T05:57:24,2022-04-21T18:56:50,0.66,Partially cloudy,Becoming cloudy in the afternoon.,partly-cloudy-day,"59287199999,57687099999,ZGHA"
changsha,2022-04-22,23,19.9,21.1,23,19.9,21.1,18.5,85.3,3.2,100,8.33,rain,0,0,32.8,18,165.2,1009,89.9,10.4,64.5,5.5,4,10,2022-04-22T05:56:26,2022-04-22T18:57:24,0.69,"Rain, Partially cloudy",Partly cloudy throughout the day with rain.,rain,"59287199999,57687099999,ZGHA"
changsha,2022-04-23,27.2,18.9,22.9,28.5,18.9,23.1,19.8,83.9,2,100,4.17,rain,0,0,25.2,7.2,306.7,1009.3,56.2,9.1,227.8,19.7,9,10,2022-04-23T05:55:29,2022-04-23T18:57:58,0.75,"Rain, Partially cloudy",Partly cloudy throughout the day with early morning rain.,rain,"59287199999,57687099999,ZGHA"
changsha,2022-04-24,33,19,25.6,37,19,27.1,21.1,78.5,12,100,8.33,rain,0,0,57.6,21.6,155.3,1005,39.5,9.6,293.6,25.4,9,30,2022-04-24T05:54:32,2022-04-24T18:58:32,0.76,"Rain, Partially cloudy",Partly cloudy throughout the day with rain.,rain,"59287199999,57687099999,ZGHA"
changsha,2022-04-25,31,22.9,26,34.6,22.9,26.9,22.2,81.3,3,100,8.33,rain,0,0,57.6,25.2,214.6,1002.2,57.6,10.5,252.3,21.7,8,30,2022-04-25T05:53:36,2022-04-25T18:59:07,0.8,"Rain, Partially cloudy",Partly cloudy throughout the day with late afternoon rain.,rain,"59287199999,57687099999,ZGHA"
changsha,2022-04-26,30.1,21.9,24.8,32.6,21.9,25.5,21.5,83.3,1,100,4.17,rain,0,0,39.6,12.3,331.8,1006.1,61.2,8.3,204.3,17.6,8,10,2022-04-26T05:52:41,2022-04-26T18:59:42,0.83,"Rain, Partially cloudy",Partly cloudy throughout the day with late afternoon rain.,rain,"59287199999,57687099999,ZGHA"
changsha,2022-04-27,30,22,25.2,34.1,22,26.1,22.3,84.9,9,100,4.17,rain,0,0,21.6,18,20.5,1008.3,65.7,8.1,235.3,20.4,9,30,2022-04-27T05:51:47,2022-04-27T19:00:17,0.87,"Rain, Partially cloudy",Partly cloudy throughout the day with late afternoon rain.,rain,"59287199999,57687099999,ZGHA"
changsha,2022-04-28,28,13.6,21.3,31.3,13.6,21.8,19.5,90.1,10.9,100,12.5,rain,0,0,79.2,39.6,357.2,1009,59.5,9.4,152.4,13.1,7,60,2022-04-28T05:50:54,2022-04-28T19:00:52,0.9,"Rain, Partially cloudy",Partly cloudy throughout the day with rain.,rain,"59287199999,57687099999,ZGHA"
changsha,2022-04-29,16,12.4,14.1,16,12.4,14.1,11.1,82.3,0.6,100,4.17,rain,0,0,79.2,32.4,345.4,1018.5,90.1,10,94.7,8,4,10,2022-04-29T05:50:02,2022-04-29T19:01:27,0.94,"Rain, Overcast",Cloudy skies throughout the day with late afternoon rain.,rain,"59287199999,57687099999,ZGHA"
changsha,2022-04-30,16,13.5,14.3,16,13.5,14.3,13.4,94.4,23.5,100,16.67,rain,0,0,42.8,25.2,351.4,1019.1,83.4,4.9,23.8,1.9,1,10,2022-04-30T05:49:10,2022-04-30T19:02:02,0.98,"Rain, Partially cloudy",Partly cloudy throughout the day with a chance of rain throughout the day.,rain,"59287199999,57687099999,ZGHA"
changsha,2022-05-01,18,13,15.1,18,13,15.1,12.6,85.5,0.1,100,4.17,rain,0,0,40,18,350.8,1021.4,23.1,5.3,170.4,14.7,8,10,2022-05-01T05:48:20,2022-05-01T19:02:37,0,"Rain, Partially cloudy",Partly cloudy throughout the day with early morning rain.,rain,"59287199999,57687099999,ZGHA"
changsha,2022-05-02,25,11.7,18,25,11.7,18,11.6,71.2,0,0,0,,0,0,25.2,10.8,348.8,1019.6,29.6,8.2,281.9,24.2,9,10,2022-05-02T05:47:30,2022-05-02T19:03:12,0.04,Partially cloudy,Becoming cloudy in the afternoon.,partly-cloudy-day,"59287199999,57687099999,ZGHA"
changsha,2022-05-03,29,12.2,20.5,27.8,12.2,20.3,12.3,65.4,0,0,0,,0,0,18,11.5,43.7,1018.6,38.7,11.2,321.8,28,10,10,2022-05-03T05:46:42,2022-05-03T19:03:48,0.08,Partially cloudy,Becoming cloudy in the afternoon.,partly-cloudy-day,"59287199999,57687099999,ZGHA"
changsha,2022-05-04,30,14,22.3,28.5,14,22,11.9,57.5,0,0,0,,0,0,21.6,10.8,157.8,1015,79.4,12.1,310.8,26.6,10,10,2022-05-04T05:45:54,2022-05-04T19:04:23,0.11,Partially cloudy,Partly cloudy throughout the day.,partly-cloudy-day,"59287199999,57687099999,ZGHA"
changsha,2022-05-05,31,15,23.5,29.7,15,23.1,12.4,54.8,0,0,0,,0,0,28.8,18,185.6,1011.6,30.6,12.1,335.4,29.1,10,10,2022-05-05T05:45:08,2022-05-05T19:04:59,0.14,Partially cloudy,Becoming cloudy in the afternoon.,partly-cloudy-day,"59287199999,57687099999,ZGHA"
changsha,2022-05-06,33,17,25.2,32.6,17,25.3,15.6,57.7,0,0,0,,0,0,21.6,18,170.9,1009.8,85.3,12.2,291.7,25.3,10,10,2022-05-06T05:44:22,2022-05-06T19:05:35,0.17,Partially cloudy,Partly cloudy throughout the day.,partly-cloudy-day,"59287199999,57687099999,ZGHA"
changsha,2022-05-07,25,21,23.1,25,21,23.1,19.9,82.4,0.4,100,8.33,rain,0,0,23.8,14.4,98.5,1012.7,32.1,9.1,176.1,15.3,8,10,2022-05-07T05:43:38,2022-05-07T19:06:10,0.21,"Rain, Partially cloudy",Partly cloudy throughout the day with rain clearing later.,rain,"59287199999,57687099999,ZGHA"
changsha,2022-05-08,23,19.8,21.6,23,19.8,21.6,20.2,92.2,26.2,100,16.67,rain,0,0,14.4,10.8,35.3,1012.9,76.4,5.6,100.8,8.8,5,10,2022-05-08T05:42:55,2022-05-08T19:06:46,0.24,"Rain, Partially cloudy",Partly cloudy throughout the day with rain.,rain,"59287199999,57687099999,ZGHA"
changsha,2022-05-09,28,18,22.4,30.1,18,22.6,20.7,90.6,7.4,100,16.67,rain,0,0,39.6,18.7,324.2,1011.5,52.8,5.5,133.9,11.5,8,10,2022-05-09T05:42:12,2022-05-09T19:07:22,0.25,"Rain, Partially cloudy",Partly cloudy throughout the day with a chance of rain throughout the day.,rain,"59287199999,57687099999,ZGHA"
changsha,2022-05-10,19,15.2,17.1,19,15.2,17.1,16.1,93.9,53.2,100,16.67,rain,0,0,54,30,327.1,1010.4,85.5,5.4,41.2,3.5,3,10,2022-05-10T05:41:31,2022-05-10T19:07:58,0.3,"Rain, Partially cloudy",Partly cloudy throughout the day with a chance of rain throughout the day.,rain,"59287199999,57687099999,ZGHA"
changsha,2022-05-11,23,16.7,19.5,23,16.7,19.5,17.7,90,1.1,100,8.33,rain,0,0,28.8,18,347.6,1011.3,76,5.7,75.8,6.6,5,10,2022-05-11T05:40:51,2022-05-11T19:08:33,0.34,"Rain, Partially cloudy",Partly cloudy throughout the day with rain.,rain,"59287199999,57687099999,ZGHA"
changsha,2022-05-12,21,18.5,19.6,21,18.5,19.6,19.3,97.9,4.9,100,16.67,rain,0,0,25.2,14.4,342.7,1009.3,84.3,3.1,19.5,1.6,1,10,2022-05-12T05:40:13,2022-05-12T19:09:09,0.37,"Rain, Partially cloudy",Partly cloudy throughout the day with a chance of rain throughout the day.,rain,"59287199999,57687099999,ZGHA"
changsha,2022-05-13,22,18.7,20.1,22,18.7,20.1,18.5,90.8,3.3,100,8.33,rain,0,0,43.2,25.2,348.7,1010.1,77.6,4.4,93.8,8.3,4,10,2022-05-13T05:39:35,2022-05-13T19:09:45,0.4,"Rain, Partially cloudy",Partly cloudy throughout the day with rain clearing later.,rain,"59287199999,57687099999,ZGHA"
changsha,2022-05-14,24,14.4,19,24,14.4,19,16.8,87.6,8,100,12.5,rain,0,0,54,28.8,345.9,1013.4,38.9,4.5,29.2,2.5,1,10,2022-05-14T05:38:59,2022-05-14T19:10:20,0.43,"Rain, Partially cloudy",Becoming cloudy in the afternoon with rain.,rain,"59287199999,57687099999,ZGHA"
changsha,2022-05-15,17,12.7,15.2,17,12.7,15.2,14.4,94.9,12.1,100,20.83,rain,0,0,54,21.6,339.5,1018.3,73.4,4,12.9,0.9,0,10,2022-05-15T05:38:24,2022-05-15T19:10:56,0.47,"Rain, Partially cloudy",Partly cloudy throughout the day with a chance of rain throughout the day.,rain,"59287199999,57687099999,ZGHA"
changsha,2022-05-16,24.6,14,18.7,24.6,14,18.7,13.9,76,0,0,0,,0,0,28.8,10.8,353.7,1017.1,31.2,8.5,334.8,28.9,10,10,2022-05-16T05:37:50,2022-05-16T19:11:31,0.5,Partially cloudy,Partly cloudy throughout the day.,partly-cloudy-day,"59287199999,57687099999,ZGHA"
changsha,2022-05-17,28,13.4,20.7,27.5,13.4,20.7,14.5,71.1,0,0,0,,0,0,21.6,18,197.1,1015.3,52.2,9.8,293.3,25.3,10,10,2022-05-17T05:37:17,2022-05-17T19:12:06,0.53,Partially cloudy,Partly cloudy throughout the day.,partly-cloudy-day,"59287199999,57687099999,ZGHA"
changsha,2022-05-18,25,18,21.2,25,18,21.2,16.5,75.7,0,0,0,rain,0,0,21.6,14.4,27.7,1014.6,41.7,9.4,89.2,7.6,5,10,2022-05-18T05:36:45,2022-05-18T19:12:42,0.57,Partially cloudy,Partly cloudy throughout the day.,partly-cloudy-day,"59287199999,57687099999,ZGHA"
changsha,2022-05-19,21,17.5,19.3,21,17.5,19.3,17.2,87.7,4,100,8.33,rain,0,0,31,14.4,335.1,1013.8,22,5.8,34.7,3,1,10,2022-05-19T05:36:15,2022-05-19T19:13:16,0.6,"Rain, Partially cloudy",Becoming cloudy in the afternoon with late afternoon rain.,rain,"59287199999,57687099999,ZGHA"
changsha,2022-05-20,23.1,17.2,19.5,23.1,17.2,19.5,17.3,87.8,4.9,100,8.33,rain,0,0,28.8,14.4,350.9,1012.4,71.7,8.4,140.4,12.1,6,10,2022-05-20T05:35:46,2022-05-20T19:13:51,0.64,"Rain, Partially cloudy",Partly cloudy throughout the day with rain clearing later.,rain,"59287199999,57687099999,ZGHA"
changsha,2022-05-21,27,16.4,21.7,27.7,16.4,21.8,17.3,78.6,0.2,100,8.33,rain,0,0,28.8,10.8,345.2,1010.5,45.3,9,246.4,21.5,9,10,2022-05-21T05:35:19,2022-05-21T19:14:26,0.67,"Rain, Partially cloudy",Partly cloudy throughout the day with rain.,rain,"59287199999,57687099999,ZGHA"
changsha,2022-05-22,23,19.3,21,23,19.3,21,18.6,86.6,0.8,100,4.17,rain,0,0,18,10.8,171.3,1008.8,34.7,8.8,60.9,5.3,3,10,2022-05-22T05:34:52,2022-05-22T19:15:00,0.71,"Rain, Partially cloudy",Partly cloudy throughout the day with late afternoon rain.,rain,"59287199999,57687099999,ZGHA"
changsha,2022-05-23,26,18.4,22.4,26,18.4,22.4,18.9,82.1,0.2,100,8.33,rain,0,0,18.7,10.8,163.2,1009.2,58.3,8.5,236.2,20.2,7,10,2022-05-23T05:34:27,2022-05-23T19:15:34,0.75,"Rain, Partially cloudy",Partly cloudy throughout the day with rain.,rain,"59287199999,57687099999,ZGHA"
changsha,2022-05-24,25,20.6,22.4,25,20.6,22.4,20.7,90.3,2.5,100,12.5,rain,0,0,28.8,14.4,177.1,1010.7,74.5,8.4,119.6,10.3,8,10,2022-05-24T05:34:04,2022-05-24T19:16:08,0.78,"Rain, Partially cloudy",Partly cloudy throughout the day with rain.,rain,"59287199999,57687099999,ZGHA"
changsha,2022-05-25,29,20.9,24.6,32,20.9,25.4,21.7,85,0.5,100,4.17,rain,0,0,18,10.8,161.3,1008.4,54.8,8.3,254.9,21.9,8,10,2022-05-25T05:33:41,2022-05-25T19:16:41,0.81,"Rain, Partially cloudy",Partly cloudy throughout the day with late afternoon rain.,rain,"59287199999,57687099999,ZGHA"
changsha,2022-05-26,25,20.8,22.2,25,20.8,22.2,20.9,92.1,35.9,100,16.67,rain,0,0,43.2,25.2,1.1,1006.7,74.3,7.1,27.9,2.3,1,10,2022-05-26T05:33:20,2022-05-26T19:17:14,0.85,"Rain, Partially cloudy",Partly cloudy throughout the day with a chance of rain throughout the day.,rain,"59287199999,57687099999,ZGHA"
changsha,2022-05-27,24,19.7,21,24,19.7,21,20.3,96.1,21,100,16.67,rain,0,0,21.6,14.4,7.5,1005.8,62.3,4.4,59.5,5.1,4,10,2022-05-27T05:33:01,2022-05-27T19:17:47,0.88,"Rain, Partially cloudy",Partly cloudy throughout the day with rain.,rain,"59287199999,57687099999,ZGHA"
changsha,2022-05-28,23,19.6,21.3,23,19.6,21.3,20.8,96.8,4.3,100,12.5,rain,0,0,18,10.8,5.5,1004.1,79.7,6.1,104.3,9.1,6,10,2022-05-28T05:32:42,2022-05-28T19:18:19,0.92,"Rain, Partially cloudy",Partly cloudy throughout the day with rain.,rain,"59287199999,57687099999,ZGHA"
changsha,2022-05-29,30.7,21.6,25,38.2,21.6,26.6,23.8,93.5,13.2,100,20.83,rain,0,0,28.8,14.4,200.6,1001.9,69.9,7.5,212,18.4,8,60,2022-05-29T05:32:25,2022-05-29T19:18:51,0.95,"Rain, Partially cloudy",Partly cloudy throughout the day with a chance of rain throughout the day.,rain,"59287199999,57687099999,ZGHA"
changsha,2022-05-30,27,23,24.7,30.1,23,25.1,23.6,93.7,25.1,100,16.67,rain,0,0,39.6,32.4,225.5,1005.5,70.4,9.4,173.4,15.1,8,30,2022-05-30T05:32:09,2022-05-30T19:19:22,0,"Rain, Partially cloudy",Partly cloudy throughout the day with a chance of rain throughout the day.,rain,"59287199999,57687099999,ZGHA"
changsha,2022-05-31,26,22.5,24,26,22.5,24,23.5,96.9,3.2,100,12.5,rain,0,0,25.2,14.4,167,1006.2,54.9,7.6,234.7,20.3,9,30,2022-05-31T05:31:55,2022-05-31T19:19:53,0.02,"Rain, Partially cloudy",Partly cloudy throughout the day with rain.,rain,"59287199999,57687099999,ZGHA"
changsha,2022-06-01,31,22.9,26.4,36.7,22.9,28.7,24.1,88.2,0.2,100,8.33,rain,0,0,21.6,18,178.7,1004,50.8,10.4,270.1,23.1,8,60,2022-06-01T05:31:42,2022-06-01T19:20:24,0.06,"Rain, Partially cloudy",Partly cloudy throughout the day with rain.,rain,"59287199999,57687099999,ZGHA"
changsha,2022-06-02,31,24,26.7,37.8,24,29.4,25,91,4.4,100,16.67,rain,0,0,36,28.8,146.8,1001.9,79.4,9.9,180,15.6,8,30,2022-06-02T05:31:30,2022-06-02T19:20:53,0.09,"Rain, Partially cloudy",Partly cloudy throughout the day with a chance of rain throughout the day.,rain,"59287199999,57687099999,ZGHA"
changsha,2022-06-03,32,24.9,27.4,39.2,24.9,30.5,25.5,89.9,28.5,100,16.67,rain,0,0,43.2,14.4,147.2,1000.7,55.5,8.9,106.3,9.2,6,30,2022-06-03T05:31:20,2022-06-03T19:21:23,0.12,"Rain, Partially cloudy",Partly cloudy throughout the day with rain.,rain,"59287199999,57687099999,ZGHA"
changsha,2022-06-04,31,24.8,26.8,40.6,24.8,29.9,25.6,93.4,19.6,100,20.83,rain,0,0,43.2,14.4,178.2,1000.7,69.8,9,111.8,9.6,6,30,2022-06-04T05:31:11,2022-06-04T19:21:51,0.16,"Rain, Partially cloudy",Partly cloudy throughout the day with a chance of rain throughout the day.,rain,"59287199999,57687099999,ZGHA"
changsha,2022-06-05,27,24.2,25.8,29.6,24.2,26.3,23.9,89.8,23.1,100,12.5,rain,0,0,39.6,21.6,300.2,1001.2,65.3,9.9,165.4,14.2,6,10,2022-06-05T05:31:03,2022-06-05T19:22:19,0.19,"Rain, Partially cloudy",Partly cloudy throughout the day with a chance of rain throughout the day.,rain,"59287199999,57687099999,ZGHA"
changsha,2022-06-06,33,24,27.4,38.1,24,29.4,23.5,80.7,0.6,100,12.5,rain,0,0,39.6,21.6,20.6,1003.5,37.5,9.4,288.5,24.9,9,10,2022-06-06T05:30:57,2022-06-06T19:22:46,0.22,"Rain, Partially cloudy",Partly cloudy throughout the day with rain.,rain,"59287199999,57687099999,ZGHA"
changsha,2022-06-07,35,24.7,29.1,36.8,24.7,30.6,21.6,67.1,0.2,100,8.33,rain,0,0,25.2,14.4,54.4,1004.3,55.2,10.3,163.3,13.9,9,30,2022-06-07T05:30:52,2022-06-07T19:23:13,0.25,"Rain, Partially cloudy",Partly cloudy throughout the day with rain.,rain,"59287199999,57687099999,ZGHA"
changsha,2022-06-08,35,23.3,29.2,37.7,23.3,30.6,20.4,61.8,0,0,0,,0,0,33.5,14.4,74.4,1004.3,90.3,11.4,271,23.4,9,10,2022-06-08T05:30:48,2022-06-08T19:23:39,0.29,Overcast,Cloudy skies throughout the day.,cloudy,"59287199999,57687099999,ZGHA"
changsha,2022-06-09,32,24.5,28.3,35.8,24.5,30.1,21.3,66.7,1.8,100,20.83,rain,0,0,33.5,10.8,88.4,1004.1,74.9,12.6,285.3,24.7,9,10,2022-06-09T05:30:46,2022-06-09T19:24:04,0.32,"Rain, Partially cloudy",Partly cloudy throughout the day with rain.,rain,"59287199999,57687099999,ZGHA"
changsha,2022-06-10,31,23.8,26.7,35.5,23.8,28.3,22.9,80.6,2.6,100,12.5,rain,0,0,25.2,14.4,199.9,1004.7,58.3,10.4,96.9,8.4,5,10,2022-06-10T05:30:44,2022-06-10T19:24:28,0.36,"Rain, Partially cloudy",Partly cloudy throughout the day with rain.,rain,"59287199999,57687099999,ZGHA"
changsha,2022-06-11,29,23,25.9,31.4,23,26.7,21.9,80,1.8,100,8.33,rain,0,0,25.2,18,101.8,1006.8,54.4,10.2,63.7,5.6,4,10,2022-06-11T05:30:45,2022-06-11T19:24:51,0.39,"Rain, Partially cloudy",Partly cloudy throughout the day with rain clearing later.,rain,"59287199999,57687099999,ZGHA"
changsha,2022-06-12,26,21.7,23.7,26,21.7,23.7,21.2,86.5,10,100,8.33,rain,0,0,25.2,18,25.6,1006.1,65.5,9.4,119.7,10.4,5,10,2022-06-12T05:30:46,2022-06-12T19:25:14,0.42,"Rain, Partially cloudy",Partly cloudy throughout the day with rain.,rain,"59287199999,57687099999,ZGHA"
changsha,2022-06-13,27,21.4,24,29.2,21.4,24.3,21.7,87.5,2.4,100,8.33,rain,0,0,25.2,12.3,326.5,1006.1,66.4,9.8,119.8,10.2,6,10,2022-06-13T05:30:49,2022-06-13T19:25:35,0.46,"Rain, Partially cloudy",Partly cloudy throughout the day with rain clearing later.,rain,"59287199999,57687099999,ZGHA"
changsha,2022-06-14,31,21.4,25.8,34.6,21.4,27.1,22.1,81.7,0,0,0,,0,0,25.2,14.4,179.9,1006.6,44.4,8.4,305.6,26.2,10,10,2022-06-14T05:30:52,2022-06-14T19:25:56,0.5,Partially cloudy,Partly cloudy throughout the day.,partly-cloudy-day,"59287199999,57687099999,ZGHA"
changsha,2022-06-15,34,22,28,39.4,22,30.4,22.6,74.8,0,0,0,,0,0,28.8,14.4,186.2,1007.1,87,10.8,241.6,20.6,7,30,2022-06-15T05:30:58,2022-06-15T19:26:16,0.52,Partially cloudy,Partly cloudy throughout the day.,partly-cloudy-day,"59287199999,57687099999,ZGHA"
changsha,2022-06-16,30,24.5,27,33.3,24.5,28.5,22.6,77.4,0,0,0,,0,0,31,18,175.4,1006.7,99.8,11.7,141.3,12.2,6,10,2022-06-16T05:31:04,2022-06-16T19:26:35,0.56,Overcast,Cloudy skies throughout the day.,cloudy,"59287199999,57687099999,ZGHA"
changsha,2022-06-17,25.6,23.7,24.7,25.6,23.7,24.7,23,90.4,0.9,100,8.33,rain,0,0,25.2,15.9,162,1004.7,87.3,10.4,26.1,2.2,1,10,2022-06-17T05:31:11,2022-06-17T19:26:52,0.59,"Rain, Partially cloudy",Partly cloudy throughout the day with rain in the morning and afternoon.,rain,"59287199999,57687099999,ZGHA"
changsha,2022-06-18,28,23.7,25.7,32.7,23.7,27,24.3,92.3,2,100,4.17,rain,0,0,34.9,12.9,146.6,1002.2,78.9,10.3,80.6,6.9,5,30,2022-06-18T05:31:20,2022-06-18T19:27:09,0.63,"Rain, Partially cloudy",Partly cloudy throughout the day with afternoon rain.,rain,"59287199999,57687099999,ZGHA"
changsha,2022-06-19,28,24.9,26.3,32.7,24.9,28,25.1,93.6,7.1,100,16.67,rain,0,0,36,18,154.1,1001.5,67.8,9.8,47,4,2,10,2022-06-19T05:31:30,2022-06-19T19:27:25,0.66,"Rain, Partially cloudy",Partly cloudy throughout the day with a chance of rain throughout the day.,rain,"59287199999,57687099999,ZGHA"
changsha,2022-06-20,31,24.4,26.4,39.1,24.4,28.1,25.2,93.5,27.4,100,16.67,rain,0,0,50.4,14.4,170,1000.2,64.4,10,87.8,7.5,5,30,2022-06-20T05:31:41,2022-06-20T19:27:39,0.69,"Rain, Partially cloudy",Partly cloudy throughout the day with rain.,rain,"59287199999,57687099999,ZGHA"
changsha,2022-06-21,30.4,25,27,37.9,25,29.5,24.7,87.9,0.1,100,4.17,rain,0,0,38.9,21.6,165,1000.6,73.3,11.8,281.8,24.4,8,60,2022-06-21T05:31:53,2022-06-21T19:27:53,0.75,"Rain, Partially cloudy",Partly cloudy throughout the day with morning rain.,rain,"59287199999,57687099999,ZGHA"
changsha,2022-06-22,29.1,25,26.9,35.3,25,29.7,25,89.4,1,100,12.5,rain,0,0,43.2,21.6,168.4,1004.2,57.9,12.7,184.7,15.7,7,10,2022-06-22T05:32:06,2022-06-22T19:28:05,0.76,"Rain, Partially cloudy",Partly cloudy throughout the day with rain in the morning and afternoon.,rain,"59287199999,57687099999,ZGHA"
changsha,2022-06-23,35,25,30,44.9,25,34.8,24.8,75.1,0.8,100,8.33,rain,0,0,46.8,28.8,188.4,1005,76.7,12.7,199,17.1,8,60,2022-06-23T05:32:20,2022-06-23T19:28:17,0.8,"Rain, Partially cloudy",Partly cloudy throughout the day with late afternoon rain.,rain,"59287199999,57687099999,ZGHA"
changsha,2022-06-24,33,27.9,30.3,42.1,31.1,36.2,24.5,71.6,0.8,100,16.67,rain,0,0,45,18,188.4,1004.1,94.3,12.7,271.8,23.5,9,60,2022-06-24T05:32:35,2022-06-24T19:28:27,0.83,"Rain, Overcast",Cloudy skies throughout the day with rain.,rain,"59287199999,57687099999,ZGHA"
changsha,2022-06-25,35.1,26.7,31.2,43.3,29.5,37,24.3,67.6,0.2,100,8.33,rain,0,0,41,21.6,177.2,1002.6,46.8,12.7,312.5,26.9,10,60,2022-06-25T05:32:51,2022-06-25T19:28:36,0.86,"Rain, Partially cloudy",Partly cloudy throughout the day with rain clearing later.,rain,"59287199999,57687099999,ZGHA"
changsha,2022-06-26,35,27,31.3,41.9,29.6,36.6,23.8,65.3,0,0,0,,0,0,47.5,28.8,182.7,1003.4,74.5,12.7,291.9,25,9,60,2022-06-26T05:33:08,2022-06-26T19:28:43,0.9,Partially cloudy,Partly cloudy throughout the day.,partly-cloudy-day,"59287199999,57687099999,ZGHA"
changsha,2022-06-27,36,27.9,31.6,43.2,31,36.3,23.1,61.4,0.1,100,4.17,rain,0,0,50.4,36,185,1001.5,81.7,12.7,302.3,26,10,30,2022-06-27T05:33:26,2022-06-27T19:28:50,0.93,"Rain, Partially cloudy",Partly cloudy throughout the day with late afternoon rain.,rain,"59287199999,57687099999,ZGHA"
changsha,2022-06-28,32,25,28.9,40.7,25,33.5,24.9,80,15,100,8.33,rain,0,0,44.6,21.6,189.3,1001,67.4,11.1,197.9,17,8,60,2022-06-28T05:33:45,2022-06-28T19:28:55,0.97,"Rain, Partially cloudy",Partly cloudy throughout the day with morning rain.,rain,"59287199999,57687099999,ZGHA"
changsha,2022-06-29,31.3,25.4,28.4,39.9,25.4,33.3,25.5,84.9,0.2,100,4.17,rain,0,0,32.4,25.2,158.8,1001.5,63.2,11.4,247.2,21.4,8,75,2022-06-29T05:34:05,2022-06-29T19:28:59,0,"Rain, Partially cloudy",Partly cloudy throughout the day with late afternoon rain.,rain,"59287199999,57687099999,ZGHA"
changsha,2022-06-30,35,25.1,29.4,43.3,25.1,33.9,24.9,78.1,0.4,100,8.33,rain,0,0,28.8,18,138.7,1003.6,52.2,12.1,199.8,17.2,9,75,2022-06-30T05:34:26,2022-06-30T19:29:01,0.04,"Rain, Partially cloudy",Clearing in the afternoon with rain in the morning and afternoon.,rain,"59287199999,57687099999,ZGHA"
changsha,2022-07-01,36,26.7,29.7,43.3,26.7,35.3,25.2,78.1,0.1,100,4.17,rain,0,0,36,28.8,56.6,1004.4,63.2,11.9,289.4,24.8,9,75,2022-07-01T05:34:47,2022-07-01T19:29:03,0.07,"Rain, Partially cloudy",Partly cloudy throughout the day with late afternoon rain.,rain,"59287199999,57687099999,ZGHA"
changsha,2022-07-02,34,25.6,29.5,43.5,25.6,34.6,25,78.2,14.1,100,8.33,rain,0,0,54,18,56.6,1003.3,75.2,11.5,253.8,21.9,10,60,2022-07-02T05:35:10,2022-07-02T19:29:03,0.1,"Rain, Partially cloudy",Partly cloudy throughout the day with rain.,rain,"59287199999,57687099999,ZGHA"
changsha,2022-07-03,30,26.7,28.4,35.3,26.7,33.1,24.8,81.4,0.3,100,8.33,rain,0,0,54,18,78.7,1001.3,68.5,11.7,21.7,1.9,1,10,2022-07-03T05:35:33,2022-07-03T19:29:01,0.14,"Rain, Partially cloudy",Partly cloudy throughout the day with rain.,rain,"59287199999,57687099999,ZGHA"
changsha,2022-07-04,31,25.7,27.3,37.7,25.7,30,25.6,90.7,59.2,100,25,rain,0,0,38.9,21.6,67.7,997.9,57,9.9,46.1,3.9,2,30,2022-07-04T05:35:57,2022-07-04T19:28:59,0.17,"Rain, Partially cloudy",Partly cloudy throughout the day with a chance of rain throughout the day.,rain,"59287199999,57687099999,ZGHA"
changsha,2022-07-05,32.3,25.5,27.4,40.2,25.5,30.4,25.7,91.1,11.7,100,16.67,rain,0,0,35.6,18,239.3,998.3,68.5,9.7,153.5,13.3,6,60,2022-07-05T05:36:21,2022-07-05T19:28:55,0.21,"Rain, Partially cloudy",Partly cloudy throughout the day with a chance of rain throughout the day.,rain,"59287199999,57687099999,ZGHA"
changsha,2022-07-06,34,24.4,29,40.6,24.4,32.6,24.4,78,4.6,100,37.5,rain,0,0,46.8,21.6,132.9,1001.9,68.5,12,295.9,25.5,9,60,2022-07-06T05:36:46,2022-07-06T19:28:49,0.24,"Rain, Partially cloudy",Partly cloudy throughout the day with a chance of rain throughout the day.,rain,"59287199999,57687099999,ZGHA"
changsha,2022-07-07,32,25.5,28,40.7,25.5,31.7,25.2,85.5,18.1,100,12.5,rain,0,0,57.6,36,161.1,1004.5,51.9,11,256.1,22.4,9,30,2022-07-07T05:37:12,2022-07-07T19:28:43,0.25,"Rain, Partially cloudy",Partly cloudy throughout the day with rain.,rain,"59287199999,57687099999,ZGHA"
changsha,2022-07-08,35,25.7,29.7,43.5,25.7,34.7,25.3,78.4,0.1,100,4.17,rain,0,0,39.6,18,184.4,1004.9,46.3,12.1,181,15.5,7,60,2022-07-08T05:37:39,2022-07-08T19:28:35,0.31,"Rain, Partially cloudy",Partly cloudy throughout the day with morning rain.,rain,"59287199999,57687099999,ZGHA"
changsha,2022-07-09,36,27.5,31.8,46.3,31.7,39.5,25.7,70.8,0,0,0,,0,0,32.4,21.6,182.5,1003.3,39.4,12.7,320.9,27.7,10,75,2022-07-09T05:38:06,2022-07-09T19:28:25,0.34,Partially cloudy,Partly cloudy throughout the day.,partly-cloudy-day,"59287199999,57687099999,ZGHA"
changsha,2022-07-10,37,27.7,32.3,47.6,32,39.7,25.3,67.6,0,0,0,,0,0,36.7,25.2,189.2,1003.4,13.2,12.7,324.8,28.2,10,75,2022-07-10T05:38:34,2022-07-10T19:28:15,0.38,Clear,Clear conditions throughout the day.,clear-day,"59287199999,57687099999,ZGHA"
changsha,2022-07-11,37,27.7,32.4,46.3,32.1,39.8,25.2,67,0,0,0,,0,0,37.1,25.2,183.4,1003.8,45.8,12.4,321.3,27.7,10,60,2022-07-11T05:39:02,2022-07-11T19:28:02,0.41,Partially cloudy,Partly cloudy throughout the day.,partly-cloudy-day,"59287199999,57687099999,ZGHA"
changsha,2022-07-12,37,28,32.5,46,31.9,39.7,24.9,65,0,0,0,,0,0,36,25.2,180.1,1003.6,38.8,12.7,322.8,28.1,10,60,2022-07-12T05:39:31,2022-07-12T19:27:49,0.45,Partially cloudy,Partly cloudy throughout the day.,partly-cloudy-day,"59287199999,57687099999,ZGHA"
changsha,2022-07-13,37,27.8,32.5,45.1,31.6,39.3,24.6,64.2,0,0,0,,0,0,33.1,21.6,184.1,1003,36.4,12.7,323.4,28,10,30,2022-07-13T05:40:00,2022-07-13T19:27:34,0.48,Partially cloudy,Partly cloudy throughout the day.,partly-cloudy-day,"59287199999,57687099999,ZGHA"
changsha,2022-07-14,38,28,32.4,46,32.7,39.5,25,66.3,0,0,0,,0,0,28.8,21.6,187.6,1002.8,87,12.5,271.3,23.3,9,30,2022-07-14T05:40:29,2022-07-14T19:27:18,0.5,Partially cloudy,Partly cloudy throughout the day.,partly-cloudy-day,"59287199999,57687099999,ZGHA"
changsha,2022-07-15,37,28,32.5,46,32.5,39.5,24.8,65.4,0,0,0,,0,0,31.7,18,188.6,1002.6,86.5,12.7,287.2,24.8,9,10,2022-07-15T05:40:59,2022-07-15T19:27:00,0.55,Partially cloudy,Partly cloudy throughout the day.,partly-cloudy-day,"59287199999,57687099999,ZGHA"
changsha,2022-07-16,38,28,33.1,49,31.9,40.7,25,63.6,0,0,0,,0,0,40,25.2,191.3,1000.9,80.5,12.6,265.2,22.9,9,30,2022-07-16T05:41:30,2022-07-16T19:26:41,0.58,Partially cloudy,Partly cloudy throughout the day.,partly-cloudy-day,"59287199999,57687099999,ZGHA"
changsha,2022-07-17,33,25.1,30.2,43.8,25.1,37.4,26,79.1,50,100,4.17,rain,0,0,50.4,21.6,205.6,1000.9,76.3,11.2,43.8,3.7,5,10,2022-07-17T05:42:01,2022-07-17T19:26:20,0.61,"Rain, Partially cloudy",Partly cloudy throughout the day with late afternoon rain.,rain,"59287199999,57687099999,ZGHA"
changsha,2022-07-18,33,25,28.7,42.1,25,33.4,26,86.4,3.5,100,8.33,rain,0,0,50.4,14.4,182.2,1001.7,71.1,11.1,117,10.1,6,30,2022-07-18T05:42:32,2022-07-18T19:25:58,0.65,"Rain, Partially cloudy",Partly cloudy throughout the day with rain clearing later.,rain,"59287199999,57687099999,ZGHA"
changsha,2022-07-19,33,26.1,28.8,43.8,26.1,35.6,26.7,89,2.4,100,8.33,rain,0,0,25.2,14.4,174.4,1002.8,81.6,10.4,93.9,7.9,6,60,2022-07-19T05:43:03,2022-07-19T19:25:35,0.68,"Rain, Partially cloudy",Partly cloudy throughout the day with rain clearing later.,rain,"59287199999,57687099999,ZGHA"
changsha,2022-07-20,36,26.9,31,46.3,30.5,37.8,25.3,73.2,0.2,100,8.33,rain,0,0,36,21.6,185.7,1005.8,75.2,12.1,290.1,25,9,60,2022-07-20T05:43:35,2022-07-20T19:25:11,0.75,"Rain, Partially cloudy",Partly cloudy throughout the day with late afternoon rain.,rain,"59287199999,57687099999,ZGHA"
changsha,2022-07-21,35,28,31.5,43.7,32.5,38.4,25.2,70.3,0,0,0,,0,0,31,21.6,189.2,1009.2,83.9,12.7,277.9,23.9,9,60,2022-07-21T05:44:07,2022-07-21T19:24:45,0.75,Partially cloudy,Partly cloudy throughout the day.,partly-cloudy-day,"59287199999,57687099999,ZGHA"
changsha,2022-07-22,37,27,32.3,46,30.6,39.5,25.2,67.8,0,0,0,,0,0,36,25.2,193.4,1008.1,51.1,12.7,318.8,27.4,10,60,2022-07-22T05:44:39,2022-07-22T19:24:18,0.78,Partially cloudy,Partly cloudy throughout the day.,partly-cloudy-day,"59287199999,57687099999,ZGHA"
changsha,2022-07-23,38,27.9,32.3,46,31.9,39.2,24.8,66.2,0.3,100,8.33,rain,0,0,42.5,21.6,207.5,1005.9,52.7,12.7,253.6,22,10,75,2022-07-23T05:45:11,2022-07-23T19:23:49,0.81,"Rain, Partially cloudy",Becoming cloudy in the afternoon with afternoon rain.,rain,"59287199999,57687099999,ZGHA"
changsha,2022-07-24,38,27.3,32.6,47.3,32,40.8,25.9,69.9,1.3,100,8.33,rain,0,0,32.4,14.4,207.5,1005.1,38.3,12.3,317.2,27.3,10,75,2022-07-24T05:45:44,2022-07-24T19:23:19,0.85,"Rain, Partially cloudy",Becoming cloudy in the afternoon with early morning rain.,rain,"59287199999,57687099999,ZGHA"
changsha,2022-07-25,38,27.7,33.1,46.3,32.8,40.5,25.1,64.5,0,0,0,,0,0,27.7,18,180.4,1004.9,7.3,12.7,320,27.6,10,75,2022-07-25T05:46:16,2022-07-25T19:22:48,0.88,Clear,Clear conditions throughout the day.,clear-day,"59287199999,57687099999,ZGHA"
changsha,2022-07-26,39,28,33.4,47.3,32.7,40,24.4,61,0,0,0,,0,0,37.8,18.7,193.1,1003.7,16.4,12.7,321.5,27.8,10,30,2022-07-26T05:46:49,2022-07-26T19:22:15,0.91,Clear,Clear conditions throughout the day.,clear-day,"59287199999,57687099999,ZGHA"
changsha,2022-07-27,39,27.7,33.4,45.8,32,39.4,23.9,59.9,0,0,0,,0,0,39.6,21.6,182.9,1003.8,32,12.7,320.2,27.6,10,30,2022-07-27T05:47:22,2022-07-27T19:21:42,0.95,Partially cloudy,Becoming cloudy in the afternoon.,partly-cloudy-day,"59287199999,57687099999,ZGHA"
changsha,2022-07-28,36.5,25.2,29.4,44.7,25.2,33.6,24.4,76.1,26,100,8.33,rain,0,0,90,39.6,316.2,1004.7,74.9,11.3,281.4,24.2,9,60,2022-07-28T05:47:55,2022-07-28T19:21:07,0.98,"Rain, Partially cloudy",Partly cloudy throughout the day with rain.,rain,"59287199999,57687099999,ZGHA"
changsha,2022-07-29,31,25,26.5,39.1,25,28.1,24.5,89,0.2,100,4.17,rain,0,0,90,28.8,346.9,1005.7,36.1,10.8,127.5,11,6,30,2022-07-29T05:48:28,2022-07-29T19:20:30,0,"Rain, Partially cloudy",Partly cloudy throughout the day with morning rain.,rain,"59287199999,57687099999,ZGHA"
changsha,2022-07-30,34.1,24,29,42,24,33.1,24.5,78.8,0,0,0,,0,0,18,14.4,1.6,1004.8,24.9,11.4,313.6,27,10,30,2022-07-30T05:49:01,2022-07-30T19:19:53,0.05,Partially cloudy,Partly cloudy throughout the day.,partly-cloudy-day,"59287199999,57687099999,ZGHA"
changsha,2022-07-31,35,25.7,30.1,41.9,25.7,35.8,25.2,76.3,22,100,12.5,rain,0,0,46.8,18,311.1,1003.7,19.8,10,307.2,26.6,10,30,2022-07-31T05:49:34,2022-07-31T19:19:14,0.08,Rain,Clear conditions throughout the day with rain.,rain,"59287199999,57687099999,ZGHA"
changsha,2022-08-01,38,26.2,31.4,46,26.2,37.5,24.9,70.7,0,0,0,,0,0,46.8,14.4,128.5,1004.4,21,11.1,305.6,26.4,10,30,2022-08-01T05:50:07,2022-08-01T19:18:34,0.12,Partially cloudy,Partly cloudy throughout the day.,partly-cloudy-day,"59287199999,57687099999,ZGHA"
changsha,2022-08-02,38,27.5,31.8,45.6,31.8,38.1,24.7,67.7,0,0,0,,0,0,25.2,18.9,181.6,1005.8,11.6,12,281.7,24.4,10,10,2022-08-02T05:50:40,2022-08-02T19:17:53,0.15,Clear,Clear conditions throughout the day.,clear-day,"59287199999,57687099999,ZGHA"
changsha,2022-08-03,38,27.6,31.3,46,31.8,37.8,24.9,70.7,6,100,8.33,rain,0,0,61.2,21.6,128.7,1005.7,30.6,11,311.9,26.9,9,10,2022-08-03T05:51:13,2022-08-03T19:17:11,0.19,"Rain, Partially cloudy",Becoming cloudy in the afternoon with rain.,rain,"59287199999,57687099999,ZGHA"
changsha,2022-08-04,37,27.2,32.2,46,31.1,38.5,24.6,66.1,0.1,100,4.17,rain,0,0,61.2,18,121.9,1005.1,28.4,12,239.7,20.6,9,30,2022-08-04T05:51:46,2022-08-04T19:16:27,0.22,"Rain, Partially cloudy",Becoming cloudy in the afternoon with afternoon rain.,rain,"59287199999,57687099999,ZGHA"
changsha,2022-08-05,36,28,32,43.2,31.9,37.6,23.8,63,0,0,0,,0,0,28.4,21.6,130.8,1005.1,67.2,12.7,218.9,18.9,9,10,2022-08-05T05:52:19,2022-08-05T19:15:43,0.25,Partially cloudy,Partly cloudy throughout the day.,partly-cloudy-day,"59287199999,57687099999,ZGHA"
changsha,2022-08-06,36,26.9,31.5,41.9,29.9,36.6,23.7,65.1,0,0,0,,0,0,29.5,18,174.6,1005.7,45.9,12.7,305.7,26.6,9,10,2022-08-06T05:52:52,2022-08-06T19:14:57,0.29,Partially cloudy,Partly cloudy throughout the day.,partly-cloudy-day,"59287199999,57687099999,ZGHA"
changsha,2022-08-07,38,27.7,32.7,45.8,31.1,38.6,23.9,61.2,0,0,0,,0,0,32.4,18,183.4,1004.8,39.9,12.7,296.3,25.7,9,10,2022-08-07T05:53:24,2022-08-07T19:14:10,0.33,Partially cloudy,Becoming cloudy in the afternoon.,partly-cloudy-day,"59287199999,57687099999,ZGHA"
changsha,2022-08-08,39,28,33.3,45.8,31.6,38.9,23.5,58.3,0,0,0,,0,0,38.2,21.6,178.4,1004.6,39.6,12.4,307.2,26.5,9,10,2022-08-08T05:53:57,2022-08-08T19:13:22,0.36,Partially cloudy,Partly cloudy throughout the day.,partly-cloudy-day,"59287199999,57687099999,ZGHA"
changsha,2022-08-09,38,26.7,32.9,43.4,29.5,37.6,22.8,57.3,0,0,0,,0,0,38.2,21.6,172.6,1004.5,55.4,12.7,285.5,24.6,10,10,2022-08-09T05:54:29,2022-08-09T19:12:33,0.4,Partially cloudy,Becoming cloudy in the afternoon.,partly-cloudy-day,"59287199999,57687099999,ZGHA"
changsha,2022-08-10,38,28.1,33.2,43.4,31.3,37.8,22.5,54.7,0,0,0,,0,0,34.9,21.6,159.6,1005.2,71.8,12.4,288.6,25,9,10,2022-08-10T05:55:02,2022-08-10T19:11:43,0.43,Partially cloudy,Partly cloudy throughout the day.,partly-cloudy-day,"59287199999,57687099999,ZGHA"
changsha,2022-08-11,38,27.7,33,44.5,30.8,37.6,22.7,56.3,0,0,0,,0,0,36,25.2,171.9,1006,57.4,11.7,306.2,26.6,9,10,2022-08-11T05:55:34,2022-08-11T19:10:52,0.47,Partially cloudy,Partly cloudy throughout the day.,partly-cloudy-day,"59287199999,57687099999,ZGHA"
changsha,2022-08-12,39,27.7,33.1,45.8,30.8,38.2,23.1,57.3,0,0,0,,0,0,33.1,21.6,178,1005.6,59.2,12.7,302.8,26.2,9,10,2022-08-12T05:56:06,2022-08-12T19:10:00,0.5,Partially cloudy,Partly cloudy throughout the day.,partly-cloudy-day,"59287199999,57687099999,ZGHA"
changsha,2022-08-13,37,27.5,32.6,43.2,30.4,37.1,22.6,57,0,0,0,,0,0,32.4,25.2,171.9,1004.7,15.4,12.7,307.5,26.6,10,10,2022-08-13T05:56:38,2022-08-13T19:09:07,0.54,Clear,Clear conditions throughout the day.,clear-day,"59287199999,57687099999,ZGHA"
changsha,2022-08-14,38,28,33.1,44.5,31.3,38.4,23.1,57,0,0,0,,0,0,32.4,18,179.2,1004.3,66.2,12.7,297.2,25.5,9,10,2022-08-14T05:57:10,2022-08-14T19:08:13,0.57,Partially cloudy,Partly cloudy throughout the day.,partly-cloudy-day,"59287199999,57687099999,ZGHA"
changsha,2022-08-15,39,28.7,33.9,47.2,32.9,40.3,24,57.8,0,0,0,,0,0,34.6,15.9,179.1,1003,89,12.8,289.1,25,9,10,2022-08-15T05:57:42,2022-08-15T19:07:18,0.6,Partially cloudy,Partly cloudy throughout the day.,partly-cloudy-day,"59287199999,57687099999,ZGHA"
changsha,2022-08-16,39,29,33.8,47.3,34.2,41.1,24.7,60.5,0.1,100,4.17,rain,0,0,32.4,16.5,181.3,1003.1,82,12.7,201,17.4,9,30,2022-08-16T05:58:13,2022-08-16T19:06:23,0.63,"Rain, Partially cloudy",Partly cloudy throughout the day with afternoon rain.,rain,"59287199999,57687099999,ZGHA"
changsha,2022-08-17,40,29,34.2,48.5,34.5,42,25,60.2,0.8,100,16.67,rain,0,0,28.8,19.3,161.5,1003.5,61.8,12.7,260.8,22.7,9,30,2022-08-17T05:58:45,2022-08-17T19:05:26,0.67,"Rain, Partially cloudy",Partly cloudy throughout the day with rain clearing later.,rain,"59287199999,57687099999,ZGHA"
changsha,2022-08-18,40,28.6,34.5,45.9,33.4,40.9,23.9,56.3,0,0,0,,0,0,36.4,18,172.3,1003,40.8,12.6,300.3,25.9,9,10,2022-08-18T05:59:16,2022-08-18T19:04:29,0.7,Partially cloudy,Partly cloudy throughout the day.,partly-cloudy-day,"59287199999,57687099999,ZGHA"
changsha,2022-08-19,39,29.4,34.3,45.8,34.1,40.4,23.6,55.3,0,0,0,,0,0,35.3,21.6,175.6,1002.9,53,12.7,300,25.9,9,10,2022-08-19T05:59:47,2022-08-19T19:03:30,0.75,Partially cloudy,Partly cloudy throughout the day.,partly-cloudy-day,"59287199999,57687099999,ZGHA"
changsha,2022-08-20,39,29,34.5,47.2,33.4,40.9,23.8,55,0,0,0,,0,0,36.7,18,167.1,1004.4,73.1,12.7,272.4,23.4,9,30,2022-08-20T06:00:18,2022-08-20T19:02:31,0.77,Partially cloudy,Partly cloudy throughout the day.,partly-cloudy-day,"59287199999,57687099999,ZGHA"
changsha,2022-08-21,38,29,33.1,43.4,32,37.5,22.4,54.7,0,0,0,,0,0,46.8,21.6,181.9,1004.9,60.9,12.7,294.5,25.5,9,10,2022-08-21T06:00:49,2022-08-21T19:01:31,0.8,Partially cloudy,Partly cloudy throughout the day.,partly-cloudy-day,"59287199999,57687099999,ZGHA"
changsha,2022-08-22,38,27.7,33.3,44.5,30.6,38.4,23,56.1,0,0,0,,0,0,36,21.6,182.8,1003.7,82.7,12.7,285.7,24.8,9,10,2022-08-22T06:01:19,2022-08-22T19:00:31,0.83,Partially cloudy,Partly cloudy throughout the day.,partly-cloudy-day,"59287199999,57687099999,ZGHA"
changsha,2022-08-23,40,29,34.4,47.1,33.6,40.8,23.7,55.4,0,0,0,,0,0,40.7,25.2,8.2,1004.9,99.6,12.7,272.5,23.4,9,10,2022-08-23T06:01:50,2022-08-23T18:59:30,0.86,Overcast,Cloudy skies throughout the day.,cloudy,"59287199999,57687099999,ZGHA"
changsha,2022-08-24,35,27.6,31.2,43.3,31.4,38.4,25.4,71.7,1.3,100,20.83,rain,0,0,43.2,21.6,344.7,1006,58.5,11.9,290.7,25,9,30,2022-08-24T06:02:20,2022-08-24T18:58:27,0.9,"Rain, Partially cloudy",Clearing in the afternoon with rain.,rain,"59287199999,57687099999,ZGHA"
changsha,2022-08-25,38,27,31.6,46,30.6,37.7,24.6,68.8,0.7,100,4.17,rain,0,0,39.6,25.2,28.8,1005.8,70.3,11.6,179.4,15.5,9,30,2022-08-25T06:02:50,2022-08-25T18:57:25,0.93,"Rain, Partially cloudy",Partly cloudy throughout the day with late afternoon rain.,rain,"59287199999,57687099999,ZGHA"
changsha,2022-08-26,38,27.2,32.4,42.3,29.2,36.2,21.9,55.6,0,0,0,,0,0,36,21.6,192.7,1007.7,80.8,12.5,278.4,24,9,10,2022-08-26T06:03:20,2022-08-26T18:56:21,0.96,Partially cloudy,Partly cloudy throughout the day.,partly-cloudy-day,"59287199999,57687099999,ZGHA"
changsha,2022-08-27,38,28.4,33,43.4,31.9,37.9,22.9,57,0.1,100,4.17,rain,0,0,28.4,14.4,186.3,1006.9,71.5,12.7,281,24.4,9,10,2022-08-27T06:03:50,2022-08-27T18:55:17,0,"Rain, Partially cloudy",Partly cloudy throughout the day with late afternoon rain.,rain,"59287199999,57687099999,ZGHA"
changsha,2022-08-28,37,26.8,31.4,44.5,29.6,37,24.1,66.4,0,0,0,,0,0,32.4,15.2,342.9,1006.5,59,10.8,274.1,23.7,9,10,2022-08-28T06:04:20,2022-08-28T18:54:13,0.03,Partially cloudy,Partly cloudy throughout the day.,partly-cloudy-day,"59287199999,57687099999,ZGHA"
changsha,2022-08-29,31,24.1,27.1,37.7,24.1,29.3,23,78.7,1,100,16.67,rain,0,0,43.2,25.2,337.4,1009.5,51.9,9,273,23.6,9,10,2022-08-29T06:04:49,2022-08-29T18:53:08,0.06,"Rain, Partially cloudy",Partly cloudy throughout the day with rain clearing later.,rain,"59287199999,57687099999,ZGHA"
changsha,2022-08-30,25,21.5,23.2,25,21.5,23.2,20.3,84.1,0.2,100,8.33,rain,0,0,39.6,25.2,343.6,1012.1,84.1,9.3,204.8,17.8,8,10,2022-08-30T06:05:19,2022-08-30T18:52:02,0.1,"Rain, Partially cloudy",Partly cloudy throughout the day with early morning rain.,rain,"59287199999,57687099999,ZGHA"
changsha,2022-08-31,28,21.4,24,29.2,21.4,24.2,18.5,71.9,0,0,0,,0,0,39.6,25.2,340.1,1012.7,79.7,12.6,198.7,17.2,7,10,2022-08-31T06:05:48,2022-08-31T18:50:56,0.14,Partially cloudy,Partly cloudy throughout the day.,partly-cloudy-day,"59287199999,57687099999,ZGHA"
changsha,2022-09-01,29,21.5,25.1,29.8,21.5,25.2,18.4,67.5,0,0,0,,0,0,39.6,20.1,349,1013.9,46.6,12.8,248.9,21.4,9,10,2022-09-01T06:06:17,2022-09-01T18:49:49,0.17,Partially cloudy,Partly cloudy throughout the day.,partly-cloudy-day,"59287199999,57687099999,ZGHA"
changsha,2022-09-02,32,22.7,26.5,33.5,22.7,27,19.3,66.6,0,0,0,,0,0,46.8,25.2,354,1011.7,46.3,11,259,22.4,9,10,2022-09-02T06:06:46,2022-09-02T18:48:42,0.21,Partially cloudy,Becoming cloudy in the afternoon.,partly-cloudy-day,"59287199999,57687099999,ZGHA"
changsha,2022-09-03,32,21,26.7,31.9,21,26.9,17.2,58.2,0,0,0,,0,0,50.4,27.3,349.8,1009,42.9,12.3,233.2,20.1,9,10,2022-09-03T06:07:15,2022-09-03T18:47:34,0.24,Partially cloudy,Becoming cloudy in the afternoon.,partly-cloudy-day,"59287199999,57687099999,ZGHA"
changsha,2022-09-04,33,23.5,27.7,33.5,23.5,28,17,53.2,0,0,0,,0,0,50.4,28.8,341.3,1008.1,52.7,12.1,266.5,23,8,10,2022-09-04T06:07:44,2022-09-04T18:46:26,0.25,Partially cloudy,Partly cloudy throughout the day.,partly-cloudy-day,"59287199999,57687099999,ZGHA"
changsha,2022-09-05,35,22,28.8,35.7,22,29,17.3,52.4,0,0,0,,0,0,43.2,23.7,345.7,1007.3,6.5,11.7,288.2,24.8,9,10,2022-09-05T06:08:13,2022-09-05T18:45:18,0.31,Clear,Clear conditions throughout the day.,clear-day,"59287199999,57687099999,ZGHA"
changsha,2022-09-06,37,22,29.6,36.5,22,29.5,15.8,47.1,0,0,0,,0,0,39.6,18,36.1,1010.6,7.1,12.3,291.4,25,9,10,2022-09-06T06:08:41,2022-09-06T18:44:09,0.35,Clear,Clear conditions throughout the day.,clear-day,"59287199999,57687099999,ZGHA"
changsha,2022-09-07,35,24.5,29.9,36.3,24.5,30.3,17,47,0,0,0,,0,0,32.4,21.6,55.2,1014.1,76.6,12.7,118.9,10.2,7,10,2022-09-07T06:09:10,2022-09-07T18:42:59,0.38,Partially cloudy,Partly cloudy throughout the day.,partly-cloudy-day,"59287199999,57687099999,ZGHA"
changsha,2022-09-08,37,25.3,30.4,38,25.3,31.1,18.3,50.2,0,0,0,,0,0,36,18,34.8,1015.1,92,12.5,146.9,12.7,8,10,2022-09-08T06:09:38,2022-09-08T18:41:50,0.42,Overcast,Cloudy skies throughout the day.,cloudy,"59287199999,57687099999,ZGHA"
changsha,2022-09-09,37,25,30.1,36.5,25,30.5,17.5,49.5,0,0,0,,0,0,36.7,21.6,351.9,1014.2,81.9,12.1,252.8,22,9,10,2022-09-09T06:10:07,2022-09-09T18:40:40,0.46,Partially cloudy,Partly cloudy throughout the day.,partly-cloudy-day,"59287199999,57687099999,ZGHA"
changsha,2022-09-10,35,23.9,29.3,35.1,23.9,29.7,17.2,49.8,0,0,0,,0,0,36,22.2,358.4,1012.5,66.6,11.5,265,22.9,9,10,2022-09-10T06:10:35,2022-09-10T18:39:30,0.5,Partially cloudy,Partly cloudy throughout the day.,partly-cloudy-day,"59287199999,57687099999,ZGHA"
changsha,2022-09-11,37,25,30.1,37.4,25,30.8,18.4,52.2,0,0,0,,0,0,28.8,14.4,1.7,1010.9,38.9,11.5,278.4,24.1,9,10,2022-09-11T06:11:04,2022-09-11T18:38:20,0.52,Partially cloudy,Clearing in the afternoon.,partly-cloudy-day,"59287199999,57687099999,ZGHA"
changsha,2022-09-12,36,24,29.9,38.1,24,30.9,19.3,55.2,0,0,0,,0,0,32.4,18,351.6,1010,0.9,11.8,276.3,23.8,9,10,2022-09-12T06:11:32,2022-09-12T18:37:09,0.56,Clear,Clear conditions throughout the day.,clear-day,"59287199999,57687099999,ZGHA"
changsha,2022-09-13,35,23,28.7,35.7,23,29,17.6,53.2,0,0,0,,0,0,43.2,25.2,353.6,1010.8,0,12.1,278.3,24.1,9,10,2022-09-13T06:12:00,2022-09-13T18:35:58,0.59,Clear,Clear conditions throughout the day.,clear-day,"59287199999,57687099999,ZGHA"
changsha,2022-09-14,33,22,27.6,33.5,22,28,17.7,56.6,0,0,0,,0,0,43.2,25.2,346.4,1010.7,7.8,12.1,276.5,23.9,9,10,2022-09-14T06:12:29,2022-09-14T18:34:47,0.62,Clear,Clear conditions throughout the day.,clear-day,"59287199999,57687099999,ZGHA"
changsha,2022-09-15,33,21.9,27.3,32.6,21.9,27.3,16.8,54.9,0,0,0,,0,0,43.2,21.6,351.8,1008.6,3,12.1,277.5,24,9,10,2022-09-15T06:12:57,2022-09-15T18:33:36,0.65,Clear,Clear conditions throughout the day.,clear-day,"59287199999,57687099999,ZGHA"
changsha,2022-09-16,35,20.4,27.9,34,20.4,28.1,17.1,55,0,0,0,,0,0,39.6,14.4,358.8,1006.6,2.5,11.1,272.3,23.3,9,10,2022-09-16T06:13:26,2022-09-16T18:32:25,0.69,Clear,Clear conditions throughout the day.,clear-day,"59287199999,57687099999,ZGHA"
changsha,2022-09-17,37,23,29.8,38,23,30.3,18,52,0,0,0,,0,0,28.8,14.4,330.4,1006.6,9.7,12,269.1,23.1,9,10,2022-09-17T06:13:54,2022-09-17T18:31:14,0.72,Clear,Clear conditions throughout the day.,clear-day,"59287199999,57687099999,ZGHA"
changsha,2022-09-18,37,25,30.4,38,25,31,17.9,49.1,0,0,0,,0,0,39.6,21.6,357.5,1006.6,28.3,12.6,248.5,21.3,9,10,2022-09-18T06:14:22,2022-09-18T18:30:03,0.75,Partially cloudy,Becoming cloudy in the afternoon.,partly-cloudy-day,"59287199999,57687099999,ZGHA"
changsha,2022-09-19,35,23,29.2,35.7,23,30,17.7,50.9,0,0,0,,0,0,39.6,21.6,348.7,1008.9,30.4,12.5,263,22.7,9,10,2022-09-19T06:14:51,2022-09-19T18:28:51,0.78,Partially cloudy,Becoming cloudy in the afternoon.,partly-cloudy-day,"59287199999,57687099999,ZGHA"
changsha,2022-09-20,34,23.2,28.3,33,23.2,28.3,15.5,47.1,0,0,0,,0,0,57.6,28.8,346.3,1011.6,76.1,12,139.4,11.9,8,10,2022-09-20T06:15:20,2022-09-20T18:27:40,0.81,Partially cloudy,Partly cloudy throughout the day.,partly-cloudy-day,"59287199999,57687099999,ZGHA"
changsha,2022-09-21,27,19,22.9,27.1,19,22.9,14.7,60.4,0,0,0,,0,0,57.6,21.6,331.2,1014.6,72.2,12.5,138.5,11.9,8,10,2022-09-21T06:15:48,2022-09-21T18:26:29,0.85,Partially cloudy,Partly cloudy throughout the day.,partly-cloudy-day,"59287199999,57687099999,ZGHA"
changsha,2022-09-22,23,18.4,20.5,23,18.4,20.5,16.4,77.8,0,0,0,rain,0,0,39.6,18,345.7,1015,66.9,10.9,102,8.8,8,10,2022-09-22T06:16:17,2022-09-22T18:25:17,0.88,Partially cloudy,Partly cloudy throughout the day.,partly-cloudy-day,"59287199999,57687099999,ZGHA"
changsha,2022-09-23,27,19.7,22.9,27.9,19.7,23,17.7,73.3,0,0,0,,0,0,39.6,21.6,352.4,1016,59.3,10.7,173.2,14.9,8,10,2022-09-23T06:16:46,2022-09-23T18:24:06,0.91,Partially cloudy,Partly cloudy throughout the day.,partly-cloudy-day,"59287199999,57687099999,ZGHA"
changsha,2022-09-24,30,20.4,24.2,29.4,20.4,24.1,12.8,49.8,0,0,0,,0,0,46.8,25.2,324.3,1015.6,73,12,239.2,20.5,8,10,2022-09-24T06:17:15,2022-09-24T18:22:55,0.94,Partially cloudy,Partly cloudy throughout the day.,partly-cloudy-day,"59287199999,57687099999,ZGHA"
changsha,2022-09-25,29,18.4,23,28.6,18.4,23,13,54.1,0,0,0,,0,0,46.8,18,345.1,1015.3,73.1,12.5,236,20.3,8,10,2022-09-25T06:17:44,2022-09-25T18:21:44,0.98,Partially cloudy,Partly cloudy throughout the day.,partly-cloudy-day,"59287199999,57687099999,ZGHA"
changsha,2022-09-26,32,21,25.6,32,21,25.6,15.2,53.8,0,0,0,,0,0,32.4,14.4,345.9,1013.5,38.3,11.9,237.4,20.6,9,10,2022-09-26T06:18:14,2022-09-26T18:20:33,0,Partially cloudy,Clearing in the afternoon.,partly-cloudy-day,"59287199999,57687099999,ZGHA"
changsha,2022-09-27,33,21,27,33.5,21,27.1,16.1,52.9,0,0,0,,0,0,46.8,26.7,344.3,1011.9,5,12,252.6,22,9,10,2022-09-27T06:18:43,2022-09-27T18:19:23,0.04,Clear,Clear conditions throughout the day.,clear-day,"59287199999,57687099999,ZGHA"
changsha,2022-09-28,31,21,25.3,31.4,21,25.3,15.6,56,0,0,0,,0,0,46.8,25.2,341.5,1012.4,6.6,11.7,247.9,21.6,9,10,2022-09-28T06:19:13,2022-09-28T18:18:12,0.08,Clear,Clear conditions throughout the day.,clear-day,"59287199999,57687099999,ZGHA"
changsha,2022-09-29,34,20,26.5,34.6,20,26.8,16.5,56.6,0,0,0,,0,0,36,14.4,353.9,1011.9,11.4,10.2,249.6,21.7,9,10,2022-09-29T06:19:43,2022-09-29T18:17:02,0.12,Clear,Clear conditions throughout the day.,clear-day,"59287199999,57687099999,ZGHA"
changsha,2022-09-30,38,22.4,29.9,40.6,22.4,31.3,19,54.3,0,0,0,,0,0,25.2,34,107.9,1010.8,3.6,11.4,248.4,21.5,8,10,2022-09-30T06:20:13,2022-09-30T18:15:52,0.15,Clear,Clear conditions throughout the day.,clear-day,"59287199999,57687099999,ZGHA"
changsha,2022-10-01,38,26,31.7,40.6,26,33.8,20,51.5,0,0,0,,0,0,39.6,25.2,189,1010,6,11.8,244.8,21.1,8,10,2022-10-01T06:20:43,2022-10-01T18:14:43,0.19,Clear,Clear conditions throughout the day.,clear-day,"59287199999,57687099999,ZGHA"
changsha,2022-10-02,37,27,31.8,41,28.8,34.5,20.7,53.3,0,0,0,,0,0,39.6,21.6,185.6,1010.5,4.1,12.6,241,21.1,8,10,2022-10-02T06:21:14,2022-10-02T18:13:33,0.22,Clear,Clear conditions throughout the day.,clear-day,"59287199999,57687099999,ZGHA"
changsha,2022-10-03,38,26,32.2,42.3,26,35.2,21,53.1,0,0,0,,0,0,36,18,189.3,1011,9,12.6,243.8,21.1,8,10,2022-10-03T06:21:45,2022-10-03T18:12:25,0.25,Clear,Clear conditions throughout the day.,clear-day,"59287199999,57687099999,ZGHA"
changsha,2022-10-04,29,17.5,24.8,31.4,17.5,25.7,18.7,69.3,0,0,0,,0,0,57.6,30.1,327.2,1016,41.9,11.4,238.2,20.6,8,10,2022-10-04T06:22:16,2022-10-04T18:11:16,0.3,Partially cloudy,Becoming cloudy in the afternoon.,partly-cloudy-day,"59287199999,57687099999,ZGHA"
changsha,2022-10-05,18,13,14.4,18,13,14.4,12.8,90.2,0.2,100,8.33,rain,0,0,54,25.9,339.1,1021.2,91,8.4,19.4,1.7,1,10,2022-10-05T06:22:47,2022-10-05T18:10:08,0.33,"Rain, Overcast",Cloudy skies throughout the day with rain.,rain,"59287199999,57687099999,ZGHA"
changsha,2022-10-06,14,11.2,12.6,14,11.2,12.6,11.4,92.8,1.2,100,16.67,rain,0,0,39.6,28.8,338.4,1023.3,89,8.2,19,1.5,1,10,2022-10-06T06:23:19,2022-10-06T18:09:00,0.37,"Rain, Partially cloudy",Partly cloudy throughout the day with a chance of rain throughout the day.,rain,"59287199999,57687099999,ZGHA"
changsha,2022-10-07,13,11.2,12.3,13,11.2,12.3,11.2,92.8,1.1,100,16.67,rain,0,0,39.6,21.6,341.5,1024.7,96.8,9.5,21.1,1.7,1,10,2022-10-07T06:23:51,2022-10-07T18:07:53,0.4,"Rain, Overcast",Cloudy skies throughout the day with a chance of rain throughout the day.,rain,"59287199999,57687099999,ZGHA"
changsha,2022-10-08,16,12.4,14.1,16,12.4,14.1,12.7,91.6,0.2,100,8.33,rain,0,0,21.6,14.4,340,1022.4,100,9.4,148.4,12.9,7,10,2022-10-08T06:24:23,2022-10-08T18:06:46,0.44,"Rain, Overcast",Cloudy skies throughout the day with rain.,rain,"59287199999,57687099999,ZGHA"
changsha,2022-10-09,20,13.6,16,20,13.6,16,13,83.6,7.9,100,12.5,rain,0,0,43.6,28.8,345.9,1026.4,91.3,10.3,22.3,2,1,10,2022-10-09T06:24:56,2022-10-09T18:05:40,0.47,"Rain, Overcast",Cloudy skies throughout the day with a chance of rain throughout the day.,rain,"59287199999,57687099999,ZGHA"
changsha,2022-10-10,22,10,16.1,22,10,16.1,3.9,47.2,0,0,0,,0,0,43.2,21.6,350.5,1027.6,27.2,12.7,248.6,21.5,9,10,2022-10-10T06:25:29,2022-10-10T18:04:34,0.5,Partially cloudy,Becoming cloudy in the afternoon.,partly-cloudy-day,"59287199999,57687099999,ZGHA"
changsha,2022-10-11,25,13,18,25,13,18,4.7,44.3,0,0,0,,0,0,36,14.4,0.4,1023.3,46.2,12.7,242.1,21,9,10,2022-10-11T06:26:02,2022-10-11T18:03:29,0.54,Partially cloudy,Partly cloudy throughout the day.,partly-cloudy-day,"59287199999,57687099999,ZGHA"
changsha,2022-10-12,26,10,17.6,26,10,17.6,5.5,49.7,0,0,0,,0,0,28.8,15.9,359.2,1021.7,2.7,12.2,246.5,21.2,9,10,2022-10-12T06:26:36,2022-10-12T18:02:25,0.57,Clear,Clear conditions throughout the day.,clear-day,"59287199999,57687099999,ZGHA"
changsha,2022-10-13,26,11,18.6,26,11,18.6,7.6,52.7,0,0,0,,0,0,36,18,344,1020,3.5,11.7,239.6,20.7,8,10,2022-10-13T06:27:10,2022-10-13T18:01:21,0.61,Clear,Clear conditions throughout the day.,clear-day,"59287199999,57687099999,ZGHA"
changsha,2022-10-14,27,13,19.6,26.6,13,19.5,9,52.9,0,0,0,,0,0,43.2,25.2,349.6,1018.5,0.1,11.1,236.5,20.5,8,10,2022-10-14T06:27:44,2022-10-14T18:00:18,0.64,Clear,Clear conditions throughout the day.,clear-day,"59287199999,57687099999,ZGHA"
changsha,2022-10-15,28,13,20.3,27.1,13,20.2,10.4,56.1,0,0,0,,0,0,43.2,18,351.9,1018,0.8,11.2,233.5,20.1,8,10,2022-10-15T06:28:19,2022-10-15T17:59:15,0.67,Clear,Clear conditions throughout the day.,clear-day,"59287199999,57687099999,ZGHA"
changsha,2022-10-16,29,15,21.9,27.8,15,21.7,10.7,52,0,0,0,,0,0,54,28.8,352.6,1018.8,0.6,10.7,229.5,19.8,8,10,2022-10-16T06:28:54,2022-10-16T17:58:13,0.7,Clear,Clear conditions throughout the day.,clear-day,"59287199999,57687099999,ZGHA"
changsha,2022-10-17,28,16,21.6,27.2,16,21.5,11.6,55.2,0,0,0,,0,0,57.6,32.4,3.5,1021.4,3.1,8.5,228.8,19.7,8,10,2022-10-17T06:29:29,2022-10-17T17:57:12,0.73,Clear,Clear conditions throughout the day.,clear-day,"59287199999,57687099999,ZGHA"
changsha,2022-10-18,26,13,18.9,26,13,18.9,7.5,53.6,0,0,0,,0,0,57.6,25.2,1.2,1024,1,9.3,235.3,20.4,8,10,2022-10-18T06:30:05,2022-10-18T17:56:12,0.75,Clear,Clear conditions throughout the day.,clear-day,"59287199999,57687099999,ZGHA"
changsha,2022-10-19,26,10,18,26,10,18,3.5,42.6,0,0,0,,0,0,39.6,10.8,11.5,1022.5,22,11.6,236.7,20.5,8,10,2022-10-19T06:30:42,2022-10-19T17:55:13,0.8,Partially cloudy,Partly cloudy throughout the day.,partly-cloudy-day,"59287199999,57687099999,ZGHA"
changsha,2022-10-20,28,11,19.6,26.9,11,19.5,6.2,45,0,0,0,,0,0,32.4,10.8,79.8,1020.3,61.6,12.3,217.3,18.8,8,10,2022-10-20T06:31:19,2022-10-20T17:54:14,0.83,Partially cloudy,Partly cloudy throughout the day.,partly-cloudy-day,"59287199999,57687099999,ZGHA"
changsha,2022-10-21,30,17,22.3,28.6,17,22.1,10.6,49.4,0,0,0,,0,0,32.4,21.6,346.7,1020.4,42.4,11.5,209.7,18.1,7,10,2022-10-21T06:31:56,2022-10-21T17:53:16,0.86,Partially cloudy,Partly cloudy throughout the day.,partly-cloudy-day,"59287199999,57687099999,ZGHA"
changsha,2022-10-22,30,18,23.4,28.7,18,23.1,11.4,49.4,0,0,0,,0,0,39.6,21.6,343,1020.8,4.6,11.1,213.6,18.4,8,10,2022-10-22T06:32:34,2022-10-22T17:52:20,0.89,Clear,Clear conditions throughout the day.,clear-day,"59287199999,57687099999,ZGHA"
changsha,2022-10-23,30,16,22.8,28.6,16,22.6,10.6,47.9,0,0,0,,0,0,39.6,16.5,356.4,1020.1,13,11.1,207.1,17.8,8,10,2022-10-23T06:33:12,2022-10-23T17:51:24,0.93,Clear,Clear conditions throughout the day.,clear-day,"59287199999,57687099999,ZGHA"
changsha,2022-10-24,28,17,22.2,27.1,17,22,11.2,51.7,0,0,0,,0,0,43.2,18,3.2,1020.2,67.9,10.3,101.7,8.9,5,10,2022-10-24T06:33:50,2022-10-24T17:50:29,0.96,Partially cloudy,Partly cloudy throughout the day.,partly-cloudy-day,"59287199999,57687099999,ZGHA"
changsha,2022-10-25,28,17.7,21.9,26.9,17.7,21.8,9.5,48.2,0,0,0,,0,0,43.2,12.9,10.9,1019.8,47,10,178.5,15.4,8,10,2022-10-25T06:34:29,2022-10-25T17:49:35,0,Partially cloudy,Partly cloudy throughout the day.,partly-cloudy-day,"59287199999,57687099999,ZGHA"
changsha,2022-10-26,25,16,19.3,25,16,19.3,11.5,61.3,0,0,0,,0,0,43.2,25.2,333.9,1018,49.8,9.6,96.1,8.2,6,10,2022-10-26T06:35:09,2022-10-26T17:48:42,0.03,Partially cloudy,Partly cloudy throughout the day.,partly-cloudy-day,"59287199999,57687099999,ZGHA"
changsha,2022-10-27,18,14.7,15.5,18,14.7,15.5,14.1,91.9,8.2,100,16.67,rain,0,0,46.8,21.6,346.5,1022.1,78.1,5.5,5.9,0.5,0,10,2022-10-27T06:35:48,2022-10-27T17:47:50,0.06,"Rain, Partially cloudy",Partly cloudy throughout the day with rain.,rain,"59287199999,57687099999,ZGHA"
changsha,2022-10-28,19,14.5,16.3,19,14.5,16.3,14.4,88.8,0.6,100,8.33,rain,0,0,32.4,14.4,348.4,1023.3,74.8,4.3,65.9,5.7,3,10,2022-10-28T06:36:29,2022-10-28T17:46:59,0.1,"Rain, Partially cloudy",Partly cloudy throughout the day with rain clearing later.,rain,"59287199999,57687099999,ZGHA"
changsha,2022-10-29,21,15.7,17.8,21,15.7,17.8,15.6,87.5,1.3,100,8.33,rain,0,0,34.2,14.4,338.2,1022.4,74.5,6.3,106.6,9.2,6,10,2022-10-29T06:37:10,2022-10-29T17:46:10,0.13,"Rain, Partially cloudy",Partly cloudy throughout the day with rain clearing later.,rain,"59287199999,57687099999,ZGHA"
changsha,2022-10-30,21,15,17.7,21,15,17.7,13.7,77.9,0,0,0,,0,0,39.6,18,339.2,1021.4,27.3,6.4,142.7,12.4,6,10,2022-10-30T06:37:51,2022-10-30T17:45:21,0.17,Partially cloudy,Clearing in the afternoon.,partly-cloudy-day,"59287199999,57687099999,ZGHA"
changsha,2022-10-31,24,13.9,18,24,13.9,18,11,66,0,0,0,,0,0,50.4,28.8,345.3,1021.2,1.3,8.8,206.2,17.7,7,10,2022-10-31T06:38:32,2022-10-31T17:44:34,0.2,Clear,Clear conditions throughout the day.,clear-day,"59287199999,57687099999,ZGHA"
changsha,2022-11-01,26,12,18.6,26,12,18.6,11,63.4,0,0,0,,0,0,46.8,19.5,359.2,1019.9,14.1,10.5,207,17.8,7,10,2022-11-01T06:39:14,2022-11-01T17:43:48,0.25,Clear,Clear conditions throughout the day.,clear-day,"59287199999,57687099999,ZGHA"
changsha,2022-11-02,27,12,19.2,26.5,12,19.2,10.8,61.8,0,0,0,,0,0,32.4,14.4,357.2,1016.9,0,11.1,205.9,17.6,7,10,2022-11-02T06:39:57,2022-11-02T17:43:03,0.28,Clear,Clear conditions throughout the day.,clear-day,"59287199999,57687099999,ZGHA"
changsha,2022-11-03,25,15,19.8,25,15,19.8,10.9,58.4,0,0,0,,0,0,36,21.6,356.1,1017.9,79.1,11.4,44.4,3.8,3,10,2022-11-03T06:40:40,2022-11-03T17:42:19,0.31,Partially cloudy,Partly cloudy throughout the day.,partly-cloudy-day,"59287199999,57687099999,ZGHA"
changsha,2022-11-04,22,15.7,18.8,22,15.7,18.8,10.5,59,0,0,0,,0,0,43.2,21.6,333.7,1023,22.5,7.6,122,10.6,6,10,2022-11-04T06:41:23,2022-11-04T17:41:36,0.35,Partially cloudy,Clearing in the afternoon.,partly-cloudy-day,"59287199999,57687099999,ZGHA"
changsha,2022-11-05,22,12,16.7,22,12,16.7,10.9,70.5,0,0,0,,0,0,43.2,18.7,337.2,1024.6,16,6.8,171.2,14.9,6,10,2022-11-05T06:42:07,2022-11-05T17:40:55,0.38,Clear,Clear conditions throughout the day.,clear-day,"59287199999,57687099999,ZGHA"
changsha,2022-11-06,24,12.9,18.5,24,12.9,18.5,11.1,64.7,0,0,0,,0,0,28.8,9.3,124.6,1020.8,0.8,8.9,193.6,16.8,7,10,2022-11-06T06:42:51,2022-11-06T17:40:15,0.42,Clear,Clear conditions throughout the day.,clear-day,"59287199999,57687099999,ZGHA"
changsha,2022-11-07,27,13,19.5,26.7,13,19.5,11.3,61.8,0,0,0,,0,0,18,9.3,44.7,1019.4,0,11.4,193.9,16.7,7,10,2022-11-07T06:43:35,2022-11-07T17:39:37,0.45,Clear,Clear conditions throughout the day.,clear-day,"59287199999,57687099999,ZGHA"
changsha,2022-11-08,28,15,20.9,27.5,15,20.8,12.5,61,0,0,0,,0,0,21.6,10.8,14.2,1019.3,6.3,10.9,179.2,15.3,7,10,2022-11-08T06:44:20,2022-11-08T17:38:59,0.5,Clear,Clear conditions throughout the day.,clear-day,"59287199999,57687099999,ZGHA"
changsha,2022-11-09,29,14.7,21.8,28.8,14.7,21.7,13.9,63.3,0,0,0,,0,0,18,7.2,32.8,1017.7,5,11.6,187.8,16.3,7,10,2022-11-09T06:45:05,2022-11-09T17:38:23,0.52,Clear,Clear conditions throughout the day.,clear-day,"59287199999,57687099999,ZGHA"
changsha,2022-11-10,31,18,24.8,31,18,24.8,15.3,57.8,0,0,0,,0,0,30.6,14.4,125,1015.8,29.5,12.1,117,10,7,10,2022-11-10T06:45:51,2022-11-10T17:37:49,0.56,Partially cloudy,Partly cloudy throughout the day.,partly-cloudy-day,"59287199999,57687099999,ZGHA"
changsha,2022-11-11,33,22,27.4,33,22,27.4,16,51.1,0,0,0,,0,0,32.4,18,176.2,1013.5,54.4,12.6,151.5,13,7,10,2022-11-11T06:46:36,2022-11-11T17:37:16,0.59,Partially cloudy,Partly cloudy throughout the day.,partly-cloudy-day,"59287199999,57687099999,ZGHA"
changsha,2022-11-12,28,17,22.6,29.2,17,22.7,15.6,64.8,0,0,0,,0,0,64.8,28.8,323.1,1015.2,18.2,9.5,179.2,15.6,7,10,2022-11-12T06:47:22,2022-11-12T17:36:44,0.62,Clear,Clear conditions throughout the day.,clear-day,"59287199999,57687099999,ZGHA"
changsha,2022-11-13,17,11.5,14.5,17,11.5,14.5,8.1,65.5,0,0,0,,0,0,64.8,32.4,342.4,1023.2,96.8,12,81.4,7.1,6,10,2022-11-13T06:48:09,2022-11-13T17:36:14,0.65,Overcast,Cloudy skies throughout the day.,cloudy,"59287199999,57687099999,ZGHA"
changsha,2022-11-14,12,8.8,10.1,12,6.8,9.6,8,87,6.3,100,16.67,rain,0,0,43.2,21.6,346,1024.1,96.3,7.3,16.1,1.3,1,10,2022-11-14T06:48:55,2022-11-14T17:35:45,0.68,"Rain, Overcast",Cloudy skies throughout the day with a chance of rain throughout the day.,rain,"59287199999,57687099999,ZGHA"
changsha,2022-11-15,15,9,12.1,15,8,12,9.4,83.9,3.5,100,8.33,rain,0,0,18,10.8,32.5,1021.2,80.3,8.1,153.1,13.3,7,10,2022-11-15T06:49:42,2022-11-15T17:35:18,0.72,"Rain, Partially cloudy",Partly cloudy throughout the day with rain clearing later.,rain,"59287199999,57687099999,ZGHA"
changsha,2022-11-16,14,13,13.4,14,13,13.4,11.8,89.8,3.5,100,33.33,rain,0,0,13.7,21.6,0.6,1018.4,83.1,7.8,12.8,1,2,10,2022-11-16T06:50:29,2022-11-16T17:34:53,0.75,"Rain, Partially cloudy",Partly cloudy throughout the day with rain in the morning and afternoon.,rain,"59287199999,ZGHA"
changsha,2022-11-17,18,11,14.7,18,11,14.7,11.6,83.2,0.3,100,8.33,rain,0,0,15.5,10.8,18.9,1018.5,52,6.5,168.4,14.4,7,10,2022-11-17T06:51:16,2022-11-17T17:34:28,0.78,"Rain, Partially cloudy",Partly cloudy throughout the day with late afternoon rain.,rain,"59287199999,ZGHA"
changsha,2022-11-18,15,13.7,14.5,15,13.7,14.5,13.8,95.5,35.1,100,12.5,rain,0,0,32.4,18,354.8,1019.5,96.5,6.9,13,0.9,1,10,2022-11-18T06:52:04,2022-11-18T17:34:06,0.81,"Rain, Overcast",Cloudy skies throughout the day with rain in the morning and afternoon.,rain,"59287199999,57687099999,ZGHA"
changsha,2022-11-19,19,13.4,15.6,19,13.4,15.6,13.1,85.5,0,0,0,,0,0,32.4,18,333.3,1021.2,53.7,4.7,157.6,13.6,6,10,2022-11-19T06:52:51,2022-11-19T17:33:45,0.85,Partially cloudy,Partly cloudy throughout the day.,partly-cloudy-day,"59287199999,57687099999,ZGHA"
changsha,2022-11-20,21,12.9,16.9,21,12.9,16.9,14,84.1,0,0,0,,0,0,21.6,14.4,127.8,1017.8,72.3,7.5,173.8,15,7,10,2022-11-20T06:53:39,2022-11-20T17:33:25,0.88,Partially cloudy,Partly cloudy throughout the day.,partly-cloudy-day,"59287199999,57687099999,ZGHA"
changsha,2022-11-21,25,17,20.1,25,17,20.1,15.7,76.7,0.6,100,4.17,rain,0,0,32.4,15.9,44.2,1015.3,78,10.1,124,10.7,6,10,2022-11-21T06:54:26,2022-11-21T17:33:07,0.91,"Rain, Partially cloudy",Partly cloudy throughout the day with late afternoon rain.,rain,"59287199999,57687099999,ZGHA"
changsha,2022-11-22,17,14.7,15.8,17,14.7,15.8,14.3,91,1,100,4.17,rain,0,0,50.4,25.2,340,1018.5,95.2,8.1,28.1,2.3,1,10,2022-11-22T06:55:14,2022-11-22T17:32:51,0.94,"Rain, Overcast",Cloudy skies throughout the day with early morning rain.,rain,"59287199999,57687099999,ZGHA"
changsha,2022-11-23,17,13.8,15.2,17,13.8,15.2,13.2,87.9,1,100,4.17,rain,0,0,39.6,14.4,333.5,1020.2,75,6,52.8,4.6,4,10,2022-11-23T06:56:01,2022-11-23T17:32:36,0.97,"Rain, Partially cloudy",Partly cloudy throughout the day with late afternoon rain.,rain,"59287199999,57687099999,ZGHA"
changsha,2022-11-24,18,13.7,15.7,18,13.7,15.7,13.8,88.5,0.2,100,4.17,rain,0,0,36,12.3,348.1,1019.4,46.7,5.2,104.5,9.1,6,10,2022-11-24T06:56:49,2022-11-24T17:32:23,0,"Rain, Partially cloudy",Partly cloudy throughout the day with early morning rain.,rain,"59287199999,57687099999,ZGHA"
changsha,2022-11-25,20.1,13.7,17,20.1,13.7,17,14.5,85.5,0,0,0,,0,0,21.6,7.2,177,1017.4,33.3,5.7,156.1,13.4,6,10,2022-11-25T06:57:37,2022-11-25T17:32:12,0.04,Partially cloudy,Partly cloudy throughout the day.,partly-cloudy-day,"59287199999,57687099999,ZGHA"
changsha,2022-11-26,21,12,15.6,21,12,15.6,13.7,89.6,0,0,0,,0,0,34.6,14.4,163.4,1016.1,31.5,5.4,170.2,14.7,6,10,2022-11-26T06:58:24,2022-11-26T17:32:02,0.08,Partially cloudy,Partly cloudy throughout the day.,partly-cloudy-day,"59287199999,57687099999,ZGHA"
changsha,2022-11-27,23,15,18.4,23,15,18.4,16.9,91.4,24.2,100,16.67,rain,0,0,36.7,21.6,146.6,1007.9,85.2,8.8,63,5.6,3,10,2022-11-27T06:59:11,2022-11-27T17:31:54,0.11,"Rain, Partially cloudy",Partly cloudy throughout the day with a chance of rain throughout the day.,rain,"59287199999,57687099999,ZGHA"
changsha,2022-11-28,27,13.4,19.3,28.8,13.4,19.4,17.2,88.2,8.3,100,50,rain,0,0,64.8,32.4,319.6,1008.3,68.2,10.6,18.3,1.7,1,10,2022-11-28T06:59:58,2022-11-28T17:31:47,0.15,"Rain, Partially cloudy",Partly cloudy throughout the day with a chance of rain throughout the day.,rain,"59287199999,57687099999,ZGHA"
changsha,2022-11-29,13,4.4,10,13,-0.5,8.4,7.9,87.5,0.8,100,4.17,rain,0,0,64.8,36,337.7,1020.9,97.9,8.9,9.2,0.8,0,10,2022-11-29T07:00:45,2022-11-29T17:31:42,0.18,"Rain, Overcast",Cloudy skies throughout the day with late afternoon rain.,rain,"59287199999,57687099999,ZGHA"
changsha,2022-11-30,5,0.3,2.7,-0.1,-5.3,-2.5,1.8,93.9,6.7,100,12.5,"rain,ice",0.6,0.2,68.4,32.4,343.1,1033.1,100,8.1,11.5,1,1,10,2022-11-30T07:01:32,2022-11-30T17:31:39,0.25,"Rain, Ice, Overcast",Cloudy skies throughout the day with rain or snow.,snow,"59287199999,57687099999,ZGHA"
changsha,2022-12-01,1,-1,0.3,-3.1,-7.2,-4.9,-1.6,87.4,0.1,100,4.17,ice,0.9,0.9,46.8,25.2,344.3,1034.6,100,10.3,17.4,1.4,1,10,2022-12-01T07:02:18,2022-12-01T17:31:37,0.25,"Ice, Overcast",Cloudy skies throughout the day with early morning snow.,snow,"59287199999,57687099999,ZGHA"
changsha,2022-12-02,5,0.7,3,4.4,-3.4,0.8,-1.7,71.7,0.1,100,4.17,"rain,snow",0.1,0.2,36,14.4,354.5,1029.3,84.6,11,141.4,12.2,6,10,2022-12-02T07:03:04,2022-12-02T17:31:37,0.29,"Snow, Rain, Partially cloudy",Partly cloudy throughout the day with early morning snow or rain.,snow,"59287199999,57687099999,ZGHA"
changsha,2022-12-03,7,4,5.6,6,2.9,4.3,3.2,84.6,0.2,100,8.33,rain,0,0,28.8,15.9,355.7,1024.9,94.2,8.2,17.9,1.6,2,10,2022-12-03T07:03:49,2022-12-03T17:31:39,0.32,"Rain, Overcast",Cloudy skies throughout the day with rain.,rain,"59287199999,57687099999,ZGHA"
changsha,2022-12-04,7,4.5,5.3,3.8,0.5,1.7,3.7,89.2,0.3,100,8.33,rain,0,0,46.8,25.2,341.7,1029.4,98.6,5.4,12.6,1,1,10,2022-12-04T07:04:34,2022-12-04T17:31:42,0.36,"Rain, Overcast",Cloudy skies throughout the day with rain clearing later.,rain,"59287199999,57687099999,ZGHA"
changsha,2022-12-05,6,3.3,4.5,3.7,-0.8,1.5,2.6,87.6,0.2,100,8.33,rain,0,0,46.8,21.6,339.4,1031.5,97.9,5.9,24.8,2.3,1,10,2022-12-05T07:05:19,2022-12-05T17:31:47,0.39,"Rain, Overcast",Cloudy skies throughout the day with rain clearing later.,rain,"59287199999,57687099999,ZGHA"
changsha,2022-12-06,8,4.5,6,6.9,2.4,4.4,3.7,85.7,0,0,0,,0,0,28.8,10.8,350.2,1027.1,90.8,6.4,56.3,4.9,2,10,2022-12-06T07:06:03,2022-12-06T17:31:53,0.43,Overcast,Cloudy skies throughout the day.,cloudy,"59287199999,57687099999,ZGHA"
changsha,2022-12-07,10,5.7,8.1,10,4.2,7.7,5,81.1,0,0,0,,0,0,21.6,10.8,344.3,1025.5,91.4,7,138.9,11.9,6,10,2022-12-07T07:06:47,2022-12-07T17:32:01,0.46,Overcast,Cloudy skies throughout the day.,cloudy,"59287199999,57687099999,ZGHA"
changsha,2022-12-08,15,7,10.5,15,5.7,10.1,5.8,73.9,0,0,0,,0,0,21.6,12.3,334.6,1024.1,32.9,7.6,159.3,13.8,6,10,2022-12-08T07:07:30,2022-12-08T17:32:11,0.5,Partially cloudy,Becoming cloudy in the afternoon.,partly-cloudy-day,"59287199999,57687099999,ZGHA"
changsha,2022-12-09,14,8.7,10.8,14,7.3,10.4,5.3,69,0,0,0,,0,0,28.8,11.5,341.2,1022.3,11.1,9,152,13.1,6,10,2022-12-09T07:08:12,2022-12-09T17:32:22,0.53,Clear,Clear conditions throughout the day.,clear-day,"59287199999,57687099999,ZGHA"
changsha,2022-12-10,17,4,9.9,17,2.1,9.3,5,74.6,0,0,0,,0,0,38.2,21.6,347.1,1022.4,0.7,7.3,162.8,14.1,6,10,2022-12-10T07:08:54,2022-12-10T17:32:35,0.57,Clear,Clear conditions throughout the day.,clear-day,"59287199999,57687099999,ZGHA"
changsha,2022-12-11,10,4.4,7.1,10,1.7,4.2,0.9,65.3,0,0,0,,0,0,61.2,23.1,338,1026.4,55.3,5.5,144.7,12.4,6,10,2022-12-11T07:09:34,2022-12-11T17:32:49,0.6,Partially cloudy,Partly cloudy throughout the day.,partly-cloudy-day,"59287199999,57687099999,ZGHA"
changsha,2022-12-12,12,1,6.2,12,-2.3,4.6,-1.4,61.2,0,0,0,,0,0,43.2,21.6,350.5,1027.8,17.8,7.2,168,14.3,6,10,2022-12-12T07:10:15,2022-12-12T17:33:05,0.63,Clear,Clear conditions throughout the day.,clear-day,"59287199999,57687099999,ZGHA"
changsha,2022-12-13,14,1,7,14,-1.3,6.1,-1.2,60.1,0,0,0,,0,0,39.6,14.4,0.9,1026.8,0.5,8.4,170.2,14.6,7,10,2022-12-13T07:10:54,2022-12-13T17:33:22,0.66,Clear,Clear conditions throughout the day.,clear-day,"59287199999,57687099999,ZGHA"
changsha,2022-12-14,16,1,8,16,-2.3,6.9,-1.7,55.1,0,0,0,,0,0,39.6,14.4,355.8,1028.3,0,9.7,168.7,14.5,7,10,2022-12-14T07:11:32,2022-12-14T17:33:41,0.7,Clear,Clear conditions throughout the day.,clear-day,"59287199999,57687099999,ZGHA"
changsha,2022-12-15,15,3,8.2,15,1,7.9,0.5,60.2,0,0,0,,0,0,21.6,10.8,39,1021.4,52.4,10.3,96.8,8.2,6,10,2022-12-15T07:12:10,2022-12-15T17:34:01,0.73,Partially cloudy,Partly cloudy throughout the day.,partly-cloudy-day,"59287199999,57687099999,ZGHA"
changsha,2022-12-16,9,4.4,6.8,8,-0.3,3.4,1.6,69.5,0,0,0,rain,0,0,54,28.8,346.8,1028.3,49.1,6.9,13.8,1.1,1,10,2022-12-16T07:12:47,2022-12-16T17:34:23,0.75,Partially cloudy,Partly cloudy throughout the day.,partly-cloudy-day,"59287199999,57687099999,ZGHA"
changsha,2022-12-17,10,1.7,5.6,10,-1.1,2.2,-5.9,47.4,0,0,0,,0,0,52.9,32.4,356.3,1038.9,22.5,10.2,164.8,14.2,6,10,2022-12-17T07:13:22,2022-12-17T17:34:46,0.79,Partially cloudy,Partly cloudy throughout the day.,partly-cloudy-day,"59287199999,57687099999,ZGHA"
changsha,2022-12-18,11,-3.1,3.4,11,-6,2.6,-8,49.4,0,0,0,,0,0,43.2,7.2,20.8,1033.1,1.5,11,173.9,15.1,7,10,2022-12-18T07:13:57,2022-12-18T17:35:10,0.83,Clear,Clear conditions throughout the day.,clear-day,"59287199999,57687099999,ZGHA"
changsha,2022-12-19,16,2,7.8,16,1,7.5,-4.9,44,0,0,0,,0,0,28.8,12.9,141.5,1023.9,20.2,11.4,171.2,14.9,7,10,2022-12-19T07:14:31,2022-12-19T17:35:36,0.86,Partially cloudy,Partly cloudy throughout the day.,partly-cloudy-day,"59287199999,57687099999,ZGHA"
changsha,2022-12-20,13,6,8.9,13,4.9,8.4,-1.9,47.3,0.1,100,4.17,rain,0,0,39.6,18,337.9,1022.2,61.2,11.3,98.3,8.5,5,10,2022-12-20T07:15:03,2022-12-20T17:36:03,0.89,"Rain, Partially cloudy",Partly cloudy throughout the day with afternoon rain.,rain,"59287199999,57687099999,ZGHA"
changsha,2022-12-21,16,0.9,7.9,16,0.2,7.2,-0.6,59.2,0,0,0,,0,0,39.6,14.4,231,1022.3,0,8.3,168.9,14.7,7,10,2022-12-21T07:15:35,2022-12-21T17:36:32,0.93,Clear,Clear conditions throughout the day.,clear-day,"59287199999,57687099999,ZGHA"
changsha,2022-12-22,17,1,8.3,17,1,8.1,-1.1,56.6,0,0,0,,0,0,43.2,25.2,345.4,1021.4,13.2,9.4,167,14.5,6,10,2022-12-22T07:16:05,2022-12-22T17:37:02,0.96,Clear,Clear conditions throughout the day.,clear-day,"59287199999,57687099999,ZGHA"
changsha,2022-12-23,16,3,9.1,16,1,8.5,-2.5,45.7,0,0,0,,0,0,43.2,10.8,11.7,1023.7,14.6,11.3,165.7,14.4,6,10,2022-12-23T07:16:34,2022-12-23T17:37:33,0,Clear,Clear conditions throughout the day.,clear-day,"59287199999,57687099999,ZGHA"
changsha,2022-12-24,16,3.7,9.3,16,2.2,9,-1.2,51.4,0,0,0,,0,0,19.4,10.8,27.6,1025.6,0.6,10.9,166.3,14.4,6,10,2022-12-24T07:17:02,2022-12-24T17:38:05,0.03,Clear,Clear conditions throughout the day.,clear-day,"59287199999,57687099999,ZGHA"
changsha,2022-12-25,15,3,8.4,15,1.9,7.8,-0.8,54,0,0,0,,0,0,32.4,18,353.4,1025.6,17.8,9.8,158.2,13.7,6,10,2022-12-25T07:17:29,2022-12-25T17:38:38,0.06,Clear,Clear conditions throughout the day.,clear-day,"59287199999,57687099999,ZGHA"
changsha,2022-12-26,9,4.5,6.7,7.3,1.1,4.1,-2.1,53.8,0,0,0,,0,0,46.8,19.5,332.1,1028.6,0,8.6,136.6,11.9,6,10,2022-12-26T07:17:54,2022-12-26T17:39:13,0.09,Clear,Clear conditions throughout the day.,clear-day,"59287199999,57687099999,ZGHA"
changsha,2022-12-27,7,2.5,5.4,4.3,-1.8,2.3,1.4,76.1,2.1,100,8.33,"rain,snow",0,0,39.6,21.6,351,1030.1,17.6,5.2,29.9,2.6,1,10,2022-12-27T07:18:18,2022-12-27T17:39:48,0.13,"Snow, Rain",Clear conditions throughout the day with rain or snow.,rain,"59287199999,57687099999,ZGHA"
changsha,2022-12-28,4,2,2.9,2.5,-1.9,-0.2,2.3,95.7,16.7,100,20.83,rain,0,0,39.6,18,0.7,1033.3,89.6,3,41.4,3.6,3,10,2022-12-28T07:18:41,2022-12-28T17:40:25,0.16,"Rain, Partially cloudy",Partly cloudy throughout the day with a chance of rain throughout the day.,rain,"59287199999,57687099999,ZGHA"
changsha,2022-12-29,5,2.7,4.1,5,0.8,2.6,2.9,92.1,2.4,100,12.5,"rain,snow",0,0,21.6,10.8,20,1033.8,75.2,5,13.7,1.2,1,10,2022-12-29T07:19:02,2022-12-29T17:41:03,0.2,"Snow, Rain, Partially cloudy",Partly cloudy throughout the day with a chance of rain or snow throughout the day.,rain,"59287199999,57687099999,ZGHA"
changsha,2022-12-30,9,3.9,6.2,9,2.2,5.8,3.5,83.8,0,0,0,,0,0,18,10.8,65.9,1033.3,82.4,4.5,135.8,11.6,6,10,2022-12-30T07:19:22,2022-12-30T17:41:41,0.25,Partially cloudy,Partly cloudy throughout the day.,partly-cloudy-day,"59287199999,57687099999,ZGHA"
changsha,2022-12-31,11,2.8,6.5,11,2.5,5.9,3.5,82.1,0.3,100,8.33,rain,0,0,18.7,10.8,6,1032.1,42.6,5.2,121.2,10.5,6,10,2022-12-31T07:19:40,2022-12-31T17:42:21,0.27,"Rain, Partially cloudy",Partly cloudy throughout the day with rain.,rain,"59287199999,57687099999,ZGHA"
