name,datetime,tempmax,tempmin,temp,feelslikemax,feelslikemin,feelslike,dew,humidity,precip,precipprob,precipcover,preciptype,snow,snowdepth,windgust,windspeed,winddir,sealevelpressure,cloudcover,visibility,solarradiation,solarenergy,uvindex,severerisk,sunrise,sunset,moonphase,conditions,description,icon,stations
chongqing,2022-01-01,13,5,7.9,13,3.4,7.4,3,73.2,0,0,0,,0,0,16.6,10.8,75.7,1029.9,20.5,5.3,133,11.5,6,,2022-01-01T07:48:51,2022-01-01T18:06:00,0.94,Partially cloudy,Partly cloudy throughout the day.,partly-cloudy-day,"ZUCK,57516099999"
chongqing,2022-01-02,12,4,7.8,12,0.1,6.6,3.1,73.2,0,0,0,,0,0,15.1,18,41.6,1025.1,16.1,5.1,79.3,6.9,3,,2022-01-02T07:49:05,2022-01-02T18:06:42,0.98,Clear,Clear conditions throughout the day.,clear-day,"ZUCK,57516099999"
chongqing,2022-01-03,10.3,8,9.1,10.3,6.1,8.4,4.4,72.7,0,0,0,,0,0,10.4,14.4,18.3,1021.2,62.5,4.7,36.5,3.3,2,,2022-01-03T07:49:18,2022-01-03T18:07:25,0,Partially cloudy,Partly cloudy throughout the day.,partly-cloudy-day,"ZUCK,57516099999"
chongqing,2022-01-04,9.7,7,8.2,9.7,5.7,7.9,7.1,93.2,0,0,0,,0,0,9.4,7.2,198,1020.3,91.7,2.7,56.1,5,2,,2022-01-04T07:49:30,2022-01-04T18:08:09,0.05,Overcast,Cloudy skies throughout the day.,cloudy,"ZUCK,57516099999"
chongqing,2022-01-05,11.3,6,8.7,11.3,3.7,8.1,6.4,86.4,0,0,0,,0,0,10.8,14.4,27.3,1021.1,75.4,3.5,53.5,4.7,3,,2022-01-05T07:49:39,2022-01-05T18:08:54,0.08,Partially cloudy,Partly cloudy throughout the day.,partly-cloudy-day,"ZUCK,57516099999"
chongqing,2022-01-06,11,8,9.2,11,6.9,8.7,8.3,94.3,0,0,0,,0,0,10.8,10.8,97.3,1024,99.1,3,59.4,5.1,3,,2022-01-06T07:49:47,2022-01-06T18:09:40,0.11,Overcast,Cloudy skies throughout the day.,cloudy,"ZUCK,57516099999"
chongqing,2022-01-07,9.5,8,8.9,9.5,5.5,8.1,7.6,91.9,0.3,100,4.17,rain,0,0,11.2,14.4,46.5,1025.1,71.9,6.2,82.1,7.2,4,,2022-01-07T07:49:54,2022-01-07T18:10:26,0.14,"Rain, Partially cloudy",Partly cloudy throughout the day with afternoon rain.,rain,"ZUCK,57516099999"
chongqing,2022-01-08,10.5,8,8.9,10.5,6.1,8.5,7.4,90.5,0,0,0,,0,0,11.2,10.8,31.3,1024.5,75.3,6.9,112.2,9.7,4,,2022-01-08T07:49:59,2022-01-08T18:11:13,0.18,Partially cloudy,Partly cloudy throughout the day.,partly-cloudy-day,"ZUCK,57516099999"
chongqing,2022-01-09,13,5,9.2,13,4.5,8.9,5.4,79.8,0,0,0,,0,0,14,14.4,38.9,1020.2,46.1,6.6,78.1,6.7,3,,2022-01-09T07:50:02,2022-01-09T18:12:01,0.21,Partially cloudy,Partly cloudy throughout the day.,partly-cloudy-day,"ZUCK,57516099999"
chongqing,2022-01-10,13.5,8,10.5,13.5,6.8,9.9,5.9,74.2,0,0,0,,0,0,26.3,21.6,323.4,1022.5,49.4,7.1,45.6,4.1,2,10,2022-01-10T07:50:03,2022-01-10T18:12:49,0.25,Partially cloudy,Partly cloudy throughout the day.,partly-cloudy-day,"ZUCK,57516099999"
chongqing,2022-01-11,15,8,10.6,15,6.8,10.2,7.1,80.9,0,0,0,,0,0,22.7,14.4,79.4,1023,41.5,4.7,142.8,12.3,6,10,2022-01-11T07:50:03,2022-01-11T18:13:37,0.28,Partially cloudy,Partly cloudy throughout the day.,partly-cloudy-day,"ZUCK,57516099999"
chongqing,2022-01-12,11.7,9,10.2,11.7,6.8,9.4,5.6,73.2,0,0,0,,0,0,15.8,14.4,21.1,1021.9,33.3,5.3,36,3.1,4,10,2022-01-12T07:50:02,2022-01-12T18:14:27,0.31,Partially cloudy,Partly cloudy throughout the day.,partly-cloudy-day,"ZUCK,57516099999"
chongqing,2022-01-13,10.8,8,9.4,10.8,6,8.5,6.4,82.2,0,0,0,rain,0,0,24.1,21.6,64,1023.2,42.3,4.2,31.8,2.7,3,10,2022-01-13T07:49:58,2022-01-13T18:15:16,0.34,Partially cloudy,Partly cloudy throughout the day.,partly-cloudy-day,"ZUCK,57516099999"
chongqing,2022-01-14,10.5,6,8.1,10.5,3.7,6.6,4.9,81.1,0,0,0,rain,0,0,33.1,18,41,1019.6,73.1,6.4,106.4,9.2,5,10,2022-01-14T07:49:53,2022-01-14T18:16:06,0.37,Partially cloudy,Partly cloudy throughout the day.,partly-cloudy-day,"ZUCK,57516099999"
chongqing,2022-01-15,10,7,8.3,10,4.3,7.1,4.2,75.5,0,0,0,,0,0,18,14.4,26.7,1022.5,43.4,6.2,91,7.9,4,10,2022-01-15T07:49:46,2022-01-15T18:16:57,0.41,Partially cloudy,Partly cloudy throughout the day.,partly-cloudy-day,"ZUCK,57516099999"
chongqing,2022-01-16,11.5,6.5,8.4,11.5,4.3,7.8,4.8,78.5,0,0,0,rain,0,0,11.5,14.4,47.2,1026.2,33.3,4.8,87.4,7.7,4,10,2022-01-16T07:49:38,2022-01-16T18:17:47,0.44,Partially cloudy,Partly cloudy throughout the day.,partly-cloudy-day,"ZUCK,57516099999"
chongqing,2022-01-17,14.5,5,9.2,14.5,2.5,8.7,4.7,75.8,0,0,0,,0,0,11.5,10.8,21.9,1026.3,29.5,5.5,153.7,13.2,6,10,2022-01-17T07:49:28,2022-01-17T18:18:38,0.47,Partially cloudy,Clearing in the afternoon.,partly-cloudy-day,"ZUCK,57516099999"
chongqing,2022-01-18,17,5,10.1,17,3.4,9.5,4,68.6,0,0,0,,0,0,12.2,10.8,12.9,1023.8,0.6,6.7,180.2,15.8,6,10,2022-01-18T07:49:17,2022-01-18T18:19:29,0.5,Clear,Clear conditions throughout the day.,clear-day,"ZUCK,57516099999"
chongqing,2022-01-19,17,6,10.7,17,5.7,10.5,4.7,68.4,0,0,0,,0,0,16.2,10.8,17.2,1020.1,19.9,7,171.6,14.8,6,10,2022-01-19T07:49:03,2022-01-19T18:20:21,0.54,Clear,Clear conditions throughout the day.,clear-day,"ZUCK,57516099999"
chongqing,2022-01-20,12,9,10.5,12,6,10,6.5,77,1,100,4.17,rain,0,0,22,21.6,13.1,1014.2,58.3,6.6,28.8,2.4,2,10,2022-01-20T07:48:48,2022-01-20T18:21:12,0.58,"Rain, Partially cloudy",Partly cloudy throughout the day with late afternoon rain.,rain,"ZUCK,57516099999"
chongqing,2022-01-21,9.7,8,8.7,9.7,4.7,6.7,7.9,94.8,0.1,100,4.17,rain,0,0,17.6,21.6,24.6,1015.8,70.8,8.5,18.7,1.7,2,10,2022-01-21T07:48:32,2022-01-21T18:22:04,0.61,"Rain, Partially cloudy",Partly cloudy throughout the day with morning rain.,rain,"ZUCK,57516099999"
chongqing,2022-01-22,10.8,8,9,10.8,5.5,7.9,8.4,96,2.7,100,8.33,rain,0,0,17.6,14.4,17.6,1012.4,84.5,7.7,24.1,2.1,1,10,2022-01-22T07:48:14,2022-01-22T18:22:56,0.65,"Rain, Partially cloudy",Partly cloudy throughout the day with rain clearing later.,rain,"ZUCK,57516099999"
chongqing,2022-01-23,10.7,8,9.3,10.7,5.5,8.9,8.9,97.1,0,0,0,rain,0,0,16.6,14.4,23,1016,100,4,25.6,2.4,3,10,2022-01-23T07:47:54,2022-01-23T18:23:48,0.68,Overcast,Cloudy skies throughout the day.,cloudy,"ZUCK,57516099999"
chongqing,2022-01-24,10.5,7,8.8,10.5,4.9,7.4,8.4,97.1,0.6,100,8.33,rain,0,0,16.9,18,10.8,1017.8,74,5.3,20.6,1.8,3,10,2022-01-24T07:47:33,2022-01-24T18:24:39,0.72,"Rain, Partially cloudy",Partly cloudy throughout the day with rain clearing later.,rain,"ZUCK,57516099999"
chongqing,2022-01-25,10.5,8,9,10.5,5.1,7.5,8,94.2,0.9,100,8.33,rain,0,0,17.3,18,24.3,1016.8,62.5,7.5,17.6,1.5,2,10,2022-01-25T07:47:10,2022-01-25T18:25:31,0.75,"Rain, Partially cloudy",Partly cloudy throughout the day with rain in the morning and afternoon.,rain,"ZUCK,57516099999"
chongqing,2022-01-26,11.3,7,9,11.3,5.7,8,6.5,84.8,0.5,100,8.33,rain,0,0,17.3,14.4,46.4,1016.6,75.3,10.2,17,1.7,0,10,2022-01-26T07:46:45,2022-01-26T18:26:23,0.79,"Rain, Partially cloudy",Partly cloudy throughout the day with rain clearing later.,rain,"ZUCK,57516099999"
chongqing,2022-01-27,9.5,7,8.4,9.5,3.8,6.6,6.4,87.2,0,0,0,rain,0,0,16.2,21.6,14.5,1020.1,75.7,8.4,21,2,3,10,2022-01-27T07:46:19,2022-01-27T18:27:15,0.82,Partially cloudy,Partly cloudy throughout the day.,partly-cloudy-day,"ZUCK,57516099999"
chongqing,2022-01-28,7.5,5,6.2,7.5,1.9,4.2,6,98.8,6,100,16.67,rain,0,0,20.2,18,21.5,1022,100,6.2,19.2,1.8,3,10,2022-01-28T07:45:52,2022-01-28T18:28:07,0.86,"Rain, Overcast",Cloudy skies throughout the day with a chance of rain throughout the day.,rain,"ZUCK,57516099999"
chongqing,2022-01-29,7.5,4,5.5,7.5,2.5,4.4,5,96.4,5.4,100,12.5,rain,0,0,20.2,10.8,35.8,1021.8,97.2,10.1,43.2,3.7,5,10,2022-01-29T07:45:23,2022-01-29T18:28:58,0.89,"Rain, Overcast",Cloudy skies throughout the day with a chance of rain throughout the day.,rain,"ZUCK,57516099999"
chongqing,2022-01-30,8.7,5,6.6,7.3,1.3,4.2,4.3,86,0,0,0,,0,0,20.2,21.6,26.2,1021.6,83.1,9.4,123.6,10.6,4,10,2022-01-30T07:44:52,2022-01-30T18:29:49,0.93,Partially cloudy,Partly cloudy throughout the day.,partly-cloudy-day,"ZUCK,57516099999"
chongqing,2022-01-31,10.5,5,7.4,10.5,3.4,6.7,4.2,81.5,0,0,0,rain,0,0,19.1,14.4,66.4,1023,63.2,8,142,12.2,5,10,2022-01-31T07:44:20,2022-01-31T18:30:41,0.96,Partially cloudy,Partly cloudy throughout the day.,partly-cloudy-day,"ZUCK,57516099999"
chongqing,2022-02-01,8.3,4,6.4,7.3,2.2,4.8,3.2,80.6,3.6,100,8.33,rain,0,0,16.9,14.4,65.1,1023.1,47,5.8,92.5,7.9,3,10,2022-02-01T07:43:47,2022-02-01T18:31:32,0,"Rain, Partially cloudy",Partly cloudy throughout the day with rain.,rain,"ZUCK,57516099999"
chongqing,2022-02-02,7,3.8,5.2,7,1.3,4.2,3.2,87.3,1.4,100,4.17,rain,0,0,12.2,10.8,42.8,1026.5,82.2,7.8,39,3.3,3,10,2022-02-02T07:43:12,2022-02-02T18:32:22,0.03,"Rain, Partially cloudy",Partly cloudy throughout the day with early morning rain.,rain,"ZUCK,57516099999"
chongqing,2022-02-03,10.5,2,6.7,10.5,-1.1,5.5,2.9,78.7,0,0,0,,0,0,18.4,14.4,14.9,1024.1,50.9,7.8,149.7,13,5,10,2022-02-03T07:42:36,2022-02-03T18:33:13,0.06,Partially cloudy,Partly cloudy throughout the day.,partly-cloudy-day,"ZUCK,57516099999"
chongqing,2022-02-04,10.7,6,8.1,10.7,3.7,7.3,3.3,71.7,0,0,0,,0,0,15.1,10.8,31,1026.3,61.3,8.5,146.6,12.6,6,10,2022-02-04T07:41:58,2022-02-04T18:34:03,0.09,Partially cloudy,Partly cloudy throughout the day.,partly-cloudy-day,"ZUCK,57516099999"
chongqing,2022-02-05,9.5,7,8.4,9.5,4.9,7.2,1.5,62.3,0,0,0,,0,0,17.6,14.4,48.8,1023,65.6,9.9,96.1,8.4,4,10,2022-02-05T07:41:19,2022-02-05T18:34:53,0.13,Partially cloudy,Partly cloudy throughout the day.,partly-cloudy-day,"ZUCK,57516099999"
chongqing,2022-02-06,8.3,4,6,8.3,-0.4,3.7,3,82.5,1.3,100,4.17,"rain,snow",0,0,19.1,21.6,32.3,1020.1,70.4,9.7,22.7,2.1,2,10,2022-02-06T07:40:39,2022-02-06T18:35:43,0.16,"Snow, Rain, Partially cloudy",Partly cloudy throughout the day with late afternoon rain or snow.,rain,"ZUCK,57516099999"
chongqing,2022-02-07,7.5,3,5.1,7.5,0.6,3.5,3.4,89.6,4.9,100,8.33,rain,0,0,19.8,18,32.6,1021.2,82.8,10.8,81.6,7.1,5,10,2022-02-07T07:39:57,2022-02-07T18:36:32,0.19,"Rain, Partially cloudy",Partly cloudy throughout the day with rain clearing later.,rain,"ZUCK,57516099999"
chongqing,2022-02-08,6.5,5,5.5,6.5,1.3,3.5,4.4,92.8,2.8,100,8.33,rain,0,0,16.6,18,23.8,1023.6,77.1,8.3,42.3,3.7,4,10,2022-02-08T07:39:14,2022-02-08T18:37:21,0.25,"Rain, Partially cloudy",Partly cloudy throughout the day with rain.,rain,"ZUCK,57516099999"
chongqing,2022-02-09,8.5,4,6.1,8.5,1.3,4.9,4.8,91.9,0.8,100,8.33,rain,0,0,15.5,18,26.9,1022.8,92.8,8.1,129.5,11.2,6,10,2022-02-09T07:38:30,2022-02-09T18:38:10,0.26,"Rain, Overcast",Cloudy skies throughout the day with rain clearing later.,rain,"ZUCK,57516099999"
chongqing,2022-02-10,8.3,5,6.9,7.2,1.9,4.9,3.7,80.7,0,0,0,,0,0,15.8,18,7.8,1018.9,60.4,9.7,93.7,8,4,10,2022-02-10T07:37:44,2022-02-10T18:38:58,0.29,Partially cloudy,Partly cloudy throughout the day.,partly-cloudy-day,"ZUCK,57516099999"
chongqing,2022-02-11,10,6,7.7,9.2,4.5,6.9,4.6,81.7,0,0,0,rain,0,0,15.1,10.8,98.2,1020.7,65.3,6.8,96.9,8.4,5,10,2022-02-11T07:36:58,2022-02-11T18:39:46,0.32,Partially cloudy,Partly cloudy throughout the day.,partly-cloudy-day,"ZUCK,57516099999"
chongqing,2022-02-12,13,7,8.8,13,4.9,7.6,4.2,73.8,0,0,0,rain,0,0,14,14.4,31.7,1020.9,37.2,7.9,141.7,12.4,4,10,2022-02-12T07:36:10,2022-02-12T18:40:34,0.35,Partially cloudy,Partly cloudy throughout the day.,partly-cloudy-day,"ZUCK,57516099999"
chongqing,2022-02-13,16,5.8,10.1,16,4.5,9.7,4.2,70,0,0,0,,0,0,30.6,21.6,46.3,1019.4,26.1,7.6,204.7,17.8,7,10,2022-02-13T07:35:21,2022-02-13T18:41:21,0.39,Partially cloudy,Partly cloudy throughout the day.,partly-cloudy-day,"ZUCK,57516099999"
chongqing,2022-02-14,16,5,10.9,16,3.4,10.4,3.8,62.9,0,0,0,,0,0,25.6,21.6,26.4,1018.5,17.4,10.1,215.5,18.6,7,10,2022-02-14T07:34:30,2022-02-14T18:42:08,0.42,Clear,Clear conditions throughout the day.,clear-day,"ZUCK,57516099999"
chongqing,2022-02-15,18,9.5,13.5,18,9.2,13.4,5.7,60.3,0,0,0,,0,0,23,18,76.6,1016.9,58.6,8.3,185.4,16.2,7,10,2022-02-15T07:33:39,2022-02-15T18:42:55,0.45,Partially cloudy,Partly cloudy throughout the day.,partly-cloudy-day,"ZUCK,57516099999"
chongqing,2022-02-16,13,10,11.6,13,8.5,11.6,5.3,65.1,0,0,0,rain,0,0,29.5,21.6,40.6,1012.5,83.5,10,56.5,4.8,3,10,2022-02-16T07:32:47,2022-02-16T18:43:41,0.48,Partially cloudy,Partly cloudy throughout the day.,partly-cloudy-day,"ZUCK,57516099999"
chongqing,2022-02-17,12.5,9,10.3,12.5,6.3,9.1,3.7,64,0,0,0,rain,0,0,25.2,18,57.3,1014.2,76.2,12.2,24.5,2.1,2,10,2022-02-17T07:31:53,2022-02-17T18:44:26,0.5,Partially cloudy,Partly cloudy throughout the day.,partly-cloudy-day,"ZUCK,57516099999"
chongqing,2022-02-18,11,8,9.5,11,5.5,8.1,3,64.4,0,0,0,rain,0,0,25.2,18,36.1,1019.3,55.6,12.1,31.2,2.7,4,10,2022-02-18T07:30:59,2022-02-18T18:45:12,0.55,Partially cloudy,Partly cloudy throughout the day.,partly-cloudy-day,"ZUCK,57516099999"
chongqing,2022-02-19,8.8,5,6.3,7.4,0.5,4.2,4.9,91.3,6,100,12.5,rain,0,0,28.8,25.2,358.4,1027.3,100,7.4,22.3,2,3,10,2022-02-19T07:30:03,2022-02-19T18:45:57,0.59,"Rain, Overcast",Cloudy skies throughout the day with rain.,rain,"ZUCK,57516099999"
chongqing,2022-02-20,8.6,5,6.5,8.6,3.4,5.3,3.5,82.9,1.3,100,12.5,rain,0,0,18,10.9,133,1028.2,83.4,7,125,10.9,5,10,2022-02-20T07:29:07,2022-02-20T18:46:41,0.62,"Rain, Partially cloudy",Partly cloudy throughout the day with a chance of rain throughout the day.,rain,"ZUCK,57516099999"
chongqing,2022-02-21,8,3,5.4,8,-1.6,3.1,0.4,72,0,0,0,rain,0,0,21.6,21.6,18.6,1028.6,67.9,9.6,132,11.4,6,10,2022-02-21T07:28:10,2022-02-21T18:47:25,0.66,Partially cloudy,Partly cloudy throughout the day.,partly-cloudy-day,"ZUCK,57516099999"
chongqing,2022-02-22,8.3,4,5.8,8.3,2.2,5.1,2.3,78.6,1.3,100,12.5,rain,0,0,14.4,10.8,68.6,1030.9,42.9,9.4,36.3,3.1,3,10,2022-02-22T07:27:11,2022-02-22T18:48:09,0.69,"Rain, Partially cloudy",Partly cloudy throughout the day with a chance of rain throughout the day.,rain,"ZUCK,57516099999"
chongqing,2022-02-23,14,1,7.2,14,-2.3,6.3,0.1,66,0.1,100,4.17,rain,0,0,28.8,18,69.9,1030.5,41.8,10,230.7,20.1,7,10,2022-02-23T07:26:12,2022-02-23T18:48:52,0.73,"Rain, Partially cloudy",Becoming cloudy in the afternoon with morning rain.,rain,"ZUCK,57516099999"
chongqing,2022-02-24,13,5,8.7,13,2.5,8.2,-0.6,52.7,0,0,0,,0,0,28.8,10.8,72.6,1029,61,10.3,196.4,17,7,10,2022-02-24T07:25:12,2022-02-24T18:49:35,0.75,Partially cloudy,Partly cloudy throughout the day.,partly-cloudy-day,"ZUCK,57516099999"
chongqing,2022-02-25,14,5,9.5,14,2.5,9.1,1.6,58.9,0,0,0,,0,0,14.4,10.8,37.9,1024.6,58.1,9.7,180.7,15.7,6,10,2022-02-25T07:24:11,2022-02-25T18:50:18,0.8,Partially cloudy,Partly cloudy throughout the day.,partly-cloudy-day,"ZUCK,57516099999"
chongqing,2022-02-26,15.1,9,11.5,15.1,9,11.5,3.8,59.4,0,0,0,,0,0,15.8,14.4,194.2,1025.1,49.6,7.7,118.8,10.2,5,10,2022-02-26T07:23:10,2022-02-26T18:51:00,0.84,Partially cloudy,Partly cloudy throughout the day.,partly-cloudy-day,"ZUCK,57516099999"
chongqing,2022-02-27,17.1,7,12,17.1,5.7,11.7,4.7,62.2,0,0,0,,0,0,31,21.6,26.5,1015.8,11.4,6.9,198.7,17.1,8,10,2022-02-27T07:22:08,2022-02-27T18:51:42,0.87,Clear,Clear conditions throughout the day.,clear-day,"ZUCK,57516099999"
chongqing,2022-02-28,19,11,14.2,19,11,14.2,5.4,56,0,0,0,,0,0,27,25.2,357.2,1016.2,57.4,8.1,94.5,8.2,6,10,2022-02-28T07:21:04,2022-02-28T18:52:23,0.91,Partially cloudy,Partly cloudy throughout the day.,partly-cloudy-day,"ZUCK,57516099999"
chongqing,2022-03-01,16.4,11,12.9,16.4,11,12.9,6,63.8,0,0,0,rain,0,0,25.2,18,38.9,1022.5,33.6,8.1,173.1,13.1,6,10,2022-03-01T07:20:01,2022-03-01T18:53:04,0.94,Partially cloudy,Partly cloudy throughout the day.,partly-cloudy-day,"ZUCK,57516099999"
chongqing,2022-03-02,14.6,8,11.4,14.6,5.1,10.8,6.2,70.8,0,0,0,,0,0,22,18,30.6,1019.1,73.5,9.8,104,7.4,3,10,2022-03-02T07:18:56,2022-03-02T18:53:45,0.98,Partially cloudy,Partly cloudy throughout the day.,partly-cloudy-day,"ZUCK,57516099999"
chongqing,2022-03-03,18,10,13.2,18,9.2,13.2,7.4,68.8,0,0,0,,0,0,21.6,14.4,39.8,1016,37.1,7.7,150.3,10.9,5,10,2022-03-03T07:17:51,2022-03-03T18:54:25,0,Partially cloudy,Partly cloudy throughout the day.,partly-cloudy-day,"ZUCK,57516099999"
chongqing,2022-03-04,18.6,10,13.9,18.6,8.5,13.8,7.7,67.8,0,0,0,,0,0,21.6,10.8,11.9,1017.3,17.6,7.3,177.2,12.8,8,10,2022-03-04T07:16:46,2022-03-04T18:55:05,0.05,Clear,Clear conditions throughout the day.,clear-day,"ZUCK,57516099999"
chongqing,2022-03-05,16,10,13,16,9.2,12.9,8.4,73.8,0,0,0,,0,0,19.1,25.2,12.1,1015,21.1,6.3,59.4,4.4,2,10,2022-03-05T07:15:39,2022-03-05T18:55:45,0.08,Partially cloudy,Partly cloudy throughout the day.,partly-cloudy-day,"ZUCK,57516099999"
chongqing,2022-03-06,21.5,12,15.6,21.5,12,15.6,7.9,62,0,0,0,,0,0,18,18,342.2,1017.5,29.5,8.8,206.4,14.9,8,10,2022-03-06T07:14:32,2022-03-06T18:56:24,0.11,Partially cloudy,Clearing in the afternoon.,partly-cloudy-day,"ZUCK,57516099999"
chongqing,2022-03-07,24.4,10,16.7,24.4,8.5,16.6,8.3,61,0,0,0,,0,0,23.8,21.6,40.2,1019.7,0,9.8,273.5,20.7,8,10,2022-03-07T07:13:25,2022-03-07T18:57:04,0.14,Clear,Clear conditions throughout the day.,clear-day,"ZUCK,57516099999"
chongqing,2022-03-08,28,13,19.7,27,13,19.6,8.2,50.1,0,0,0,,0,0,29.2,25.2,25,1008.6,0,10.3,264,22.7,8,10,2022-03-08T07:12:17,2022-03-08T18:57:42,0.17,Clear,Clear conditions throughout the day.,clear-day,"ZUCK,57516099999"
chongqing,2022-03-09,26.5,15,20.9,26.5,15,20.9,10.5,52.6,0,0,0,,0,0,20.2,10.8,291.7,1009.3,13.8,9.5,260.7,22.5,8,10,2022-03-09T07:11:09,2022-03-09T18:58:21,0.21,Clear,Clear conditions throughout the day.,clear-day,"ZUCK,57516099999"
chongqing,2022-03-10,28,18.1,22.7,27.6,18.1,22.7,12.6,54,0,0,0,,0,0,18,18,50.5,1010.3,31.4,8.4,180.2,15.5,7,10,2022-03-10T07:10:00,2022-03-10T18:58:59,0.25,Partially cloudy,Clearing in the afternoon.,partly-cloudy-day,"ZUCK,57516099999"
chongqing,2022-03-11,30,17,23.5,29.4,17,23.4,13,53.8,0,0,0,,0,0,21.6,21.6,51,1006.9,50.3,9.5,260.8,22.4,8,10,2022-03-11T07:08:51,2022-03-11T18:59:37,0.27,Partially cloudy,Becoming cloudy in the afternoon.,partly-cloudy-day,"ZUCK,57516099999"
chongqing,2022-03-12,29,20,24.3,28.8,20,24.4,14.2,53.5,0,0,0,,0,0,21.6,10.8,80.4,1006.4,87.7,10.1,148.9,12.6,4,10,2022-03-12T07:07:42,2022-03-12T19:00:15,0.3,Partially cloudy,Partly cloudy throughout the day.,partly-cloudy-day,"ZUCK,57516099999"
chongqing,2022-03-13,30,19.2,24.3,30.4,19.2,24.4,15.9,61,0,0,0,,0,0,21.6,14.4,41.7,1007,60.3,9.4,250.1,21.6,8,10,2022-03-13T07:06:32,2022-03-13T19:00:52,0.34,Partially cloudy,Partly cloudy throughout the day.,partly-cloudy-day,"ZUCK,57516099999"
chongqing,2022-03-14,30,21,24.9,30.4,21,25.1,17,62.5,0,0,0,,0,0,25.2,18,315.5,1009.8,66.9,8.3,231.9,20.1,8,30,2022-03-14T07:05:22,2022-03-14T19:01:30,0.37,Partially cloudy,Partly cloudy throughout the day.,partly-cloudy-day,"ZUCK,57516099999"
chongqing,2022-03-15,32.5,19,25.5,32,19,25.5,16.4,60.6,0,0,0,,0,0,34.6,18,70.8,1006.6,43.6,7.9,270.6,23.4,8,30,2022-03-15T07:04:11,2022-03-15T19:02:07,0.4,Partially cloudy,Partly cloudy throughout the day.,partly-cloudy-day,"ZUCK,57516099999"
chongqing,2022-03-16,27,20,23.6,27.9,20,23.7,16.9,66.7,2.2,100,8.33,rain,0,0,28.8,21.6,52.6,1003.1,59.3,9.9,141.8,12.1,4,30,2022-03-16T07:03:01,2022-03-16T19:02:43,0.43,"Rain, Partially cloudy",Partly cloudy throughout the day with rain clearing later.,rain,"ZUCK,57516099999"
chongqing,2022-03-17,28,18,22.7,28.5,18,22.8,16.7,70.5,0,0,0,,0,0,28.8,14.4,66.9,1007.5,52.6,9.1,247.7,21.4,8,30,2022-03-17T07:01:50,2022-03-17T19:03:20,0.46,Partially cloudy,Partly cloudy throughout the day.,partly-cloudy-day,"ZUCK,57516099999"
chongqing,2022-03-18,30.3,19,25,30.2,19,25.1,15.8,57.9,0,0,0,,0,0,32,25.2,79.3,1005.4,21.9,10.5,276.5,23.7,8,15,2022-03-18T07:00:39,2022-03-18T19:03:57,0.5,Partially cloudy,Partly cloudy throughout the day.,partly-cloudy-day,"ZUCK,57516099999"
chongqing,2022-03-19,31,20,25.4,31.2,20,25.5,15.9,56.8,0,0,0,,0,0,36.7,32.4,39.8,999.5,32.8,11,243.3,20.9,8,5,2022-03-19T06:59:27,2022-03-19T19:04:33,0.53,Partially cloudy,Becoming cloudy in the afternoon.,partly-cloudy-day,"ZUCK,57516099999"
chongqing,2022-03-20,24,13,19.5,24,13,19.5,14.1,72.6,0.5,100,4.17,rain,0,0,32.4,32.4,15.8,1003,99.5,10,33.1,2.8,1,10,2022-03-20T06:58:16,2022-03-20T19:05:09,0.57,"Rain, Overcast",Cloudy skies throughout the day with late afternoon rain.,rain,"ZUCK,57516099999"
chongqing,2022-03-21,14.4,12,13,14.4,12,13,12.9,98.9,10,100,16.67,rain,0,0,30.2,21.6,9,1010.8,100,7,8.2,0.9,0,10,2022-03-21T06:57:04,2022-03-21T19:05:45,0.6,"Rain, Overcast",Cloudy skies throughout the day with a chance of rain throughout the day.,rain,"ZUCK,57516099999"
chongqing,2022-03-22,13.6,11,11.8,13.6,11,11.8,11.4,97.4,4.6,100,16.67,rain,0,0,21.6,21.6,12.7,1018.7,98.1,7.1,33.5,2.9,2,10,2022-03-22T06:55:53,2022-03-22T19:06:21,0.64,"Rain, Overcast",Cloudy skies throughout the day with a chance of rain throughout the day.,rain,"ZUCK,57516099999"
chongqing,2022-03-23,17.3,11,13.5,17.3,11,13.5,11.4,88.5,0,0,0,rain,0,0,19.1,18,29.7,1017.6,72.6,7.1,227.6,19.8,8,10,2022-03-23T06:54:41,2022-03-23T19:06:57,0.67,Partially cloudy,Partly cloudy throughout the day.,partly-cloudy-day,"ZUCK,57516099999"
chongqing,2022-03-24,18,11.8,15,18,11.8,15,10.6,75.4,0,0,0,rain,0,0,25.6,25.2,24.5,1004.9,67.6,10.1,76.1,6.6,3,10,2022-03-24T06:53:30,2022-03-24T19:07:32,0.71,Partially cloudy,Partly cloudy throughout the day.,partly-cloudy-day,"ZUCK,57516099999"
chongqing,2022-03-25,18.4,14,16.1,18.4,14,16.1,13,82.3,0,0,0,rain,0,0,16.2,10.8,231,1007.8,77.8,6.5,111.7,9.4,5,10,2022-03-25T06:52:18,2022-03-25T19:08:08,0.75,Partially cloudy,Partly cloudy throughout the day.,partly-cloudy-day,"ZUCK,57516099999"
chongqing,2022-03-26,15,12,12.9,15,12,12.9,12.8,99.1,27,100,29.17,rain,0,0,26.3,28.8,6.6,1017.2,97,5.1,8.5,0.7,0,10,2022-03-26T06:51:06,2022-03-26T19:08:43,0.78,"Rain, Overcast",Cloudy skies throughout the day with a chance of rain throughout the day.,rain,"ZUCK,57516099999"
chongqing,2022-03-27,15.5,11,12.7,15.5,11,12.7,11.7,94.4,8,100,12.5,rain,0,0,14.4,14.4,56.8,1021.5,76.2,7.4,117,10.1,5,10,2022-03-27T06:49:54,2022-03-27T19:09:19,0.82,"Rain, Partially cloudy",Partly cloudy throughout the day with a chance of rain throughout the day.,rain,"ZUCK,57516099999"
chongqing,2022-03-28,24.2,10,16.6,24.2,9.2,16.5,9,66.8,0.1,100,4.17,rain,0,0,28.1,21.6,31.3,1014.2,36.6,10.5,276.7,23.7,9,10,2022-03-28T06:48:43,2022-03-28T19:09:54,0.85,"Rain, Partially cloudy",Becoming cloudy in the afternoon with early morning rain.,rain,"ZUCK,57516099999"
chongqing,2022-03-29,21,15.7,18.1,21,15.7,18.1,9.1,56.2,0,0,0,rain,0,0,21.6,18,24.8,1011.4,85,10.9,36.7,3.2,2,10,2022-03-29T06:47:32,2022-03-29T19:10:30,0.89,Partially cloudy,Partly cloudy throughout the day.,partly-cloudy-day,"ZUCK,57516099999"
chongqing,2022-03-30,17.3,14,15.6,17.3,14,15.6,14,91.5,7,100,12.5,rain,0,0,14.8,14.4,24.1,1017.1,89.6,5,62.9,5.5,5,10,2022-03-30T06:46:20,2022-03-30T19:11:05,0.92,"Rain, Partially cloudy",Partly cloudy throughout the day with rain.,rain,"ZUCK,57516099999"
chongqing,2022-03-31,14.4,12,13.3,14.4,12,13.3,13.1,99.2,33.1,100,29.17,rain,0,0,21.6,18,0.4,1025.9,100,7.5,9.6,0.8,0,10,2022-03-31T06:45:09,2022-03-31T19:11:40,0.96,"Rain, Overcast",Cloudy skies throughout the day with a chance of rain throughout the day.,rain,"ZUCK,57516099999"
chongqing,2022-04-01,14,11,12.4,14,11,12.4,12,97.5,17.7,100,20.83,rain,0,0,18.7,14.4,36.9,1032.1,73.6,8,17.5,1.4,1,10,2022-04-01T06:43:58,2022-04-01T19:12:16,0,"Rain, Partially cloudy",Partly cloudy throughout the day with a chance of rain throughout the day.,rain,"ZUCK,57516099999"
chongqing,2022-04-02,19.2,11,14.4,19.2,11,14.4,10.6,80.4,0.5,100,8.33,rain,0,0,14.4,14.4,163.1,1030.4,65.5,7,215.6,18.7,8,10,2022-04-02T06:42:47,2022-04-02T19:12:51,0.03,"Rain, Partially cloudy",Partly cloudy throughout the day with rain clearing later.,rain,"ZUCK,57516099999"
chongqing,2022-04-03,23,11,17,23,11,17,9.4,64.5,0,0,0,,0,0,32.4,21.6,41.2,1022.3,50.9,10.5,275,23.9,9,10,2022-04-03T06:41:37,2022-04-03T19:13:26,0.06,Partially cloudy,Partly cloudy throughout the day.,partly-cloudy-day,"ZUCK,57516099999"
chongqing,2022-04-04,17.3,12,15,17.3,12,15,10.8,77.1,7.2,100,12.5,rain,0,0,34.2,25.2,49.7,1022.7,53.1,10.1,19.5,1.5,1,10,2022-04-04T06:40:27,2022-04-04T19:14:01,0.09,"Rain, Partially cloudy",Partly cloudy throughout the day with rain.,rain,"ZUCK,57516099999"
chongqing,2022-04-05,18.7,12,14.8,18.7,12,14.8,12.1,85,2,100,4.17,rain,0,0,14.4,10.8,2.7,1025.6,53.4,6.7,220.7,19,9,10,2022-04-05T06:39:17,2022-04-05T19:14:37,0.13,"Rain, Partially cloudy",Partly cloudy throughout the day with early morning rain.,rain,"ZUCK,57516099999"
chongqing,2022-04-06,21,12,16.2,21,12,16.2,12.3,79.2,0.3,100,4.17,rain,0,0,14.4,10.8,334.6,1024.1,36.5,8.4,172.9,15.1,6,10,2022-04-06T06:38:07,2022-04-06T19:15:12,0.16,"Rain, Partially cloudy",Partly cloudy throughout the day with late afternoon rain.,rain,"ZUCK,57516099999"
chongqing,2022-04-07,27,11,18.7,26.7,11,18.7,11.8,68.4,0,0,0,,0,0,16.6,10.8,38.3,1021.1,0.8,9,319.6,27.6,10,10,2022-04-07T06:36:58,2022-04-07T19:15:48,0.19,Clear,Clear conditions throughout the day.,clear-day,"ZUCK,57516099999"
chongqing,2022-04-08,31.2,15,22.8,29.9,15,22.5,12.1,55.4,0,0,0,,0,0,17.3,18,27.5,1012.9,72.1,10.3,250.8,21.7,8,10,2022-04-08T06:35:49,2022-04-08T19:16:23,0.22,Partially cloudy,Partly cloudy throughout the day.,partly-cloudy-day,"ZUCK,57516099999"
chongqing,2022-04-09,25.7,19,22.1,25.7,19,22.1,13.7,59.6,0,0,0,,0,0,23.8,18,193.6,1010.1,59.7,9,206.1,17.9,8,10,2022-04-09T06:34:41,2022-04-09T19:16:59,0.25,Partially cloudy,Partly cloudy throughout the day.,partly-cloudy-day,"ZUCK,57516099999"
chongqing,2022-04-10,30.2,16,23,29.7,16,22.9,14.5,61.8,0,0,0,,0,0,21.2,14.4,35.7,1007.7,0,8.5,303,26.1,10,10,2022-04-10T06:33:33,2022-04-10T19:17:34,0.29,Clear,Clear conditions throughout the day.,clear-day,"ZUCK,57516099999"
chongqing,2022-04-11,33,19.8,26,33.8,19.8,26.3,15.8,54.5,0,0,0,,0,0,30.6,18,26.6,1003.7,28.9,9.9,303.7,26.2,10,30,2022-04-11T06:32:25,2022-04-11T19:18:10,0.32,Partially cloudy,Clearing in the afternoon.,partly-cloudy-day,"ZUCK,57516099999"
chongqing,2022-04-12,27,16,17.7,27.5,16,17.8,16.4,93,27.4,100,8.33,rain,0,0,75.6,46.8,306.9,1006.7,81.7,8.5,49.8,4.2,3,10,2022-04-12T06:31:18,2022-04-12T19:18:46,0.35,"Rain, Partially cloudy",Partly cloudy throughout the day with early morning rain.,rain,"ZUCK,57516099999"
chongqing,2022-04-13,25.3,14,19.7,25.3,14,19.7,15.4,78.9,2.4,100,4.17,rain,0,0,25.2,21.6,45.3,1009.9,49.8,9.6,268.5,23,8,10,2022-04-13T06:30:11,2022-04-13T19:19:22,0.38,"Rain, Partially cloudy",Partly cloudy throughout the day with early morning rain.,rain,"ZUCK,57516099999"
chongqing,2022-04-14,22,16,18.1,22,16,18.1,15.9,87.6,0.4,100,4.17,rain,0,0,33.1,25.2,41.3,1009.9,74.2,11.4,15.1,1.1,1,10,2022-04-14T06:29:05,2022-04-14T19:19:58,0.42,"Rain, Partially cloudy",Partly cloudy throughout the day with early morning rain.,rain,"ZUCK,57516099999"
chongqing,2022-04-15,16,11.8,14.2,16,11.8,14.2,13.4,95.3,11.6,100,8.33,rain,0,0,31,28.8,38.8,1014.6,80.3,10.8,11.5,1,0,10,2022-04-15T06:28:00,2022-04-15T19:20:34,0.45,"Rain, Partially cloudy",Partly cloudy throughout the day with early morning rain.,rain,"ZUCK,57516099999"
chongqing,2022-04-16,14,10,12,14,6.9,11.5,9.6,85.8,2.5,100,4.17,rain,0,0,31,25.2,27.3,1019.5,80.8,11.7,12.1,0.9,0,10,2022-04-16T06:26:55,2022-04-16T19:21:10,0.48,"Rain, Partially cloudy",Partly cloudy throughout the day with early morning rain.,rain,"ZUCK,57516099999"
chongqing,2022-04-17,14.8,11,12.7,14.8,11,12.7,11.4,92.3,2,100,12.5,rain,0,0,14.4,18,347.2,1020.3,81.5,8.9,15.7,1.3,1,10,2022-04-17T06:25:51,2022-04-17T19:21:46,0.5,"Rain, Partially cloudy",Partly cloudy throughout the day with rain.,rain,"ZUCK,57516099999"
chongqing,2022-04-18,21,11,15.9,21,11,15.9,11.4,77.3,0.4,100,4.17,rain,0,0,25.2,10.8,254.1,1023.5,52.3,10.3,191.6,16.4,8,10,2022-04-18T06:24:47,2022-04-18T19:22:23,0.55,"Rain, Partially cloudy",Partly cloudy throughout the day with early morning rain.,rain,"ZUCK,57516099999"
chongqing,2022-04-19,25,14,18.7,25,14,18.7,11.5,65.6,0,0,0,,0,0,14.4,18,12.5,1020.7,59.9,9.6,258.4,22.3,10,10,2022-04-19T06:23:44,2022-04-19T19:22:59,0.58,Partially cloudy,Becoming cloudy in the afternoon.,partly-cloudy-day,"ZUCK,57516099999"
chongqing,2022-04-20,26.5,16,21,26.5,16,21,11.5,57.2,0,0,0,rain,0,0,23.8,25.2,109.3,1013,28.7,10.6,322.4,28,10,10,2022-04-20T06:22:42,2022-04-20T19:23:36,0.62,Partially cloudy,Partly cloudy throughout the day.,partly-cloudy-day,"ZUCK,57516099999"
chongqing,2022-04-21,31,16,23.4,30.5,16,23.3,12.8,52.9,0,0,0,,0,0,23.4,25.2,26.6,1003.8,47.4,10.9,309.6,26.7,10,10,2022-04-21T06:21:40,2022-04-21T19:24:13,0.66,Partially cloudy,Partly cloudy throughout the day.,partly-cloudy-day,"ZUCK,57516099999"
chongqing,2022-04-22,29.3,20,25,29.5,20,25.2,16.2,58.7,0,0,0,,0,0,21.6,18,151.9,1005.2,73.6,10,50,4.2,1,10,2022-04-22T06:20:39,2022-04-22T19:24:50,0.69,Partially cloudy,Partly cloudy throughout the day.,partly-cloudy-day,"ZUCK,57516099999"
chongqing,2022-04-23,31.3,21.9,26.4,32.1,21.9,26.8,17.6,59.8,9,100,4.17,rain,0,0,22,18,126.2,1006.1,33.5,9.2,311.7,26.8,10,10,2022-04-23T06:19:39,2022-04-23T19:25:27,0.75,"Rain, Partially cloudy",Clearing in the afternoon with early morning rain.,rain,"ZUCK,57516099999"
chongqing,2022-04-24,26,20,23,26,20,23,19.4,80.5,0,0,0,rain,0,0,32.4,25.2,345.3,1001.6,79.3,10.8,232.9,20.2,8,30,2022-04-24T06:18:40,2022-04-24T19:26:04,0.76,Partially cloudy,Partly cloudy throughout the day.,partly-cloudy-day,"ZUCK,57516099999"
chongqing,2022-04-25,25,19,22.3,25,19,22.3,14,60.4,0,0,0,,0,0,32.4,18,230.6,1005.6,86.2,12.3,102.9,9,6,10,2022-04-25T06:17:42,2022-04-25T19:26:41,0.8,Partially cloudy,Partly cloudy throughout the day.,partly-cloudy-day,"ZUCK,57516099999"
chongqing,2022-04-26,29.6,17,23.7,29.5,17,23.8,16.6,66.8,0.6,100,8.33,rain,0,0,18,14.4,134.6,1007.1,58.3,10.1,204.2,17.6,10,10,2022-04-26T06:16:44,2022-04-26T19:27:18,0.83,"Rain, Partially cloudy",Partly cloudy throughout the day with rain clearing later.,rain,"ZUCK,57516099999"
chongqing,2022-04-27,30,21,25.2,31.9,21,25.6,18.3,66.2,0,0,0,,0,0,27.7,18,40.5,1006,58.6,10.7,246.1,21.4,9,10,2022-04-27T06:15:47,2022-04-27T19:27:56,0.87,Partially cloudy,Partly cloudy throughout the day.,partly-cloudy-day,"ZUCK,57516099999"
chongqing,2022-04-28,25,16,20.1,25,16,20.1,16.5,80.6,9.9,100,12.5,rain,0,0,46.8,39.6,304.2,1010.5,66.4,11.4,120.3,10.4,7,10,2022-04-28T06:14:52,2022-04-28T19:28:33,0.9,"Rain, Partially cloudy",Partly cloudy throughout the day with rain clearing later.,rain,"ZUCK,57516099999"
chongqing,2022-04-29,25.3,16,20.4,25.3,16,20.4,16,77.1,0,0,0,rain,0,0,21.6,14.4,86.4,1012.9,57.2,9.7,233.1,20.1,10,10,2022-04-29T06:13:57,2022-04-29T19:29:11,0.94,Partially cloudy,Partly cloudy throughout the day.,partly-cloudy-day,"ZUCK,57516099999"
chongqing,2022-04-30,18.1,15,16.4,18.1,15,16.4,15.7,95.7,16.8,100,20.83,rain,0,0,28.8,21.6,354.4,1018.2,82,8.1,18,1.6,1,10,2022-04-30T06:13:03,2022-04-30T19:29:49,0.98,"Rain, Partially cloudy",Partly cloudy throughout the day with a chance of rain throughout the day.,rain,"ZUCK,57516099999"
chongqing,2022-05-01,18,13,14.9,18,13,14.9,13.5,92.2,19,100,12.5,rain,0,0,43.2,32.4,344.7,1024.2,72.6,11.3,17.2,1.3,1,10,2022-05-01T06:12:10,2022-05-01T19:30:26,0,"Rain, Partially cloudy",Partly cloudy throughout the day with a chance of rain throughout the day.,rain,"ZUCK,57516099999"
chongqing,2022-05-02,24.8,12,17.9,24.8,12,17.9,10.9,68.1,0,0,0,,0,0,18.4,14.4,287.8,1022.8,73.3,11.6,318.1,27.5,10,10,2022-05-02T06:11:18,2022-05-02T19:31:04,0.04,Partially cloudy,Partly cloudy throughout the day.,partly-cloudy-day,"ZUCK,57516099999"
chongqing,2022-05-03,27.4,14,20.9,26.7,14,20.8,9.5,52,0,0,0,,0,0,18,10.8,243.9,1019.8,99.4,11.8,268.8,23.2,9,10,2022-05-03T06:10:27,2022-05-03T19:31:42,0.08,Overcast,Cloudy skies throughout the day.,cloudy,"ZUCK,57516099999"
chongqing,2022-05-04,30.2,16,23,28.5,16,22.7,10.1,47.2,0,0,0,,0,0,14.4,10.8,15.5,1013.9,83.1,11.7,306.3,26.4,10,10,2022-05-04T06:09:37,2022-05-04T19:32:20,0.11,Partially cloudy,Partly cloudy throughout the day.,partly-cloudy-day,"ZUCK,57516099999"
chongqing,2022-05-05,33,18,25.4,31.5,18,25,11.4,43.7,0,0,0,,0,0,10.8,14.4,23.8,1008.7,65.4,11.6,305.8,26.4,10,10,2022-05-05T06:08:48,2022-05-05T19:32:58,0.14,Partially cloudy,Partly cloudy throughout the day.,partly-cloudy-day,"ZUCK,57516099999"
chongqing,2022-05-06,31.5,21,26.1,31.6,21,26.2,14.5,49.3,0,0,0,rain,0,0,10.8,14.4,51,1007.4,96.7,10.6,261.9,22.6,10,30,2022-05-06T06:08:00,2022-05-06T19:33:36,0.17,Overcast,Cloudy skies throughout the day.,cloudy,"ZUCK,57516099999"
chongqing,2022-05-07,32,22,26.9,33.5,22,27.3,17.6,58.1,0,0,0,rain,0,0,25.6,18,86.1,1009,31.3,10.5,299.3,25.6,10,30,2022-05-07T06:07:13,2022-05-07T19:34:14,0.21,Partially cloudy,Partly cloudy throughout the day.,partly-cloudy-day,"ZUCK,57516099999"
chongqing,2022-05-08,32.4,22,27.4,33.4,22,27.9,16.8,52.8,0,0,0,,0,0,28.8,18,76.3,1008.4,23.9,12,321,27.7,10,10,2022-05-08T06:06:28,2022-05-08T19:34:52,0.24,Partially cloudy,Partly cloudy throughout the day.,partly-cloudy-day,"ZUCK,57516099999"
chongqing,2022-05-09,27,19,21.7,27.7,19,21.7,19.6,89.7,93.5,100,20.83,rain,0,0,44.3,32.4,18.6,1008.8,83.3,7.6,9,0.8,0,10,2022-05-09T06:05:43,2022-05-09T19:35:30,0.25,"Rain, Partially cloudy",Partly cloudy throughout the day with a chance of rain throughout the day.,rain,"ZUCK,57516099999"
chongqing,2022-05-10,29,19,23.5,29.5,19,23.7,18.9,78.2,0,0,0,,0,0,21.6,14.4,56.4,1009,47.6,9.4,322.5,27.9,10,10,2022-05-10T06:05:00,2022-05-10T19:36:08,0.3,Partially cloudy,Partly cloudy throughout the day.,partly-cloudy-day,"ZUCK,57516099999"
chongqing,2022-05-11,25,20,22.4,25,20,22.4,18.1,76.8,1.6,100,12.5,rain,0,0,19.8,14.4,52.7,1008.8,71,11.1,60,5,5,10,2022-05-11T06:04:18,2022-05-11T19:36:46,0.34,"Rain, Partially cloudy",Partly cloudy throughout the day with rain.,rain,"ZUCK,57516099999"
chongqing,2022-05-12,29,19,23.9,29.8,19,24.1,18.5,74.5,0,0,0,,0,0,14.8,10.8,100,1007.6,76.3,12.2,286.7,24.6,9,10,2022-05-12T06:03:37,2022-05-12T19:37:24,0.37,Partially cloudy,Partly cloudy throughout the day.,partly-cloudy-day,"ZUCK,57516099999"
chongqing,2022-05-13,28.9,20,24.7,29.1,20,24.8,15.9,59.2,0,0,0,,0,0,25.2,25.2,108.4,1007.1,62,13.2,252.2,22,10,10,2022-05-13T06:02:57,2022-05-13T19:38:02,0.4,Partially cloudy,Becoming cloudy in the afternoon.,partly-cloudy-day,"ZUCK,57516099999"
chongqing,2022-05-14,24,14.7,18.2,24,14.7,18.2,16.3,90.4,33.7,100,29.17,rain,0,0,28.1,28.8,37.8,1011.8,86.1,8.2,8,0.8,0,10,2022-05-14T06:02:19,2022-05-14T19:38:40,0.43,"Rain, Partially cloudy",Partly cloudy throughout the day with a chance of rain throughout the day.,rain,"ZUCK,57516099999"
chongqing,2022-05-15,17,13,14.8,17,13,14.8,14.5,98.1,11.6,100,20.83,rain,0,0,25.2,14.4,14.7,1019.8,100,8.2,18.9,1.5,1,10,2022-05-15T06:01:41,2022-05-15T19:39:17,0.47,"Rain, Overcast",Cloudy skies throughout the day with a chance of rain throughout the day.,rain,"ZUCK,57516099999"
chongqing,2022-05-16,24,14,18.7,24,14,18.7,13.7,76,0,0,0,rain,0,0,18,14.4,220.3,1019.1,77.7,9,250.3,21.5,8,10,2022-05-16T06:01:05,2022-05-16T19:39:55,0.5,Partially cloudy,Partly cloudy throughout the day.,partly-cloudy-day,"ZUCK,57516099999"
chongqing,2022-05-17,22.4,16,18.9,22.4,16,18.9,14.9,78.8,4,100,8.33,rain,0,0,18,14.4,17.6,1015.3,73.7,9.2,117.9,10,7,10,2022-05-17T06:00:31,2022-05-17T19:40:32,0.53,"Rain, Partially cloudy",Partly cloudy throughout the day with rain.,rain,"ZUCK,57516099999"
chongqing,2022-05-18,18,16,16.6,18,16,16.6,16.4,99,15,100,20.83,rain,0,0,22.3,14.4,30,1014.1,66.8,4.2,10.1,0.8,0,10,2022-05-18T05:59:57,2022-05-18T19:41:09,0.57,"Rain, Partially cloudy",Partly cloudy throughout the day with a chance of rain throughout the day.,rain,"ZUCK,57516099999"
chongqing,2022-05-19,21.4,16,18.2,21.4,16,18.2,16.7,91.2,5.8,100,8.33,rain,0,0,11.2,10.8,173.4,1015.1,81.8,6.7,93.3,8.1,6,10,2022-05-19T05:59:25,2022-05-19T19:41:46,0.6,"Rain, Partially cloudy",Partly cloudy throughout the day with rain clearing later.,rain,"ZUCK,57516099999"
chongqing,2022-05-20,26.5,17,21.4,26.5,17,21.4,17.2,79.1,0,0,0,,0,0,10.8,10.8,36.8,1012.9,39.5,7.9,283.3,24.7,10,10,2022-05-20T05:58:54,2022-05-20T19:42:23,0.64,Partially cloudy,Partly cloudy throughout the day.,partly-cloudy-day,"ZUCK,57516099999"
chongqing,2022-05-21,23.3,19,21.2,23.3,19,21.2,19.3,89.1,0.7,100,8.33,rain,0,0,14.4,10.8,153.3,1010.5,62.7,7.1,23.1,2,1,10,2022-05-21T05:58:25,2022-05-21T19:42:59,0.67,"Rain, Partially cloudy",Partly cloudy throughout the day with rain in the morning and afternoon.,rain,"ZUCK,57516099999"
chongqing,2022-05-22,24.3,18,20.9,24.3,18,20.9,17.9,83.5,3.4,100,8.33,rain,0,0,25.2,10.8,219.9,1009.1,39.4,8.2,103.2,8.9,6,10,2022-05-22T05:57:57,2022-05-22T19:43:35,0.71,"Rain, Partially cloudy",Partly cloudy throughout the day with rain clearing later.,rain,"ZUCK,57516099999"
chongqing,2022-05-23,29.3,17,23.1,29.5,17,23.3,17.4,72.7,0,0,0,,0,0,18,14.4,12.7,1008.3,53.6,9.5,321,27.9,10,10,2022-05-23T05:57:30,2022-05-23T19:44:11,0.75,Partially cloudy,Partly cloudy throughout the day.,partly-cloudy-day,"ZUCK,57516099999"
chongqing,2022-05-24,29.5,23,25.7,30.8,23,26.3,19.2,68,0,0,0,rain,0,0,25.2,18,350.6,1009,77.2,10.4,95.2,8.3,4,10,2022-05-24T05:57:04,2022-05-24T19:44:46,0.78,Partially cloudy,Partly cloudy throughout the day.,partly-cloudy-day,"ZUCK,57516099999"
chongqing,2022-05-25,27,21,23.7,28.8,21,23.8,20.6,83.7,0.4,100,4.17,rain,0,0,25.2,21.6,352.8,1006.8,75.2,7.3,122.4,10.4,8,10,2022-05-25T05:56:40,2022-05-25T19:45:21,0.81,"Rain, Partially cloudy",Partly cloudy throughout the day with late afternoon rain.,rain,"ZUCK,57516099999"
chongqing,2022-05-26,21.3,19,20.2,21.3,19,20.2,20,98.6,6.1,100,20.83,rain,0,0,21.6,18,39.8,1007.4,93.8,9.1,13.4,1,0,10,2022-05-26T05:56:18,2022-05-26T19:45:56,0.85,"Rain, Overcast",Cloudy skies throughout the day with a chance of rain throughout the day.,rain,"ZUCK,57516099999"
chongqing,2022-05-27,21.3,19,20.3,21.3,19,20.3,20.2,99.4,15,100,16.67,rain,0,0,10.8,9,28.4,1005.3,97.9,6.4,8,0.7,0,10,2022-05-27T05:55:56,2022-05-27T19:46:30,0.88,"Rain, Overcast",Cloudy skies throughout the day with a chance of rain throughout the day.,rain,"ZUCK,57516099999"
chongqing,2022-05-28,22,19,19.9,22,19,19.9,19.5,97.3,15,100,16.67,rain,0,0,18,10.8,285,1004.3,75.1,6.6,77,6.6,5,10,2022-05-28T05:55:37,2022-05-28T19:47:04,0.92,"Rain, Partially cloudy",Partly cloudy throughout the day with a chance of rain throughout the day.,rain,"ZUCK,57516099999"
chongqing,2022-05-29,24.3,18,20.9,24.3,18,20.9,19.9,94.5,4.9,100,8.33,rain,0,0,10.8,10.8,252.5,1005.3,33.2,5.7,72.4,6,3,10,2022-05-29T05:55:18,2022-05-29T19:47:37,0.95,"Rain, Partially cloudy",Partly cloudy throughout the day with rain in the morning and afternoon.,rain,"ZUCK,57516099999"
chongqing,2022-05-30,27,20,23.2,28.8,20,23.2,20.5,86.1,0,0,0,,0,0,18,14.4,185.8,1008.7,44.3,6.7,54.5,4.8,2,10,2022-05-30T05:55:01,2022-05-30T19:48:10,0,Partially cloudy,Clearing in the afternoon.,partly-cloudy-day,"ZUCK,57516099999"
chongqing,2022-05-31,30,22,25.9,32.6,22,26.9,21.3,77.2,0.9,100,4.17,rain,0,0,21.6,18,15.9,1005.2,60.2,9.9,247,21.5,10,10,2022-05-31T05:54:45,2022-05-31T19:48:42,0.02,"Rain, Partially cloudy",Partly cloudy throughout the day with late afternoon rain.,rain,"ZUCK,57516099999"
chongqing,2022-06-01,25.3,23,24.1,25.3,23,24.1,21.8,87.5,0.4,100,4.17,rain,0,0,21.6,18,325.9,1004.4,48.3,9.1,290.3,25,10,10,2022-06-01T05:54:31,2022-06-01T19:49:14,0.06,"Rain, Partially cloudy",Partly cloudy throughout the day with afternoon rain.,rain,"ZUCK,57516099999"
chongqing,2022-06-02,26,21,23.2,26,21,23.2,22.5,96.1,12.1,100,8.33,rain,0,0,18,10.8,280.3,1001.5,65,6.3,142.4,12.2,6,10,2022-06-02T05:54:18,2022-06-02T19:49:45,0.09,"Rain, Partially cloudy",Partly cloudy throughout the day with rain in the morning and afternoon.,rain,"ZUCK,57516099999"
chongqing,2022-06-03,29,23,25.2,33.6,23,26.2,23.4,90.4,0,0,0,rain,0,0,14.4,14.4,207.9,1000.8,49.1,4.5,250.1,21.6,8,10,2022-06-03T05:54:06,2022-06-03T19:50:15,0.12,Partially cloudy,Partly cloudy throughout the day.,partly-cloudy-day,"ZUCK,57516099999"
chongqing,2022-06-04,28,23,25.2,32.7,23,26.2,22.5,86.1,0,0,0,rain,0,0,32.4,28.8,290,1002.4,42.4,7.7,304.7,26.4,9,30,2022-06-04T05:53:56,2022-06-04T19:50:45,0.16,Partially cloudy,Partly cloudy throughout the day.,partly-cloudy-day,"ZUCK,57516099999"
chongqing,2022-06-05,23.5,19,21.3,23.5,19,21.3,19.9,92.3,0,0,0,rain,0,0,32.4,14.4,201.8,1007.2,73,9.8,93.5,7.8,6,10,2022-06-05T05:53:47,2022-06-05T19:51:14,0.19,Partially cloudy,Partly cloudy throughout the day.,partly-cloudy-day,"ZUCK,57516099999"
chongqing,2022-06-06,25.8,20.9,23,25.8,20.9,23,21,89.1,0.1,100,4.17,rain,0,0,18,9,124.7,1007.9,50.9,8.8,27.8,2.4,1,10,2022-06-06T05:53:40,2022-06-06T19:51:42,0.22,"Rain, Partially cloudy",Clearing in the afternoon with early morning rain.,rain,"ZUCK,57516099999"
chongqing,2022-06-07,31.8,22,26.4,34.6,22,27.8,21.4,75.8,0,0,0,,0,0,10.8,7.3,154.3,1007,64.3,9.1,108.8,9.6,4,10,2022-06-07T05:53:34,2022-06-07T19:52:09,0.25,Partially cloudy,Partly cloudy throughout the day.,partly-cloudy-day,"ZUCK,57516099999"
chongqing,2022-06-08,29.2,23,25.7,31.3,23,26.3,22.1,81.5,0.1,100,4.17,rain,0,0,25.2,28.8,46.6,1006.4,67.4,7.5,41.1,3.5,2,10,2022-06-08T05:53:29,2022-06-08T19:52:36,0.29,"Rain, Partially cloudy",Partly cloudy throughout the day with morning rain.,rain,"ZUCK,57516099999"
chongqing,2022-06-09,23,21,22,23,21,22,20.2,90,4,100,12.5,rain,0,0,25.2,10.8,28.8,1007.7,66.8,8.6,28.2,2.5,1,10,2022-06-09T05:53:26,2022-06-09T19:53:02,0.32,"Rain, Partially cloudy",Partly cloudy throughout the day with rain.,rain,"ZUCK,57516099999"
chongqing,2022-06-10,28,21,24.1,29.7,21,24.4,21,84.3,0.1,100,4.17,rain,0,0,16.2,10.8,214.8,1007.8,45.9,6.1,266.2,23.1,9,10,2022-06-10T05:53:24,2022-06-10T19:53:27,0.36,"Rain, Partially cloudy",Partly cloudy throughout the day with afternoon rain.,rain,"ZUCK,57516099999"
chongqing,2022-06-11,24,22,22.9,24,22,22.9,22.6,97.7,33,100,12.5,rain,0,0,21.6,14.4,356.7,1007.6,67,4.3,25.3,2,1,10,2022-06-11T05:53:24,2022-06-11T19:53:51,0.39,"Rain, Partially cloudy",Partly cloudy throughout the day with rain.,rain,"ZUCK,57516099999"
chongqing,2022-06-12,23.5,20.6,21.7,23.5,20.6,21.7,21.4,98.5,20,100,16.67,rain,0,0,21.6,14.4,30.1,1007.4,81.4,7.5,26.1,2,1,10,2022-06-12T05:53:24,2022-06-12T19:54:14,0.42,"Rain, Partially cloudy",Partly cloudy throughout the day with a chance of rain throughout the day.,rain,"ZUCK,57516099999"
chongqing,2022-06-13,27.3,20,23.5,29.4,20,23.6,21.2,87.7,0,0,0,rain,0,0,17.6,14.4,171.7,1009.3,45.2,5.9,165.5,14.2,6,10,2022-06-13T05:53:26,2022-06-13T19:54:36,0.46,Partially cloudy,Partly cloudy throughout the day.,partly-cloudy-day,"ZUCK,57516099999"
chongqing,2022-06-14,31.9,21,26.2,33.9,21,27.3,21.3,76.9,0,0,0,,0,0,14.4,7.3,145.8,1009.2,48.1,7.7,289.4,25,9,30,2022-06-14T05:53:30,2022-06-14T19:54:57,0.5,Partially cloudy,Partly cloudy throughout the day.,partly-cloudy-day,"ZUCK,57516099999"
chongqing,2022-06-15,33,23,28,34.7,23,29.2,20.6,66.9,0,0,0,,0,0,18,10.8,24.8,1007,97.1,10.2,269.7,23.3,8,10,2022-06-15T05:53:34,2022-06-15T19:55:18,0.52,Overcast,Cloudy skies throughout the day.,cloudy,"ZUCK,57516099999"
chongqing,2022-06-16,29.3,24,26.5,30.3,24,27.1,20.1,68.9,0,0,0,,0,0,21.6,10.8,189,1006.4,84.7,10.1,173,14.9,9,10,2022-06-16T05:53:40,2022-06-16T19:55:37,0.56,Partially cloudy,Partly cloudy throughout the day.,partly-cloudy-day,"ZUCK,57516099999"
chongqing,2022-06-17,26.6,23.7,24.6,26.6,23.7,24.6,19.2,72.1,0,0,0,,0,0,21.6,10.8,177.4,1003.6,77.9,11.3,273.1,23.4,9,10,2022-06-17T05:53:47,2022-06-17T19:55:55,0.59,Partially cloudy,Partly cloudy throughout the day.,partly-cloudy-day,"ZUCK,57516099999"
chongqing,2022-06-18,29,22,25.1,31.4,22,25.5,21,78.5,0.8,100,8.33,rain,0,0,25.2,18,182.6,1001.4,77.1,9.9,193.1,16.9,8,10,2022-06-18T05:53:56,2022-06-18T19:56:12,0.63,"Rain, Partially cloudy",Partly cloudy throughout the day with rain.,rain,"ZUCK,57516099999"
chongqing,2022-06-19,31.4,23,27.2,34.6,23,28.9,22.2,75.8,0,0,0,,0,0,14.4,10.8,164.4,1001,40,8.7,263.2,22.8,10,10,2022-06-19T05:54:05,2022-06-19T19:56:28,0.66,Partially cloudy,Partly cloudy throughout the day.,partly-cloudy-day,"ZUCK,57516099999"
chongqing,2022-06-20,34.7,25,29.5,40.6,25,32.6,23.1,70.1,0,0,0,,0,0,15.1,14.4,19.1,998.6,48,9.1,311.4,27,10,30,2022-06-20T05:54:16,2022-06-20T19:56:42,0.69,Partially cloudy,Partly cloudy throughout the day.,partly-cloudy-day,"ZUCK,57516099999"
chongqing,2022-06-21,34,27,30.2,40.6,29.5,35.3,23.9,69.6,0.4,100,4.17,rain,0,0,32.4,18,55.9,997,57.3,11.2,255.3,22,9,60,2022-06-21T05:54:28,2022-06-21T19:56:56,0.75,"Rain, Partially cloudy",Partly cloudy throughout the day with early morning rain.,rain,"ZUCK,57516099999"
chongqing,2022-06-22,34.1,27,30.9,42.5,30.1,37.4,24.9,70.7,0,0,0,,0,0,32.4,18,28.9,999.2,77.1,11.3,224,19.4,8,60,2022-06-22T05:54:41,2022-06-22T19:57:08,0.76,Partially cloudy,Partly cloudy throughout the day.,partly-cloudy-day,"ZUCK,57516099999"
chongqing,2022-06-23,29,23,25.1,35.6,23,25.7,24.7,98.1,118.8,100,20.83,rain,0,0,50.4,25.2,290.9,1003.8,69.3,9.2,146,12.8,7,60,2022-06-23T05:54:55,2022-06-23T19:57:19,0.8,"Rain, Partially cloudy",Partly cloudy throughout the day with a chance of rain throughout the day.,rain,"ZUCK,57516099999"
chongqing,2022-06-24,32,23,27,36.8,23,29.3,23.4,82.3,0,0,0,rain,0,0,14.4,10.8,19.2,1004.4,37.8,8.8,294.9,25.4,9,10,2022-06-24T05:55:11,2022-06-24T19:57:29,0.83,Partially cloudy,Partly cloudy throughout the day.,partly-cloudy-day,"ZUCK,57516099999"
chongqing,2022-06-25,35.5,26,30.9,42.7,26,36,23.9,67.5,0,0,0,,0,0,31.3,18,46.1,998.9,82,11,309.4,26.6,9,60,2022-06-25T05:55:27,2022-06-25T19:57:38,0.86,Partially cloudy,Partly cloudy throughout the day.,partly-cloudy-day,"ZUCK,57516099999"
chongqing,2022-06-26,35,25.4,31.1,40.9,25.4,35.8,23.6,65.4,21,100,4.17,rain,0,0,46.8,25.2,74.1,997.7,95.8,11,216.9,18.9,8,30,2022-06-26T05:55:44,2022-06-26T19:57:45,0.9,"Rain, Overcast",Cloudy skies throughout the day with late afternoon rain.,rain,"ZUCK,57516099999"
chongqing,2022-06-27,29.4,24,26,33.6,24,27.1,23.8,88.5,79.5,100,16.67,rain,0,0,46.8,18,206.2,1001,85.2,9.7,130.3,11.4,6,10,2022-06-27T05:56:03,2022-06-27T19:57:51,0.93,"Rain, Partially cloudy",Partly cloudy throughout the day with rain clearing later.,rain,"ZUCK,57516099999"
chongqing,2022-06-28,33,24,27.8,38.1,24,29.6,22.5,74.6,0,0,0,,0,0,21.6,14.4,182.6,1003.1,75.1,11.8,284,24.6,8,60,2022-06-28T05:56:22,2022-06-28T19:57:56,0.97,Partially cloudy,Partly cloudy throughout the day.,partly-cloudy-day,"ZUCK,57516099999"
chongqing,2022-06-29,36.6,25,30.4,41.9,25,33.7,22.3,63.6,0,0,0,,0,0,18,10.8,297,1002.5,19.9,10.9,334.8,28.9,10,75,2022-06-29T05:56:42,2022-06-29T19:57:59,0,Clear,Clear conditions throughout the day.,clear-day,"ZUCK,57516099999"
chongqing,2022-06-30,36.3,26,30.6,41.9,26,34.5,22.6,63.6,5,100,4.17,rain,0,0,64.8,18,66.1,1003.2,59.4,11.8,309.1,26.8,10,75,2022-06-30T05:57:04,2022-06-30T19:58:01,0.04,"Rain, Partially cloudy",Partly cloudy throughout the day with late afternoon rain.,rain,"ZUCK,57516099999"
chongqing,2022-07-01,31,24,27.7,36.5,24,29.8,22.3,72.8,1.1,100,12.5,rain,0,0,64.8,18,356.3,1005.9,75.2,10.5,114.2,9.8,7,30,2022-07-01T05:57:26,2022-07-01T19:58:02,0.07,"Rain, Partially cloudy",Partly cloudy throughout the day with rain.,rain,"ZUCK,57516099999"
chongqing,2022-07-02,31.1,24,26.5,36.1,24,28.1,23.4,83.8,0.8,100,8.33,rain,0,0,28.8,21.6,304.8,1005.4,56.3,8.5,256.1,21.9,8,30,2022-07-02T05:57:49,2022-07-02T19:58:01,0.1,"Rain, Partially cloudy",Partly cloudy throughout the day with rain.,rain,"ZUCK,57516099999"
chongqing,2022-07-03,32,24,27.4,37.9,24,29.6,23.4,80.2,0,0,0,rain,0,0,28.8,18,293.9,1003.4,57.7,9.4,275.3,23.7,9,60,2022-07-03T05:58:13,2022-07-03T19:57:59,0.14,Partially cloudy,Partly cloudy throughout the day.,partly-cloudy-day,"ZUCK,57516099999"
chongqing,2022-07-04,34.3,25,29.4,40.7,25,33,23.6,72.2,0,0,0,,0,0,21.6,14.4,306.8,1000.3,33,10.5,249.8,21.7,9,60,2022-07-04T05:58:37,2022-07-04T19:57:56,0.17,Partially cloudy,Partly cloudy throughout the day.,partly-cloudy-day,"ZUCK,57516099999"
chongqing,2022-07-05,36.8,26,31.6,42.6,26,36.3,23.4,63.9,0,0,0,,0,0,21.6,10.8,311,1000.8,20.4,11,326.7,28.3,10,75,2022-07-05T05:59:03,2022-07-05T19:57:51,0.21,Partially cloudy,Partly cloudy throughout the day.,partly-cloudy-day,"ZUCK,57516099999"
chongqing,2022-07-06,38.5,26,32,44.8,26,36.2,22.7,59.9,0,0,0,,0,0,21.6,14.4,22,1002.1,9.8,11.1,334.1,29,10,75,2022-07-06T05:59:29,2022-07-06T19:57:44,0.24,Clear,Clear conditions throughout the day.,clear-day,"ZUCK,57516099999"
chongqing,2022-07-07,38,28,32.8,41.4,31.3,36.5,21.8,54.9,0,0,0,,0,0,25.2,18,56.7,1002.6,4.4,12,338.4,29.2,10,30,2022-07-07T05:59:56,2022-07-07T19:57:37,0.25,Clear,Clear conditions throughout the day.,clear-day,"ZUCK,57516099999"
chongqing,2022-07-08,38,29,33.4,42.1,31.4,37.3,21.7,51.2,0,0,0,,0,0,25.2,10.8,112.8,1002.8,13.5,12.3,331.5,28.7,10,60,2022-07-08T06:00:24,2022-07-08T19:57:28,0.31,Clear,Clear conditions throughout the day.,clear-day,"ZUCK,57516099999"
chongqing,2022-07-09,38.5,29,33.9,42.7,32,37.7,21.5,49.4,0,0,0,,0,0,32.4,18,144.4,1000.3,15.1,12.9,329.7,28.3,10,60,2022-07-09T06:00:52,2022-07-09T19:57:17,0.34,Clear,Clear conditions throughout the day.,clear-day,"ZUCK,57516099999"
chongqing,2022-07-10,39,30,34.4,43.6,31.9,38,21.1,46.3,0,0,0,,0,0,32.4,21.6,140.9,999.1,7.8,13.3,326.5,28.1,10,30,2022-07-10T06:01:21,2022-07-10T19:57:05,0.38,Clear,Clear conditions throughout the day.,clear-day,"ZUCK,57516099999"
chongqing,2022-07-11,39.5,31,35.2,45.5,33,39.1,21.3,44.8,0,0,0,,0,0,48.6,21.6,133.2,997.6,58,13.3,316.3,27.2,10,30,2022-07-11T06:01:50,2022-07-11T19:56:51,0.41,Partially cloudy,Partly cloudy throughout the day.,partly-cloudy-day,"ZUCK,57516099999"
chongqing,2022-07-12,39.5,31,35.1,45.8,33.7,39.6,21.8,46.4,0,0,0,,0,0,40,18,116.2,997.6,78.1,13.3,290.5,24.8,10,30,2022-07-12T06:02:20,2022-07-12T19:56:37,0.45,Partially cloudy,Partly cloudy throughout the day.,partly-cloudy-day,"ZUCK,57516099999"
chongqing,2022-07-13,39.5,31,35.3,46.3,33.7,40.7,22.6,48.3,0,0,0,,0,0,32.4,14.4,116,998.4,76.9,13.3,310.8,26.8,9,30,2022-07-13T06:02:51,2022-07-13T19:56:20,0.48,Partially cloudy,Partly cloudy throughout the day.,partly-cloudy-day,"ZUCK,57516099999"
chongqing,2022-07-14,40.1,31,35.6,46.1,33.7,40.1,21.7,45,0,0,0,,0,0,32.4,18,120.8,999.2,85.3,13.3,315.6,27.2,9,30,2022-07-14T06:03:22,2022-07-14T19:56:03,0.5,Partially cloudy,Partly cloudy throughout the day.,partly-cloudy-day,"ZUCK,57516099999"
chongqing,2022-07-15,39.2,31,35.3,46.3,33.7,39.7,21.7,45.7,0,0,0,,0,0,32.4,18,104.4,999.1,84.7,13.2,313,27.1,9,30,2022-07-15T06:03:53,2022-07-15T19:55:43,0.55,Partially cloudy,Partly cloudy throughout the day.,partly-cloudy-day,"ZUCK,57516099999"
chongqing,2022-07-16,38.1,31,34.6,44.5,34.6,39.6,22.5,49.8,0,0,0,,0,0,32.4,10.8,56.6,998.6,91.2,12.8,233.3,20.1,7,30,2022-07-16T06:04:25,2022-07-16T19:55:23,0.58,Overcast,Cloudy skies throughout the day.,cloudy,"ZUCK,57516099999"
chongqing,2022-07-17,35,30,32.5,40.6,34.6,37.6,23.1,58,0.9,100,4.17,rain,0,0,28.8,18,297.2,1001.2,83.6,12.9,160.5,13.8,7,60,2022-07-17T06:04:57,2022-07-17T19:55:01,0.61,"Rain, Partially cloudy",Partly cloudy throughout the day with late afternoon rain.,rain,"ZUCK,57516099999"
chongqing,2022-07-18,30.2,24,26.9,35.6,24,28.8,23.8,83.8,104,100,16.67,rain,0,0,25.2,18,330.4,1002,80.4,8.4,216.1,18.5,7,30,2022-07-18T06:05:30,2022-07-18T19:54:37,0.65,"Rain, Partially cloudy",Partly cloudy throughout the day with a chance of rain throughout the day.,rain,"ZUCK,57516099999"
chongqing,2022-07-19,26.8,24,24.9,28.4,24,25,21.7,83.1,0,0,0,rain,0,0,28.8,18,287.5,1003.5,92.7,10.7,164.7,14.3,7,10,2022-07-19T06:06:03,2022-07-19T19:54:12,0.68,Overcast,Cloudy skies throughout the day.,cloudy,"ZUCK,57516099999"
chongqing,2022-07-20,30,23,25.8,31.9,23,26.6,20.2,71.9,0,0,0,rain,0,0,25.2,12.6,189.1,1007.4,72.9,12.8,110.3,9.4,4,10,2022-07-20T06:06:36,2022-07-20T19:53:46,0.75,Partially cloudy,Partly cloudy throughout the day.,partly-cloudy-day,"ZUCK,57516099999"
chongqing,2022-07-21,35.3,25,29.3,42.1,25,32.6,23,69.8,0,0,0,rain,0,0,26.3,21.6,30.5,1006.7,73.4,11.5,249.2,21.6,9,60,2022-07-21T06:07:10,2022-07-21T19:53:18,0.75,Partially cloudy,Partly cloudy throughout the day.,partly-cloudy-day,"ZUCK,57516099999"
chongqing,2022-07-22,31,23,26.7,35.5,23,28.1,20.6,69.8,0,0,0,rain,0,0,36,32.4,281.9,1008.1,70.4,13.3,207.8,18.1,8,10,2022-07-22T06:07:44,2022-07-22T19:52:49,0.78,Partially cloudy,Partly cloudy throughout the day.,partly-cloudy-day,"ZUCK,57516099999"
chongqing,2022-07-23,30,22,25.6,31.9,22,26.4,19.4,69.6,0,0,0,,0,0,28.8,14.4,69.5,1009.1,63.1,11.9,109.5,9.3,5,10,2022-07-23T06:08:18,2022-07-23T19:52:19,0.81,Partially cloudy,Partly cloudy throughout the day.,partly-cloudy-day,"ZUCK,57516099999"
chongqing,2022-07-24,35.5,25,30.1,40.8,25,32.9,21.7,61.6,0,0,0,rain,0,0,21.9,10.8,328.2,1004.8,53.5,11.2,290.1,25.1,8,75,2022-07-24T06:08:52,2022-07-24T19:51:47,0.85,Partially cloudy,Partly cloudy throughout the day.,partly-cloudy-day,"ZUCK,57516099999"
chongqing,2022-07-25,38,25.9,32.7,44.9,25.9,37.8,23.4,60,0.1,100,4.17,rain,0,0,57.6,32.4,193.5,1003.1,23.7,11.9,312.4,27,9,100,2022-07-25T06:09:27,2022-07-25T19:51:14,0.88,"Rain, Partially cloudy",Partly cloudy throughout the day with late afternoon rain.,rain,"ZUCK,57516099999"
chongqing,2022-07-26,39,25,32,47.2,25,36.1,22.9,60.6,0,0,0,,0,0,50.4,18,86.5,1001.2,8.3,12.6,318.3,27.6,10,75,2022-07-26T06:10:02,2022-07-26T19:50:40,0.91,Clear,Clear conditions throughout the day.,clear-day,"ZUCK,57516099999"
chongqing,2022-07-27,34,25,28.7,40.6,25,31.4,22.2,68.6,0,0,0,rain,0,0,46.8,28.8,41.6,1004.5,63.5,13.1,174.1,15.2,7,75,2022-07-27T06:10:36,2022-07-27T19:50:04,0.95,Partially cloudy,Partly cloudy throughout the day.,partly-cloudy-day,"ZUCK,57516099999"
chongqing,2022-07-28,34.9,26,29.8,38.3,26,32.4,22.1,64.6,0,0,0,rain,0,0,21.6,14.4,141.8,1006.9,58.5,10.8,306.8,26.5,10,30,2022-07-28T06:11:11,2022-07-28T19:49:27,0.98,Partially cloudy,Partly cloudy throughout the day.,partly-cloudy-day,"ZUCK,57516099999"
chongqing,2022-07-29,37,27,31.9,41,29.2,34.7,20.9,54.6,0,0,0,,0,0,15.1,18,22,1004.9,19.1,11.6,324.4,28.1,10,60,2022-07-29T06:11:46,2022-07-29T19:48:48,0,Clear,Clear conditions throughout the day.,clear-day,"ZUCK,57516099999"
chongqing,2022-07-30,38,27,32.8,43.4,28.5,35.9,20.8,50.3,0,0,0,,0,0,21.6,14.4,101.2,1003.1,54.8,12.7,297.3,25.6,9,60,2022-07-30T06:12:22,2022-07-30T19:48:09,0.05,Partially cloudy,Partly cloudy throughout the day.,partly-cloudy-day,"ZUCK,57516099999"
chongqing,2022-07-31,39,29,33.8,42.6,30.8,36.2,19.7,44.8,0,0,0,,0,0,21.6,14.4,124.2,1002.4,19,13.1,322.6,28,10,60,2022-07-31T06:12:57,2022-07-31T19:47:28,0.08,Clear,Clear conditions throughout the day.,clear-day,"ZUCK,57516099999"
chongqing,2022-08-01,39,29,34,41.8,30.3,36.3,19.5,43.3,0,0,0,,0,0,21.6,14.4,102.4,1002.2,40.3,13,315.7,27.2,10,30,2022-08-01T06:13:32,2022-08-01T19:46:46,0.12,Partially cloudy,Becoming cloudy in the afternoon.,partly-cloudy-day,"ZUCK,57516099999"
chongqing,2022-08-02,37,28,32.9,41.8,31.3,36.7,21.9,53.7,0,0,0,,0,0,25.3,14.4,175,1004.5,51.2,11.7,286.7,24.9,9,30,2022-08-02T06:14:07,2022-08-02T19:46:02,0.15,Partially cloudy,Clearing in the afternoon.,partly-cloudy-day,"ZUCK,57516099999"
chongqing,2022-08-03,39,28,33.5,43.6,31.3,37.7,22.2,53.2,1,100,4.17,rain,0,0,32.5,14.4,49.2,1004.1,48,12,235.2,20.3,9,30,2022-08-03T06:14:42,2022-08-03T19:45:18,0.19,"Rain, Partially cloudy",Partly cloudy throughout the day with early morning rain.,rain,"ZUCK,57516099999"
chongqing,2022-08-04,39,28,33.1,43.8,32.7,37.7,22.7,56.3,0,0,0,,0,0,28.8,14.4,99.7,1003.8,24.5,12.6,303.2,26.2,9,30,2022-08-04T06:15:18,2022-08-04T19:44:32,0.22,Partially cloudy,Partly cloudy throughout the day.,partly-cloudy-day,"ZUCK,57516099999"
chongqing,2022-08-05,37,27,31.5,43.3,29.6,36.3,23.2,62.7,6,100,4.17,rain,0,0,50.4,18,221.2,1004.2,19.2,11.9,301.7,26.1,9,30,2022-08-05T06:15:53,2022-08-05T19:43:45,0.25,Rain,Clear conditions throughout the day with afternoon rain.,rain,"ZUCK,57516099999"
chongqing,2022-08-06,37,27,31.5,41,29.6,35.3,22.4,60.6,0,0,0,rain,0,0,50.4,18,168.4,1003.9,35.8,13.1,221.8,19.2,9,30,2022-08-06T06:16:28,2022-08-06T19:42:57,0.29,Partially cloudy,Partly cloudy throughout the day.,partly-cloudy-day,"ZUCK,57516099999"
chongqing,2022-08-07,39,29,33.4,43.6,32,36.7,21.1,50.1,0,0,0,,0,0,28.8,14.4,156.5,1003.2,45.4,13.3,303.4,26.2,9,10,2022-08-07T06:17:03,2022-08-07T19:42:08,0.33,Partially cloudy,Partly cloudy throughout the day.,partly-cloudy-day,"ZUCK,57516099999"
chongqing,2022-08-08,40,29,34.6,44.1,30.8,37.7,20.5,44.4,0,0,0,,0,0,28.8,14.4,130.4,1002.5,86.7,13.3,297.3,25.7,9,30,2022-08-08T06:17:38,2022-08-08T19:41:17,0.36,Partially cloudy,Partly cloudy throughout the day.,partly-cloudy-day,"ZUCK,57516099999"
chongqing,2022-08-09,41,31,36,44.2,33.7,39,20.1,40.4,0,0,0,,0,0,32.4,18,134,1001.2,72.9,13.3,289.4,25,9,30,2022-08-09T06:18:13,2022-08-09T19:40:26,0.4,Partially cloudy,Partly cloudy throughout the day.,partly-cloudy-day,"ZUCK,57516099999"
chongqing,2022-08-10,41,30,35.8,44.2,31.9,38,19.2,38.8,0,0,0,,0,0,32.4,18,125.8,1002.6,71,12.9,302.8,26.4,9,10,2022-08-10T06:18:48,2022-08-10T19:39:33,0.43,Partially cloudy,Partly cloudy throughout the day.,partly-cloudy-day,"ZUCK,57516099999"
chongqing,2022-08-11,40.3,31,35.8,43.9,32.4,38.5,19.6,39.3,0,0,0,,0,0,32.4,14.4,153.6,1003.1,71.6,12.8,299.5,26.1,9,10,2022-08-11T06:19:22,2022-08-11T19:38:40,0.47,Partially cloudy,Partly cloudy throughout the day.,partly-cloudy-day,"ZUCK,57516099999"
chongqing,2022-08-12,40.5,30,35.5,43.9,31.9,38.4,20.1,41.4,0,0,0,,0,0,43.2,21.6,152.8,1002.4,21.9,13.3,309.9,27,9,10,2022-08-12T06:19:57,2022-08-12T19:37:45,0.5,Partially cloudy,Partly cloudy throughout the day.,partly-cloudy-day,"ZUCK,57516099999"
chongqing,2022-08-13,42,31,36.3,44.6,33,38.7,19.1,37.8,0,0,0,,0,0,36,18,139.3,1000.6,13.7,13.3,312.4,27.1,10,10,2022-08-13T06:20:31,2022-08-13T19:36:50,0.54,Clear,Clear conditions throughout the day.,clear-day,"ZUCK,57516099999"
chongqing,2022-08-14,42,31,36.3,45.5,33,38.8,19.3,37.9,0,0,0,rain,0,0,28.8,18,115.1,1001,56.8,13.3,255.4,22,9,30,2022-08-14T06:21:06,2022-08-14T19:35:54,0.57,Partially cloudy,Partly cloudy throughout the day.,partly-cloudy-day,"ZUCK,57516099999"
chongqing,2022-08-15,42,32,36.6,46.4,34.9,40,20.4,40.1,0,0,0,,0,0,21.6,14.4,109.2,1001.6,78.4,13.7,222.9,19.3,9,30,2022-08-15T06:21:40,2022-08-15T19:34:56,0.6,Partially cloudy,Partly cloudy throughout the day.,partly-cloudy-day,"ZUCK,57516099999"
chongqing,2022-08-16,42,32,37.1,46.4,34.9,40.7,20.5,39.1,0,0,0,,0,0,28.8,14.4,137.2,1000.6,67.4,13,295.7,25.6,9,60,2022-08-16T06:22:14,2022-08-16T19:33:58,0.63,Partially cloudy,Partly cloudy throughout the day.,partly-cloudy-day,"ZUCK,57516099999"
chongqing,2022-08-17,43,32,37.5,46.7,34.9,40.4,19.5,36.1,0,0,0,,0,0,39.6,25.2,145.1,1000,49.1,13.3,303.9,26.3,9,30,2022-08-17T06:22:48,2022-08-17T19:32:59,0.67,Partially cloudy,Partly cloudy throughout the day.,partly-cloudy-day,"ZUCK,57516099999"
chongqing,2022-08-18,43,32,37.4,45.8,33.5,39.9,19,35.1,0,0,0,,0,0,36,25.2,145,999.5,59.1,13.3,304.3,26.3,9,10,2022-08-18T06:23:22,2022-08-18T19:31:59,0.7,Partially cloudy,Partly cloudy throughout the day.,partly-cloudy-day,"ZUCK,57516099999"
chongqing,2022-08-19,42.5,32,37.4,45.5,33.5,39.6,18.7,34.5,0,0,0,,0,0,36,21.6,95.4,1000.7,87,13.3,252.9,22,9,30,2022-08-19T06:23:56,2022-08-19T19:30:58,0.75,Partially cloudy,Partly cloudy throughout the day.,partly-cloudy-day,"ZUCK,57516099999"
chongqing,2022-08-20,42.5,32,37.4,47.3,34.2,40.9,20.2,37.3,0,0,0,,0,0,32.4,18,148.3,1001.4,84.9,13.3,287.8,24.9,9,10,2022-08-20T06:24:29,2022-08-20T19:29:56,0.77,Partially cloudy,Partly cloudy throughout the day.,partly-cloudy-day,"ZUCK,57516099999"
chongqing,2022-08-21,41.4,32,37,45.1,34.2,39.7,19.4,36.5,0,0,0,,0,0,38.5,21.6,157.4,1000.2,56.1,13.2,301.4,26,9,10,2022-08-21T06:25:03,2022-08-21T19:28:54,0.8,Partially cloudy,Clearing in the afternoon.,partly-cloudy-day,"ZUCK,57516099999"
chongqing,2022-08-22,41,30,35.5,44.3,31.3,37.7,19,38.8,0,0,0,,0,0,50.4,28.8,128.4,1000.4,62.5,12.2,291.3,24.9,9,10,2022-08-22T06:25:36,2022-08-22T19:27:50,0.83,Partially cloudy,Partly cloudy throughout the day.,partly-cloudy-day,"ZUCK,57516099999"
chongqing,2022-08-23,42.2,32,36.9,46.5,34.9,40.3,20.3,38.7,0,0,0,,0,0,28.8,18,111.4,1002.6,78.8,12.9,247.4,21.4,9,30,2022-08-23T06:26:09,2022-08-23T19:26:46,0.86,Partially cloudy,Partly cloudy throughout the day.,partly-cloudy-day,"ZUCK,57516099999"
chongqing,2022-08-24,42,32,37.2,46.4,34.2,40.5,20,37.4,0,0,0,,0,0,32.4,14.4,113,1003.6,56.2,13.3,215.1,18.4,9,30,2022-08-24T06:26:42,2022-08-24T19:25:42,0.9,Partially cloudy,Partly cloudy throughout the day.,partly-cloudy-day,"ZUCK,57516099999"
chongqing,2022-08-25,42,33,37,46.4,36.1,40.1,20,38,0,0,0,,0,0,32.4,18,111.4,1003,72.8,13.3,220.6,19,8,30,2022-08-25T06:27:15,2022-08-25T19:24:36,0.93,Partially cloudy,Partly cloudy throughout the day.,partly-cloudy-day,"ZUCK,57516099999"
chongqing,2022-08-26,37,31,34.4,40.1,33,36.9,19.8,42.8,0,0,0,,0,0,32.4,18,148.3,1004.4,71.4,12.9,201.1,17.2,9,30,2022-08-26T06:27:47,2022-08-26T19:23:30,0.96,Partially cloudy,Clearing in the afternoon.,partly-cloudy-day,"ZUCK,57516099999"
chongqing,2022-08-27,39.8,29,34.4,42.1,30.3,36.2,18.8,40.9,0,0,0,,0,0,32.4,25.5,145.6,1002.8,73.9,13.3,259.8,22.5,8,10,2022-08-27T06:28:20,2022-08-27T19:22:23,0,Partially cloudy,Partly cloudy throughout the day.,partly-cloudy-day,"ZUCK,57516099999"
chongqing,2022-08-28,39.4,28,34.4,43.1,31.3,37.4,20.5,45.1,0,0,0,rain,0,0,43.2,18,126.2,1001.1,89.2,13.3,164.1,14.4,7,10,2022-08-28T06:28:52,2022-08-28T19:21:16,0.03,Partially cloudy,Partly cloudy throughout the day.,partly-cloudy-day,"ZUCK,57516099999"
chongqing,2022-08-29,31,25.8,28.3,34.5,25.8,30,20,61.4,0,0,0,rain,0,0,43.2,21.6,295.1,1006.3,95.7,12.8,39.2,3.3,2,10,2022-08-29T06:29:25,2022-08-29T19:20:08,0.06,Overcast,Cloudy skies throughout the day.,cloudy,"ZUCK,57516099999"
chongqing,2022-08-30,24,21,21.9,24,21,21.9,18.8,82.8,2.1,100,8.33,rain,0,0,28.8,21.6,295.8,1012.9,98.1,11.9,10.4,0.8,0,10,2022-08-30T06:29:57,2022-08-30T19:19:00,0.1,"Rain, Overcast",Cloudy skies throughout the day with rain clearing later.,rain,"ZUCK,57516099999"
chongqing,2022-08-31,22,18,20.2,22,18,20.2,17.5,85.1,1,100,8.33,rain,0,0,25.2,18,311.5,1015.6,100,11.7,104.7,8.9,7,10,2022-08-31T06:30:29,2022-08-31T19:17:51,0.14,"Rain, Overcast",Cloudy skies throughout the day with rain.,rain,"ZUCK,57516099999"
chongqing,2022-09-01,22,18,20.3,22,18,20.3,18.5,89.2,5.9,100,16.67,rain,0,0,18,14.4,44.4,1016.8,94.8,7.6,119.3,10.3,5,10,2022-09-01T06:31:01,2022-09-01T19:16:41,0.17,"Rain, Overcast",Cloudy skies throughout the day with a chance of rain throughout the day.,rain,"ZUCK,57516099999"
chongqing,2022-09-02,24.5,20,21.6,24.5,20,21.6,17.9,80,2,100,4.17,rain,0,0,18,18,33.5,1015.3,75.6,9.9,91.3,7.8,4,10,2022-09-02T06:31:33,2022-09-02T19:15:31,0.21,"Rain, Partially cloudy",Partly cloudy throughout the day with late afternoon rain.,rain,"ZUCK,57516099999"
chongqing,2022-09-03,21.3,19,20.1,21.3,19,20.1,18.4,90.3,31.7,100,20.83,rain,0,0,18,18,10.4,1014,95.2,7.1,7.8,0.7,0,10,2022-09-03T06:32:04,2022-09-03T19:14:21,0.24,"Rain, Overcast",Cloudy skies throughout the day with a chance of rain throughout the day.,rain,"ZUCK,57516099999"
chongqing,2022-09-04,27.9,19,23.3,28.2,19,23.4,17.3,71.3,0,0,0,rain,0,0,21.6,14.4,297,1014.7,43.7,10,209.1,18.1,8,10,2022-09-04T06:32:36,2022-09-04T19:13:10,0.25,Partially cloudy,Partly cloudy throughout the day.,partly-cloudy-day,"ZUCK,57516099999"
chongqing,2022-09-05,33.5,21,27,33.2,21,27,16.7,56.4,0,0,0,,0,0,21.6,14.4,269.1,1012.9,32.2,11.5,288.8,24.9,9,10,2022-09-05T06:33:07,2022-09-05T19:11:58,0.31,Partially cloudy,Partly cloudy throughout the day.,partly-cloudy-day,"ZUCK,57516099999"
chongqing,2022-09-06,35,23,28.6,34.1,23,28.5,16.1,48.9,0,0,0,,0,0,23.7,14.4,311.4,1013.2,71.3,10.8,259,22.4,9,10,2022-09-06T06:33:39,2022-09-06T19:10:47,0.35,Partially cloudy,Partly cloudy throughout the day.,partly-cloudy-day,"ZUCK,57516099999"
chongqing,2022-09-07,35,26,29.3,35.2,26,29.6,16.5,46.8,0,0,0,,0,0,28.8,28.8,359.3,1014.6,83.2,10.2,246.4,21.4,9,10,2022-09-07T06:34:10,2022-09-07T19:09:35,0.38,Partially cloudy,Partly cloudy throughout the day.,partly-cloudy-day,"ZUCK,57516099999"
chongqing,2022-09-08,27.9,23.8,25.6,28.9,23.8,25.8,18.1,63.5,0,0,0,,0,0,28.8,21.6,301.3,1018.2,52.6,7.7,141.7,12.3,7,10,2022-09-08T06:34:42,2022-09-08T19:08:22,0.42,Partially cloudy,Partly cloudy throughout the day.,partly-cloudy-day,"ZUCK,57516099999"
chongqing,2022-09-09,23.1,20,21.7,23.1,20,21.7,19.7,88.4,5.6,100,12.5,rain,0,0,21.6,14.4,281.2,1020,37,4.7,82.5,7.2,4,10,2022-09-09T06:35:13,2022-09-09T19:07:10,0.46,"Rain, Partially cloudy",Partly cloudy throughout the day with a chance of rain throughout the day.,rain,"ZUCK,57516099999"
chongqing,2022-09-10,28,20,23.6,28.9,20,23.8,18.9,76.6,0,0,0,,0,0,14.4,10.8,202,1016.9,44.6,5.2,235.5,20.3,9,10,2022-09-10T06:35:44,2022-09-10T19:05:57,0.5,Partially cloudy,Partly cloudy throughout the day.,partly-cloudy-day,"ZUCK,57516099999"
chongqing,2022-09-11,32.1,21,26.3,33.7,21,27,19,66.5,0,0,0,,0,0,25.2,18,317.3,1013.5,20.5,6.8,249.7,21.5,9,10,2022-09-11T06:36:15,2022-09-11T19:04:44,0.52,Partially cloudy,Becoming cloudy in the afternoon.,partly-cloudy-day,"ZUCK,57516099999"
chongqing,2022-09-12,34,23,28.7,36.5,23,29.4,18.8,57.5,0,0,0,,0,0,25.2,20.2,33.3,1010.6,26.6,8.8,231.2,19.9,9,10,2022-09-12T06:36:47,2022-09-12T19:03:30,0.56,Partially cloudy,Partly cloudy throughout the day.,partly-cloudy-day,"ZUCK,57516099999"
chongqing,2022-09-13,36,24,30,37.4,24,31,18.9,53.1,0,0,0,,0,0,32.4,28.8,58,1009.5,30.6,10.4,201.4,17.4,9,10,2022-09-13T06:37:18,2022-09-13T19:02:17,0.59,Partially cloudy,Becoming cloudy in the afternoon.,partly-cloudy-day,"ZUCK,57516099999"
chongqing,2022-09-14,34.3,25,28.7,35.6,25,29.3,17.6,51.7,0,0,0,,0,0,39.6,32.4,35.2,1008.9,91.9,11.4,191.8,16.6,8,10,2022-09-14T06:37:49,2022-09-14T19:01:03,0.62,Overcast,Cloudy skies throughout the day.,cloudy,"ZUCK,57516099999"
chongqing,2022-09-15,24.5,21,22.9,24.5,21,22.9,19.8,82.8,2.4,100,8.33,rain,0,0,39.6,25.2,339.8,1009.4,27.9,5.2,82,7.3,4,10,2022-09-15T06:38:20,2022-09-15T18:59:49,0.65,"Rain, Partially cloudy",Partly cloudy throughout the day with rain clearing later.,rain,"ZUCK,57516099999"
chongqing,2022-09-16,28.5,22,25.3,30.5,22,26,20.4,75.1,0,0,0,,0,0,21.6,18,348.3,1006.7,31.6,4.5,144,12.5,7,10,2022-09-16T06:38:52,2022-09-16T18:58:35,0.69,Partially cloudy,Partly cloudy throughout the day.,partly-cloudy-day,"ZUCK,57516099999"
chongqing,2022-09-17,32,24,27.7,35.8,24,29.5,21.5,69.7,0,0,0,rain,0,0,25.2,18,309.3,1007.2,24.1,5,225.3,19.4,8,10,2022-09-17T06:39:23,2022-09-17T18:57:21,0.72,Partially cloudy,Partly cloudy throughout the day.,partly-cloudy-day,"ZUCK,57516099999"
chongqing,2022-09-18,31.5,25,27.3,35.6,25,28.9,22.4,75.2,0,0,0,rain,0,0,25.2,21.6,287.5,1007.5,53.4,5.1,187.6,16.1,7,10,2022-09-18T06:39:54,2022-09-18T18:56:07,0.75,Partially cloudy,Partly cloudy throughout the day.,partly-cloudy-day,"ZUCK,57516099999"
chongqing,2022-09-19,34,24,28.4,39.1,24,30.8,22.5,71.8,0.1,100,4.17,rain,0,0,28.8,21.6,295.2,1007.8,35.2,5.7,169.6,14.6,6,30,2022-09-19T06:40:26,2022-09-19T18:54:52,0.78,"Rain, Partially cloudy",Partly cloudy throughout the day with morning rain.,rain,"ZUCK,57516099999"
chongqing,2022-09-20,27,20,23,29.6,20,23.2,20.4,86.3,19.6,100,20.83,rain,0,0,31.3,28.8,341.9,1011.4,50.3,7.1,64.8,5.6,5,30,2022-09-20T06:40:57,2022-09-20T18:53:38,0.81,"Rain, Partially cloudy",Partly cloudy throughout the day with a chance of rain throughout the day.,rain,"ZUCK,57516099999"
chongqing,2022-09-21,23.4,19,20.5,23.4,19,20.5,19.2,92.7,1.4,100,8.33,rain,0,0,34.2,14.4,165.8,1014.2,100,6.1,29.9,2.6,2,10,2022-09-21T06:41:29,2022-09-21T18:52:24,0.85,"Rain, Overcast",Cloudy skies throughout the day with rain clearing later.,rain,"ZUCK,57516099999"
chongqing,2022-09-22,21.6,19,20.1,21.6,19,20.1,18.8,92.2,9.8,100,12.5,rain,0,0,18,14.4,2.8,1016.4,82.5,8.6,7.3,0.7,0,10,2022-09-22T06:42:01,2022-09-22T18:51:10,0.88,"Rain, Partially cloudy",Partly cloudy throughout the day with rain in the morning and afternoon.,rain,"ZUCK,57516099999"
chongqing,2022-09-23,20.5,18,19.4,20.5,18,19.4,17.5,88.8,8,100,12.5,rain,0,0,25.2,18,31.9,1018.9,58.3,10.2,9.2,0.8,0,10,2022-09-23T06:42:32,2022-09-23T18:49:56,0.91,"Rain, Partially cloudy",Partly cloudy throughout the day with a chance of rain throughout the day.,rain,"ZUCK,57516099999"
chongqing,2022-09-24,19,17,17.8,19,17,17.8,16.3,91.3,8.4,100,20.83,rain,0,0,25.2,18,27.7,1018.2,78.2,8.5,11.6,0.9,0,10,2022-09-24T06:43:04,2022-09-24T18:48:42,0.94,"Rain, Partially cloudy",Partly cloudy throughout the day with a chance of rain throughout the day.,rain,"ZUCK,57516099999"
chongqing,2022-09-25,22.9,17,19.5,22.9,17,19.5,17,86,8.8,100,12.5,rain,0,0,10.8,10.8,31.2,1017.7,64.2,7.6,92.7,8.1,7,10,2022-09-25T06:43:36,2022-09-25T18:47:28,0.98,"Rain, Partially cloudy",Partly cloudy throughout the day with a chance of rain throughout the day.,rain,"ZUCK,57516099999"
chongqing,2022-09-26,25,18,22,25,18,22,17,74.5,0,0,0,rain,0,0,18,14.4,2.3,1014.9,63.1,10.7,162.2,13.9,8,10,2022-09-26T06:44:09,2022-09-26T18:46:14,0,Partially cloudy,Partly cloudy throughout the day.,partly-cloudy-day,"ZUCK,57516099999"
chongqing,2022-09-27,22,18,19.3,22,18,19.3,17.5,89.9,10.5,100,16.67,rain,0,0,21.6,21.6,292.2,1015.4,96.5,8.8,9.2,0.9,0,10,2022-09-27T06:44:41,2022-09-27T18:45:01,0.04,"Rain, Overcast",Cloudy skies throughout the day with a chance of rain throughout the day.,rain,"ZUCK,57516099999"
chongqing,2022-09-28,24.3,18,20.4,24.3,18,20.4,17,81.1,0,0,0,rain,0,0,14.4,10.8,232.8,1016.1,67.3,10.3,65,5.6,4,10,2022-09-28T06:45:14,2022-09-28T18:43:48,0.08,Partially cloudy,Partly cloudy throughout the day.,partly-cloudy-day,"ZUCK,57516099999"
chongqing,2022-09-29,28,17,22.4,28,17,22.4,16.5,71.8,0,0,0,,0,0,23,14.4,20.4,1012.9,40.5,10.9,250.2,21.8,9,10,2022-09-29T06:45:47,2022-09-29T18:42:34,0.12,Partially cloudy,Partly cloudy throughout the day.,partly-cloudy-day,"ZUCK,57516099999"
chongqing,2022-09-30,32,21,25.9,33.5,21,26.6,18.3,64.1,0,0,0,,0,0,18,21.6,15.1,1010.2,24.5,11.2,234.7,20.3,8,10,2022-09-30T06:46:20,2022-09-30T18:41:22,0.15,Partially cloudy,Becoming cloudy in the afternoon.,partly-cloudy-day,"ZUCK,57516099999"
chongqing,2022-10-01,35,23,28.7,37.7,23,30,19.8,60.7,0,0,0,,0,0,32.4,18,122.3,1006.2,26.8,11.3,148.1,12.9,8,10,2022-10-01T06:46:53,2022-10-01T18:40:09,0.19,Partially cloudy,Becoming cloudy in the afternoon.,partly-cloudy-day,"ZUCK,57516099999"
chongqing,2022-10-02,35.3,25,30.1,38.6,25,32,20.6,58.1,0,0,0,,0,0,32.4,18,136.2,1006.2,24.9,10.5,158.4,13.6,8,10,2022-10-02T06:47:26,2022-10-02T18:38:57,0.22,Partially cloudy,Becoming cloudy in the afternoon.,partly-cloudy-day,"ZUCK,57516099999"
chongqing,2022-10-03,36.1,23.4,30,39.1,23.4,31.7,19.5,54.4,0,0,0,,0,0,32.4,21.6,201.9,1007.6,39.8,12.6,175.3,15.2,8,10,2022-10-03T06:48:00,2022-10-03T18:37:45,0.25,Partially cloudy,Becoming cloudy in the afternoon.,partly-cloudy-day,"ZUCK,57516099999"
chongqing,2022-10-04,21.3,19,20.2,21.3,19,20.2,16.2,77.7,0,0,0,rain,0,0,32.4,21.6,277.8,1015.3,93.8,11.9,33,2.9,1,10,2022-10-04T06:48:34,2022-10-04T18:36:34,0.3,Overcast,Cloudy skies throughout the day.,cloudy,"ZUCK,57516099999"
chongqing,2022-10-05,22.3,18,19.8,22.3,18,19.8,17.3,85.9,0.3,100,8.33,rain,0,0,21.6,10.9,324.8,1014.7,100,6.7,42.3,3.7,2,10,2022-10-05T06:49:08,2022-10-05T18:35:23,0.33,"Rain, Overcast",Cloudy skies throughout the day with rain.,rain,"ZUCK,57516099999"
chongqing,2022-10-06,17.5,13.8,15.1,17.5,13.8,15.1,13.9,92.6,5,100,16.67,rain,0,0,21.6,18,303.5,1019.9,100,9.1,4.2,0.4,0,10,2022-10-06T06:49:43,2022-10-06T18:34:12,0.37,"Rain, Overcast",Cloudy skies throughout the day with a chance of rain throughout the day.,rain,"ZUCK,57516099999"
chongqing,2022-10-07,16,13,14.7,16,13,14.7,13.6,93.4,4.7,100,12.5,rain,0,0,14.4,7.2,74.6,1022.2,90.9,9.1,7.3,0.7,0,10,2022-10-07T06:50:18,2022-10-07T18:33:02,0.4,"Rain, Overcast",Cloudy skies throughout the day with a chance of rain throughout the day.,rain,"ZUCK,57516099999"
chongqing,2022-10-08,16,14,15.2,16,14,15.2,14.3,94.4,7,100,20.83,rain,0,0,14.4,10.8,43.2,1021.3,95.8,7.8,6,0.5,0,10,2022-10-08T06:50:53,2022-10-08T18:31:53,0.44,"Rain, Overcast",Cloudy skies throughout the day with a chance of rain throughout the day.,rain,"ZUCK,57516099999"
chongqing,2022-10-09,18,15,16.1,18,15,16.1,13.8,86.4,8.1,100,16.67,rain,0,0,18,14.4,332,1029.2,60.8,10,12.7,1.1,1,10,2022-10-09T06:51:28,2022-10-09T18:30:44,0.47,"Rain, Partially cloudy",Partly cloudy throughout the day with a chance of rain throughout the day.,rain,"ZUCK,57516099999"
chongqing,2022-10-10,21.1,13,16.9,21.1,13,16.9,9.3,62.2,0,0,0,,0,0,18,14.4,309.1,1027.6,92.7,12.1,182.7,15.7,7,10,2022-10-10T06:52:04,2022-10-10T18:29:35,0.5,Overcast,Cloudy skies throughout the day.,cloudy,"ZUCK,57516099999"
chongqing,2022-10-11,23.4,13,18.4,23.4,13,18.4,8.3,53,0,0,0,,0,0,18,14.4,348.7,1022.2,65.9,12.5,230.6,20,8,10,2022-10-11T06:52:40,2022-10-11T18:28:27,0.54,Partially cloudy,Clearing in the afternoon.,partly-cloudy-day,"ZUCK,57516099999"
chongqing,2022-10-12,22,17,19.1,22,17,19.1,10.5,57.9,0,0,0,,0,0,18,10.8,321.2,1020.6,99.9,11.3,44.6,3.7,2,10,2022-10-12T06:53:17,2022-10-12T18:27:20,0.57,Overcast,Cloudy skies throughout the day.,cloudy,"ZUCK,57516099999"
chongqing,2022-10-13,18.7,17,17.6,18.7,17,17.6,13.4,76.7,0,0,0,,0,0,14.4,10.8,259.3,1022,52,6.7,41.3,3.5,2,10,2022-10-13T06:53:53,2022-10-13T18:26:13,0.61,Partially cloudy,Partly cloudy throughout the day.,partly-cloudy-day,"ZUCK,57516099999"
chongqing,2022-10-14,18.9,16,17.4,18.9,16,17.4,13.2,76.3,0,0,0,,0,0,14.4,14.4,257.9,1022.7,46.6,6.4,68.4,6,4,10,2022-10-14T06:54:31,2022-10-14T18:25:07,0.64,Partially cloudy,Partly cloudy throughout the day.,partly-cloudy-day,"ZUCK,57516099999"
chongqing,2022-10-15,21.5,16,18.5,21.5,16,18.5,13.8,74.7,0,0,0,,0,0,18,10.8,299.1,1022.2,31.3,5.4,168.8,14.6,7,10,2022-10-15T06:55:08,2022-10-15T18:24:02,0.67,Partially cloudy,Partly cloudy throughout the day.,partly-cloudy-day,"ZUCK,57516099999"
chongqing,2022-10-16,24.7,17,19.8,24.7,17,19.8,14,70.7,0,0,0,,0,0,18,10.8,293,1024.1,18.3,6.4,202.7,17.4,8,10,2022-10-16T06:55:46,2022-10-16T18:22:57,0.7,Clear,Clear conditions throughout the day.,clear-day,"ZUCK,57516099999"
chongqing,2022-10-17,26,15,20.2,26,15,20.2,13.9,69.1,0,0,0,,0,0,14.4,10.8,318.3,1024.7,34.3,6.9,217.6,18.8,8,10,2022-10-17T06:56:25,2022-10-17T18:21:53,0.73,Partially cloudy,Partly cloudy throughout the day.,partly-cloudy-day,"ZUCK,57516099999"
chongqing,2022-10-18,26.3,15,20.5,26.3,15,20.5,12,60.4,0,0,0,,0,0,14.4,10.8,36.6,1023,16.6,9.2,224.2,19.4,8,10,2022-10-18T06:57:03,2022-10-18T18:20:50,0.75,Clear,Clear conditions throughout the day.,clear-day,"ZUCK,57516099999"
chongqing,2022-10-19,27.1,15,21.3,26.3,15,21.1,7.6,45.3,0,0,0,,0,0,18,18,44.5,1018.9,2.2,10.4,228,19.6,8,10,2022-10-19T06:57:43,2022-10-19T18:19:48,0.8,Clear,Clear conditions throughout the day.,clear-day,"ZUCK,57516099999"
chongqing,2022-10-20,28,16,21.9,26.8,16,21.7,4.2,32.6,0,0,0,,0,0,24.8,18,32.9,1016.1,0.8,11.5,224,19.5,8,10,2022-10-20T06:58:22,2022-10-20T18:18:47,0.83,Clear,Clear conditions throughout the day.,clear-day,"ZUCK,57516099999"
chongqing,2022-10-21,27.3,16,21.6,26.6,16,21.5,9,45.6,0,0,0,,0,0,14.4,14.4,324.2,1020.6,20.6,9.5,191.2,16.4,7,10,2022-10-21T06:59:02,2022-10-21T18:17:47,0.86,Partially cloudy,Partly cloudy throughout the day.,partly-cloudy-day,"ZUCK,57516099999"
chongqing,2022-10-22,25.4,18,21.3,25.4,18,21.3,12.4,57.3,0,0,0,,0,0,10.8,7.2,347.9,1022.5,45,7.6,98,8.7,7,10,2022-10-22T06:59:43,2022-10-22T18:16:47,0.89,Partially cloudy,Partly cloudy throughout the day.,partly-cloudy-day,"ZUCK,57516099999"
chongqing,2022-10-23,22.1,19,20.8,22.1,19,20.8,14.6,67.7,0,0,0,,0,0,14.4,21.6,25.4,1021.5,33.3,6,25.8,2.2,1,10,2022-10-23T07:00:23,2022-10-23T18:15:48,0.93,Partially cloudy,Partly cloudy throughout the day.,partly-cloudy-day,"ZUCK,57516099999"
chongqing,2022-10-24,20.3,17,18.5,20.3,17,18.5,13.3,71.9,0,0,0,,0,0,28.8,25.2,31,1020.1,71.9,9.7,50.3,4.4,4,10,2022-10-24T07:01:05,2022-10-24T18:14:51,0.96,Partially cloudy,Partly cloudy throughout the day.,partly-cloudy-day,"ZUCK,57516099999"
chongqing,2022-10-25,18.1,15,16.6,18.1,15,16.6,13,79.6,0,0,0,,0,0,28.8,25.2,27,1018,91.1,10.5,39.6,3.3,2,10,2022-10-25T07:01:46,2022-10-25T18:13:54,0,Overcast,Cloudy skies throughout the day.,cloudy,"ZUCK,57516099999"
chongqing,2022-10-26,18.5,16,16.8,18.5,16,16.8,13.6,81.5,0,0,0,rain,0,0,18,10.8,313.1,1018.3,46,5.7,25.1,2.1,3,10,2022-10-26T07:02:29,2022-10-26T18:12:59,0.03,Partially cloudy,Partly cloudy throughout the day.,partly-cloudy-day,"ZUCK,57516099999"
chongqing,2022-10-27,17.3,15,16.4,17.3,15,16.4,15,91.3,3,100,12.5,rain,0,0,14.4,10.8,14.1,1020.8,88.5,3.8,42.2,3.8,2,10,2022-10-27T07:03:11,2022-10-27T18:12:04,0.06,"Rain, Partially cloudy",Partly cloudy throughout the day with rain.,rain,"ZUCK,57516099999"
chongqing,2022-10-28,19,16,17.1,19,16,17.1,13.3,79,0.2,100,4.17,rain,0,0,18,21.6,34.5,1021.1,84.3,10.6,21.3,1.7,1,10,2022-10-28T07:03:54,2022-10-28T18:11:11,0.1,"Rain, Partially cloudy",Partly cloudy throughout the day with early morning rain.,rain,"ZUCK,57516099999"
chongqing,2022-10-29,19,15,16.8,19,15,16.8,13.1,78.9,1.1,100,8.33,rain,0,0,18,18,7.3,1021.2,94.7,11.4,19.5,1.7,1,10,2022-10-29T07:04:38,2022-10-29T18:10:18,0.13,"Rain, Overcast",Cloudy skies throughout the day with rain clearing later.,rain,"ZUCK,57516099999"
chongqing,2022-10-30,20,16,17.8,20,16,17.8,14,78.9,0,0,0,,0,0,14.4,10.8,356.3,1022.6,73.1,8.3,85,7.2,5,10,2022-10-30T07:05:21,2022-10-30T18:09:27,0.17,Partially cloudy,Partly cloudy throughout the day.,partly-cloudy-day,"ZUCK,57516099999"
chongqing,2022-10-31,24,15,18.9,24,15,18.9,13.8,74,0,0,0,,0,0,14.4,10.8,320.6,1023.8,43.9,8.6,173.1,14.9,7,10,2022-10-31T07:06:06,2022-10-31T18:08:37,0.2,Partially cloudy,Partly cloudy throughout the day.,partly-cloudy-day,"ZUCK,57516099999"
chongqing,2022-11-01,24.3,13,18.8,24.3,13,18.8,13.1,71.3,0,0,0,,0,0,19.4,18,22.1,1019.8,7.5,8.3,202.5,17.5,7,10,2022-11-01T07:06:50,2022-11-01T18:07:48,0.25,Clear,Clear conditions throughout the day.,clear-day,"ZUCK,57516099999"
chongqing,2022-11-02,26,15,19.9,26,15,19.9,10.6,57.7,0,0,0,,0,0,23.8,18,20.9,1015.2,5.5,11,201.2,17.3,7,10,2022-11-02T07:07:35,2022-11-02T18:07:01,0.28,Clear,Clear conditions throughout the day.,clear-day,"ZUCK,57516099999"
chongqing,2022-11-03,22.7,18,19.9,22.7,18,19.9,12.2,61.1,0,0,0,,0,0,14.4,14.4,16.6,1017.9,72.4,9.3,128.8,11.2,6,10,2022-11-03T07:08:21,2022-11-03T18:06:15,0.31,Partially cloudy,Partly cloudy throughout the day.,partly-cloudy-day,"ZUCK,57516099999"
chongqing,2022-11-04,18.7,16,17.5,18.7,16,17.5,13,75.4,0,0,0,rain,0,0,14.4,18,5.7,1022.3,54.1,7.5,17.9,1.7,1,10,2022-11-04T07:09:07,2022-11-04T18:05:30,0.35,Partially cloudy,Partly cloudy throughout the day.,partly-cloudy-day,"ZUCK,57516099999"
chongqing,2022-11-05,21,15,17.4,21,15,17.4,13.5,78.3,1,100,4.17,rain,0,0,14.4,10.9,1.8,1022.3,45,5.3,118.6,10.2,7,10,2022-11-05T07:09:53,2022-11-05T18:04:46,0.38,"Rain, Partially cloudy",Partly cloudy throughout the day with morning rain.,rain,"ZUCK,57516099999"
chongqing,2022-11-06,21.2,16,18.1,21.2,16,18.1,13.4,74.9,0,0,0,,0,0,16.6,14.4,10.1,1018.5,13.7,5,175.5,15,7,10,2022-11-06T07:10:39,2022-11-06T18:04:03,0.42,Clear,Clear conditions throughout the day.,clear-day,"ZUCK,57516099999"
chongqing,2022-11-07,23.3,17,19.7,23.3,17,19.7,14.1,70.4,0,0,0,,0,0,17.6,14.4,334.7,1017.1,19.7,5.4,108.2,9.3,5,10,2022-11-07T07:11:26,2022-11-07T18:03:22,0.45,Clear,Clear conditions throughout the day.,clear-day,"ZUCK,57516099999"
chongqing,2022-11-08,20,17,18.1,20,17,18.1,14.4,79.7,0,0,0,rain,0,0,25.2,28.8,18.9,1016.4,25.1,6.1,135.1,11.7,6,10,2022-11-08T07:12:14,2022-11-08T18:02:43,0.5,Partially cloudy,Partly cloudy throughout the day.,partly-cloudy-day,"ZUCK,57516099999"
chongqing,2022-11-09,24,16,19,24,16,19,14.2,74.4,0,0,0,,0,0,25.2,10.8,19.3,1015.8,29.6,7.9,161.5,14,7,10,2022-11-09T07:13:01,2022-11-09T18:02:05,0.52,Partially cloudy,Becoming cloudy in the afternoon.,partly-cloudy-day,"ZUCK,57516099999"
chongqing,2022-11-10,23,17,19.8,23,17,19.8,15.9,78.5,0,0,0,,0,0,22,14.4,338,1013.4,24.4,5.8,88.6,7.5,4,10,2022-11-10T07:13:49,2022-11-10T18:01:28,0.56,Partially cloudy,Partly cloudy throughout the day.,partly-cloudy-day,"ZUCK,57516099999"
chongqing,2022-11-11,26,17,21.1,26,17,21.1,16.5,76.6,0,0,0,,0,0,28.8,18,347,1011.5,27.8,4.9,106.4,9,7,10,2022-11-11T07:14:37,2022-11-11T18:00:52,0.59,Partially cloudy,Partly cloudy throughout the day.,partly-cloudy-day,"ZUCK,57516099999"
chongqing,2022-11-12,22,13,16.1,22,13,16.1,12,77.1,0,0,0,rain,0,0,28.8,25.2,297.8,1016.3,82,10,15.8,1.4,1,10,2022-11-12T07:15:26,2022-11-12T18:00:18,0.62,Partially cloudy,Partly cloudy throughout the day.,partly-cloudy-day,"ZUCK,57516099999"
chongqing,2022-11-13,14.5,12,12.9,14.5,12,12.9,8.9,77.1,0.1,100,4.17,rain,0,0,18,14.4,284.6,1022.2,87.6,11.8,6.1,0.5,0,10,2022-11-13T07:16:14,2022-11-13T17:59:46,0.65,"Rain, Partially cloudy",Partly cloudy throughout the day with late afternoon rain.,rain,"ZUCK,57516099999"
chongqing,2022-11-14,13.9,11,12,13.9,11,12,10.2,89.3,0,0,0,rain,0,0,14.4,10.8,37.4,1022.6,79.8,6.2,45.6,4,3,10,2022-11-14T07:17:03,2022-11-14T17:59:15,0.68,Partially cloudy,Partly cloudy throughout the day.,partly-cloudy-day,"ZUCK,57516099999"
chongqing,2022-11-15,16,11,13.1,16,11,13.1,10.3,83.3,0,0,0,,0,0,18,14.4,33.3,1019.8,52.7,7.1,95.1,8.2,5,10,2022-11-15T07:17:52,2022-11-15T17:58:46,0.72,Partially cloudy,Partly cloudy throughout the day.,partly-cloudy-day,"ZUCK,57516099999"
chongqing,2022-11-16,16,12,13.8,16,12,13.8,10,78.2,0,0,0,,0,0,7.6,10.8,340.4,1018,52.8,9,123.6,10.7,6,10,2022-11-16T07:18:41,2022-11-16T17:58:18,0.75,Partially cloudy,Partly cloudy throughout the day.,partly-cloudy-day,"ZUCK,57516099999"
chongqing,2022-11-17,17,10,13.8,17,8.5,13.7,10.6,82.2,0,0,0,,0,0,19.1,21.6,27.1,1015.2,0,6.1,83.9,7.3,6,10,2022-11-17T07:19:31,2022-11-17T17:57:52,0.78,Clear,Clear conditions throughout the day.,clear-day,"ZUCK,57516099999"
chongqing,2022-11-18,16.7,15,15.4,16.7,15,15.4,12.7,83.7,0,0,0,,0,0,10.8,10.8,156.2,1018.6,64.1,6.4,49.4,4.3,4,10,2022-11-18T07:20:20,2022-11-18T17:57:27,0.81,Partially cloudy,Partly cloudy throughout the day.,partly-cloudy-day,"ZUCK,57516099999"
chongqing,2022-11-19,21,12,15.7,21,12,15.7,11.9,79.9,0,0,0,,0,0,20.2,18,57.6,1020.3,28.1,4.1,173.9,15,7,10,2022-11-19T07:21:09,2022-11-19T17:57:04,0.85,Partially cloudy,Partly cloudy throughout the day.,partly-cloudy-day,"ZUCK,57516099999"
chongqing,2022-11-20,17.8,12,14.8,17.8,12,14.8,12,83.4,0,0,0,,0,0,29.2,21.6,17.9,1014.1,40.4,5.3,145.4,12.5,6,10,2022-11-20T07:21:59,2022-11-20T17:56:43,0.88,Partially cloudy,Partly cloudy throughout the day.,partly-cloudy-day,"ZUCK,57516099999"
chongqing,2022-11-21,20.1,15,16.9,20.1,15,16.9,12.9,77.9,0,0,0,rain,0,0,26.6,10.8,215.7,1014.5,50,5.3,87,7.5,5,10,2022-11-21T07:22:49,2022-11-21T17:56:23,0.91,Partially cloudy,Partly cloudy throughout the day.,partly-cloudy-day,"ZUCK,57516099999"
chongqing,2022-11-22,18,13,15.4,18,13,15.4,11.9,80,0,0,0,rain,0,0,14.4,10.8,332.7,1018.7,65.2,7.9,41.4,3.4,3,10,2022-11-22T07:23:38,2022-11-22T17:56:05,0.94,Partially cloudy,Partly cloudy throughout the day.,partly-cloudy-day,"ZUCK,57516099999"
chongqing,2022-11-23,16,13,14.9,16,13,14.9,13.2,89.4,0.6,100,8.33,rain,0,0,14.4,10.8,9.1,1018.3,54.7,5,7.5,0.7,0,10,2022-11-23T07:24:28,2022-11-23T17:55:48,0.97,"Rain, Partially cloudy",Partly cloudy throughout the day with rain.,rain,"ZUCK,57516099999"
chongqing,2022-11-24,17.3,14,15.6,17.3,14,15.6,13.6,88.4,2.5,100,8.33,rain,0,0,11.5,10.8,9.4,1018.4,76,5.2,23.7,2.1,2,10,2022-11-24T07:25:17,2022-11-24T17:55:33,0,"Rain, Partially cloudy",Partly cloudy throughout the day with rain clearing later.,rain,"ZUCK,57516099999"
chongqing,2022-11-25,21.1,14,16.9,21.1,14,16.9,13,78.6,0,0,0,,0,0,23.8,21.6,13.8,1018.1,23.1,7.1,159.5,13.8,6,10,2022-11-25T07:26:06,2022-11-25T17:55:20,0.04,Partially cloudy,Partly cloudy throughout the day.,partly-cloudy-day,"ZUCK,57516099999"
chongqing,2022-11-26,19,11,15.6,19,11,15.6,12,80.2,0,0,0,,0,0,21.6,18,20.4,1012.4,12.9,6.2,134,11.6,6,10,2022-11-26T07:26:55,2022-11-26T17:55:08,0.08,Clear,Clear conditions throughout the day.,clear-day,"ZUCK,57516099999"
chongqing,2022-11-27,22,15,18,22,15,18,13.6,76.4,0,0,0,,0,0,25.9,21.6,354.5,1003.4,47.6,5.6,131.7,11.2,6,10,2022-11-27T07:27:44,2022-11-27T17:54:59,0.11,Partially cloudy,Partly cloudy throughout the day.,partly-cloudy-day,"ZUCK,57516099999"
chongqing,2022-11-28,22.5,15,18.1,22.5,15,18.1,13.9,77.3,0,0,0,rain,0,0,21.6,18,230.1,1007.7,50.6,5,57.7,5,3,10,2022-11-28T07:28:33,2022-11-28T17:54:50,0.15,Partially cloudy,Partly cloudy throughout the day.,partly-cloudy-day,"ZUCK,57516099999"
chongqing,2022-11-29,16.5,12,14.7,16.5,12,14.7,13.3,91.8,1.7,100,8.33,rain,0,0,25.2,21.6,345.7,1015.5,90.7,4.5,7.7,0.7,0,10,2022-11-29T07:29:21,2022-11-29T17:54:44,0.18,"Rain, Overcast",Cloudy skies throughout the day with rain.,rain,"ZUCK,57516099999"
chongqing,2022-11-30,12,7,9.1,12,3.4,7.5,7.4,89.3,8.9,100,12.5,rain,0,0,32.4,21.6,21.8,1025.2,95.4,9.8,6.1,0.5,0,10,2022-11-30T07:30:10,2022-11-30T17:54:39,0.25,"Rain, Overcast",Cloudy skies throughout the day with a chance of rain throughout the day.,rain,"ZUCK,57516099999"
chongqing,2022-12-01,7,5,6,6.2,2.4,4.5,4.3,89.1,7.2,100,16.67,rain,0,0,32.4,14.4,88.1,1029.6,84.5,8.4,17.6,1.4,1,10,2022-12-01T07:30:57,2022-12-01T17:54:36,0.25,"Rain, Partially cloudy",Partly cloudy throughout the day with a chance of rain throughout the day.,rain,"ZUCK,57516099999"
chongqing,2022-12-02,8.4,5,6.9,7.2,2.5,5.5,4.2,82.9,5,100,8.33,rain,0,0,18,14.4,36.4,1024.9,85.2,8.5,42,3.5,2,10,2022-12-02T07:31:45,2022-12-02T17:54:35,0.29,"Rain, Partially cloudy",Partly cloudy throughout the day with rain clearing later.,rain,"ZUCK,57516099999"
chongqing,2022-12-03,9.5,6,7.9,9,3.7,6.3,4.1,77.3,0,0,0,,0,0,18,14.4,350,1022.6,54.2,8.2,31.1,2.7,1,10,2022-12-03T07:32:31,2022-12-03T17:54:35,0.32,Partially cloudy,Partly cloudy throughout the day.,partly-cloudy-day,"ZUCK,57516099999"
chongqing,2022-12-04,10,7,8.4,9.8,5.7,7.6,5.7,83.4,0.2,100,4.17,rain,0,0,18,10.8,340.5,1027.5,91.7,6,16,1.4,1,10,2022-12-04T07:33:18,2022-12-04T17:54:37,0.36,"Rain, Overcast",Cloudy skies throughout the day with morning rain.,rain,"ZUCK,57516099999"
chongqing,2022-12-05,12,7,9,12,5.7,8.3,6,82,0,0,0,rain,0,0,21.6,14.4,27,1028.1,57.8,6.9,110.3,9.5,6,10,2022-12-05T07:34:04,2022-12-05T17:54:41,0.39,Partially cloudy,Partly cloudy throughout the day.,partly-cloudy-day,"ZUCK,57516099999"
chongqing,2022-12-06,10.5,8,9.2,10.5,5.5,8.1,5.4,77.6,0,0,0,,0,0,21.6,14.4,16.8,1023.3,84,9.6,57,4.9,3,10,2022-12-06T07:34:49,2022-12-06T17:54:46,0.43,Partially cloudy,Partly cloudy throughout the day.,partly-cloudy-day,"ZUCK,57516099999"
chongqing,2022-12-07,11.5,8,9.5,11.5,6.8,9.1,6.4,81.2,0,0,0,,0,0,18,18,7.7,1022.7,31.2,6.4,120.8,10.4,6,10,2022-12-07T07:35:34,2022-12-07T17:54:53,0.46,Partially cloudy,Partly cloudy throughout the day.,partly-cloudy-day,"ZUCK,57516099999"
chongqing,2022-12-08,12,8,9.9,12,7.3,9.3,6.5,79.5,0,0,0,,0,0,18,10.9,23.8,1023.1,26.2,5.8,73.3,6.3,3,10,2022-12-08T07:36:17,2022-12-08T17:55:01,0.5,Partially cloudy,Partly cloudy throughout the day.,partly-cloudy-day,"ZUCK,57516099999"
chongqing,2022-12-09,12.4,9,10.5,12.4,6.8,10.1,6.1,74.8,0,0,0,,0,0,10.8,14.4,19.1,1021.4,21.3,6.6,72.4,6.2,4,10,2022-12-09T07:37:01,2022-12-09T17:55:12,0.53,Partially cloudy,Partly cloudy throughout the day.,partly-cloudy-day,"ZUCK,57516099999"
chongqing,2022-12-10,11.8,10,10.7,11.8,8.5,10.4,6.7,76.8,0,0,0,,0,0,10.8,14.4,10.9,1022,37.8,6.4,61,5.2,3,10,2022-12-10T07:37:43,2022-12-10T17:55:24,0.57,Partially cloudy,Partly cloudy throughout the day.,partly-cloudy-day,"ZUCK,57516099999"
chongqing,2022-12-11,14,10,11.4,14,8,11.2,6.6,72.7,0,0,0,,0,0,27.7,25.2,28.8,1021.8,40.7,5.2,41.8,3.5,2,10,2022-12-11T07:38:25,2022-12-11T17:55:37,0.6,Partially cloudy,Partly cloudy throughout the day.,partly-cloudy-day,"ZUCK,57516099999"
chongqing,2022-12-12,11.5,8.6,10,11.5,8,9.5,6.9,80.6,0,0,0,rain,0,0,25.2,10.8,350.3,1025.6,78.2,4,24.8,2,1,10,2022-12-12T07:39:06,2022-12-12T17:55:52,0.63,Partially cloudy,Partly cloudy throughout the day.,partly-cloudy-day,"ZUCK,57516099999"
chongqing,2022-12-13,10.7,8,9.3,10.7,6.1,8.4,6.5,83.1,0,0,0,rain,0,0,18.4,18,1.8,1024.8,40.7,3.8,22.8,1.8,2,10,2022-12-13T07:39:46,2022-12-13T17:56:09,0.66,Partially cloudy,Partly cloudy throughout the day.,partly-cloudy-day,"ZUCK,57516099999"
chongqing,2022-12-14,10.7,7.9,9.3,10.7,5.9,8.1,6.1,80.9,0.2,100,4.17,rain,0,0,18,14.4,142.4,1026.5,59.8,5.3,118.5,10.2,4,10,2022-12-14T07:40:25,2022-12-14T17:56:27,0.7,"Rain, Partially cloudy",Partly cloudy throughout the day with early morning rain.,rain,"ZUCK,57516099999"
chongqing,2022-12-15,10.2,5,8.4,10.2,1.9,7.5,4.5,77.2,0,0,0,,0,0,18,14.4,359,1019.1,33.8,4.4,33.4,2.8,1,10,2022-12-15T07:41:03,2022-12-15T17:56:47,0.73,Partially cloudy,Partly cloudy throughout the day.,partly-cloudy-day,"ZUCK,57516099999"
chongqing,2022-12-16,9.7,7,8.5,9.7,3.8,7.8,6,84.5,0.1,100,4.17,rain,0,0,21.6,18.1,79.1,1027,69.7,3.6,69.5,5.9,4,10,2022-12-16T07:41:40,2022-12-16T17:57:08,0.75,"Rain, Partially cloudy",Partly cloudy throughout the day with late afternoon rain.,rain,"ZUCK,57516099999"
chongqing,2022-12-17,7.4,5,6.2,7.3,1.3,4.6,3.8,85.1,3,100,8.33,rain,0,0,21.6,21.6,346.6,1038.8,88.2,7.8,14.9,1.3,1,10,2022-12-17T07:42:16,2022-12-17T17:57:31,0.79,"Rain, Partially cloudy",Partly cloudy throughout the day with rain clearing later.,rain,"ZUCK,57516099999"
chongqing,2022-12-18,8.6,2,5.2,7.2,-0.1,3.4,2.2,81.8,0,0,0,,0,0,14.8,18,359.9,1031.8,28.4,5.9,150.5,13,6,10,2022-12-18T07:42:51,2022-12-18T17:57:55,0.83,Partially cloudy,Partly cloudy throughout the day.,partly-cloudy-day,"ZUCK,57516099999"
chongqing,2022-12-19,12,1,6.1,12,-1.3,5,0.4,69.1,0,0,0,,0,0,24.8,10.8,352.7,1021.3,4.5,7.8,158.8,13.6,6,10,2022-12-19T07:43:25,2022-12-19T17:58:21,0.86,Clear,Clear conditions throughout the day.,clear-day,"ZUCK,57516099999"
chongqing,2022-12-20,9,5,7.3,8.7,4.5,6.5,1.9,69.3,0,0,0,rain,0,0,18,14.4,227.8,1023.6,36.3,7.2,50.6,4.3,3,10,2022-12-20T07:43:58,2022-12-20T17:58:48,0.89,Partially cloudy,Partly cloudy throughout the day.,partly-cloudy-day,"ZUCK,57516099999"
chongqing,2022-12-21,14,2,7.3,14,-0.1,6.2,2.1,72.6,0,0,0,,0,0,20.9,21.6,23.6,1023.2,0.5,5.3,161.8,13.9,6,10,2022-12-21T07:44:29,2022-12-21T17:59:16,0.93,Clear,Clear conditions throughout the day.,clear-day,"ZUCK,57516099999"
chongqing,2022-12-22,11,3,7.2,11,1,6.4,3.5,78.3,0,0,0,,0,0,18,10.8,357.1,1021.6,20.7,3.9,136,11.7,5,10,2022-12-22T07:45:00,2022-12-22T17:59:46,0.96,Partially cloudy,Partly cloudy throughout the day.,partly-cloudy-day,"ZUCK,57516099999"
chongqing,2022-12-23,14,7,9.6,14,5.7,9.3,4.5,72,0,0,0,,0,0,10.8,7.3,317.6,1022.1,29.2,3.9,50.1,4.3,2,10,2022-12-23T07:45:29,2022-12-23T18:00:17,0,Partially cloudy,Partly cloudy throughout the day.,partly-cloudy-day,"ZUCK,57516099999"
chongqing,2022-12-24,16,7,10.8,16,4.9,10.3,4.2,65,0,0,0,,0,0,16.6,21.6,11.5,1021.2,30.9,4.4,142.1,12.3,6,10,2022-12-24T07:45:56,2022-12-24T18:00:49,0.03,Partially cloudy,Partly cloudy throughout the day.,partly-cloudy-day,"ZUCK,57516099999"
chongqing,2022-12-25,11.4,8,9.8,11.4,6.1,9.2,5.6,76.2,0.6,100,4.17,rain,0,0,19.1,21.6,328.8,1019.7,66.7,4.5,13.6,1.1,1,10,2022-12-25T07:46:23,2022-12-25T18:01:23,0.06,"Rain, Partially cloudy",Partly cloudy throughout the day with late afternoon rain.,rain,"ZUCK,57516099999"
chongqing,2022-12-26,7.8,5,6.7,7.8,3.4,5.3,5.4,91.2,2,100,8.33,rain,0,0,21.6,14.4,319,1025.8,85.4,3.6,14.6,1.1,1,10,2022-12-26T07:46:48,2022-12-26T18:01:58,0.09,"Rain, Partially cloudy",Partly cloudy throughout the day with rain clearing later.,rain,"ZUCK,57516099999"
chongqing,2022-12-27,8.4,6,6.9,7.3,2.6,5.1,6,94.3,11.2,100,20.83,rain,0,0,18.4,18,342,1026.8,91.7,3.7,6.7,0.6,0,10,2022-12-27T07:47:11,2022-12-27T18:02:34,0.13,"Rain, Overcast",Cloudy skies throughout the day with a chance of rain throughout the day.,rain,"ZUCK,57516099999"
chongqing,2022-12-28,6.9,5,5.9,6.8,1.9,4.3,4.9,93.5,4,100,12.5,rain,0,0,18,14.4,31.9,1030.2,98.6,6.7,57.6,5.1,4,10,2022-12-28T07:47:34,2022-12-28T18:03:11,0.16,"Rain, Overcast",Cloudy skies throughout the day with a chance of rain throughout the day.,rain,"ZUCK,57516099999"
chongqing,2022-12-29,7.5,5,6.1,7.5,3.4,5.6,4.4,88.6,0.7,100,12.5,rain,0,0,14.4,7.2,90.9,1031.5,94.7,7.7,65.7,5.7,3,10,2022-12-29T07:47:54,2022-12-29T18:03:49,0.2,"Rain, Overcast",Cloudy skies throughout the day with a chance of rain throughout the day.,rain,"ZUCK,57516099999"
chongqing,2022-12-30,11,4,7.7,11,2.2,6.9,3.7,77.4,0,0,0,,0,0,20.9,10.8,9.5,1030.1,46.1,8.8,149.3,12.9,6,10,2022-12-30T07:48:14,2022-12-30T18:04:28,0.25,Partially cloudy,Becoming cloudy in the afternoon.,partly-cloudy-day,"ZUCK,57516099999"
chongqing,2022-12-31,10.4,7,8.6,10.4,5.7,8,5.1,79.4,2.1,100,8.33,rain,0,0,21.2,10.8,317.7,1029.7,58.5,6.6,100,8.6,5,10,2022-12-31T07:48:32,2022-12-31T18:05:09,0.27,"Rain, Partially cloudy",Clearing in the afternoon with rain.,rain,"ZUCK,57516099999"
