name,datetime,tempmax,tempmin,temp,feelslikemax,feelslikemin,feelslike,dew,humidity,precip,precipprob,precipcover,preciptype,snow,snowdepth,windgust,windspeed,winddir,sealevelpressure,cloudcover,visibility,solarradiation,solarenergy,uvindex,severerisk,sunrise,sunset,moonphase,conditions,description,icon,stations
Guatemala,2022-01-01,27,15,19.8,27.1,15,19.8,14.9,76.1,,0,0,,,,,22.3,161.9,1020.6,46.3,8,301.8,13.1,8,,2022-01-01T06:27:14,2022-01-01T17:43:58,0.96,Partially cloudy,Partly cloudy throughout the day.,partly-cloudy-day,"MGGT,F3111,78641099999"
Guatemala,2022-01-02,27,16,20.3,27.5,16,20.4,15.5,76,,0,0,,,,,22.3,306.6,1021.3,56.5,8.4,337.5,14.6,7,,2022-01-02T06:27:36,2022-01-02T17:44:32,0,Partially cloudy,Partly cloudy throughout the day.,partly-cloudy-day,"MGGT,F3111,78641099999"
Guatemala,2022-01-03,23,16,18.8,23,16,18.8,14.5,77.7,,0,0,,,,,33.5,20.3,1023.5,76.5,9.7,152.2,6.6,4,,2022-01-03T06:27:56,2022-01-03T17:45:07,0.03,Partially cloudy,Partly cloudy throughout the day.,partly-cloudy-day,"MGGT,F3111,78641099999"
Guatemala,2022-01-04,21,14,17,21,14,17,12.5,76.6,,0,0,,,,,40.7,25.6,1022.8,59.4,10,186.1,7.4,4,,2022-01-04T06:28:16,2022-01-04T17:45:42,0.06,Partially cloudy,Partly cloudy throughout the day.,partly-cloudy-day,"MGGT,F3111,78641099999"
Guatemala,2022-01-05,25,13,18,25,13,18,12.6,73.7,,0,0,,,,,29.5,21.2,1020.1,52.2,10,439,19,9,,2022-01-05T06:28:35,2022-01-05T17:46:17,0.1,Partially cloudy,Clearing in the afternoon.,partly-cloudy-day,"MGGT,F3111,78641099999"
Guatemala,2022-01-06,26,15,18.8,26,15,18.8,13.7,74.8,,0,0,,,,,22.3,196.9,1019.6,73,10.4,419.1,18,8,,2022-01-06T06:28:53,2022-01-06T17:46:52,0.13,Partially cloudy,Partly cloudy throughout the day.,partly-cloudy-day,"MGGT,F3111,78641099999"
Guatemala,2022-01-07,25,16,19,25,16,19,13.9,74,,0,0,,,,,22.3,25.4,1021.7,65.7,9.3,343.3,14.8,8,,2022-01-07T06:29:10,2022-01-07T17:47:27,0.16,Partially cloudy,Partly cloudy throughout the day.,partly-cloudy-day,"MGGT,F3111,78641099999"
Guatemala,2022-01-08,24,14,18.3,24,14,18.3,12.6,72,,0,0,,,,,29.5,26.4,1023.8,83.7,10,376.2,16.2,9,,2022-01-08T06:29:25,2022-01-08T17:48:03,0.2,Partially cloudy,Partly cloudy throughout the day.,partly-cloudy-day,"MGGT,F3111,78641099999"
Guatemala,2022-01-09,25,15,19,25,15,19,13.2,71.6,,0,0,,,,,25.9,16.7,1024,64.2,10,405.9,17.5,9,,2022-01-09T06:29:40,2022-01-09T17:48:38,0.25,Partially cloudy,Partly cloudy throughout the day.,partly-cloudy-day,"MGGT,F3111,78641099999"
Guatemala,2022-01-10,21,14,17,21,14,17,13.2,79.4,0.1,100,4.17,rain,0,0,22,37.1,10.1,1024.3,77.6,10,76.6,4.7,2,10,2022-01-10T06:29:54,2022-01-10T17:49:13,0.26,"Rain, Partially cloudy",Partly cloudy throughout the day with late afternoon rain.,rain,"MGGT,F3111,78641099999"
Guatemala,2022-01-11,23,14,17.6,23,14,17.6,12.3,72.5,0,0,0,,0,0,55.4,44.6,15.3,1024.3,67.8,11.4,133,10.4,6,10,2022-01-11T06:30:07,2022-01-11T17:49:48,0.29,Partially cloudy,Partly cloudy throughout the day.,partly-cloudy-day,"MGGT,F3111,78641099999"
Guatemala,2022-01-12,22,14.8,17.3,22,14.8,17.3,11.8,71.2,0.1,100,4.17,rain,0,0,19.1,37.1,14.3,1024,68.8,10.6,94.5,7.3,4,10,2022-01-12T06:30:18,2022-01-12T17:50:23,0.33,"Rain, Partially cloudy",Partly cloudy throughout the day with afternoon rain.,rain,"MGGT,F3111,78641099999"
Guatemala,2022-01-13,23,13,17.6,23,13,17.6,12.3,73.3,0.1,100,4.17,rain,0,0,14.4,29.5,21.9,1023.7,53.6,10,237.2,18.7,9,10,2022-01-13T06:30:29,2022-01-13T17:50:58,0.36,"Rain, Partially cloudy",Becoming cloudy in the afternoon with early morning rain.,rain,"MGGT,F3111,78641099999"
Guatemala,2022-01-14,22,14,17.2,22,14,17.2,12.5,75.3,0.8,100,16.67,rain,0,0,11.9,25.9,17.9,1022.4,56.2,10,200.2,15.8,10,10,2022-01-14T06:30:38,2022-01-14T17:51:32,0.39,"Rain, Partially cloudy",Partly cloudy throughout the day with afternoon rain.,rain,"MGGT,F3111,78641099999"
Guatemala,2022-01-15,23,12,17.1,23,12,17.1,13,78.5,0.3,100,8.33,rain,0,0,19.4,29.5,198.1,1021.3,37.8,9.2,206.6,16.5,9,10,2022-01-15T06:30:46,2022-01-15T17:52:07,0.43,"Rain, Partially cloudy",Partly cloudy throughout the day with afternoon rain.,rain,"MGGT,F3111,78641099999"
Guatemala,2022-01-16,22,13,17.2,22,13,17.2,12.1,73.9,0.8,100,25,rain,0,0,18.7,33.5,5.5,1022.3,60.7,11,142.5,11.3,6,10,2022-01-16T06:30:54,2022-01-16T17:52:41,0.46,"Rain, Partially cloudy",Partly cloudy throughout the day with a chance of rain throughout the day.,rain,"MGGT,F3111,78641099999"
Guatemala,2022-01-17,22,11,15.5,22,11,15.5,11,76.1,0,0,0,,0,0,10.1,33.5,24.2,1022.4,61.3,10.3,181.2,14.4,9,10,2022-01-17T06:31:00,2022-01-17T17:53:15,0.5,Partially cloudy,Clearing in the afternoon.,partly-cloudy-day,"MGGT,F3111,78641099999"
Guatemala,2022-01-18,23,12,16,23,12,16,10.5,72.4,0,0,0,,0,0,10.4,29.5,24.9,1022.2,49.9,10,250.9,20.1,9,10,2022-01-18T06:31:05,2022-01-18T17:53:48,0.53,Partially cloudy,Clearing in the afternoon.,partly-cloudy-day,"MGGT,F3111,78641099999"
Guatemala,2022-01-19,26,12,17.5,26,12,17.5,10.7,67.6,0,0,0,,0,0,10.1,25.9,26.3,1021,32.3,10,245.7,19.6,9,10,2022-01-19T06:31:09,2022-01-19T17:54:21,0.56,Partially cloudy,Partly cloudy throughout the day.,partly-cloudy-day,"MGGT,F3111,78641099999"
Guatemala,2022-01-20,26,13,18.3,26,13,18.3,10.8,66.7,0,0,0,,0,0,9,29.5,23.4,1020.5,22.4,10.6,250,19.8,9,10,2022-01-20T06:31:11,2022-01-20T17:54:54,0.6,Partially cloudy,Partly cloudy throughout the day.,partly-cloudy-day,"MGGT,F3111,78641099999,remote"
Guatemala,2022-01-21,26,13,18.8,26,13,18.8,11.8,67.5,0,0,0,,0,0,12.6,25.9,16.4,1021.5,24.5,10.6,247.5,19.7,9,10,2022-01-21T06:31:13,2022-01-21T17:55:27,0.63,Partially cloudy,Partly cloudy throughout the day.,partly-cloudy-day,"MGGT,F3111,78641099999"
Guatemala,2022-01-22,25,14,18.7,25,14,18.7,13,71.7,0.1,100,4.17,rain,0,0,22,33.5,18,1022.2,43.4,10.6,156.4,12.4,8,10,2022-01-22T06:31:13,2022-01-22T17:55:59,0.67,"Rain, Partially cloudy",Partly cloudy throughout the day with afternoon rain.,rain,"MGGT,F3111,78641099999"
Guatemala,2022-01-23,22,15,18.1,22,15,18.1,13.5,75.9,0.2,100,8.33,rain,0,0,17.6,33.5,18.4,1021.1,62.5,10,122.2,9.7,5,10,2022-01-23T06:31:12,2022-01-23T17:56:31,0.7,"Rain, Partially cloudy",Partly cloudy throughout the day with rain.,rain,"MGGT,F3111,78641099999"
Guatemala,2022-01-24,26,15,18.6,26,15,18.6,14.1,77,0.1,100,4.17,rain,0,0,14.8,25.9,26.1,1020.1,83.9,9.9,187.5,14.9,9,10,2022-01-24T06:31:11,2022-01-24T17:57:03,0.74,"Rain, Partially cloudy",Partly cloudy throughout the day with afternoon rain.,rain,"MGGT,F3111,78641099999"
Guatemala,2022-01-25,26,13,19,26,13,19,14.2,76.3,0,0,0,,0,0,14,33.5,188.7,1020.1,22,8.7,262.2,20.8,10,10,2022-01-25T06:31:07,2022-01-25T17:57:33,0.75,Partially cloudy,Partly cloudy throughout the day.,partly-cloudy-day,"MGGT,F3111,78641099999"
Guatemala,2022-01-26,25,15,18.8,25,15,18.8,14.2,76.4,0.1,100,4.17,rain,0,0,13.7,29.5,17.2,1021.5,57.2,10.5,170,14.4,8,10,2022-01-26T06:31:03,2022-01-26T17:58:04,0.81,"Rain, Partially cloudy",Partly cloudy throughout the day with morning rain.,rain,"MGGT,F3111,78641099999"
Guatemala,2022-01-27,26,14,19,26,14,19,12,67.2,0,0,0,,0,0,14.8,40.7,23.6,1022.5,39,10.6,243.6,19.4,10,10,2022-01-27T06:30:58,2022-01-27T17:58:34,0.84,Partially cloudy,Clearing in the afternoon.,partly-cloudy-day,"MGGT,F3111,78641099999"
Guatemala,2022-01-28,26,14,18.8,26,14,18.8,12.2,69.1,0.1,100,4.17,rain,0,0,13.3,25.9,19.6,1022.6,44.3,9.8,203.9,16.2,8,10,2022-01-28T06:30:51,2022-01-28T17:59:04,0.88,"Rain, Partially cloudy",Partly cloudy throughout the day with late afternoon rain.,rain,"MGGT,F3111,78641099999"
Guatemala,2022-01-29,21,13,16.5,21,13,16.5,12.5,78.1,0.4,100,12.5,rain,0,0,26.3,37.1,10.9,1023.3,80.1,9.8,67.3,5.4,3,10,2022-01-29T06:30:44,2022-01-29T17:59:33,0.91,"Rain, Partially cloudy",Partly cloudy throughout the day with rain in the morning and afternoon.,rain,"MGGT,F3111,78641099999"
Guatemala,2022-01-30,24,11,15.8,24,11,15.8,9.4,67.6,0.1,100,4.17,rain,0,0,14.8,37.1,21,1023.7,43.3,10,274.5,21.9,10,10,2022-01-30T06:30:35,2022-01-30T18:00:01,0.95,"Rain, Partially cloudy",Partly cloudy throughout the day with morning rain.,rain,"MGGT,F3111,78641099999"
Guatemala,2022-01-31,26,10,16.7,26,7.5,16.5,11.7,74.8,0.1,100,4.17,rain,0,0,14,25.9,318.7,1021.3,45.9,11.1,249.6,19.6,10,10,2022-01-31T06:30:25,2022-01-31T18:00:29,0,"Rain, Partially cloudy",Partly cloudy throughout the day with afternoon rain.,rain,"MGGT,F3111,78641099999"
Guatemala,2022-02-01,25,12,18.2,25,12,18.2,13.3,76,0,0,0,,0,0,20.9,25.9,193.1,1019.1,34.7,10.6,233.4,18.6,10,10,2022-02-01T06:30:14,2022-02-01T18:00:57,0.02,Partially cloudy,Partly cloudy throughout the day.,partly-cloudy-day,"MGGT,F3111,78641099999"
Guatemala,2022-02-02,25,14,18.5,25,14,18.5,13.7,76.7,0,0,0,,0,0,22,25.9,194.6,1019,43.7,7.9,269.8,21.4,10,10,2022-02-02T06:30:02,2022-02-02T18:01:24,0.05,Partially cloudy,Partly cloudy throughout the day.,partly-cloudy-day,"MGGT,F3111,78641099999"
Guatemala,2022-02-03,25,12,18.1,25,12,18.1,12.7,74,0,0,0,,0,0,19.1,25.9,192.8,1020.6,31.1,8,271.4,21.6,10,10,2022-02-03T06:29:49,2022-02-03T18:01:50,0.08,Partially cloudy,Partly cloudy throughout the day.,partly-cloudy-day,"MGGT,F3111,78641099999"
Guatemala,2022-02-04,25,13,19.2,25,13,19.2,12.7,69.5,0,0,0,,0,0,18.4,29.5,20,1023.1,48.1,8.3,221,17.5,9,10,2022-02-04T06:29:35,2022-02-04T18:02:16,0.11,Partially cloudy,Partly cloudy throughout the day.,partly-cloudy-day,"MGGT,F3111,78641099999"
Guatemala,2022-02-05,23,13.9,17.7,23,13.9,17.7,12.1,71.5,0.6,100,20.83,rain,0,0,31.7,44.6,16.8,1023.5,58.9,11.2,131.5,10.4,7,10,2022-02-05T06:29:19,2022-02-05T18:02:41,0.15,"Rain, Partially cloudy",Partly cloudy throughout the day with a chance of rain throughout the day.,rain,"MGGT,F3111,78641099999,remote"
Guatemala,2022-02-06,24,13,18.1,24,13,18.1,11.3,66.4,0.1,100,4.17,rain,0,0,15.8,29.5,18.4,1022.2,38.7,10,247,19.7,10,10,2022-02-06T06:29:03,2022-02-06T18:03:06,0.18,"Rain, Partially cloudy",Partly cloudy throughout the day with morning rain.,rain,"MGGT,F3111,remote,78641099999"
Guatemala,2022-02-07,25,14,18.2,25,14,18.2,13.1,73.6,0.3,100,12.5,rain,0,0,8.6,22.3,23.5,1021.6,62.4,10,216.5,17.2,10,10,2022-02-07T06:28:45,2022-02-07T18:03:30,0.21,"Rain, Partially cloudy",Partly cloudy throughout the day with afternoon rain.,rain,"MGGT,F3111,78641099999"
Guatemala,2022-02-08,22,14,17.2,22,14,17.2,12.3,74.2,1,100,33.33,rain,0,0,18,25.9,23.4,1021.7,74.1,9.8,114,9.1,4,10,2022-02-08T06:28:27,2022-02-08T18:03:53,0.25,"Rain, Partially cloudy",Partly cloudy throughout the day with a chance of rain throughout the day.,rain,"MGGT,F3111,78641099999"
Guatemala,2022-02-09,24,13,17.5,24,13,17.5,11.5,69.8,0.2,100,8.33,rain,0,0,14.4,29.5,27.2,1021.1,48.2,10,285.2,22.4,10,10,2022-02-09T06:28:07,2022-02-09T18:04:16,0.28,"Rain, Partially cloudy",Partly cloudy throughout the day with rain clearing later.,rain,"MGGT,F3111,78641099999"
Guatemala,2022-02-10,26,12,17.7,26,12,17.7,12,71.6,0,0,0,,0,0,17.3,29.5,30.2,1020.5,46.4,10.6,230.2,18.3,10,10,2022-02-10T06:27:47,2022-02-10T18:04:39,0.31,Partially cloudy,Partly cloudy throughout the day.,partly-cloudy-day,"MGGT,F3111,78641099999"
Guatemala,2022-02-11,26,14.9,18.7,26,14.9,18.7,13.3,73,0.2,100,8.33,rain,0,0,13.3,22.3,16.5,1019.8,55.9,10.6,230.9,18.3,10,10,2022-02-11T06:27:25,2022-02-11T18:05:00,0.34,"Rain, Partially cloudy",Partly cloudy throughout the day with rain.,rain,"MGGT,F3111,78641099999"
Guatemala,2022-02-12,28,15,19.8,27.8,15,19.8,14.1,71.9,0.1,100,4.17,rain,0,0,12.2,25.9,28.3,1020.5,56,10,221.4,17.6,10,10,2022-02-12T06:27:03,2022-02-12T18:05:22,0.37,"Rain, Partially cloudy",Partly cloudy throughout the day with afternoon rain.,rain,"MGGT,F3111,78641099999"
Guatemala,2022-02-13,23,16,18.4,23,16,18.4,13.7,75.2,0.7,100,20.83,rain,0,0,36,48.2,12.9,1022.3,74.1,10,82.8,6.4,3,10,2022-02-13T06:26:40,2022-02-13T18:05:42,0.4,"Rain, Partially cloudy",Partly cloudy throughout the day with rain.,rain,"MGGT,F3111,78641099999"
Guatemala,2022-02-14,22,13,17.1,22,13,17.1,9.5,62.1,0,0,0,rain,0,0,43.2,55.4,6,1023.3,56.3,11.2,142.5,11.3,5,10,2022-02-14T06:26:15,2022-02-14T18:06:02,0.44,Partially cloudy,Partly cloudy throughout the day.,wind,"MGGT,F3111,78641099999"
Guatemala,2022-02-15,24,12,17.2,24,12,17.2,10.6,66.9,0,0,0,,0,0,15.5,37.1,18.5,1023.5,57.8,10.6,284.5,22.5,10,10,2022-02-15T06:25:50,2022-02-15T18:06:22,0.47,Partially cloudy,Partly cloudy throughout the day.,partly-cloudy-day,"MGGT,F3111,78641099999"
Guatemala,2022-02-16,25,14,18.3,25,14,18.3,11.3,66,0,0,0,,0,0,14,37.1,20.8,1023,34.9,10,289,23,10,10,2022-02-16T06:25:24,2022-02-16T18:06:41,0.5,Partially cloudy,Partly cloudy throughout the day.,partly-cloudy-day,"MGGT,F3111,78641099999"
Guatemala,2022-02-17,28,13,19.3,27.3,13,19.2,12.6,69.5,0,0,0,,0,0,13.7,25.9,34.5,1021.8,43,10,307.3,24.2,10,10,2022-02-17T06:24:57,2022-02-17T18:06:59,0.54,Partially cloudy,Becoming cloudy in the afternoon.,partly-cloudy-day,"MGGT,F3111,78641099999"
Guatemala,2022-02-18,27,16,20.4,27,16,20.4,13.5,67.9,0,0,0,,0,0,24.1,33.5,18,1021.6,55.6,10,267,21.4,10,10,2022-02-18T06:24:29,2022-02-18T18:07:17,0.57,Partially cloudy,Partly cloudy throughout the day.,partly-cloudy-day,"MGGT,F3111,78641099999"
Guatemala,2022-02-19,24,15,18.5,24,15,18.5,12.8,71.4,0.1,100,4.17,rain,0,0,25.2,37.1,13.8,1022.9,53.7,11.2,122.5,9.6,10,10,2022-02-19T06:24:01,2022-02-19T18:07:34,0.61,"Rain, Partially cloudy",Partly cloudy throughout the day with afternoon rain.,rain,"MGGT,F3111,78641099999"
Guatemala,2022-02-20,21,14,16.9,21,14,16.9,11.2,69.2,0.2,100,8.33,rain,0,0,23,37.1,14.6,1023.3,77,10.1,45,3.5,2,10,2022-02-20T06:23:31,2022-02-20T18:07:51,0.64,"Rain, Partially cloudy",Partly cloudy throughout the day with rain.,rain,"MGGT,F3111,78641099999"
Guatemala,2022-02-21,26,14,18.7,26,14,18.7,11.5,65.6,0,0,0,,0,0,21.2,37.1,23.1,1022.7,57.1,10,256.3,20.3,10,10,2022-02-21T06:23:01,2022-02-21T18:08:07,0.68,Partially cloudy,Partly cloudy throughout the day.,partly-cloudy-day,"MGGT,F3111,78641099999"
Guatemala,2022-02-22,27,14,19.6,26.5,14,19.6,11.9,64.6,0,0,0,,0,0,12.2,33.5,19.5,1022.3,43.5,10.6,286.2,22.6,10,10,2022-02-22T06:22:30,2022-02-22T18:08:23,0.72,Partially cloudy,Clearing in the afternoon.,partly-cloudy-day,"MGGT,F3111,78641099999"
Guatemala,2022-02-23,27,15,19.8,26.5,15,19.8,12.6,66.9,0,0,0,,0,0,13.3,29.5,16.7,1021.8,47.8,9.6,210.1,16.7,8,10,2022-02-23T06:21:58,2022-02-23T18:08:38,0.75,Partially cloudy,Partly cloudy throughout the day.,partly-cloudy-day,"MGGT,F3111,78641099999"
Guatemala,2022-02-24,27,15,19.9,26.8,15,19.9,12.8,66.7,0,0,0,,0,0,14,29.5,19.4,1021.5,46.5,9.9,266,21.1,10,10,2022-02-24T06:21:26,2022-02-24T18:08:52,0.79,Partially cloudy,Partly cloudy throughout the day.,partly-cloudy-day,"MGGT,F3111,78641099999"
Guatemala,2022-02-25,24,15,18.4,24,15,18.4,13.3,74,0,0,0,,0,0,19.1,37.1,21.1,1023.1,63,10.6,147.7,11.6,7,10,2022-02-25T06:20:52,2022-02-25T18:09:07,0.82,Partially cloudy,Partly cloudy throughout the day.,partly-cloudy-day,"MGGT,F3111,78641099999"
Guatemala,2022-02-26,25,13.1,18.1,25,13.1,18.1,12,71,0,0,0,rain,0,0,23.4,33.5,17.9,1023.9,47.1,10.6,193.7,15.5,9,10,2022-02-26T06:20:18,2022-02-26T18:09:20,0.86,Partially cloudy,Partly cloudy throughout the day.,partly-cloudy-day,"MGGT,F3111,78641099999"
Guatemala,2022-02-27,24,14,18.1,24,14,18.1,12,70.1,0,0,0,,0,0,26.6,29.5,20,1023.5,49.7,10,154.8,12.3,6,10,2022-02-27T06:19:44,2022-02-27T18:09:34,0.89,Partially cloudy,Partly cloudy throughout the day.,partly-cloudy-day,"MGGT,F3111,78641099999"
Guatemala,2022-02-28,22,15,17.3,22,15,17.3,11.9,71.4,0.1,100,4.17,rain,0,0,26.3,40.7,21,1022.9,65.4,10,173.4,13.8,8,10,2022-02-28T06:19:09,2022-02-28T18:09:46,0.93,"Rain, Partially cloudy",Partly cloudy throughout the day with afternoon rain.,rain,"MGGT,F3111,78641099999"
Guatemala,2022-03-01,24,14,17.5,24,14,17.5,11.7,70.8,0.2,100,8.33,rain,0,0,16.9,37.1,19.7,1022.5,83.1,10.6,134.5,10.8,7,10,2022-03-01T06:18:33,2022-03-01T18:09:59,0.96,"Rain, Partially cloudy",Partly cloudy throughout the day with rain in the morning and afternoon.,rain,"MGGT,F3111,78641099999"
Guatemala,2022-03-02,25,13,18.2,25,13,18.2,11.5,67.4,0,0,0,,0,0,18.7,37.1,17.6,1022.9,46.7,10,295,23.4,10,10,2022-03-02T06:17:57,2022-03-02T18:10:11,0,Partially cloudy,Partly cloudy throughout the day.,partly-cloudy-day,"MGGT,F3111,78641099999"
Guatemala,2022-03-03,25,15,18.5,25,15,18.5,12.8,71.4,0,0,0,,0,0,24.5,29.5,23.4,1022.8,62.5,10,155.4,12.4,7,10,2022-03-03T06:17:20,2022-03-03T18:10:22,0.03,Partially cloudy,Partly cloudy throughout the day.,partly-cloudy-day,"MGGT,F3111,78641099999"
Guatemala,2022-03-04,25,14,18.4,25,14,18.4,11.9,69.1,0,0,0,,0,0,21.6,29.5,20.4,1023.3,62.9,10,197.4,15.6,9,10,2022-03-04T06:16:43,2022-03-04T18:10:34,0.06,Partially cloudy,Partly cloudy throughout the day.,partly-cloudy-day,"MGGT,F3111,78641099999"
Guatemala,2022-03-05,26,13,18.7,26,13,18.7,11.3,65.5,0,0,0,,0,0,11.5,25.9,27.5,1022.1,73.4,11.2,218.6,16.5,10,10,2022-03-05T06:16:05,2022-03-05T18:10:44,0.1,Partially cloudy,Partly cloudy throughout the day.,partly-cloudy-day,"MGGT,F3111,78641099999,remote"
Guatemala,2022-03-06,27,14,19.4,27.1,14,19.4,13.6,71.9,0,0,0,,0,0,13.7,22.3,23.5,1022.2,71,8.7,179.7,14.2,8,10,2022-03-06T06:15:26,2022-03-06T18:10:55,0.13,Partially cloudy,Partly cloudy throughout the day.,partly-cloudy-day,"MGGT,F3111,78641099999"
Guatemala,2022-03-07,28,15,20.4,28,15,20.4,14.5,72.1,0,0,0,,0,0,17.3,22.3,215.6,1021.2,51,8.7,144.7,12.1,5,10,2022-03-07T06:14:48,2022-03-07T18:11:05,0.16,Partially cloudy,Partly cloudy throughout the day.,partly-cloudy-day,"MGGT,F3111,78641099999"
Guatemala,2022-03-08,28,16,19.9,27.3,16,19.9,15,75.8,0.2,100,8.33,rain,0,0,16.2,22.3,333,1019.9,61.5,9,177.8,15.5,9,10,2022-03-08T06:14:08,2022-03-08T18:11:15,0.19,"Rain, Partially cloudy",Partly cloudy throughout the day with rain.,rain,"MGGT,F3111,78641099999"
Guatemala,2022-03-09,27,17,20.6,27.3,17,20.6,15.2,73.9,0.5,100,20.83,rain,0,0,15.8,29.5,204.2,1019.7,78.3,9.2,166.2,14.4,7,10,2022-03-09T06:13:29,2022-03-09T18:11:24,0.23,"Rain, Partially cloudy",Partly cloudy throughout the day with rain in the morning and afternoon.,rain,"MGGT,F3111,78641099999"
Guatemala,2022-03-10,27,17,20.4,27.1,17,20.4,14.9,73.1,0,0,0,,0,0,19.4,25.9,196.3,1020.2,46.9,8.6,177.8,15.3,8,10,2022-03-10T06:12:49,2022-03-10T18:11:33,0.25,Partially cloudy,Partly cloudy throughout the day.,partly-cloudy-day,"MGGT,F3111,78641099999"
Guatemala,2022-03-11,27,16,20.4,27.3,16,20.4,15.2,74.1,0.1,100,4.17,rain,0,0,20.2,29.5,205.3,1020.1,55.3,7.7,149,12.9,9,10,2022-03-11T06:12:08,2022-03-11T18:11:42,0.29,"Rain, Partially cloudy",Partly cloudy throughout the day with afternoon rain.,rain,"MGGT,F3111,78641099999"
Guatemala,2022-03-12,28,15,20.3,27.6,15,20.2,14.2,70.8,0.3,100,12.5,rain,0,0,36.4,44.6,14.4,1021,47.9,8.4,150.6,13.1,6,10,2022-03-12T06:11:27,2022-03-12T18:11:51,0.32,"Rain, Partially cloudy",Partly cloudy throughout the day with rain.,rain,"MGGT,F3111,78641099999"
Guatemala,2022-03-13,23,15,18,23,15,18,13.3,76.2,1.2,100,33.33,rain,0,0,23,44.6,13.8,1023,79,9.8,92.5,8.1,4,10,2022-03-13T06:10:46,2022-03-13T18:11:59,0.35,"Rain, Partially cloudy",Partly cloudy throughout the day with rain clearing later.,rain,"MGGT,F3111,78641099999"
Guatemala,2022-03-14,28,14,20.5,27.8,14,20.5,13,64.9,0,0,0,rain,0,0,19.4,25.9,20.1,1022.9,38.8,10,251.8,21.6,10,10,2022-03-14T06:10:05,2022-03-14T18:12:07,0.39,Partially cloudy,Partly cloudy throughout the day.,partly-cloudy-day,"MGGT,F3111,78641099999"
Guatemala,2022-03-15,28,17,20.8,27.6,17,20.7,14.1,68,1.1,100,12.5,rain,0,0,22.3,25.9,19.7,1022.5,56.7,10,213.8,18.6,10,10,2022-03-15T06:09:24,2022-03-15T18:12:15,0.42,"Rain, Partially cloudy",Partly cloudy throughout the day with rain.,rain,"MGGT,F3111,78641099999"
Guatemala,2022-03-16,28,15,20.2,27.5,15,20.2,13.2,67.4,0,0,0,,0,0,19.4,29.5,20.3,1021.2,37.4,10.6,262.5,22.7,10,10,2022-03-16T06:08:42,2022-03-16T18:12:23,0.45,Partially cloudy,Partly cloudy throughout the day.,partly-cloudy-day,"MGGT,F3111,remote,78641099999"
Guatemala,2022-03-17,26,15,20,26,15,20,14.2,71.3,0.2,100,8.33,rain,0,0,17.6,25.9,200.6,1020.2,51,9.3,170.3,14.8,8,10,2022-03-17T06:08:00,2022-03-17T18:12:30,0.48,"Rain, Partially cloudy",Becoming cloudy in the afternoon with late afternoon rain.,rain,"MGGT,F3111,78641099999"
Guatemala,2022-03-18,27,16,20.5,27.5,16,20.6,15.7,76.2,1,100,16.67,rain,0,0,15.1,29.5,187.2,1020.5,63.6,7.5,164.3,14,9,10,2022-03-18T06:07:18,2022-03-18T18:12:37,0.5,"Rain, Partially cloudy",Partly cloudy throughout the day with rain.,rain,"MGGT,F3111,78641099999"
Guatemala,2022-03-19,29,17,22.2,28.4,17,22,14.7,66.9,0.1,100,4.17,rain,0,0,21.6,33.5,19.6,1021,54.2,8.5,230,19.9,10,10,2022-03-19T06:06:35,2022-03-19T18:12:45,0.55,"Rain, Partially cloudy",Partly cloudy throughout the day with late afternoon rain.,rain,"MGGT,F3111,78641099999"
Guatemala,2022-03-20,26,17,20,26,17,20,13.9,70.1,0.1,100,4.17,rain,0,0,23.8,40.7,16.4,1022.2,61.1,9.9,171.9,14.9,8,10,2022-03-20T06:05:53,2022-03-20T18:12:52,0.59,"Rain, Partially cloudy",Partly cloudy throughout the day with morning rain.,rain,"MGGT,F3111,78641099999"
Guatemala,2022-03-21,26,15,19.7,26,15,19.7,12.6,65.8,0,0,0,,0,0,23.8,29.5,15.4,1020.7,59.9,10,117.3,10.3,5,10,2022-03-21T06:05:10,2022-03-21T18:12:59,0.62,Partially cloudy,Partly cloudy throughout the day.,partly-cloudy-day,"MGGT,F3111,78641099999"
Guatemala,2022-03-22,26,14,20.2,26,14,20.2,13.8,69.6,0,0,0,,0,0,24.5,29.5,192.9,1018.8,51.9,8.8,224.3,19.5,9,10,2022-03-22T06:04:27,2022-03-22T18:13:05,0.66,Partially cloudy,Partly cloudy throughout the day.,partly-cloudy-day,"MGGT,F3111,78641099999"
Guatemala,2022-03-23,27,16,20.7,27.6,16,20.7,15.7,76.1,1.3,100,29.17,rain,0,0,16.9,25.9,205.5,1018.8,55.1,6.6,206,17.8,9,10,2022-03-23T06:03:45,2022-03-23T18:13:12,0.7,"Rain, Partially cloudy",Partly cloudy throughout the day with rain.,rain,"MGGT,F3111,78641099999"
Guatemala,2022-03-24,28,17,21,27.8,17,21,15,71.1,2.1,100,29.17,rain,0,0,24.1,33.5,24.6,1019.8,58,8.9,157.8,13.6,7,10,2022-03-24T06:03:02,2022-03-24T18:13:19,0.75,"Rain, Partially cloudy",Partly cloudy throughout the day with a chance of rain throughout the day.,rain,"MGGT,F3111,78641099999"
Guatemala,2022-03-25,26,14,18.8,26,14,18.8,11.3,64.1,0.2,100,8.33,rain,0,0,19.8,37.1,20.4,1021.6,57.1,10,238,20.5,10,10,2022-03-25T06:02:19,2022-03-25T18:13:25,0.77,"Rain, Partially cloudy",Partly cloudy throughout the day with rain clearing later.,rain,"MGGT,F3111,78641099999"
Guatemala,2022-03-26,26,13,18.5,26,13,18.5,11.6,66.5,0,0,0,rain,0,0,23.8,33.5,19.4,1021.1,48.7,10,259,22.3,10,10,2022-03-26T06:01:36,2022-03-26T18:13:32,0.8,Partially cloudy,Clearing in the afternoon.,partly-cloudy-day,"MGGT,F3111,78641099999"
Guatemala,2022-03-27,25,14,18.3,25,14,18.3,11.9,68.6,0,0,0,,0,0,22,29.5,23.4,1021.2,61.9,10,253.6,21.9,10,10,2022-03-27T06:00:53,2022-03-27T18:13:38,0.84,Partially cloudy,Partly cloudy throughout the day.,partly-cloudy-day,"MGGT,F3111,78641099999"
Guatemala,2022-03-28,28,14,20.1,27.6,14,20.1,13.5,68.3,0.3,100,12.5,rain,0,0,15.1,25.9,22.3,1021.5,43.2,10,251.7,21.7,10,10,2022-03-28T06:00:11,2022-03-28T18:13:45,0.87,"Rain, Partially cloudy",Partly cloudy throughout the day with late afternoon rain.,rain,"MGGT,F3111,78641099999"
Guatemala,2022-03-29,27,15,20.4,27,15,20.4,14.6,72,0.4,100,12.5,rain,0,0,19.4,25.9,177,1020.8,67.6,9,184.6,16,7,10,2022-03-29T05:59:28,2022-03-29T18:13:52,0.91,"Rain, Partially cloudy",Partly cloudy throughout the day with rain.,rain,"MGGT,F3111,78641099999"
Guatemala,2022-03-30,25,17,20.2,25,17,20.2,15,73.8,0,0,0,,0,0,22.7,33.5,199.4,1018.5,59.4,8.3,160.9,13.8,9,10,2022-03-30T05:58:46,2022-03-30T18:13:58,0.95,Partially cloudy,Partly cloudy throughout the day.,partly-cloudy-day,"MGGT,F3111,78641099999,remote"
Guatemala,2022-03-31,27,17,20.5,27.3,17,20.6,14.9,72.5,0,0,0,,0,0,23.4,29.5,196.3,1018.2,42.9,8.3,209.3,18.1,10,10,2022-03-31T05:58:03,2022-03-31T18:14:05,0.98,Partially cloudy,Partly cloudy throughout the day.,partly-cloudy-day,"MGGT,F3111,78641099999"
Guatemala,2022-04-01,27,15,20.7,27.5,15,20.7,15.3,74,0.1,100,4.17,rain,0,0,16.2,33.5,206.4,1019.8,34.6,8.3,210.7,18.4,10,10,2022-04-01T05:57:21,2022-04-01T18:14:11,0,"Rain, Partially cloudy",Partly cloudy throughout the day with afternoon rain.,rain,"MGGT,F3111,78641099999"
Guatemala,2022-04-02,26,18,21,26,18,21,16.8,78.5,0.1,100,4.17,rain,0,0,15.5,25.9,202.6,1020.3,66.2,6.9,160.9,13.8,7,10,2022-04-02T05:56:39,2022-04-02T18:14:18,0.05,"Rain, Partially cloudy",Partly cloudy throughout the day with afternoon rain.,rain,"MGGT,F3111,78641099999"
Guatemala,2022-04-03,29,17,21.5,28.2,17,21.4,15.9,74,0.5,100,20.83,rain,0,0,12.6,25.9,35.3,1019.3,51.3,7.2,246.3,21.3,10,10,2022-04-03T05:55:57,2022-04-03T18:14:25,0.08,"Rain, Partially cloudy",Partly cloudy throughout the day with rain.,rain,"MGGT,F3111,78641099999"
Guatemala,2022-04-04,28,16,20.8,28,16,20.8,14.9,71.4,0.1,100,4.17,rain,0,0,28.1,33.5,201.3,1018.4,50.9,7.8,241.3,20.9,9,10,2022-04-04T05:55:15,2022-04-04T18:14:32,0.11,"Rain, Partially cloudy",Partly cloudy throughout the day with early morning rain.,rain,"MGGT,F3111,78641099999"
Guatemala,2022-04-05,28,17,21.1,28,17,21.1,14.9,70,0.2,100,8.33,rain,0,0,25.2,29.5,200.2,1018.3,52.5,8.3,261.4,22.5,9,10,2022-04-05T05:54:34,2022-04-05T18:14:39,0.14,"Rain, Partially cloudy",Partly cloudy throughout the day with early morning rain.,rain,"MGGT,F3111,78641099999"
Guatemala,2022-04-06,28,16,21,27.8,16,21,14.8,70.5,0,0,0,,0,0,23.4,29.5,198.1,1018.5,37.9,9.2,280.5,24.3,10,10,2022-04-06T05:53:53,2022-04-06T18:14:46,0.18,Partially cloudy,Partly cloudy throughout the day.,partly-cloudy-day,"MGGT,F3111,78641099999"
Guatemala,2022-04-07,30,16,21.5,30,16,21.4,16.2,76.3,0.2,100,8.33,rain,0,0,34.9,25.9,164.3,1019.3,57,7,201.9,17.5,9,10,2022-04-07T05:53:12,2022-04-07T18:14:53,0.21,"Rain, Partially cloudy",Partly cloudy throughout the day with rain.,rain,"MGGT,F3111,78641099999"
Guatemala,2022-04-08,21,16,18.2,21,16,18.2,15.6,85.5,2.7,100,50,rain,0,0,25.6,37.1,13.3,1021.3,76.2,8.4,47.3,3.8,2,10,2022-04-08T05:52:31,2022-04-08T18:15:01,0.24,"Rain, Partially cloudy",Partly cloudy throughout the day with a chance of rain throughout the day.,rain,"MGGT,F3111,78641099999"
Guatemala,2022-04-09,22,15,17.5,22,15,17.5,13.1,76,0.5,100,16.67,rain,0,0,23.4,37.1,18.1,1022.8,79.3,10,103.5,8.9,6,10,2022-04-09T05:51:51,2022-04-09T18:15:09,0.25,"Rain, Partially cloudy",Partly cloudy throughout the day with a chance of rain throughout the day.,rain,"MGGT,F3111,78641099999"
Guatemala,2022-04-10,25,15,19,25,15,19,13.3,71.1,0.3,100,4.17,rain,0,0,16.9,33.5,26.7,1021.3,72.5,10.6,164.3,14.3,7,10,2022-04-10T05:51:11,2022-04-10T18:15:16,0.31,"Rain, Partially cloudy",Partly cloudy throughout the day with early morning rain.,rain,"MGGT,F3111,78641099999,remote"
Guatemala,2022-04-11,28,15,20.6,28.3,15,20.6,15.3,73.9,0.1,100,4.17,rain,0,0,16.9,22.3,41.2,1020,67.3,8.6,214.9,18.7,10,10,2022-04-11T05:50:32,2022-04-11T18:15:24,0.34,"Rain, Partially cloudy",Partly cloudy throughout the day with late afternoon rain.,rain,"MGGT,F3111,78641099999"
Guatemala,2022-04-12,27,18,21.5,27.3,18,21.5,17,77.1,0.3,100,12.5,rain,0,0,15.8,18.4,13.4,1019.5,75.5,7.7,171.8,14.7,10,10,2022-04-12T05:49:53,2022-04-12T18:15:32,0.37,"Rain, Partially cloudy",Partly cloudy throughout the day with afternoon rain.,rain,"MGGT,F3111,78641099999"
Guatemala,2022-04-13,27,18,21.8,27.5,18,21.8,16.4,73.7,0.3,100,12.5,rain,0,0,19.1,22.3,200.6,1018.5,66.2,8.2,215.5,18.7,10,10,2022-04-13T05:49:14,2022-04-13T18:15:41,0.4,"Rain, Partially cloudy",Partly cloudy throughout the day with rain.,rain,"MGGT,F3111,78641099999"
Guatemala,2022-04-14,29,17,21.8,28.6,17,21.9,16.5,74.2,1.5,100,29.17,rain,0,0,12.2,33.5,201.1,1018.3,62.1,8.8,224.3,19.6,10,10,2022-04-14T05:48:36,2022-04-14T18:15:49,0.43,"Rain, Partially cloudy",Partly cloudy throughout the day with rain.,rain,"MGGT,F3111,78641099999"
Guatemala,2022-04-15,30,18,22.5,29.4,18,22.5,16.9,73.2,0.8,100,20.83,rain,0,0,16.2,25.9,2.5,1019.2,55.9,7.8,262.8,22.8,10,10,2022-04-15T05:47:58,2022-04-15T18:15:58,0.47,"Rain, Partially cloudy",Partly cloudy throughout the day with rain.,rain,"MGGT,F3111,78641099999"
Guatemala,2022-04-16,29,18,22,28.4,18,22,15.3,68.4,0.1,100,4.17,rain,0,0,18.4,22.3,17.9,1019.3,53.7,9.8,228.6,19.8,10,10,2022-04-16T05:47:20,2022-04-16T18:16:07,0.5,"Rain, Partially cloudy",Partly cloudy throughout the day with late afternoon rain.,rain,"MGGT,F3111,78641099999,remote"
Guatemala,2022-04-17,29,15.1,21.5,28.3,15.1,21.4,14.8,69.2,0.1,100,4.17,rain,0,0,15.1,22.3,325.1,1018.6,42.2,10.2,299.1,25.8,10,10,2022-04-17T05:46:44,2022-04-17T18:16:17,0.53,"Rain, Partially cloudy",Partly cloudy throughout the day with late afternoon rain.,rain,"MGGT,F3111,78641099999,remote"
Guatemala,2022-04-18,30,16,21.8,28.5,16,21.6,12.8,61,0,0,0,,0,0,22.7,33.5,16.8,1019.8,39.8,8.2,270.4,23.6,10,10,2022-04-18T05:46:07,2022-04-18T18:16:26,0.57,Partially cloudy,Partly cloudy throughout the day.,partly-cloudy-day,"MGGT,F3111,78641099999"
Guatemala,2022-04-19,28,16,21.8,27.1,16,21.6,11,54,0,0,0,,0,0,31,33.5,17.6,1021.5,30.7,10,288.6,25.1,10,10,2022-04-19T05:45:31,2022-04-19T18:16:36,0.61,Partially cloudy,Clearing in the afternoon.,partly-cloudy-day,"MGGT,F3111,78641099999"
Guatemala,2022-04-20,28,15,20.6,27.1,15,20.5,12.6,62.8,0.1,100,4.17,rain,0,0,13.7,22.3,22.1,1021.8,23.7,9.1,298.2,25.5,10,10,2022-04-20T05:44:56,2022-04-20T18:16:46,0.64,"Rain, Partially cloudy",Becoming cloudy in the afternoon with late afternoon rain.,rain,"MGGT,F3111,78641099999"
Guatemala,2022-04-21,28,15,20.3,27.3,15,20.3,13.5,67,0.4,100,16.67,rain,0,0,19.4,22.3,28.4,1021.8,50.6,9.1,287.4,25.1,10,10,2022-04-21T05:44:22,2022-04-21T18:16:57,0.68,"Rain, Partially cloudy",Becoming cloudy in the afternoon with rain.,rain,"MGGT,F3111,78641099999"
Guatemala,2022-04-22,27,15,20.2,26.8,15,20.2,13.3,67.4,0,0,0,,0,0,15.1,29.5,22.3,1021.8,58.9,10,220.3,19,10,10,2022-04-22T05:43:47,2022-04-22T18:17:07,0.71,Partially cloudy,Partly cloudy throughout the day.,partly-cloudy-day,"MGGT,F3111,78641099999"
Guatemala,2022-04-23,26,16,20.3,26,16,20.3,14.7,72.5,5.5,100,37.5,rain,0,0,14,25.9,17.2,1019.8,54.5,8.7,190.7,16.4,10,10,2022-04-23T05:43:14,2022-04-23T18:17:18,0.75,"Rain, Partially cloudy",Partly cloudy throughout the day with rain.,rain,"MGGT,F3111,78641099999"
Guatemala,2022-04-24,26,16,19.8,26,16,19.8,15.2,77.1,12.9,100,58.33,rain,0,0,14,22.3,199.2,1018.8,50.6,9,132,11.3,6,10,2022-04-24T05:42:41,2022-04-24T18:17:30,0.78,"Rain, Partially cloudy",Partly cloudy throughout the day with a chance of rain throughout the day.,rain,"MGGT,F3111,78641099999"
Guatemala,2022-04-25,25,17,19.9,25,17,19.9,16.1,80.2,10.4,100,87.5,rain,0,0,9.4,22.3,183.6,1019.3,74.6,9,128.5,11.1,5,10,2022-04-25T05:42:09,2022-04-25T18:17:41,0.82,"Rain, Partially cloudy",Partly cloudy throughout the day with a chance of rain throughout the day.,rain,"MGGT,F3111,78641099999"
Guatemala,2022-04-26,28,17,21.6,27.3,17,21.5,14.5,67.8,0.3,100,12.5,rain,0,0,22,29.5,27,1020.4,88.9,9.7,253.9,21.9,10,10,2022-04-26T05:41:37,2022-04-26T18:17:53,0.85,"Rain, Partially cloudy",Partly cloudy throughout the day with rain.,rain,"MGGT,F3111,78641099999"
Guatemala,2022-04-27,29,16,20.9,29.1,16,20.9,14.9,70.4,0.6,100,20.83,rain,0,0,14,29.5,20.9,1020.1,75.9,10.5,245.6,21.1,10,10,2022-04-27T05:41:07,2022-04-27T18:18:05,0.89,"Rain, Partially cloudy",Partly cloudy throughout the day with rain.,rain,"MGGT,F3111,78641099999,remote"
Guatemala,2022-04-28,27,17,21,27.1,17,21,15.5,73,5.4,100,54.17,rain,0,0,14.8,25.9,23.4,1019.5,86.2,10,174.1,15.2,10,10,2022-04-28T05:40:36,2022-04-28T18:18:18,0.93,"Rain, Partially cloudy",Partly cloudy throughout the day with a chance of rain throughout the day.,rain,"MGGT,F3111,78641099999"
Guatemala,2022-04-29,27,17,21.1,27.7,17,21.1,16.8,78.7,15.9,100,58.33,rain,0,0,16.6,25.9,278.2,1018.5,87.6,9.2,154,13.3,10,30,2022-04-29T05:40:07,2022-04-29T18:18:31,0.96,"Rain, Partially cloudy",Partly cloudy throughout the day with a chance of rain throughout the day.,rain,"MGGT,F3111,78641099999"
Guatemala,2022-04-30,27,17,20.6,27.3,17,20.6,16.6,79.9,4.4,100,66.67,rain,0,0,11.9,25.9,201.8,1018.5,84.5,9.2,172.4,15,10,30,2022-04-30T05:39:38,2022-04-30T18:18:44,0,"Rain, Partially cloudy",Partly cloudy throughout the day with a chance of rain throughout the day.,rain,"MGGT,F3111,78641099999"
Guatemala,2022-05-01,29,19,22.5,28.4,19,22.4,15.9,70.1,0.2,100,8.33,rain,0,0,20.5,25.9,29,1019.5,84.3,8.7,164.6,14.2,10,10,2022-05-01T05:39:10,2022-05-01T18:18:57,0.03,"Rain, Partially cloudy",Partly cloudy throughout the day with rain in the morning and afternoon.,rain,"MGGT,F3111,78641099999"
Guatemala,2022-05-02,29,18,22.2,28.9,18,22.2,16.7,73.1,0.4,100,16.67,rain,0,0,13,22.3,10.7,1019.8,55.8,9,231.5,19.9,10,10,2022-05-02T05:38:43,2022-05-02T18:19:11,0.06,"Rain, Partially cloudy",Partly cloudy throughout the day with rain.,rain,"MGGT,F3111,78641099999"
Guatemala,2022-05-03,28,18,21.8,28.6,18,21.8,17.3,78.3,1.8,100,33.33,rain,0,0,16.2,18.4,53.7,1019.7,65.3,8.7,180.9,15.7,10,10,2022-05-03T05:38:17,2022-05-03T18:19:25,0.09,"Rain, Partially cloudy",Partly cloudy throughout the day with rain.,rain,"MGGT,F3111,78641099999"
Guatemala,2022-05-04,28,19,22.3,28.3,19,22.4,17.5,76.2,5.3,100,62.5,rain,0,0,12.6,22.3,184.7,1019.9,89.7,8.8,160.3,13.9,6,10,2022-05-04T05:37:51,2022-05-04T18:19:39,0.13,"Rain, Partially cloudy",Partly cloudy throughout the day with a chance of rain throughout the day.,rain,"MGGT,F3111,78641099999"
Guatemala,2022-05-05,27,18,21.2,27.7,18,21.3,17.7,82.1,6.2,100,62.5,rain,0,0,13.7,22.3,193.5,1020.8,85,8,173.3,14.9,10,30,2022-05-05T05:37:26,2022-05-05T18:19:54,0.16,"Rain, Partially cloudy",Partly cloudy throughout the day with a chance of rain throughout the day.,rain,"MGGT,F3111,78641099999"
Guatemala,2022-05-06,27,19,22,27.7,19,22.1,17.5,77.7,8.2,100,58.33,rain,0,0,15.5,25.9,203.5,1021.3,86.7,8.9,204.6,17.7,10,10,2022-05-06T05:37:02,2022-05-06T18:20:09,0.19,"Rain, Partially cloudy",Partly cloudy throughout the day with a chance of rain throughout the day.,rain,"MGGT,F3111,78641099999"
Guatemala,2022-05-07,27,18,22,27.9,18,22.1,17.1,76.2,10.3,100,50,rain,0,0,15.5,25.9,202.4,1020.2,55.4,8.7,205.2,17.8,10,30,2022-05-07T05:36:39,2022-05-07T18:20:24,0.23,"Rain, Partially cloudy",Partly cloudy throughout the day with a chance of rain throughout the day.,rain,"MGGT,F3111,78641099999"
Guatemala,2022-05-08,27,18,21.8,27.9,18,21.9,17.2,77,5.9,100,41.67,rain,0,0,15.5,29.5,203.1,1019.4,85.1,9.4,219.5,18.9,10,30,2022-05-08T05:36:16,2022-05-08T18:20:40,0.25,"Rain, Partially cloudy",Partly cloudy throughout the day with a chance of rain throughout the day.,rain,"MGGT,F3111,78641099999"
Guatemala,2022-05-09,28,18,21.8,28.9,18,21.9,17.2,77.3,1.6,100,29.17,rain,0,0,15.1,25.9,195.7,1019.3,66,9.5,152.4,13,10,10,2022-05-09T05:35:55,2022-05-09T18:20:56,0.29,"Rain, Partially cloudy",Partly cloudy throughout the day with rain.,rain,"MGGT,F3111,78641099999"
Guatemala,2022-05-10,29,19,22.8,28.2,19,22.8,15.4,66.8,0.2,100,8.33,rain,0,0,28.4,22.3,23.6,1020,67.6,8.4,211.6,18.1,10,10,2022-05-10T05:35:34,2022-05-10T18:21:12,0.32,"Rain, Partially cloudy",Partly cloudy throughout the day with rain in the morning and afternoon.,rain,"MGGT,F3111,78641099999"
Guatemala,2022-05-11,28,17,21.6,27.2,17,21.5,13.4,63.3,0,0,0,,0,0,32.4,37.1,18.3,1020.3,68.2,10,197.7,17.2,10,10,2022-05-11T05:35:14,2022-05-11T18:21:29,0.36,Partially cloudy,Partly cloudy throughout the day.,partly-cloudy-day,"MGGT,F3111,78641099999"
Guatemala,2022-05-12,27,16,21.1,26.8,16,21,13.3,64.1,0,0,0,,0,0,26.3,37.1,13.7,1019.6,49.8,10,207,17.8,10,10,2022-05-12T05:34:55,2022-05-12T18:21:45,0.39,Partially cloudy,Partly cloudy throughout the day.,partly-cloudy-day,"MGGT,F3111,78641099999"
Guatemala,2022-05-13,28,16,21,27.3,16,21,14,67.1,0.1,100,4.17,rain,0,0,17.6,22.3,19.1,1019.7,51.5,9.9,191.8,16.5,10,10,2022-05-13T05:34:37,2022-05-13T18:22:02,0.42,"Rain, Partially cloudy",Partly cloudy throughout the day with afternoon rain.,rain,"MGGT,F3111,78641099999"
Guatemala,2022-05-14,28,16,21.3,27.3,16,21.3,12.6,60.5,0.1,100,4.17,rain,0,0,12.2,22.3,21.5,1020,59.7,10.6,217.4,18.8,10,10,2022-05-14T05:34:20,2022-05-14T18:22:20,0.45,"Rain, Partially cloudy",Partly cloudy throughout the day with afternoon rain.,rain,"MGGT,F3111,78641099999"
Guatemala,2022-05-15,28,16,21.5,27.5,16,21.4,13,60.2,0.1,100,4.17,rain,0,0,19.4,22.3,19.7,1020.7,64.2,10,227.3,19.7,10,10,2022-05-15T05:34:04,2022-05-15T18:22:37,0.5,"Rain, Partially cloudy",Partly cloudy throughout the day with late afternoon rain.,rain,"MGGT,F3111,78641099999"
Guatemala,2022-05-16,28,17,21,27.5,17,20.9,15,71.4,3.7,100,33.33,rain,0,0,11.9,25.9,17.1,1021.3,78.3,9.6,204.5,17.7,10,10,2022-05-16T05:33:48,2022-05-16T18:22:55,0.52,"Rain, Partially cloudy",Partly cloudy throughout the day with rain.,rain,"MGGT,F3111,78641099999,remote"
Guatemala,2022-05-17,29,16,21.8,27.9,16,21.6,15,70.4,3.2,100,33.33,rain,0,0,13.7,18.4,26.1,1023,71.9,9.3,217.1,18.7,10,10,2022-05-17T05:33:34,2022-05-17T18:23:13,0.55,"Rain, Partially cloudy",Partly cloudy throughout the day with rain.,rain,"MGGT,F3111,78641099999"
Guatemala,2022-05-18,27,19,21.5,27.3,19,21.5,15.8,71.4,4.3,100,54.17,rain,0,0,16.6,22.3,203.8,1022.7,84.1,9.2,161.5,14,9,10,2022-05-18T05:33:20,2022-05-18T18:23:31,0.59,"Rain, Partially cloudy",Partly cloudy throughout the day with rain.,rain,"MGGT,F3111,78641099999"
Guatemala,2022-05-19,27,18,21.5,27.5,18,21.5,16.2,73.6,6.7,100,45.83,rain,0,0,22.3,25.9,200.7,1020.6,78,9,161.6,14.1,10,10,2022-05-19T05:33:07,2022-05-19T18:23:49,0.62,"Rain, Partially cloudy",Partly cloudy throughout the day with rain.,rain,"MGGT,F3111,78641099999"
Guatemala,2022-05-20,25,18,20.6,25,18,20.6,16.3,77.6,2.4,100,41.67,rain,0,0,16.2,29.5,199.1,1019.4,90.8,9.2,188.1,16.1,10,10,2022-05-20T05:32:55,2022-05-20T18:24:08,0.66,"Rain, Overcast",Cloudy skies throughout the day with rain.,rain,"MGGT,F3111,remote,78641099999"
Guatemala,2022-05-21,26,18,20.8,26,18,20.8,17.5,83,3.2,100,58.33,rain,0,0,21.2,29.5,201.2,1021.2,89,7.4,160.2,13.7,9,30,2022-05-21T05:32:44,2022-05-21T18:24:26,0.69,"Rain, Partially cloudy",Partly cloudy throughout the day with a chance of rain throughout the day.,rain,"MGGT,F3111,78641099999"
Guatemala,2022-05-22,25,17,20.3,25,17,20.3,16.7,80.9,11,100,66.67,rain,0,0,14,29.5,200.2,1021.8,83.6,9,175,15,10,30,2022-05-22T05:32:34,2022-05-22T18:24:45,0.75,"Rain, Partially cloudy",Partly cloudy throughout the day with a chance of rain throughout the day.,rain,"MGGT,F3111,78641099999"
Guatemala,2022-05-23,26,17,20,26,17,20,17.1,84.9,17.8,100,66.67,rain,0,0,9,14.8,192.4,1019.7,76.4,9,185,16.1,10,10,2022-05-23T05:32:25,2022-05-23T18:25:04,0.76,"Rain, Partially cloudy",Partly cloudy throughout the day with a chance of rain throughout the day.,rain,"MGGT,F3111,78641099999"
Guatemala,2022-05-24,24,17,19.5,24,17,19.5,16.8,85.1,30.8,100,66.67,rain,0,0,14.4,25.9,202.8,1018,87,9.1,133.2,11.6,7,30,2022-05-24T05:32:17,2022-05-24T18:25:23,0.8,"Rain, Partially cloudy",Partly cloudy throughout the day with a chance of rain throughout the day.,rain,"MGGT,F3111,78641099999,remote"
Guatemala,2022-05-25,24,17,19.7,24,17,19.7,16.6,83.4,9.1,100,54.17,rain,0,0,16.9,25.9,199.8,1019,78.4,9.8,170.3,14.5,7,30,2022-05-25T05:32:10,2022-05-25T18:25:42,0.83,"Rain, Partially cloudy",Partly cloudy throughout the day with a chance of rain throughout the day.,rain,"MGGT,F3111,78641099999"
Guatemala,2022-05-26,22,18,19.1,22,18,19.1,16.9,87.3,16.2,100,75,rain,0,0,10.1,18.4,12,1020.8,75.6,9.4,79,7,4,10,2022-05-26T05:32:03,2022-05-26T18:26:01,0.87,"Rain, Partially cloudy",Partly cloudy throughout the day with a chance of rain throughout the day.,rain,"MGGT,F3111,78641099999"
Guatemala,2022-05-27,24,17,18.8,24,17,18.8,17.3,91.4,20.3,100,75,rain,0,0,8.3,22.3,32.5,1021,89.4,7.8,89.2,7.6,6,30,2022-05-27T05:31:58,2022-05-27T18:26:21,0.9,"Rain, Partially cloudy",Partly cloudy throughout the day with a chance of rain throughout the day.,rain,"MGGT,F3111,78641099999"
Guatemala,2022-05-28,23,17,18.4,23,17,18.4,16.6,89.7,20.4,100,58.33,rain,0,0,11.9,14.8,51.5,1019.5,88.8,8.2,83.4,7.1,6,10,2022-05-28T05:31:53,2022-05-28T18:26:40,0.94,"Rain, Partially cloudy",Partly cloudy throughout the day with a chance of rain throughout the day.,rain,"MGGT,F3111,78641099999,remote"
Guatemala,2022-05-29,25,16,19.4,25,16,19.4,16.8,85.8,12.4,100,58.33,rain,0,0,17.3,25.9,191.1,1018.5,79,8.5,131.3,11.3,10,30,2022-05-29T05:31:49,2022-05-29T18:26:59,0.97,"Rain, Partially cloudy",Partly cloudy throughout the day with a chance of rain throughout the day.,rain,"MGGT,F3111,78641099999"
Guatemala,2022-05-30,25,17,19.6,25,17,19.6,17.2,86.9,7.5,100,50,rain,0,0,18.4,25.9,201.8,1018.3,76.9,8,157.9,13.6,7,30,2022-05-30T05:31:46,2022-05-30T18:27:19,0,"Rain, Partially cloudy",Partly cloudy throughout the day with rain.,rain,"MGGT,F3111,78641099999"
Guatemala,2022-05-31,23,17,19.1,23,17,19.1,16.1,83.5,0.8,100,20.83,rain,0,0,19.8,29.5,198.6,1018.6,91.1,7.6,163,14.1,8,10,2022-05-31T05:31:44,2022-05-31T18:27:38,0.04,"Rain, Overcast",Cloudy skies throughout the day with rain.,rain,"MGGT,F3111,78641099999"
Guatemala,2022-06-01,22,16,18.7,22,16,18.7,15.7,83.3,0,0,0,,0,0,19.4,29.5,188.6,1017.5,85.9,10,149,12.9,6,10,2022-06-01T05:31:43,2022-06-01T18:27:57,0.08,Partially cloudy,Partly cloudy throughout the day.,partly-cloudy-day,"MGGT,F3111,78641099999"
Guatemala,2022-06-02,21,17,18.7,21,17,18.7,15.8,83.6,0,0,0,,0,0,22.3,33.5,189.6,1017,84.8,10,159,13.7,7,10,2022-06-02T05:31:43,2022-06-02T18:28:16,0.11,Partially cloudy,Partly cloudy throughout the day.,partly-cloudy-day,"MGGT,F3111,78641099999"
Guatemala,2022-06-03,25,15.1,19.5,25,15.1,19.5,16.3,82.8,12.9,100,50,rain,0,0,9,22.3,198.7,1017.8,75.5,9.8,204.5,17.6,8,30,2022-06-03T05:31:43,2022-06-03T18:28:35,0.14,"Rain, Partially cloudy",Partly cloudy throughout the day with rain.,rain,"MGGT,F3111,78641099999"
Guatemala,2022-06-04,23,17,19.7,23,17,19.7,17.4,87.4,12.8,100,66.67,rain,0,0,9.4,18.4,194.5,1018,77.4,8.4,79,6.8,3,30,2022-06-04T05:31:45,2022-06-04T18:28:54,0.18,"Rain, Partially cloudy",Partly cloudy throughout the day with a chance of rain throughout the day.,rain,"MGGT,F3111,78641099999"
Guatemala,2022-06-05,25,17,20.2,25,17,20.2,17.4,84.7,10.5,100,70.83,rain,0,0,10.8,29.5,188.3,1017.5,86.9,10.7,131.8,11.4,5,30,2022-06-05T05:31:47,2022-06-05T18:29:13,0.21,"Rain, Partially cloudy",Partly cloudy throughout the day with a chance of rain throughout the day.,rain,"MGGT,F3111,78641099999,remote"
Guatemala,2022-06-06,22,18,19.1,22,18,19.1,18,93.9,9.8,100,58.33,rain,0,0,14.4,18.4,208.3,1018.7,94,7,59.3,5.1,4,30,2022-06-06T05:31:50,2022-06-06T18:29:31,0.24,"Rain, Overcast",Cloudy skies throughout the day with a chance of rain throughout the day.,rain,"MGGT,F3111,78641099999"
Guatemala,2022-06-07,23,17,19.3,23,17,19.3,17.2,88,7.9,100,45.83,rain,0,0,11.5,25.9,195.9,1019.1,85,8,113.5,9.8,4,30,2022-06-07T05:31:54,2022-06-07T18:29:50,0.25,"Rain, Partially cloudy",Partly cloudy throughout the day with rain.,rain,"MGGT,F3111,78641099999"
Guatemala,2022-06-08,25,17,20.2,25,17,20.2,17.3,84.4,12.4,100,54.17,rain,0,0,13,25.9,202.4,1019.2,65.3,9.8,159.4,13.9,6,30,2022-06-08T05:31:58,2022-06-08T18:30:08,0.31,"Rain, Partially cloudy",Partly cloudy throughout the day with rain.,rain,"MGGT,F3111,78641099999"
Guatemala,2022-06-09,24,16,19,24,16,19,16.6,86.9,21.1,100,83.33,rain,0,0,8.3,25.9,70.5,1020.2,90,9,128.7,11.1,6,30,2022-06-09T05:32:03,2022-06-09T18:30:26,0.34,"Rain, Partially cloudy",Partly cloudy throughout the day with a chance of rain throughout the day.,rain,"MGGT,F3111,78641099999"
Guatemala,2022-06-10,23,16,19.2,23,16,19.2,15.8,82,7.9,100,70.83,rain,0,0,9,18.4,25.2,1020.6,86.4,9.3,133.4,11.7,5,30,2022-06-10T05:32:09,2022-06-10T18:30:44,0.38,"Rain, Partially cloudy",Partly cloudy throughout the day with a chance of rain throughout the day.,rain,"MGGT,F3111,78641099999"
Guatemala,2022-06-11,25,18,20.3,25,18,20.3,16.8,81.5,6.7,100,45.83,rain,0,0,9,22.3,12.3,1019.9,73.4,9.6,153.3,13.2,9,30,2022-06-11T05:32:16,2022-06-11T18:31:01,0.41,"Rain, Partially cloudy",Partly cloudy throughout the day with rain.,rain,"MGGT,F3111,78641099999"
Guatemala,2022-06-12,24,17,20,24,17,20,16,79.3,7.8,100,66.67,rain,0,0,12.2,25.9,26.1,1020,83.6,10,108.4,9.3,4,30,2022-06-12T05:32:24,2022-06-12T18:31:18,0.44,"Rain, Partially cloudy",Partly cloudy throughout the day with a chance of rain throughout the day.,rain,"MGGT,F3111,78641099999"
Guatemala,2022-06-13,26,17,20.2,26,17,20.2,17.2,84,18.4,100,54.17,rain,0,0,8.3,25.9,23.8,1019.1,86.1,9.7,172.4,14.7,9,30,2022-06-13T05:32:32,2022-06-13T18:31:35,0.48,"Rain, Partially cloudy",Partly cloudy throughout the day with a chance of rain throughout the day.,rain,"MGGT,F3111,78641099999,remote"
Guatemala,2022-06-14,20,17,18.3,20,17,18.3,17.3,94,10.8,100,83.33,rain,0,0,6.8,18.4,15.3,1018.8,96.8,7.9,62.8,5.4,3,10,2022-06-14T05:32:41,2022-06-14T18:31:51,0.5,"Rain, Overcast",Cloudy skies throughout the day with a chance of rain throughout the day.,rain,"MGGT,F3111,78641099999"
Guatemala,2022-06-15,22,16,19,22,16,19,15.1,79.2,4.3,100,50,rain,0,0,12.6,33.5,22.4,1019.7,90.1,9.7,150.5,13,6,10,2022-06-15T05:32:50,2022-06-15T18:32:07,0.54,"Rain, Overcast",Cloudy skies throughout the day with a chance of rain throughout the day.,rain,"MGGT,F3111,78641099999"
Guatemala,2022-06-16,22,16,18.4,22,16,18.4,15.6,84.8,3.6,100,37.5,rain,0,0,10.4,25.9,18.3,1020.6,86.2,10,89.4,7.8,5,10,2022-06-16T05:33:00,2022-06-16T18:32:22,0.58,"Rain, Partially cloudy",Partly cloudy throughout the day with rain.,rain,"MGGT,F3111,78641099999"
Guatemala,2022-06-17,22,16,18.8,22,16,18.8,16,84.5,17.3,100,54.17,rain,0,0,10.8,25.9,23.8,1019.2,90.5,9.3,140.5,12.1,8,30,2022-06-17T05:33:11,2022-06-17T18:32:37,0.61,"Rain, Overcast",Cloudy skies throughout the day with rain.,rain,"MGGT,F3111,78641099999"
Guatemala,2022-06-18,22,16,18.3,22,16,18.3,17.2,93.3,14.2,100,70.83,rain,0,0,8.6,18.4,14.4,1018.4,90.1,6.2,63.5,5.6,4,30,2022-06-18T05:33:22,2022-06-18T18:32:52,0.65,"Rain, Overcast",Cloudy skies throughout the day with a chance of rain throughout the day.,rain,"MGGT,F3111,78641099999"
Guatemala,2022-06-19,24,16,19.8,24,16,19.8,17.2,86.2,9.1,100,66.67,rain,0,0,9,14.8,25.3,1018.7,70.6,9.1,122,10.5,7,30,2022-06-19T05:33:34,2022-06-19T18:33:06,0.68,"Rain, Partially cloudy",Partly cloudy throughout the day with a chance of rain throughout the day.,rain,"MGGT,F3111,78641099999"
Guatemala,2022-06-20,23,16,19,23,16,19,17.2,89.8,21.2,100,62.5,rain,0,0,7.6,18.4,16.5,1020,75.2,8.5,108.8,9.3,6,30,2022-06-20T05:33:46,2022-06-20T18:33:19,0.75,"Rain, Partially cloudy",Partly cloudy throughout the day with a chance of rain throughout the day.,rain,"MGGT,F3111,78641099999"
Guatemala,2022-06-21,23,16.6,18.3,23,16.6,18.3,16.8,91.2,17.3,100,83.33,rain,0,0,6.1,18.4,22.8,1021.5,92.2,6.8,112.9,9.7,5,10,2022-06-21T05:33:59,2022-06-21T18:33:32,0.75,"Rain, Overcast",Cloudy skies throughout the day with a chance of rain throughout the day.,rain,"MGGT,F3111,78641099999,remote"
Guatemala,2022-06-22,24,16,19.2,24,16,19.2,16,83.2,4.7,100,41.67,rain,0,0,11.5,29.5,22.7,1020.7,83.9,9.7,99.5,8.5,5,30,2022-06-22T05:34:12,2022-06-22T18:33:45,0.78,"Rain, Partially cloudy",Partly cloudy throughout the day with rain.,rain,"MGGT,F3111,78641099999"
Guatemala,2022-06-23,24,16,19,24,16,19,15.6,82.1,6.9,100,41.67,rain,0,0,10.4,29.5,26.4,1020.3,72.7,9.7,173.7,15,10,30,2022-06-23T05:34:26,2022-06-23T18:33:57,0.82,"Rain, Partially cloudy",Partly cloudy throughout the day with rain.,rain,"MGGT,F3111,78641099999"
Guatemala,2022-06-24,26,15,19.9,26,15,19.9,14.6,73.7,1.3,100,20.83,rain,0,0,10.1,22.3,31.8,1020.7,53.4,10,253.5,22,10,30,2022-06-24T05:34:40,2022-06-24T18:34:08,0.85,"Rain, Partially cloudy",Partly cloudy throughout the day with rain.,rain,"MGGT,F3111,78641099999"
Guatemala,2022-06-25,25,16,19.7,25,16,19.7,15,75.8,5.6,100,33.33,rain,0,0,9.7,29.5,22.4,1021.3,80.9,10,194.2,16.7,10,30,2022-06-25T05:34:55,2022-06-25T18:34:18,0.88,"Rain, Partially cloudy",Partly cloudy throughout the day with rain.,rain,"MGGT,F3111,78641099999"
Guatemala,2022-06-26,23,17,18.7,23,17,18.7,17,90.6,11.7,100,70.83,rain,0,0,7.9,22.3,22.2,1022.3,88.8,8.3,92,7.8,5,30,2022-06-26T05:35:10,2022-06-26T18:34:28,0.92,"Rain, Partially cloudy",Partly cloudy throughout the day with a chance of rain throughout the day.,rain,"MGGT,F3111,78641099999"
Guatemala,2022-06-27,25,17,19.9,25,17,19.9,16.6,82.5,2.5,100,29.17,rain,0,0,10.8,25.9,23,1021.9,68,11.1,175.8,15.3,10,30,2022-06-27T05:35:25,2022-06-27T18:34:38,0.95,"Rain, Partially cloudy",Partly cloudy throughout the day with rain.,rain,"MGGT,F3111,78641099999,remote"
Guatemala,2022-06-28,25,16,20.2,25,16,20.2,15.4,76,4.3,100,25,rain,0,0,10.1,25.9,21,1023.1,42.9,10,221,18.9,10,30,2022-06-28T05:35:41,2022-06-28T18:34:46,0,"Rain, Partially cloudy",Partly cloudy throughout the day with rain.,rain,"MGGT,F3111,78641099999"
Guatemala,2022-06-29,26,16,20.3,26,16,20.3,15,73.3,0.6,100,12.5,rain,0,0,12.2,33.5,23.6,1023.6,60.9,10,214.3,18.5,10,30,2022-06-29T05:35:57,2022-06-29T18:34:54,0.02,"Rain, Partially cloudy",Partly cloudy throughout the day with rain.,rain,"MGGT,F3111,78641099999"
Guatemala,2022-06-30,26,17,20.8,26,17,20.8,15,71.2,0.6,100,16.67,rain,0,0,12.2,33.5,20,1023.1,57.6,10,137,11.8,10,30,2022-06-30T05:36:13,2022-06-30T18:35:01,0.06,"Rain, Partially cloudy",Clearing in the afternoon with rain.,rain,"MGGT,F3111,78641099999"
Guatemala,2022-07-01,25,17,20.2,25,17,20.2,15,73.6,0.3,100,12.5,rain,0,0,13,33.5,22.4,1021.3,77.6,10,178.8,15.4,10,30,2022-07-01T05:36:30,2022-07-01T18:35:07,0.09,"Rain, Partially cloudy",Partly cloudy throughout the day with rain.,rain,"MGGT,F3111,78641099999"
Guatemala,2022-07-02,24,16,19.5,24,16,19.5,15.4,78.4,4.2,100,29.17,rain,0,0,15.5,33.5,17.4,1019.7,74.3,9.8,120.5,10.3,4,30,2022-07-02T05:36:47,2022-07-02T18:35:13,0.12,"Rain, Partially cloudy",Partly cloudy throughout the day with rain.,rain,"MGGT,F3111,78641099999"
Guatemala,2022-07-03,22,17,18.8,22,17,18.8,16.9,89.4,8.3,100,70.83,rain,0,0,7.6,25.9,18.2,1021.4,90.4,9.9,67.5,5.9,3,10,2022-07-03T05:37:04,2022-07-03T18:35:18,0.16,"Rain, Overcast",Cloudy skies throughout the day with a chance of rain throughout the day.,rain,"MGGT,F3111,78641099999"
Guatemala,2022-07-04,25,17,20.3,25,17,20.3,16.3,79.3,3.8,100,29.17,rain,0,0,10.4,37.1,16.9,1022.7,77.4,10,189.8,16.4,10,30,2022-07-04T05:37:21,2022-07-04T18:35:22,0.19,"Rain, Partially cloudy",Partly cloudy throughout the day with a chance of rain throughout the day.,rain,"MGGT,F3111,78641099999"
Guatemala,2022-07-05,25,15,20.4,25,15,20.4,15.9,76.6,8.2,100,37.5,rain,0,0,11.2,29.5,23.4,1021.3,65.6,10,182.5,15.7,10,60,2022-07-05T05:37:39,2022-07-05T18:35:25,0.23,"Rain, Partially cloudy",Partly cloudy throughout the day with rain.,rain,"MGGT,F3111,78641099999,remote"
Guatemala,2022-07-06,23,17,19.4,23,17,19.4,16.5,84,14.8,100,75,rain,0,0,7.9,22.3,18.8,1020.9,84.3,10,123.7,10.5,10,30,2022-07-06T05:37:56,2022-07-06T18:35:27,0.25,"Rain, Partially cloudy",Partly cloudy throughout the day with a chance of rain throughout the day.,rain,"MGGT,F3111,78641099999"
Guatemala,2022-07-07,26,17,20.4,26,17,20.4,16,77.6,4.1,100,33.33,rain,0,0,11.5,33.5,24.5,1021.3,64.4,10,155,13.5,8,30,2022-07-07T05:38:14,2022-07-07T18:35:28,0.29,"Rain, Partially cloudy",Partly cloudy throughout the day with a chance of rain throughout the day.,rain,"MGGT,F3111,78641099999"
Guatemala,2022-07-08,25,16,20,25,16,20,15.3,75.3,2.5,100,16.67,rain,0,0,10.4,29.5,20.6,1022.4,49.8,10,170.3,14.9,10,30,2022-07-08T05:38:32,2022-07-08T18:35:29,0.33,"Rain, Partially cloudy",Partly cloudy throughout the day with rain.,rain,"MGGT,F3111,78641099999"
Guatemala,2022-07-09,26,17,21,26,17,21,15.8,74.2,1.9,100,33.33,rain,0,0,9.4,29.5,22.2,1023.6,54.7,10,160.4,14,10,30,2022-07-09T05:38:50,2022-07-09T18:35:29,0.36,"Rain, Partially cloudy",Partly cloudy throughout the day with rain.,rain,"MGGT,F3111,78641099999"
Guatemala,2022-07-10,27,17,20.9,27.3,17,20.9,15.8,74.6,2.1,100,33.33,rain,0,0,11.2,29.5,21.6,1022.9,68.3,10,194.9,17,10,30,2022-07-10T05:39:07,2022-07-10T18:35:28,0.4,"Rain, Partially cloudy",Partly cloudy throughout the day with rain.,rain,"MGGT,F3111,78641099999"
Guatemala,2022-07-11,25,17,19.5,25,17,19.5,16.9,86,10.4,100,54.17,rain,0,0,7.2,22.3,19.7,1021.3,90,9.5,142.2,12.1,10,30,2022-07-11T05:39:25,2022-07-11T18:35:25,0.43,"Rain, Partially cloudy",Partly cloudy throughout the day with rain.,rain,"MGGT,F3111,78641099999"
Guatemala,2022-07-12,25,16,19.5,25,16,19.5,16.3,82.7,15.3,100,58.33,rain,0,0,9.7,22.3,13.6,1021,81.8,9.7,188,16,10,30,2022-07-12T05:39:43,2022-07-12T18:35:23,0.46,"Rain, Partially cloudy",Partly cloudy throughout the day with a chance of rain throughout the day.,rain,"MGGT,F3111,78641099999"
Guatemala,2022-07-13,25,18,20.1,25,18,20.1,17.1,84.1,11.3,100,41.67,rain,0,0,10.4,22.3,25.5,1021.5,75.1,8.8,129.4,11.3,9,60,2022-07-13T05:40:01,2022-07-13T18:35:19,0.5,"Rain, Partially cloudy",Partly cloudy throughout the day with rain.,rain,"MGGT,F3111,78641099999"
Guatemala,2022-07-14,23,16,19.1,23,16,19.1,16.9,87.7,13.2,100,50,rain,0,0,11.5,22.3,23.1,1022.4,78.6,9,139.4,12.3,10,30,2022-07-14T05:40:19,2022-07-14T18:35:14,0.53,"Rain, Partially cloudy",Partly cloudy throughout the day with rain.,rain,"MGGT,F3111,78641099999"
Guatemala,2022-07-15,25,17,20.2,25,17,20.2,15.1,74.3,3.7,100,50,rain,0,0,11.5,29.5,25.9,1022.9,86.2,10,199,17.2,10,30,2022-07-15T05:40:37,2022-07-15T18:35:08,0.57,"Rain, Partially cloudy",Partly cloudy throughout the day with rain.,rain,"MGGT,F3111,78641099999"
Guatemala,2022-07-16,25,17,20,25,17,20,15.9,78.5,1.7,100,16.67,rain,0,0,10.1,25.9,23.9,1022,86.2,10.6,122.9,10.6,4,30,2022-07-16T05:40:54,2022-07-16T18:35:01,0.6,"Rain, Partially cloudy",Partly cloudy throughout the day with rain.,rain,"MGGT,F3111,78641099999"
Guatemala,2022-07-17,25,16,20.2,25,16,20.2,15.3,75.4,0.7,100,12.5,rain,0,0,12.2,29.5,21.6,1021.3,55.1,10,213.1,18.3,10,30,2022-07-17T05:41:12,2022-07-17T18:34:54,0.63,"Rain, Partially cloudy",Partly cloudy throughout the day with rain.,rain,"MGGT,F3111,78641099999"
Guatemala,2022-07-18,26,17,21.1,26,17,21.1,15.8,73.8,4.4,100,37.5,rain,0,0,9,33.5,26.4,1022,65.7,10,222.8,19.4,10,30,2022-07-18T05:41:29,2022-07-18T18:34:45,0.67,"Rain, Partially cloudy",Partly cloudy throughout the day with rain.,rain,"MGGT,F3111,78641099999"
Guatemala,2022-07-19,25,18,20.5,25,18,20.5,17.1,81.7,8,100,41.67,rain,0,0,11.5,33.5,17.3,1022.3,76,9.9,146.2,12.5,10,60,2022-07-19T05:41:47,2022-07-19T18:34:36,0.7,"Rain, Partially cloudy",Partly cloudy throughout the day with a chance of rain throughout the day.,rain,"MGGT,F3111,78641099999"
Guatemala,2022-07-20,26,16,20.6,26,16,20.6,14.3,69.2,0.4,100,8.33,rain,0,0,9.4,33.5,16,1021.6,83.7,10,186.5,16.2,10,30,2022-07-20T05:42:04,2022-07-20T18:34:25,0.75,"Rain, Partially cloudy",Partly cloudy throughout the day with rain.,rain,"MGGT,F3111,78641099999"
Guatemala,2022-07-21,27,17,21,27.5,17,21,15.9,74.3,8.7,100,37.5,rain,0,0,10.1,25.9,24.6,1020.9,62.9,10,233,20.1,10,30,2022-07-21T05:42:21,2022-07-21T18:34:14,0.77,"Rain, Partially cloudy",Partly cloudy throughout the day with rain.,rain,"MGGT,F3111,78641099999"
Guatemala,2022-07-22,26,17,20.3,26,17,20.3,16.3,79.1,9.6,100,37.5,rain,0,0,16.6,29.5,17.6,1021.3,86,10,132.5,11.5,8,30,2022-07-22T05:42:38,2022-07-22T18:34:02,0.8,"Rain, Partially cloudy",Partly cloudy throughout the day with rain.,rain,"MGGT,F3111,78641099999"
Guatemala,2022-07-23,22,17,18.7,22,17,18.7,16.4,87,9.6,100,54.17,rain,0,0,12.2,25.9,20.8,1021.7,90.4,9.6,54.3,4.6,3,30,2022-07-23T05:42:54,2022-07-23T18:33:48,0.83,"Rain, Overcast",Cloudy skies throughout the day with a chance of rain throughout the day.,rain,"MGGT,F3111,78641099999"
Guatemala,2022-07-24,25,17,20.1,25,17,20.1,15.6,77.1,7.1,100,37.5,rain,0,0,12.2,22.3,20,1021.8,67.7,9.9,240.9,20.8,10,30,2022-07-24T05:43:11,2022-07-24T18:33:34,0.87,"Rain, Partially cloudy",Partly cloudy throughout the day with rain.,rain,"MGGT,F3111,78641099999"
Guatemala,2022-07-25,26,16,20.5,26,16,20.5,15.5,75.2,0.6,100,12.5,rain,0,0,10.4,29.5,23.2,1021.3,56.9,10,270.7,23.2,10,30,2022-07-25T05:43:27,2022-07-25T18:33:19,0.9,"Rain, Partially cloudy",Partly cloudy throughout the day with rain.,rain,"MGGT,F3111,78641099999"
Guatemala,2022-07-26,26,17,20.5,26,17,20.5,15.4,74.4,4.1,100,33.33,rain,0,0,10.4,29.5,18.3,1021.7,78.1,10,198.3,17.1,9,30,2022-07-26T05:43:43,2022-07-26T18:33:03,0.93,"Rain, Partially cloudy",Partly cloudy throughout the day with rain.,rain,"MGGT,F3111,78641099999"
Guatemala,2022-07-27,25,17,19.4,25,17,19.4,16.9,86.4,7.3,100,45.83,rain,0,0,9.4,22.3,30.5,1021.7,84.6,9.8,174.6,15,10,60,2022-07-27T05:43:58,2022-07-27T18:32:46,0.97,"Rain, Partially cloudy",Partly cloudy throughout the day with rain.,rain,"MGGT,F3111,78641099999"
Guatemala,2022-07-28,25,16,20,25,16,20,16.3,80.1,4.9,100,41.67,rain,0,0,10.4,22.3,23,1021.6,82.3,9.7,117.9,10.2,6,30,2022-07-28T05:44:13,2022-07-28T18:32:28,0,"Rain, Partially cloudy",Partly cloudy throughout the day with a chance of rain throughout the day.,rain,"MGGT,F3111,78641099999"
Guatemala,2022-07-29,25,17,20,25,17,20,15.8,78.4,3.4,100,37.5,rain,0,0,10.1,25.9,15.7,1020.8,65.9,9.9,80.9,6.8,5,30,2022-07-29T05:44:28,2022-07-29T18:32:09,0.04,"Rain, Partially cloudy",Partly cloudy throughout the day with rain.,rain,"MGGT,F3111,78641099999"
Guatemala,2022-07-30,25,16,20.5,25,16,20.5,15.5,75.1,7.4,100,33.33,rain,0,0,10.4,25.9,22.1,1021.9,52.2,10,194.7,16.7,10,30,2022-07-30T05:44:43,2022-07-30T18:31:50,0.07,"Rain, Partially cloudy",Partly cloudy throughout the day with rain.,rain,"MGGT,F3111,78641099999"
Guatemala,2022-07-31,24,16,20.2,24,16,20.2,16.1,78.2,8.4,100,54.17,rain,0,0,10.4,33.5,21.5,1022.5,84.5,9.6,93.7,8,5,30,2022-07-31T05:44:58,2022-07-31T18:31:29,0.1,"Rain, Partially cloudy",Partly cloudy throughout the day with a chance of rain throughout the day.,rain,"MGGT,F3111,78641099999,remote"
Guatemala,2022-08-01,26,18,21,26,18,21,16.3,76.3,11.3,100,41.67,rain,0,0,13,29.5,19.8,1022.6,68,10,163.7,14,10,30,2022-08-01T05:45:12,2022-08-01T18:31:07,0.14,"Rain, Partially cloudy",Partly cloudy throughout the day with rain.,rain,"MGGT,F3111,78641099999"
Guatemala,2022-08-02,24,17,20,24,17,20,15.7,77.6,4.9,100,37.5,rain,0,0,13,37.1,17.3,1022,80.2,9.9,122.9,10.8,5,30,2022-08-02T05:45:26,2022-08-02T18:30:45,0.17,"Rain, Partially cloudy",Partly cloudy throughout the day with a chance of rain throughout the day.,rain,"MGGT,F3111,78641099999"
Guatemala,2022-08-03,25,17,19.9,25,17,19.9,15.2,76.3,0.6,100,12.5,rain,0,0,14,33.5,17.2,1021.4,83.4,10,143.6,12.3,9,10,2022-08-03T05:45:39,2022-08-03T18:30:21,0.21,"Rain, Partially cloudy",Partly cloudy throughout the day with rain.,rain,"MGGT,F3111,78641099999"
Guatemala,2022-08-04,25,17,20.3,25,17,20.3,14.5,71.5,0.5,100,12.5,rain,0,0,9.7,29.5,23.4,1021.3,90.5,10,176.9,15.3,10,10,2022-08-04T05:45:52,2022-08-04T18:29:57,0.24,"Rain, Overcast",Cloudy skies throughout the day with rain.,rain,"MGGT,F3111,78641099999"
Guatemala,2022-08-05,26,17,20.2,26,17,20.2,15.4,75.8,2.5,100,25,rain,0,0,14,29.5,20.8,1020.8,73.4,10,214.8,18.6,10,30,2022-08-05T05:46:05,2022-08-05T18:29:32,0.25,"Rain, Partially cloudy",Partly cloudy throughout the day with rain.,rain,"MGGT,F3111,78641099999"
Guatemala,2022-08-06,22,17,19,22,17,19,16.4,85.2,10,100,50,rain,0,0,11.5,29.5,16.4,1020.8,84.6,10,70.3,6,5,30,2022-08-06T05:46:17,2022-08-06T18:29:06,0.31,"Rain, Partially cloudy",Partly cloudy throughout the day with rain.,rain,"MGGT,F3111,78641099999"
Guatemala,2022-08-07,24,17,20.1,24,17,20.1,16,78.4,4,100,41.67,rain,0,0,11.2,29.5,24.3,1020.9,74.4,10,134.1,11.6,6,10,2022-08-07T05:46:30,2022-08-07T18:28:39,0.35,"Rain, Partially cloudy",Partly cloudy throughout the day with a chance of rain throughout the day.,rain,"MGGT,F3111,78641099999"
Guatemala,2022-08-08,25,17,20.1,25,17,20.1,15.3,75.9,1.5,100,25,rain,0,0,11.5,33.5,20.8,1021.1,87.1,10,113.2,9.6,5,10,2022-08-08T05:46:41,2022-08-08T18:28:12,0.38,"Rain, Partially cloudy",Partly cloudy throughout the day with rain.,rain,"MGGT,F3111,78641099999"
Guatemala,2022-08-09,26,17,20.2,26,17,20.2,16,78.4,10.5,100,50,rain,0,0,9,25.9,25.5,1021.4,78.1,9.7,141.4,12.1,10,30,2022-08-09T05:46:53,2022-08-09T18:27:44,0.42,"Rain, Partially cloudy",Partly cloudy throughout the day with rain.,rain,"MGGT,F3111,78641099999"
Guatemala,2022-08-10,24,17,20,24,17,20,17.1,84.1,16.8,100,62.5,rain,0,0,8.3,22.3,38,1022.4,78.9,10,173.6,15.1,10,30,2022-08-10T05:47:04,2022-08-10T18:27:14,0.45,"Rain, Partially cloudy",Partly cloudy throughout the day with a chance of rain throughout the day.,rain,"MGGT,F3111,78641099999"
Guatemala,2022-08-11,25,17,19.8,25,17,19.8,17,85,12.7,100,58.33,rain,0,0,9.7,18.4,33,1022.3,76,9.3,205.4,17.7,10,30,2022-08-11T05:47:14,2022-08-11T18:26:44,0.5,"Rain, Partially cloudy",Partly cloudy throughout the day with a chance of rain throughout the day.,rain,"MGGT,F3111,78641099999"
Guatemala,2022-08-12,25,17,19.5,25,17,19.5,16.4,83.8,17.4,100,58.33,rain,0,0,9.7,22.3,48.3,1022.4,81.8,8.9,114.5,9.9,5,30,2022-08-12T05:47:25,2022-08-12T18:26:14,0.52,"Rain, Partially cloudy",Partly cloudy throughout the day with a chance of rain throughout the day.,rain,"MGGT,F3111,78641099999"
Guatemala,2022-08-13,26,16,20,26,16,20,16.4,81.3,2.1,100,41.67,rain,0,0,7.6,18.4,44.1,1022.6,83.6,9,189.9,16.5,7,60,2022-08-13T05:47:35,2022-08-13T18:25:42,0.56,"Rain, Partially cloudy",Partly cloudy throughout the day with rain.,rain,"MGGT,F3111,78641099999"
Guatemala,2022-08-14,25,18,20,25,18,20,17.3,85,14.6,100,54.17,rain,0,0,6.8,18.4,13.9,1021.8,84.6,9.3,157.5,13.7,10,60,2022-08-14T05:47:45,2022-08-14T18:25:10,0.59,"Rain, Partially cloudy",Partly cloudy throughout the day with a chance of rain throughout the day.,rain,"MGGT,F3111,78641099999"
Guatemala,2022-08-15,24,17,18.9,24,17,18.9,16.8,88.2,17.4,100,70.83,rain,0,0,8.6,14.8,26.1,1020.6,70.6,9.3,78.6,7,4,30,2022-08-15T05:47:54,2022-08-15T18:24:37,0.62,"Rain, Partially cloudy",Partly cloudy throughout the day with a chance of rain throughout the day.,rain,"MGGT,F3111,78641099999"
Guatemala,2022-08-16,25,16,19.3,25,16,19.3,17,87.5,5.9,100,62.5,rain,0,0,9,14.8,84,1020.4,80.8,8.9,191.2,16.6,10,60,2022-08-16T05:48:03,2022-08-16T18:24:03,0.65,"Rain, Partially cloudy",Partly cloudy throughout the day with a chance of rain throughout the day.,rain,"MGGT,F3111,78641099999"
Guatemala,2022-08-17,25,18,19.6,25,18,19.6,17,86.2,6.8,100,58.33,rain,0,0,9.4,22.3,20.4,1021,87.3,9.5,147.4,12.6,9,30,2022-08-17T05:48:11,2022-08-17T18:23:29,0.69,"Rain, Partially cloudy",Partly cloudy throughout the day with rain.,rain,"MGGT,F3111,78641099999"
Guatemala,2022-08-18,25.6,16,20.1,25.6,16,20.1,17,83.4,10.6,100,54.17,rain,0,0,6.1,18.4,177,1020.7,73.6,9.9,170.7,15,10,60,2022-08-18T05:48:20,2022-08-18T18:22:54,0.75,"Rain, Partially cloudy",Partly cloudy throughout the day with rain.,rain,"MGGT,F3111,78641099999"
Guatemala,2022-08-19,26,18,21.5,26,18,21.5,16.2,74.2,1.4,100,41.67,rain,0,0,9.7,25.9,19.9,1020.5,60.4,9.3,217.6,18.8,9,30,2022-08-19T05:48:28,2022-08-19T18:22:18,0.75,"Rain, Partially cloudy",Partly cloudy throughout the day with a chance of rain throughout the day.,rain,"MGGT,F3111,78641099999"
Guatemala,2022-08-20,25,17,20.4,25,17,20.4,16.9,81.2,2,100,29.17,rain,0,0,9,25.9,19.3,1022.1,84.6,10,148.2,12.9,10,60,2022-08-20T05:48:35,2022-08-20T18:21:42,0.78,"Rain, Partially cloudy",Partly cloudy throughout the day with rain.,rain,"MGGT,F3111,78641099999"
Guatemala,2022-08-21,26,17,21,26,17,21,16,74.5,10.5,100,45.83,rain,0,0,9.4,29.5,20.6,1022.1,60.9,9.9,239.8,20.8,10,60,2022-08-21T05:48:43,2022-08-21T18:21:05,0.82,"Rain, Partially cloudy",Partly cloudy throughout the day with a chance of rain throughout the day.,rain,"MGGT,F3111,78641099999"
Guatemala,2022-08-22,26,17,20.3,26,17,20.3,16.6,80.7,3.8,100,37.5,rain,0,0,7.2,25.9,19.5,1020.7,56.1,9.8,187.3,16.3,10,60,2022-08-22T05:48:50,2022-08-22T18:20:28,0.85,"Rain, Partially cloudy",Partly cloudy throughout the day with rain.,rain,"MGGT,F3111,78641099999"
Guatemala,2022-08-23,26,18,20.3,26,18,20.3,16.7,81.7,10.2,100,50,rain,0,0,8.6,25.9,22.9,1019.2,66.2,9.3,226.3,19.5,10,60,2022-08-23T05:48:57,2022-08-23T18:19:49,0.88,"Rain, Partially cloudy",Partly cloudy throughout the day with rain.,rain,"MGGT,F3111,78641099999"
Guatemala,2022-08-24,24.4,17,19.2,24.4,17,19.2,17,87.7,19.4,100,58.33,rain,0,0,9,18.4,38.1,1019.3,84.3,10,181.9,15.8,10,30,2022-08-24T05:49:03,2022-08-24T18:19:11,0.92,"Rain, Partially cloudy",Partly cloudy throughout the day with a chance of rain throughout the day.,rain,"MGGT,F3111,78641099999,remote"
Guatemala,2022-08-25,23,16,18.9,23,16,18.9,17,89.5,14.1,100,70.83,rain,0,0,7.2,22.3,20.8,1021.2,87.8,7.4,137.4,11.9,10,30,2022-08-25T05:49:09,2022-08-25T18:18:32,0.95,"Rain, Partially cloudy",Partly cloudy throughout the day with a chance of rain throughout the day.,rain,"MGGT,F3111,78641099999"
Guatemala,2022-08-26,27,15,20.3,27.9,15,20.3,17.3,84.4,9.3,100,41.67,rain,0,0,10.4,14.8,169.7,1021.5,71.7,7,182.7,15.7,10,60,2022-08-26T05:49:15,2022-08-26T18:17:52,0.98,"Rain, Partially cloudy",Partly cloudy throughout the day with rain.,rain,"MGGT,F3111,78641099999"
Guatemala,2022-08-27,27,16,20.5,27.9,16,20.6,17.1,82.3,4.4,100,54.17,rain,0,0,7.6,14.8,131.2,1020.5,82.4,9,276,23.8,10,60,2022-08-27T05:49:21,2022-08-27T18:17:12,0,"Rain, Partially cloudy",Partly cloudy throughout the day with a chance of rain throughout the day.,rain,"MGGT,F3111,78641099999"
Guatemala,2022-08-28,26,16,20.3,26,16,20.3,16.5,81,10.7,100,66.67,rain,0,0,6.8,22.3,196.4,1019.8,88.5,9.4,242.4,20.9,10,60,2022-08-28T05:49:26,2022-08-28T18:16:31,0.05,"Rain, Partially cloudy",Partly cloudy throughout the day with a chance of rain throughout the day.,rain,"MGGT,F3111,78641099999"
Guatemala,2022-08-29,24,17,18.7,24,17,18.7,16.8,89.3,12.6,100,54.17,rain,0,0,7.9,18.4,224.1,1020.3,82.9,8.6,107.4,9.3,7,60,2022-08-29T05:49:31,2022-08-29T18:15:50,0.09,"Rain, Partially cloudy",Partly cloudy throughout the day with rain.,rain,"MGGT,F3111,78641099999"
Guatemala,2022-08-30,25,17,19.8,25,17,19.8,17.3,86.4,14.5,100,70.83,rain,0,0,5,22.3,127.7,1020.5,76.6,9.2,196.9,17.2,10,30,2022-08-30T05:49:36,2022-08-30T18:15:08,0.12,"Rain, Partially cloudy",Partly cloudy throughout the day with a chance of rain throughout the day.,rain,"MGGT,F3111,78641099999"
Guatemala,2022-08-31,25,17,20,25,17,20,17.2,85.2,16.2,100,54.17,rain,0,0,9.4,18.4,32.3,1019.5,77.1,8.2,253.1,21.8,10,60,2022-08-31T05:49:41,2022-08-31T18:14:26,0.16,"Rain, Partially cloudy",Partly cloudy throughout the day with a chance of rain throughout the day.,rain,"MGGT,F3111,78641099999"
Guatemala,2022-09-01,24,17,19.2,24,17,19.2,17,87.6,21,100,50,rain,0,0,9.4,14.8,73,1018,86.4,9.1,104.9,8.9,8,30,2022-09-01T05:49:45,2022-09-01T18:13:44,0.19,"Rain, Partially cloudy",Partly cloudy throughout the day with rain.,rain,"MGGT,F3111,78641099999,remote"
Guatemala,2022-09-02,23,17,19.2,23,17,19.2,17.4,89.8,24.7,100,75,rain,0,0,10.1,22.3,209.1,1018.5,92.7,8.5,70.2,6.1,4,30,2022-09-02T05:49:49,2022-09-02T18:13:01,0.23,"Rain, Overcast",Cloudy skies throughout the day with a chance of rain throughout the day.,rain,"MGGT,F3111,78641099999"
Guatemala,2022-09-03,24,17,18.8,24,17,18.8,17.3,91.6,14.9,100,83.33,rain,0,0,5.4,18.4,21.3,1019.9,93.3,6.6,73,6.4,4,10,2022-09-03T05:49:54,2022-09-03T18:12:18,0.25,"Rain, Overcast",Cloudy skies throughout the day with a chance of rain throughout the day.,rain,"MGGT,F3111,78641099999"
Guatemala,2022-09-04,25,18,20.2,25,18,20.2,17,82.9,9,100,54.17,rain,0,0,8.6,22.3,25.2,1020.1,77.6,9.9,184,15.9,10,30,2022-09-04T05:49:57,2022-09-04T18:11:35,0.3,"Rain, Partially cloudy",Partly cloudy throughout the day with a chance of rain throughout the day.,rain,"MGGT,F3111,78641099999"
Guatemala,2022-09-05,25,17,19.8,25,17,19.8,16.8,83.7,23,100,62.5,rain,0,0,5.8,22.3,38.4,1021.1,89.9,10,145,12.4,9,30,2022-09-05T05:50:01,2022-09-05T18:10:51,0.33,"Rain, Partially cloudy",Partly cloudy throughout the day with a chance of rain throughout the day.,rain,"MGGT,F3111,78641099999"
Guatemala,2022-09-06,25,17,19.9,25,17,19.9,17,85,11.6,100,54.17,rain,0,0,7.9,14.8,28,1022.8,75.5,9.5,123.1,10.7,8,60,2022-09-06T05:50:05,2022-09-06T18:10:07,0.37,"Rain, Partially cloudy",Partly cloudy throughout the day with a chance of rain throughout the day.,rain,"MGGT,F3111,78641099999"
Guatemala,2022-09-07,25,17,20.6,25,17,20.6,17.7,84.2,10.9,100,66.67,rain,0,0,5.8,25.9,11.1,1021.9,80.6,9.4,134.7,11.6,10,30,2022-09-07T05:50:08,2022-09-07T18:09:23,0.41,"Rain, Partially cloudy",Partly cloudy throughout the day with a chance of rain throughout the day.,rain,"MGGT,F3111,78641099999"
Guatemala,2022-09-08,25,17,20.3,25,17,20.3,17.6,85.4,5.3,100,50,rain,0,0,15.8,22.3,207.5,1018.9,66.2,8.3,147.2,12.7,10,60,2022-09-08T05:50:12,2022-09-08T18:08:38,0.44,"Rain, Partially cloudy",Partly cloudy throughout the day with rain.,rain,"MGGT,F3111,78641099999"
Guatemala,2022-09-09,26,17,20.7,26,17,20.7,17,81.2,13.8,100,54.17,rain,0,0,15.1,25.9,189.5,1018,85.8,9.2,177.4,15.3,10,60,2022-09-09T05:50:15,2022-09-09T18:07:53,0.48,"Rain, Partially cloudy",Partly cloudy throughout the day with a chance of rain throughout the day.,rain,"MGGT,F3111,78641099999"
Guatemala,2022-09-10,25,17,19.4,25,17,19.4,17.4,88.7,9.3,100,66.67,rain,0,0,10.1,18.4,248.1,1020.4,93.6,8.1,108.5,9.5,7,30,2022-09-10T05:50:18,2022-09-10T18:07:08,0.5,"Rain, Overcast",Cloudy skies throughout the day with a chance of rain throughout the day.,rain,"MGGT,F3111,78641099999"
Guatemala,2022-09-11,22,17,19,22,17,19,17.6,91.7,17.8,100,66.67,rain,0,0,5.8,25.9,28.6,1022.6,87.7,6.5,62.3,5.4,3,30,2022-09-11T05:50:21,2022-09-11T18:06:23,0.54,"Rain, Partially cloudy",Partly cloudy throughout the day with a chance of rain throughout the day.,rain,"MGGT,F3111,78641099999"
Guatemala,2022-09-12,25,17,19.5,25,17,19.5,17.3,87.8,10.6,100,58.33,rain,0,0,8.3,18.4,28.8,1020.9,73.7,7.1,159.3,13.6,10,30,2022-09-12T05:50:24,2022-09-12T18:05:38,0.58,"Rain, Partially cloudy",Partly cloudy throughout the day with a chance of rain throughout the day.,rain,"MGGT,F3111,78641099999"
Guatemala,2022-09-13,24,16,18.7,24,16,18.7,17,90.7,13.2,100,58.33,rain,0,0,9,18.4,239.4,1019.3,89,5.9,74.6,6.4,5,30,2022-09-13T05:50:27,2022-09-13T18:04:52,0.61,"Rain, Partially cloudy",Partly cloudy throughout the day with a chance of rain throughout the day.,rain,"MGGT,F3111,78641099999"
Guatemala,2022-09-14,24,17,19,24,17,19,16.5,86.4,15.3,100,75,rain,0,0,9,22.3,222.3,1019,87.5,8.5,97.2,8.4,10,30,2022-09-14T05:50:30,2022-09-14T18:04:07,0.64,"Rain, Partially cloudy",Partly cloudy throughout the day with a chance of rain throughout the day.,rain,"MGGT,F3111,78641099999"
Guatemala,2022-09-15,25,16,19.3,25,16,19.3,16.5,85,7.5,100,62.5,rain,0,0,9,22.3,208.8,1020,73.7,9.2,198.1,17,10,30,2022-09-15T05:50:33,2022-09-15T18:03:21,0.67,"Rain, Partially cloudy",Partly cloudy throughout the day with a chance of rain throughout the day.,rain,"MGGT,F3111,78641099999"
Guatemala,2022-09-16,24,16,19.3,24,16,19.3,17,87.4,15.9,100,45.83,rain,0,0,11.5,18.4,255.8,1020.1,74.8,8.7,96.7,8.4,4,30,2022-09-16T05:50:35,2022-09-16T18:02:36,0.7,"Rain, Partially cloudy",Partly cloudy throughout the day with rain.,rain,"MGGT,F3111,78641099999"
Guatemala,2022-09-17,24,16,18.9,24,16,18.9,16.9,88.9,12.6,100,58.33,rain,0,0,6.1,18.4,181.5,1019.8,81.3,8,138.8,12,10,30,2022-09-17T05:50:38,2022-09-17T18:01:50,0.75,"Rain, Partially cloudy",Partly cloudy throughout the day with a chance of rain throughout the day.,rain,"MGGT,F3111,78641099999"
Guatemala,2022-09-18,24,17,18.9,24,17,18.9,17.1,90.1,13.8,100,62.5,rain,0,0,7.9,18.4,23.6,1020,77.8,9.5,116.1,10.1,9,30,2022-09-18T05:50:41,2022-09-18T18:01:04,0.77,"Rain, Partially cloudy",Partly cloudy throughout the day with a chance of rain throughout the day.,rain,"MGGT,F3111,78641099999"
Guatemala,2022-09-19,25,16,19.1,25,16,19.1,16.9,88.2,11.5,100,70.83,rain,0,0,10.1,22.3,16.3,1019.4,73.4,8.9,150.4,13,10,30,2022-09-19T05:50:44,2022-09-19T18:00:18,0.8,"Rain, Partially cloudy",Partly cloudy throughout the day with a chance of rain throughout the day.,rain,"MGGT,F3111,78641099999"
Guatemala,2022-09-20,24,16,19.5,24,16,19.5,17,85.9,10,100,70.83,rain,0,0,9,18.4,32.3,1019.3,76,9.6,121.8,10.4,4,30,2022-09-20T05:50:47,2022-09-20T17:59:33,0.83,"Rain, Partially cloudy",Partly cloudy throughout the day with a chance of rain throughout the day.,rain,"MGGT,F3111,78641099999"
Guatemala,2022-09-21,24,16,19.3,24,16,19.3,16.9,86.5,47.1,100,83.33,rain,0,0,7.6,22.3,19,1018.5,90,9,105.3,9.1,10,60,2022-09-21T05:50:50,2022-09-21T17:58:47,0.87,"Rain, Partially cloudy",Partly cloudy throughout the day with a chance of rain throughout the day.,rain,"MGGT,F3111,78641099999"
Guatemala,2022-09-22,21,17,18.3,21,17,18.3,16.8,91.1,8.1,100,58.33,rain,0,0,7.9,22.3,23.2,1018.6,91.3,9.5,37.8,3.3,2,10,2022-09-22T05:50:54,2022-09-22T17:58:01,0.9,"Rain, Overcast",Cloudy skies throughout the day with a chance of rain throughout the day.,rain,"MGGT,F3111,78641099999"
Guatemala,2022-09-23,21,17,18.6,21,17,18.6,17.4,92.8,40.7,100,75,rain,0,0,7.2,18.4,15.9,1020,86.6,8,56.3,4.9,2,30,2022-09-23T05:50:57,2022-09-23T17:57:16,0.93,"Rain, Partially cloudy",Partly cloudy throughout the day with a chance of rain throughout the day.,rain,"MGGT,F3111,78641099999,remote"
Guatemala,2022-09-24,26,18,20.2,26,18,20.2,17.8,87.2,16.9,100,54.17,rain,0,0,9,22.3,31.6,1020.5,74.6,9.3,124.5,10.7,9,60,2022-09-24T05:51:00,2022-09-24T17:56:31,0.96,"Rain, Partially cloudy",Partly cloudy throughout the day with a chance of rain throughout the day.,rain,"MGGT,F3111,78641099999"
Guatemala,2022-09-25,26,17,20.8,26,17,20.8,17.3,81.7,15.8,100,70.83,rain,0,0,9,22.3,32.5,1018.3,76,9.8,162.6,14,8,30,2022-09-25T05:51:04,2022-09-25T17:55:45,0,"Rain, Partially cloudy",Partly cloudy throughout the day with a chance of rain throughout the day.,rain,"MGGT,F3111,78641099999"
Guatemala,2022-09-26,25,17,19.9,25,17,19.9,17.1,85.2,14.7,100,70.83,rain,0,0,7.2,22.3,28.6,1018,81.7,9.9,173.4,15,10,30,2022-09-26T05:51:08,2022-09-26T17:55:00,0.03,"Rain, Partially cloudy",Partly cloudy throughout the day with a chance of rain throughout the day.,rain,"MGGT,F3111,78641099999"
Guatemala,2022-09-27,25,16,19.5,25,16,19.5,16.9,85.9,8.3,100,62.5,rain,0,0,7.9,18.4,28.3,1019.5,70.5,9.2,199.3,17.2,10,30,2022-09-27T05:51:12,2022-09-27T17:54:16,0.07,"Rain, Partially cloudy",Partly cloudy throughout the day with a chance of rain throughout the day.,rain,"MGGT,F3111,78641099999"
Guatemala,2022-09-28,25,16,20,25,16,20,16,79.1,3.1,100,41.67,rain,0,0,10.4,25.9,21.2,1020.8,75,9.9,173.3,14.9,10,30,2022-09-28T05:51:16,2022-09-28T17:53:31,0.1,"Rain, Partially cloudy",Partly cloudy throughout the day with a chance of rain throughout the day.,rain,"MGGT,F3111,78641099999"
Guatemala,2022-09-29,25,17,20,25,17,20,15.4,76.7,1.5,100,33.33,rain,0,0,16.6,33.5,26.2,1020.1,80.9,10,224,19.5,10,30,2022-09-29T05:51:20,2022-09-29T17:52:47,0.14,"Rain, Partially cloudy",Partly cloudy throughout the day with rain.,rain,"MGGT,F3111,78641099999"
Guatemala,2022-09-30,24,16,19.2,24,16,19.2,14,72.4,1.4,100,41.67,rain,0,0,11.2,33.5,16.8,1018.8,59.1,10,221.4,19.2,10,10,2022-09-30T05:51:24,2022-09-30T17:52:03,0.17,"Rain, Partially cloudy",Partly cloudy throughout the day with a chance of rain throughout the day.,rain,"MGGT,F3111,78641099999"
Guatemala,2022-10-01,24,16,19,24,16,19,14.5,76,2.5,100,45.83,rain,0,0,9.4,22.3,22.4,1019.5,70.7,9.9,223.1,19.2,10,10,2022-10-01T05:51:29,2022-10-01T17:51:19,0.21,"Rain, Partially cloudy",Partly cloudy throughout the day with a chance of rain throughout the day.,rain,"MGGT,F3111,78641099999"
Guatemala,2022-10-02,24,16,19,24,16,19,15.6,81.2,3.7,100,62.5,rain,0,0,9.4,22.3,22.6,1021.4,77.4,9.5,161.6,14.1,10,30,2022-10-02T05:51:34,2022-10-02T17:50:35,0.25,"Rain, Partially cloudy",Partly cloudy throughout the day with a chance of rain throughout the day.,rain,"MGGT,F3111,78641099999"
Guatemala,2022-10-03,24,17,19.2,24,17,19.2,15.8,81.6,4.6,100,62.5,rain,0,0,10.4,29.5,27.3,1021.9,76,10,179.3,15.4,10,30,2022-10-03T05:51:40,2022-10-03T17:49:52,0.28,"Rain, Partially cloudy",Partly cloudy throughout the day with a chance of rain throughout the day.,rain,"MGGT,F3111,78641099999"
Guatemala,2022-10-04,26,16,19.9,26,16,19.9,15.2,76.1,2.3,100,45.83,rain,0,0,10.1,25.9,25.5,1021.2,50.8,10,287,24.6,10,30,2022-10-04T05:51:45,2022-10-04T17:49:09,0.32,"Rain, Partially cloudy",Partly cloudy throughout the day with a chance of rain throughout the day.,rain,"MGGT,F3111,78641099999"
Guatemala,2022-10-05,24,16,19.3,24,16,19.3,15.2,78.8,0.4,100,8.33,rain,0,0,9.4,29.5,24.6,1020.9,69.3,10.6,182.7,15.8,9,10,2022-10-05T05:51:51,2022-10-05T17:48:27,0.35,"Rain, Partially cloudy",Partly cloudy throughout the day with afternoon rain.,rain,"MGGT,F3111,78641099999,remote"
Guatemala,2022-10-06,24,16,19.3,24,16,19.3,15.5,79.6,1.9,100,25,rain,0,0,11.5,29.5,22.3,1021.8,62,10,143,12.3,9,10,2022-10-06T05:51:57,2022-10-06T17:47:45,0.39,"Rain, Partially cloudy",Partly cloudy throughout the day with afternoon rain.,rain,"MGGT,F3111,78641099999"
Guatemala,2022-10-07,23,16,18.9,23,16,18.9,15.6,80.7,0.9,100,16.67,rain,0,0,13.3,33.5,21.2,1022.1,78.4,10,107.5,9.2,7,10,2022-10-07T05:52:04,2022-10-07T17:47:04,0.42,"Rain, Partially cloudy",Partly cloudy throughout the day with rain.,rain,"MGGT,F3111,78641099999"
Guatemala,2022-10-08,22,17,18.8,22,17,18.8,15,79.6,1.3,100,41.67,rain,0,0,24.1,37.1,7.9,1020.4,76,10,79,6.9,3,10,2022-10-08T05:52:11,2022-10-08T17:46:23,0.46,"Rain, Partially cloudy",Partly cloudy throughout the day with rain.,rain,"MGGT,F3111,78641099999"
Guatemala,2022-10-09,20,16,17.7,20,16,17.7,15,84.6,5.8,100,50,rain,0,0,31,40.7,10.2,1017.7,85.7,10.6,42.5,3.6,2,10,2022-10-09T05:52:18,2022-10-09T17:45:42,0.5,"Rain, Partially cloudy",Partly cloudy throughout the day with rain.,rain,"MGGT,F3111,78641099999"
Guatemala,2022-10-10,19,16,17.3,19,16,17.3,16.5,95.7,48.2,100,83.33,rain,0,0,16.6,33.5,4.6,1016.8,91,6.1,67.3,5.8,4,10,2022-10-10T05:52:26,2022-10-10T17:45:02,0.53,"Rain, Overcast",Cloudy skies throughout the day with a chance of rain throughout the day.,rain,"MGGT,F3111,78641099999"
Guatemala,2022-10-11,24,16,18.6,24,16,18.6,17.1,91.6,5.1,100,41.67,rain,0,0,15.1,22.3,208.5,1021.6,84.5,8.1,110.3,9.6,8,30,2022-10-11T05:52:34,2022-10-11T17:44:23,0.56,"Rain, Partially cloudy",Partly cloudy throughout the day with a chance of rain throughout the day.,rain,"MGGT,F3111,78641099999"
Guatemala,2022-10-12,27,15,20.2,27.7,15,20.2,17.2,85.2,3.7,100,33.33,rain,0,0,6.5,22.3,78.2,1021.5,76.6,5.9,264.5,22.9,10,60,2022-10-12T05:52:43,2022-10-12T17:43:44,0.59,"Rain, Partially cloudy",Partly cloudy throughout the day with rain.,rain,"MGGT,F3111,78641099999"
Guatemala,2022-10-13,26,18,20.8,26,18,20.8,17.7,83.4,5.3,100,54.17,rain,0,0,8.3,22.3,207.6,1019.8,81.7,8.8,200.7,17.3,10,60,2022-10-13T05:52:52,2022-10-13T17:43:05,0.62,"Rain, Partially cloudy",Partly cloudy throughout the day with rain.,rain,"MGGT,F3111,78641099999"
Guatemala,2022-10-14,26,18,20.4,26,18,20.4,17.5,84.9,12.9,100,62.5,rain,0,0,9.7,18.4,112.4,1019.3,77.6,8.2,130.5,11.2,6,60,2022-10-14T05:53:01,2022-10-14T17:42:28,0.66,"Rain, Partially cloudy",Partly cloudy throughout the day with a chance of rain throughout the day.,rain,"MGGT,F3111,78641099999"
Guatemala,2022-10-15,26,18,19.8,26,18,19.8,17.5,87.5,8.9,100,70.83,rain,0,0,9.4,18.4,28.4,1020.3,75.3,8.9,136.7,11.7,9,60,2022-10-15T05:53:11,2022-10-15T17:41:50,0.69,"Rain, Partially cloudy",Partly cloudy throughout the day with a chance of rain throughout the day.,rain,"MGGT,F3111,78641099999"
Guatemala,2022-10-16,25,18,20.1,25,18,20.1,17.8,87.4,6,100,50,rain,0,0,8.3,22.3,19.3,1020.1,85,9.3,109.7,9.6,10,30,2022-10-16T05:53:22,2022-10-16T17:41:14,0.72,"Rain, Partially cloudy",Partly cloudy throughout the day with rain.,rain,"MGGT,F3111,78641099999"
Guatemala,2022-10-17,26,17,20.1,26,17,20.1,17.7,86.6,10.8,100,50,rain,0,0,8.3,14.8,111.3,1020,71.2,9.6,111.9,9.5,8,60,2022-10-17T05:53:32,2022-10-17T17:40:38,0.75,"Rain, Partially cloudy",Partly cloudy throughout the day with a chance of rain throughout the day.,rain,"MGGT,F3111,78641099999"
Guatemala,2022-10-18,27,15,19.8,27.7,15,19.9,15.8,80.3,1.2,100,25,rain,0,0,9,22.3,198.4,1020.3,69.6,8.8,242.6,21,10,30,2022-10-18T05:53:44,2022-10-18T17:40:03,0.78,"Rain, Partially cloudy",Partly cloudy throughout the day with rain.,rain,"MGGT,F3111,78641099999,remote"
Guatemala,2022-10-19,26,17,20,26,17,20,17,84,8.7,100,41.67,rain,0,0,7.6,22.3,19.8,1021.5,77.4,8.5,130,11.2,10,60,2022-10-19T05:53:56,2022-10-19T17:39:29,0.82,"Rain, Partially cloudy",Partly cloudy throughout the day with rain.,rain,"MGGT,F3111,78641099999"
Guatemala,2022-10-20,23,17,18.8,23,17,18.8,17.1,90.3,4,100,37.5,rain,0,0,9.7,22.3,23.3,1021.3,87.5,9.6,108.8,9.4,6,30,2022-10-20T05:54:08,2022-10-20T17:38:55,0.85,"Rain, Partially cloudy",Partly cloudy throughout the day with a chance of rain throughout the day.,rain,"MGGT,F3111,78641099999"
Guatemala,2022-10-21,24,16,19,24,16,19,16,83.5,1.9,100,50,rain,0,0,11.5,29.5,26.1,1021.5,73,10,119.3,10.3,8,10,2022-10-21T05:54:21,2022-10-21T17:38:23,0.88,"Rain, Partially cloudy",Partly cloudy throughout the day with rain.,rain,"MGGT,F3111,78641099999"
Guatemala,2022-10-22,24,16,18.7,24,16,18.7,15.8,83.7,1.3,100,37.5,rain,0,0,9.7,25.9,25.4,1021,74.4,10,123,10.6,8,10,2022-10-22T05:54:35,2022-10-22T17:37:51,0.91,"Rain, Partially cloudy",Partly cloudy throughout the day with a chance of rain throughout the day.,rain,"MGGT,F3111,78641099999"
Guatemala,2022-10-23,25,16,19.2,25,16,19.2,16.1,83.5,1.3,100,33.33,rain,0,0,8.6,22.3,22.9,1021,75.5,9.9,167.8,14.6,10,30,2022-10-23T05:54:49,2022-10-23T17:37:20,0.95,"Rain, Partially cloudy",Partly cloudy throughout the day with a chance of rain throughout the day.,rain,"MGGT,F3111,78641099999"
Guatemala,2022-10-24,26,15.7,20.4,26,15.7,20.4,16.7,81.2,3.6,100,29.17,rain,0,0,8.3,22.3,205.5,1019.3,53.5,13.2,203.5,17.6,10,60,2022-10-24T05:55:03,2022-10-24T17:36:49,0.98,"Rain, Partially cloudy",Partly cloudy throughout the day with rain.,rain,"MGGT,F3111,remote,78641099999"
Guatemala,2022-10-25,26,17,21,26,17,21,17.3,80.5,3.9,100,37.5,rain,0,0,10.4,22.3,198.8,1021,56.2,7.8,148.3,12.7,10,60,2022-10-25T05:55:19,2022-10-25T17:36:20,0,"Rain, Partially cloudy",Partly cloudy throughout the day with rain.,rain,"MGGT,F3111,78641099999"
Guatemala,2022-10-26,24,18,20.1,24,18,20.1,17.1,83.5,3.5,100,45.83,rain,0,0,9,22.3,26.2,1020.6,77.3,9.3,121.1,10.3,6,30,2022-10-26T05:55:34,2022-10-26T17:35:51,0.05,"Rain, Partially cloudy",Partly cloudy throughout the day with a chance of rain throughout the day.,rain,"MGGT,F3111,78641099999"
Guatemala,2022-10-27,24,17,19.7,24,17,19.7,16,80.3,1.2,100,29.17,rain,0,0,11.5,25.9,25.1,1020.7,76,9.7,213.2,18.4,10,30,2022-10-27T05:55:51,2022-10-27T17:35:24,0.08,"Rain, Partially cloudy",Partly cloudy throughout the day with rain.,rain,"MGGT,F3111,78641099999"
Guatemala,2022-10-28,26,15,19.8,26,15,19.8,14,72,0.1,100,4.17,rain,0,0,5.8,25.9,26.9,1021.4,44.5,10.6,228.4,19.7,10,10,2022-10-28T05:56:08,2022-10-28T17:34:57,0.12,"Rain, Partially cloudy",Partly cloudy throughout the day with early morning rain.,rain,"MGGT,F3111,78641099999,remote"
Guatemala,2022-10-29,25,16,19.7,25,16,19.7,14.9,76,0.1,100,4.17,rain,0,0,8.3,22.3,27.7,1022.2,56.4,10,233.7,20.3,10,10,2022-10-29T05:56:25,2022-10-29T17:34:31,0.15,"Rain, Partially cloudy",Partly cloudy throughout the day with afternoon rain.,rain,"MGGT,F3111,78641099999"
Guatemala,2022-10-30,24,16,19.4,24,16,19.4,15.3,78.6,0.3,100,12.5,rain,0,0,11.9,29.5,23.1,1020.6,67.4,10.6,150.4,13,9,10,2022-10-30T05:56:44,2022-10-30T17:34:06,0.19,"Rain, Partially cloudy",Partly cloudy throughout the day with afternoon rain.,rain,"MGGT,F3111,78641099999"
Guatemala,2022-10-31,24,16,19.2,24,16,19.2,13.8,72.9,0.1,100,4.17,rain,0,0,12.2,25.9,29.1,1019.8,44.7,10,248.9,21.4,10,10,2022-10-31T05:57:02,2022-10-31T17:33:43,0.22,"Rain, Partially cloudy",Partly cloudy throughout the day with afternoon rain.,rain,"MGGT,F3111,78641099999"
Guatemala,2022-11-01,25,14,19.1,25,14,19.1,13.2,70.5,0.1,100,4.17,rain,0,0,8.6,25.9,20.3,1021,18.2,10,238,20.6,9,10,2022-11-01T05:57:22,2022-11-01T17:33:20,0.25,Rain,Clear conditions throughout the day with afternoon rain.,rain,"MGGT,F3111,78641099999"
Guatemala,2022-11-02,25,16,20.3,25,16,20.3,15,73,1.6,100,29.17,rain,0,0,12.6,22.3,30.5,1022,61.1,10,209.5,18.2,8,10,2022-11-02T05:57:42,2022-11-02T17:32:58,0.3,"Rain, Partially cloudy",Partly cloudy throughout the day with rain.,rain,"MGGT,F3111,78641099999"
Guatemala,2022-11-03,25,17,20.5,25,17,20.5,16.6,79.4,12.7,100,45.83,rain,0,0,7.2,18.4,25.2,1021.2,76.3,9.7,157,13.5,9,30,2022-11-03T05:58:03,2022-11-03T17:32:37,0.33,"Rain, Partially cloudy",Partly cloudy throughout the day with rain.,rain,"MGGT,F3111,78641099999"
Guatemala,2022-11-04,24,18,19.4,24,18,19.4,17.3,88.6,18.3,100,58.33,rain,0,0,7.2,14.8,53.9,1020.4,83.4,7.8,107.3,9.1,10,30,2022-11-04T05:58:24,2022-11-04T17:32:18,0.37,"Rain, Partially cloudy",Partly cloudy throughout the day with a chance of rain throughout the day.,rain,"MGGT,F3111,78641099999"
Guatemala,2022-11-05,24,17,19.8,24,17,19.8,17.5,87,5.4,100,54.17,rain,0,0,9.7,25.9,194.8,1019,74.3,6,146.1,12.7,9,30,2022-11-05T05:58:46,2022-11-05T17:31:59,0.4,"Rain, Partially cloudy",Partly cloudy throughout the day with rain.,rain,"MGGT,F3111,78641099999"
Guatemala,2022-11-06,24,17,20.1,24,17,20.1,17.4,85.1,9.4,100,58.33,rain,0,0,7.9,18.4,25.9,1019,76.9,9.1,99,8.5,4,30,2022-11-06T05:59:08,2022-11-06T17:31:41,0.44,"Rain, Partially cloudy",Partly cloudy throughout the day with a chance of rain throughout the day.,rain,"MGGT,F3111,78641099999"
Guatemala,2022-11-07,22,17,18.7,22,17,18.7,16,84.8,3.9,100,41.67,rain,0,0,9.4,18.4,28,1020.8,82,9.7,81,6.9,4,30,2022-11-07T05:59:31,2022-11-07T17:31:25,0.47,"Rain, Partially cloudy",Partly cloudy throughout the day with a chance of rain throughout the day.,rain,"MGGT,F3111,78641099999"
Guatemala,2022-11-08,24,15,19,24,15,19,14.3,76.5,0.5,100,20.83,rain,0,0,11.5,25.9,23.6,1021.9,67.6,10,240.2,20.7,10,10,2022-11-08T05:59:55,2022-11-08T17:31:10,0.5,"Rain, Partially cloudy",Partly cloudy throughout the day with a chance of rain throughout the day.,rain,"MGGT,F3111,78641099999"
Guatemala,2022-11-09,23,15,18.7,23,15,18.7,14,75.7,1,100,25,rain,0,0,9,29.5,21.3,1021.1,48.7,10,174,15.1,9,10,2022-11-09T06:00:19,2022-11-09T17:30:55,0.54,"Rain, Partially cloudy",Partly cloudy throughout the day with rain.,rain,"MGGT,F3111,78641099999"
Guatemala,2022-11-10,24,15,19,24,15,19,15,78.6,3.5,100,33.33,rain,0,0,9,25.9,185.8,1019.3,58,9.5,160.3,13.8,9,10,2022-11-10T06:00:44,2022-11-10T17:30:42,0.57,"Rain, Partially cloudy",Partly cloudy throughout the day with rain.,rain,"MGGT,F3111,78641099999"
Guatemala,2022-11-11,24,16,19.5,24,16,19.5,15.4,78.9,0.1,100,4.17,rain,0,0,13,22.3,200.4,1019.6,54.1,8.6,145.5,12.4,8,10,2022-11-11T06:01:10,2022-11-11T17:30:30,0.61,"Rain, Partially cloudy",Partly cloudy throughout the day with afternoon rain.,rain,"MGGT,F3111,78641099999"
Guatemala,2022-11-12,27,15,20.3,26.8,15,20.3,14.2,72.3,0.1,100,4.17,rain,0,0,6.1,22.3,22.3,1021.3,43.6,9.3,255.6,22.2,9,10,2022-11-12T06:01:36,2022-11-12T17:30:20,0.64,"Rain, Partially cloudy",Partly cloudy throughout the day with late afternoon rain.,rain,"MGGT,F3111,78641099999"
Guatemala,2022-11-13,23,17,19.3,23,17,19.3,14.8,76.7,0.5,100,20.83,rain,0,0,14.4,37.1,7.9,1021.7,68.5,10,144.5,12.5,10,10,2022-11-13T06:02:02,2022-11-13T17:30:10,0.67,"Rain, Partially cloudy",Partly cloudy throughout the day with rain.,rain,"MGGT,F3111,78641099999"
Guatemala,2022-11-14,24,15,18.9,24,15,18.9,14.8,78.7,0.2,100,8.33,rain,0,0,10.4,29.5,21.6,1021.1,45.9,10,225.7,19.6,9,10,2022-11-14T06:02:30,2022-11-14T17:30:01,0.7,"Rain, Partially cloudy",Becoming cloudy in the afternoon with rain.,rain,"MGGT,F3111,78641099999"
Guatemala,2022-11-15,26,17,20.5,26,17,20.5,15.2,73.9,1.2,100,16.67,rain,0,0,11.9,29.5,22.6,1022.4,42.6,10,255,22.1,9,30,2022-11-15T06:02:57,2022-11-15T17:29:54,0.74,"Rain, Partially cloudy",Partly cloudy throughout the day with rain.,rain,"MGGT,F3111,78641099999"
Guatemala,2022-11-16,23,16,18.1,23,16,18.1,15,83.1,0.9,100,20.83,rain,0,0,17.3,40.7,12.2,1023.4,66.4,9.9,63.2,5.3,6,10,2022-11-16T06:03:26,2022-11-16T17:29:48,0.75,"Rain, Partially cloudy",Partly cloudy throughout the day with rain in the morning and afternoon.,rain,"MGGT,F3111,78641099999"
Guatemala,2022-11-17,23,16,18.7,23,16,18.7,15.2,81,0.8,100,25,rain,0,0,16.6,37.1,12,1022.5,68.3,10,54.8,4.7,3,10,2022-11-17T06:03:54,2022-11-17T17:29:43,0.8,"Rain, Partially cloudy",Partly cloudy throughout the day with rain.,rain,"MGGT,F3111,78641099999"
Guatemala,2022-11-18,24,16,18.9,24,16,18.9,14.8,78.5,0.7,100,29.17,rain,0,0,14.8,37.1,22.2,1021.2,50.6,10,201.9,17.5,10,10,2022-11-18T06:04:24,2022-11-18T17:29:39,0.83,"Rain, Partially cloudy",Partly cloudy throughout the day with a chance of rain throughout the day.,rain,"MGGT,F3111,78641099999"
Guatemala,2022-11-19,25,16,19.3,25,16,19.3,15.1,77.8,4.8,100,33.33,rain,0,0,12.2,25.9,24.8,1020.7,43.6,10,190.3,16.4,9,30,2022-11-19T06:04:53,2022-11-19T17:29:37,0.86,"Rain, Partially cloudy",Partly cloudy throughout the day with rain.,rain,"MGGT,F3111,78641099999"
Guatemala,2022-11-20,24,16,19,24,16,19,14.7,77.4,0.7,100,16.67,rain,0,0,23.4,33.5,21.4,1020.7,73.8,10,95.8,8.3,4,10,2022-11-20T06:05:23,2022-11-20T17:29:36,0.9,"Rain, Partially cloudy",Partly cloudy throughout the day with rain in the morning and afternoon.,rain,"MGGT,F3111,78641099999"
Guatemala,2022-11-21,21,16,17.8,21,16,17.8,15.6,87.5,1.4,100,41.67,rain,0,0,13.7,33.5,19.6,1021.4,95.9,9.5,42.7,3.5,2,10,2022-11-21T06:05:54,2022-11-21T17:29:35,0.93,"Rain, Overcast",Cloudy skies throughout the day with a chance of rain throughout the day.,rain,"MGGT,F3111,78641099999"
Guatemala,2022-11-22,23,16,17.9,23,16,17.9,15.8,88,3.5,100,50,rain,0,0,11.2,33.5,12.8,1022,78.1,9.6,67.8,6,3,10,2022-11-22T06:06:25,2022-11-22T17:29:36,0.96,"Rain, Partially cloudy",Partly cloudy throughout the day with a chance of rain throughout the day.,rain,"MGGT,F3111,78641099999"
Guatemala,2022-11-23,24,15,18.6,24,15,18.6,14.3,77.5,0,0,0,,0,0,8.6,25.9,19.3,1021.3,51.8,10,232.2,19.9,9,10,2022-11-23T06:06:56,2022-11-23T17:29:39,0,Partially cloudy,Partly cloudy throughout the day.,partly-cloudy-day,"MGGT,F3111,78641099999"
Guatemala,2022-11-24,24,15,19,24,15,19,14.8,78.1,0,0,0,,0,0,7.9,29.5,21.5,1020.6,67.4,10,162.7,13.9,8,10,2022-11-24T06:07:28,2022-11-24T17:29:42,0.03,Partially cloudy,Partly cloudy throughout the day.,partly-cloudy-day,"MGGT,F3111,78641099999"
Guatemala,2022-11-25,26,17,20.4,26,17,20.4,15,73.2,0.3,100,8.33,rain,0,0,9,22.3,28.6,1020.4,59.6,9.7,226.1,19.4,9,30,2022-11-25T06:08:00,2022-11-25T17:29:46,0.06,"Rain, Partially cloudy",Partly cloudy throughout the day with afternoon rain.,rain,"MGGT,F3111,78641099999"
Guatemala,2022-11-26,25,15.9,19.3,25,15.9,19.3,16.2,83.4,6.7,100,62.5,rain,0,0,6.1,18.4,33.9,1020.9,64.9,10,139.1,12,10,10,2022-11-26T06:08:33,2022-11-26T17:29:52,0.1,"Rain, Partially cloudy",Partly cloudy throughout the day with rain.,rain,"MGGT,F3111,78641099999,remote"
Guatemala,2022-11-27,23,17,19.3,23,17,19.3,16.7,86.2,11.5,100,62.5,rain,0,0,6.1,18.4,22.9,1021.2,82.5,9.6,102.5,8.8,8,10,2022-11-27T06:09:06,2022-11-27T17:29:59,0.13,"Rain, Partially cloudy",Partly cloudy throughout the day with a chance of rain throughout the day.,rain,"MGGT,F3111,78641099999"
Guatemala,2022-11-28,23,17,18.5,23,17,18.5,16.9,91,10,100,66.67,rain,0,0,5.8,18.4,22.5,1020.9,85.5,8.3,60.3,5,6,30,2022-11-28T06:09:39,2022-11-28T17:30:07,0.17,"Rain, Partially cloudy",Partly cloudy throughout the day with a chance of rain throughout the day.,rain,"MGGT,F3111,78641099999"
Guatemala,2022-11-29,25,15,18.5,25,15,18.5,15.8,85.3,4.3,100,41.67,rain,0,0,8.3,18.4,29.9,1020.1,63.8,9.2,135.9,11.8,8,10,2022-11-29T06:10:12,2022-11-29T17:30:16,0.2,"Rain, Partially cloudy",Partly cloudy throughout the day with a chance of rain throughout the day.,rain,"MGGT,F3111,78641099999"
Guatemala,2022-11-30,24,16,19.1,24,16,19.1,14,74.6,0,0,0,,0,0,9,29.5,24.2,1020.6,61.1,10,221.5,19.3,9,10,2022-11-30T06:10:45,2022-11-30T17:30:27,0.25,Partially cloudy,Partly cloudy throughout the day.,partly-cloudy-day,"MGGT,F3111,78641099999"
Guatemala,2022-12-01,22,14,17.9,22,14,17.9,13.9,78.2,0.3,100,12.5,rain,0,0,18.7,40.7,20.3,1022.1,58.6,10,120.8,10.4,10,10,2022-12-01T06:11:19,2022-12-01T17:30:38,0.27,"Rain, Partially cloudy",Partly cloudy throughout the day with rain.,rain,"MGGT,F3111,78641099999"
Guatemala,2022-12-02,22,14,17.6,22,14,17.6,13.2,76.2,0.1,100,4.17,rain,0,0,19.4,48.2,19,1022.3,48.9,10,90.5,7.8,6,10,2022-12-02T06:11:53,2022-12-02T17:30:51,0.31,"Rain, Partially cloudy",Partly cloudy throughout the day with afternoon rain.,rain,"MGGT,F3111,78641099999"
Guatemala,2022-12-03,20,15,16.9,20,15,16.9,14.3,84.7,1.3,100,25,rain,0,0,24.5,40.7,15.6,1023,64.6,9.9,51.4,4.4,3,10,2022-12-03T06:12:27,2022-12-03T17:31:04,0.34,"Rain, Partially cloudy",Partly cloudy throughout the day with rain in the morning and afternoon.,rain,"MGGT,F3111,78641099999"
Guatemala,2022-12-04,21,15,17.3,21,15,17.3,13.6,79.4,0.4,100,12.5,rain,0,0,20.5,37.1,19.7,1022.1,55.7,9.9,71.2,6,4,10,2022-12-04T06:13:01,2022-12-04T17:31:19,0.38,"Rain, Partially cloudy",Partly cloudy throughout the day with rain.,rain,"MGGT,F3111,78641099999"
Guatemala,2022-12-05,22,15,16.8,22,15,16.8,14.1,85.1,0.2,100,8.33,rain,0,0,17.3,37.1,18.7,1020.7,57.6,10,49.5,4.4,3,10,2022-12-05T06:13:35,2022-12-05T17:31:35,0.41,"Rain, Partially cloudy",Partly cloudy throughout the day with rain in the morning and afternoon.,rain,"MGGT,F3111,78641099999"
Guatemala,2022-12-06,22,13,17.6,22,13,17.6,12.2,73.1,0,0,0,,0,0,10.1,33.5,18.3,1022.3,52.6,10,218.8,18.9,9,10,2022-12-06T06:14:09,2022-12-06T17:31:51,0.45,Partially cloudy,Partly cloudy throughout the day.,partly-cloudy-day,"MGGT,F3111,78641099999"
Guatemala,2022-12-07,20,14,16.5,20,14,16.5,13.3,82.1,0.4,100,12.5,rain,0,0,14.8,37.1,19.2,1024.3,62.6,10,97.4,8.4,6,10,2022-12-07T06:14:43,2022-12-07T17:32:09,0.5,"Rain, Partially cloudy",Partly cloudy throughout the day with rain.,rain,"MGGT,F3111,78641099999"
Guatemala,2022-12-08,20,13,16.4,20,13,16.4,12.2,77,0.3,100,12.5,rain,0,0,20.2,37.1,14.8,1022.4,75,10,60.2,5.2,3,10,2022-12-08T06:15:17,2022-12-08T17:32:28,0.52,"Rain, Partially cloudy",Partly cloudy throughout the day with rain.,rain,"MGGT,F3111,78641099999"
Guatemala,2022-12-09,22,14,16.9,22,14,16.9,13.8,83.1,0.1,100,4.17,rain,0,0,15.5,33.5,23.8,1021.1,66.5,9.7,217.6,18.9,10,10,2022-12-09T06:15:51,2022-12-09T17:32:48,0.55,"Rain, Partially cloudy",Partly cloudy throughout the day with early morning rain.,rain,"MGGT,F3111,78641099999"
Guatemala,2022-12-10,22,15,17.5,22,15,17.5,13.5,79.4,0,0,0,,0,0,10.1,29.5,24.2,1022,64.9,10,64.3,5.7,4,10,2022-12-10T06:16:25,2022-12-10T17:33:09,0.58,Partially cloudy,Partly cloudy throughout the day.,partly-cloudy-day,"MGGT,F3111,78641099999"
Guatemala,2022-12-11,23,15,18.1,23,15,18.1,13.6,76.6,0,0,0,,0,0,7.9,22.3,20.1,1021.6,53.6,10,186.2,16.1,9,10,2022-12-11T06:16:58,2022-12-11T17:33:30,0.62,Partially cloudy,Clearing in the afternoon.,partly-cloudy-day,"MGGT,F3111,78641099999"
Guatemala,2022-12-12,24,15,18.3,24,15,18.3,13.9,77.2,0.2,100,8.33,rain,0,0,8.6,22.3,23.4,1020.7,59.3,10,163,14,8,10,2022-12-12T06:17:32,2022-12-12T17:33:53,0.65,"Rain, Partially cloudy",Partly cloudy throughout the day with rain.,rain,"MGGT,F3111,78641099999"
Guatemala,2022-12-13,25,14,18.5,25,14,18.5,14.4,78.7,0.4,100,16.67,rain,0,0,9.4,18.4,185.9,1019.3,67.4,9.8,152.7,13.2,8,10,2022-12-13T06:18:05,2022-12-13T17:34:16,0.68,"Rain, Partially cloudy",Partly cloudy throughout the day with rain.,rain,"MGGT,F3111,78641099999"
Guatemala,2022-12-14,25,15,18.8,25,15,18.8,14.8,80.2,0.1,100,4.17,rain,0,0,15.8,25.9,195.6,1019.3,65.9,8.8,163.8,14.2,9,10,2022-12-14T06:18:38,2022-12-14T17:34:41,0.72,"Rain, Partially cloudy",Partly cloudy throughout the day with late afternoon rain.,rain,"MGGT,F3111,78641099999"
Guatemala,2022-12-15,26,13.8,19.3,26,13.8,19.3,13.9,74.1,0,0,0,,0,0,7.9,25.9,23.7,1019,35.5,11.9,193.5,16.7,8,10,2022-12-15T06:19:11,2022-12-15T17:35:06,0.75,Partially cloudy,Clearing in the afternoon.,partly-cloudy-day,"MGGT,F3111,78641099999,remote"
Guatemala,2022-12-16,24,15,18.8,24,15,18.8,14.6,77.8,0,0,0,,0,0,6.8,25.9,27.2,1019.6,51.3,9.8,238.8,20.8,8,10,2022-12-16T06:19:43,2022-12-16T17:35:32,0.75,Partially cloudy,Partly cloudy throughout the day.,partly-cloudy-day,"MGGT,78641099999"
Guatemala,2022-12-17,25,15,19,25,15,19,13.9,74.2,0,0,0,,0,0,8.6,18.4,25.7,1019.5,43,9.8,242.1,21,9,10,2022-12-17T06:20:15,2022-12-17T17:35:59,0.81,Partially cloudy,Clearing in the afternoon.,partly-cloudy-day,"MGGT,78641099999"
Guatemala,2022-12-18,25,16,18.9,25,16,18.9,14.9,79.1,0.2,100,8.33,rain,0,0,11.9,33.5,20.4,1021,81.3,10,226.5,19.6,8,10,2022-12-18T06:20:47,2022-12-18T17:36:26,0.85,"Rain, Partially cloudy",Partly cloudy throughout the day with rain.,rain,"MGGT,78641099999"
Guatemala,2022-12-19,22,16,17.9,22,16,17.9,13.5,77,0.1,100,4.17,rain,0,0,11.5,33.5,12.4,1022.2,47.2,10,213.5,18.6,8,10,2022-12-19T06:21:18,2022-12-19T17:36:54,0.88,"Rain, Partially cloudy",Partly cloudy throughout the day with early morning rain.,rain,"MGGT,78641099999"
Guatemala,2022-12-20,24,15,18.7,24,15,18.7,13.8,75.3,0,0,0,,0,0,11.2,22.3,22.3,1022.6,47.9,10,243.2,21.2,9,10,2022-12-20T06:21:49,2022-12-20T17:37:23,0.91,Partially cloudy,Clearing in the afternoon.,partly-cloudy-day,"MGGT,78641099999"
Guatemala,2022-12-21,20,15,17,20,15,17,14.5,85.6,0.2,100,8.33,rain,0,0,14,29.5,18.5,1021.8,72.6,10,189.3,16.4,7,10,2022-12-21T06:22:19,2022-12-21T17:37:53,0.94,"Rain, Partially cloudy",Partly cloudy throughout the day with rain in the morning and afternoon.,rain,"MGGT,78641099999"
Guatemala,2022-12-22,24,13,17.8,24,13,17.8,13,75.6,0,0,0,,0,0,7.2,22.3,19.6,1021.3,28.4,10,242,21.1,9,10,2022-12-22T06:22:49,2022-12-22T17:38:23,0.98,Partially cloudy,Partly cloudy throughout the day.,partly-cloudy-day,"MGGT,78641099999"
Guatemala,2022-12-23,23,13,17.9,23,13,17.9,12.9,75.1,0,0,0,,0,0,19.4,29.5,17.9,1022.3,31.2,10,241.4,20.9,9,10,2022-12-23T06:23:18,2022-12-23T17:38:53,0,Partially cloudy,Clearing in the afternoon.,partly-cloudy-day,"MGGT,78641099999"
Guatemala,2022-12-24,21,14,17,21,14,17,13.4,80.7,0.1,100,4.17,rain,0,0,17.3,40.7,18.4,1022.5,77.9,10,219.8,19,8,10,2022-12-24T06:23:47,2022-12-24T17:39:25,0.05,"Rain, Partially cloudy",Partly cloudy throughout the day with late afternoon rain.,rain,"MGGT,78641099999"
Guatemala,2022-12-25,22,14,17,22,14,17,13.1,79.1,0.4,100,16.67,rain,0,0,17.3,33.5,24.2,1022,55.9,9.8,192.2,16.5,8,10,2022-12-25T06:24:15,2022-12-25T17:39:56,0.08,"Rain, Partially cloudy",Partly cloudy throughout the day with rain in the morning and afternoon.,rain,"MGGT,78641099999"
Guatemala,2022-12-26,21,13,16.2,21,13,16.2,11.1,73.2,0.1,100,4.17,rain,0,0,19.1,33.5,25.9,1022.8,43.5,10,190.9,16.4,7,10,2022-12-26T06:24:42,2022-12-26T17:40:29,0.11,"Rain, Partially cloudy",Partly cloudy throughout the day with morning rain.,rain,"MGGT,78641099999"
Guatemala,2022-12-27,21,12,15.8,21,12,15.8,10.8,73.5,0,0,0,,0,0,15.8,37.1,22.7,1023.9,34.1,10,220,19.2,8,10,2022-12-27T06:25:08,2022-12-27T17:41:01,0.15,Partially cloudy,Becoming cloudy in the afternoon.,partly-cloudy-day,"MGGT,78641099999"
Guatemala,2022-12-28,23,11,16.8,23,11,16.8,11.3,71.9,0,0,0,,0,0,11.9,29.5,23.5,1023.1,36.7,9.6,235.6,20.4,8,10,2022-12-28T06:25:34,2022-12-28T17:41:34,0.18,Partially cloudy,Partly cloudy throughout the day.,partly-cloudy-day,"MGGT,78641099999,remote"
Guatemala,2022-12-29,25,12,18.1,25,12,18.1,14,79.3,0.1,100,4.17,rain,0,0,9.7,14.8,38,1022.1,37.8,10,228.5,19.8,8,10,2022-12-29T06:25:59,2022-12-29T17:42:08,0.25,"Rain, Partially cloudy",Partly cloudy throughout the day with afternoon rain.,rain,"MGGT,78641099999"
Guatemala,2022-12-30,24,16,19,24,16,19,15.3,80.6,0.1,100,4.17,rain,0,0,10.4,18.4,133.5,1021.6,67.8,9.6,236.1,20.3,8,10,2022-12-30T06:26:23,2022-12-30T17:42:41,0.25,"Rain, Partially cloudy",Partly cloudy throughout the day with afternoon rain.,rain,"MGGT,78641099999"
Guatemala,2022-12-31,25,16,20,25,16,20,14.5,72.3,0,0,0,,0,0,10.8,22.3,29.3,1022.7,65.6,10,240.6,20.6,9,10,2022-12-31T06:26:47,2022-12-31T17:43:15,0.29,Partially cloudy,Partly cloudy throughout the day.,partly-cloudy-day,"MGGT,78641099999"
