name,datetime,tempmax,tempmin,temp,feelslikemax,feelslikemin,feelslike,dew,humidity,precip,precipprob,precipcover,preciptype,snow,snowdepth,windgust,windspeed,winddir,sealevelpressure,cloudcover,visibility,solarradiation,solarenergy,uvindex,severerisk,sunrise,sunset,moonphase,conditions,description,icon,stations
"Kabul, Afghanistan",2022-01-01,3.2,-3.6,-0.9,-0.7,-5.9,-3.5,-2.7,88.1,0.2,100,8.33,snow,,,,16.2,183.5,,90.8,,74.2,6.4,3,,2022-01-01T07:00:29,2022-01-01T16:53:49,0.95,"Snow, Overcast",Cloudy skies throughout the day with snow clearing later.,rain,remote
"Kabul, Afghanistan",2022-01-02,3.7,-6.9,-1.7,2.6,-10.6,-4.2,-5.4,77.8,0,0,0,,,,,7.9,216.8,,77.5,,134.2,11.5,6,,2022-01-02T07:00:40,2022-01-02T16:54:35,0,Partially cloudy,Partly cloudy throughout the day.,partly-cloudy-day,remote
"Kabul, Afghanistan",2022-01-03,1.4,-3.3,-1.3,-3.2,-8.9,-5.2,-2.6,91,29.5,100,95.83,"rain,snow",,,,18.7,153.6,,91.7,,53.3,4.6,3,,2022-01-03T07:00:49,2022-01-03T16:55:22,0.02,"Snow, Rain, Overcast",Cloudy skies throughout the day with a chance of rain or snow throughout the day.,rain,remote
"Kabul, Afghanistan",2022-01-04,0.4,-8.1,-2.7,-3.9,-12.8,-7.3,-3.6,93.8,12.4,100,100,"rain,snow",,,,19.8,170.4,,43.3,,106.9,9.2,4,,2022-01-04T07:00:56,2022-01-04T16:56:10,0.05,"Snow, Rain, Partially cloudy",Partly cloudy throughout the day with a chance of rain or snow throughout the day.,rain,remote
"Kabul, Afghanistan",2022-01-05,-0.4,-12.7,-4.6,-0.9,-18.4,-7.4,-5.9,90.9,5.8,100,54.17,"rain,snow",,,,15.1,206.8,,50.2,,115.9,9.9,5,,2022-01-05T07:01:02,2022-01-05T16:56:59,0.08,"Snow, Rain, Partially cloudy",Partly cloudy throughout the day with a chance of rain or snow throughout the day.,snow,remote
"Kabul, Afghanistan",2022-01-06,-0.4,-14.6,-6.7,-4.2,-20.1,-10,-7.7,91.3,3.4,100,54.17,"rain,snow",,,,12.2,126.6,,80.1,,138.8,11.9,6,,2022-01-06T07:01:05,2022-01-06T16:57:49,0.12,"Snow, Rain, Partially cloudy",Partly cloudy throughout the day with rain or snow.,snow,remote
"Kabul, Afghanistan",2022-01-07,-1.3,-7.8,-4.5,-3.8,-11.4,-7.7,-5.7,91.4,8.4,100,91.67,"rain,snow",,,,14.8,5.8,,89.4,,118.5,10.3,5,,2022-01-07T07:01:07,2022-01-07T16:58:40,0.15,"Snow, Rain, Partially cloudy",Partly cloudy throughout the day with a chance of rain or snow throughout the day.,snow,remote
"Kabul, Afghanistan",2022-01-08,-3.7,-10.5,-6.7,-7.4,-15.2,-11.5,-7.7,93.1,10.6,100,75,snow,,,,15.1,346,,84,,68.2,5.9,3,,2022-01-08T07:01:07,2022-01-08T16:59:32,0.18,"Snow, Partially cloudy",Partly cloudy throughout the day with a chance of snow throughout the day.,snow,remote
"Kabul, Afghanistan",2022-01-09,-2,-14.3,-9.3,-5.9,-21,-14.2,-10.8,89.3,0,0,0,,,,,13.3,323.5,,11.4,,162.9,14.2,6,,2022-01-09T07:01:05,2022-01-09T17:00:25,0.25,Clear,Clear conditions throughout the day.,clear-day,remote
"Kabul, Afghanistan",2022-01-10,-0.2,-16.4,-8.1,-0.4,-23.1,-11.9,-11.2,79.7,0,0,0,,0,3.1,6.8,10.8,271.6,1027.1,0.2,24.1,166.8,14.3,6,10,2022-01-10T07:01:01,2022-01-10T17:01:18,0.25,Clear,Clear conditions throughout the day.,clear-day,remote
"Kabul, Afghanistan",2022-01-11,-1.1,-8.3,-4.9,-1.3,-12.8,-8,-10.7,63.8,0,0,0,,0,5,7.6,9,262.5,1028.3,1.1,24.1,146.6,12.8,6,10,2022-01-11T07:00:55,2022-01-11T17:02:13,0.28,Clear,Clear conditions throughout the day.,clear-day,remote
"Kabul, Afghanistan",2022-01-12,-0.8,-7.1,-4.5,-0.8,-11.1,-6.9,-10.9,61,0,0,0,,0,6,7.6,9.4,264.4,1025.8,79.1,24.1,108,9.3,4,10,2022-01-12T07:00:47,2022-01-12T17:03:08,0.31,Partially cloudy,Partly cloudy throughout the day.,partly-cloudy-day,remote
"Kabul, Afghanistan",2022-01-13,-1.1,-7.8,-4.8,-1.1,-12.5,-7.9,-11,62.2,0,0,0,,0,6.5,7.9,9.4,264.1,1025.6,5.6,24.1,147.6,12.8,6,10,2022-01-13T07:00:38,2022-01-13T17:04:04,0.35,Clear,Clear conditions throughout the day.,clear-day,remote
"Kabul, Afghanistan",2022-01-14,-1.1,-7.5,-4.4,-1.3,-11.6,-7,-8.8,71.9,0,0,0,,0,5.5,6.8,8.3,262.2,1026.7,25.3,24.1,146.6,12.8,6,10,2022-01-14T07:00:26,2022-01-14T17:05:00,0.38,Partially cloudy,Becoming cloudy in the afternoon.,partly-cloudy-day,remote
"Kabul, Afghanistan",2022-01-15,-1.2,-6.6,-3.6,-1.2,-10.5,-5.4,-8,71.4,0.2,100,8.33,snow,0,5.5,6.5,7.9,271.3,1027.4,79,22.9,86.4,7.3,4,10,2022-01-15T07:00:13,2022-01-15T17:05:57,0.41,"Snow, Partially cloudy",Partly cloudy throughout the day with snow.,snow,remote
"Kabul, Afghanistan",2022-01-16,1.3,-3.9,-1.3,1.3,-6.3,-2.2,-5.9,71,0.3,100,8.33,"rain,snow",0,5.7,6.1,6.8,287,1025.9,95.7,23.2,116.3,10,6,10,2022-01-16T06:59:58,2022-01-16T17:06:55,0.44,"Snow, Rain, Overcast",Cloudy skies throughout the day with rain or snow.,rain,remote
"Kabul, Afghanistan",2022-01-17,-0.3,-3.2,-1.3,-0.9,-5.5,-2.7,-2.3,93.1,4.7,100,70.83,"rain,snow",1.2,6.9,9.7,9.4,334.3,1025.5,96.4,4.2,78.3,6.7,5,10,2022-01-17T06:59:41,2022-01-17T17:07:53,0.48,"Snow, Rain, Overcast",Cloudy skies throughout the day with a chance of rain or snow throughout the day.,snow,remote
"Kabul, Afghanistan",2022-01-18,-0.6,-6,-2.9,-0.6,-10.2,-4.7,-5.5,82.2,0.5,100,8.33,snow,0,7.2,7.6,9,272.7,1026.1,66.5,19.1,147.1,12.7,6,10,2022-01-18T06:59:22,2022-01-18T17:08:51,0.5,"Snow, Partially cloudy",Partly cloudy throughout the day with snow.,snow,remote
"Kabul, Afghanistan",2022-01-19,0.1,-4.3,-1.8,-0.4,-7.9,-3.5,-2.9,92.1,5.3,100,41.67,"rain,snow",2,7.2,11.9,9.7,316.4,1020.8,77.1,11.2,109.5,9.5,6,10,2022-01-19T06:59:01,2022-01-19T17:09:50,0.55,"Snow, Rain, Partially cloudy",Partly cloudy throughout the day with rain or snow clearing later.,snow,remote
"Kabul, Afghanistan",2022-01-20,-1.1,-7.6,-4.7,-3.1,-12.5,-8.4,-11.5,59.5,0,0,0,,0,5.6,8.3,10.1,255,1020,0.4,24.1,161.3,13.9,7,10,2022-01-20T06:58:38,2022-01-20T17:10:49,0.58,Clear,Clear conditions throughout the day.,clear-day,remote
"Kabul, Afghanistan",2022-01-21,-3.1,-10.1,-6.1,-3.7,-15,-8.9,-11.5,66.9,3.1,100,25,snow,2.4,8.7,14,11.5,327,1020,36.6,18,154,13.2,6,10,2022-01-21T06:58:14,2022-01-21T17:11:49,0.62,"Snow, Partially cloudy",Becoming cloudy in the afternoon with snow.,snow,remote
"Kabul, Afghanistan",2022-01-22,-3,-9.4,-5.2,-4.3,-14.7,-9,-7.3,85.8,7.5,100,54.17,snow,3.1,16.4,20.9,14.4,0.9,1015.8,85.2,7.2,102.9,8.8,5,10,2022-01-22T06:57:48,2022-01-22T17:12:48,0.65,"Snow, Partially cloudy",Partly cloudy throughout the day with a chance of snow throughout the day.,snow,remote
"Kabul, Afghanistan",2022-01-23,-3.7,-12.2,-8.7,-6.8,-17.7,-13.5,-15,60.7,0,0,0,,0,17.8,9.4,11.5,246.9,1021.2,4.8,24.1,160.5,13.7,7,10,2022-01-23T06:57:20,2022-01-23T17:13:48,0.69,Clear,Clear conditions throughout the day.,clear-day,remote
"Kabul, Afghanistan",2022-01-24,-4.1,-14.1,-9.8,-7.4,-20.5,-15,-18.7,48.8,0,0,0,,0,18.3,9,11.2,252.2,1026.1,0,24.1,168,14.6,7,10,2022-01-24T06:56:50,2022-01-24T17:14:48,0.72,Clear,Clear conditions throughout the day.,clear-day,remote
"Kabul, Afghanistan",2022-01-25,-3.6,-13,-9.2,-6.4,-18.9,-14.1,-18.1,49,0,0,0,,0,17.6,9.4,11.5,254.9,1026.8,0,24.1,167,14.4,7,10,2022-01-25T06:56:19,2022-01-25T17:15:49,0.75,Clear,Clear conditions throughout the day.,clear-day,remote
"Kabul, Afghanistan",2022-01-26,-3.2,-12.8,-9,-6.8,-18.9,-14,-17.2,51.8,0,0,0,,0,16.6,9.7,12.2,253.6,1028.5,0.1,24.1,146.2,12.7,6,10,2022-01-26T06:55:45,2022-01-26T17:16:49,0.79,Clear,Clear conditions throughout the day.,clear-day,remote
"Kabul, Afghanistan",2022-01-27,-2.3,-12.5,-8.1,-5.2,-18.7,-12.9,-16.8,49.9,0,0,0,,0,15.8,9.7,11.9,251.7,1027.8,0.3,24.1,170.5,15.1,7,10,2022-01-27T06:55:11,2022-01-27T17:17:50,0.83,Clear,Clear conditions throughout the day.,clear-day,remote
"Kabul, Afghanistan",2022-01-28,-0.3,-8.2,-4.5,-0.3,-12.9,-7.6,-9.7,67.9,0,0,0,,0,13.2,9,10.4,257.1,1023.6,16,24.1,162.5,14.1,7,10,2022-01-28T06:54:34,2022-01-28T17:18:50,0.86,Clear,Clear conditions throughout the day.,clear-day,remote
"Kabul, Afghanistan",2022-01-29,-0.2,-7.4,-4,-0.2,-12,-7.3,-8.2,72.4,0.1,100,4.17,snow,0,10.3,8.6,10.8,259.5,1024.9,6.3,24.1,165.3,14.4,7,10,2022-01-29T06:53:56,2022-01-29T17:19:51,0.9,Snow,Clear conditions throughout the day with early morning snow.,snow,remote
"Kabul, Afghanistan",2022-01-30,-1,-8,-4.5,-1.2,-12.6,-7.6,-9.5,68.1,0,0,0,,0,9.2,7.9,9,258,1022.7,17.2,24.1,162,13.9,6,10,2022-01-30T06:53:16,2022-01-30T17:20:51,0.93,Clear,Clear conditions throughout the day.,clear-day,remote
"Kabul, Afghanistan",2022-01-31,-1.8,-8.4,-5.3,-3.7,-12.9,-9.1,-10,70,0,0,0,,0,10.6,9,11.2,251.2,1021.3,2,24.1,170.3,14.9,7,10,2022-01-31T06:52:35,2022-01-31T17:21:52,0.97,Clear,Clear conditions throughout the day.,clear-day,remote
"Kabul, Afghanistan",2022-02-01,-1.5,-10.6,-6.2,-4.9,-16.2,-10.7,-13.5,56.5,0,0,0,,0,11,10.4,11.2,243.4,1024.6,8.6,24.1,174.8,15.2,7,10,2022-02-01T06:51:52,2022-02-01T17:22:52,0,Clear,Clear conditions throughout the day.,clear-day,remote
"Kabul, Afghanistan",2022-02-02,-1.1,-6.8,-4.2,-1.1,-12.2,-7,-9.6,66.2,0.3,100,12.5,"rain,snow",0,9.5,10.4,13.3,258,1018.2,72.6,22.5,113.2,9.8,5,10,2022-02-02T06:51:07,2022-02-02T17:23:53,0.03,"Snow, Rain, Partially cloudy",Partly cloudy throughout the day with rain or snow in the morning and afternoon.,snow,remote
"Kabul, Afghanistan",2022-02-03,-1.6,-9.3,-6,-1.6,-15.1,-10.1,-12.5,60.2,0,0,0,,0,7.7,10.1,13,269.5,1022.8,0,24.1,178.4,15.5,7,10,2022-02-03T06:50:21,2022-02-03T17:24:53,0.07,Clear,Clear conditions throughout the day.,clear-day,remote
"Kabul, Afghanistan",2022-02-04,-1.5,-10.9,-6.4,-4.7,-16.7,-10.8,-14.4,53.3,0,0,0,,0,7.4,10.4,11.2,238,1021.2,3.9,24.1,181.8,16,7,10,2022-02-04T06:49:33,2022-02-04T17:25:53,0.1,Clear,Clear conditions throughout the day.,clear-day,remote
"Kabul, Afghanistan",2022-02-05,0.2,-8.1,-3.6,0.2,-12.9,-6.3,-10.2,62,1.7,100,16.67,"rain,snow",0.8,6.9,9,10.4,250.1,1018.5,37.6,21.4,176.1,15.3,7,10,2022-02-05T06:48:44,2022-02-05T17:26:53,0.13,"Snow, Rain, Partially cloudy",Becoming cloudy in the afternoon with rain or snow.,snow,remote
"Kabul, Afghanistan",2022-02-06,-1.3,-7,-4.1,-2.3,-11.1,-7,-7.6,76.7,1.8,100,41.67,"rain,snow",0.2,9.3,10.1,10.8,341.8,1021.7,71.3,16.2,121.5,10.5,5,10,2022-02-06T06:47:54,2022-02-06T17:27:53,0.16,"Snow, Rain, Partially cloudy",Partly cloudy throughout the day with a chance of rain or snow throughout the day.,snow,remote
"Kabul, Afghanistan",2022-02-07,-1.6,-8.5,-5.3,-2.8,-13,-8.6,-8.8,76.7,0,0,0,,0,9.1,7.9,9.4,218.3,1025.4,11.5,24.1,180,15.8,7,10,2022-02-07T06:47:02,2022-02-07T17:28:52,0.2,Clear,Clear conditions throughout the day.,clear-day,remote
"Kabul, Afghanistan",2022-02-08,-1.8,-7.5,-5.2,-4,-10.9,-8.1,-8.5,77.6,0.2,100,8.33,snow,0,8.8,7.6,8.3,239.7,1023.5,71.5,23.4,143.8,12.7,6,10,2022-02-08T06:46:09,2022-02-08T17:29:51,0.25,"Snow, Partially cloudy",Partly cloudy throughout the day with snow.,snow,remote
"Kabul, Afghanistan",2022-02-09,-2.3,-10,-6.3,-5.7,-14.9,-10.3,-11.9,64.7,0,0,0,,0,9.6,9.4,10.1,277.4,1026.3,1.4,24.1,186.7,16.2,8,10,2022-02-09T06:45:14,2022-02-09T17:30:50,0.26,Clear,Clear conditions throughout the day.,clear-day,remote
"Kabul, Afghanistan",2022-02-10,-1.1,-10.1,-5.9,-4.4,-15,-10,-13.2,56.6,0,0,0,,0,8.6,9.4,10.4,289.1,1028.8,0.1,24.1,188.6,16.7,7,10,2022-02-10T06:44:18,2022-02-10T17:31:49,0.29,Clear,Clear conditions throughout the day.,clear-day,remote
"Kabul, Afghanistan",2022-02-11,0.9,-7.9,-3.7,-1.9,-12.7,-7.5,-10.7,58.7,0,0,0,,0,7.4,9.4,9.7,242.5,1025.6,14.3,24.1,190.6,16.9,8,10,2022-02-11T06:43:21,2022-02-11T17:32:47,0.33,Clear,Clear conditions throughout the day.,clear-day,remote
"Kabul, Afghanistan",2022-02-12,1.4,-6.6,-2.5,-0.8,-10.9,-5.8,-9.4,59.9,0,0,0,,0,7.2,8.6,9.7,248.2,1021.9,5.5,24.1,191.3,16.9,8,10,2022-02-12T06:42:22,2022-02-12T17:33:46,0.36,Clear,Clear conditions throughout the day.,clear-day,remote
"Kabul, Afghanistan",2022-02-13,1.6,-5.4,-1.5,1.6,-9.2,-3.4,-6.4,69.6,0,0,0,,0,8.1,7.6,9,259.4,1019.3,82.4,24.1,165.2,14.4,7,10,2022-02-13T06:41:23,2022-02-13T17:34:43,0.39,Partially cloudy,Partly cloudy throughout the day.,partly-cloudy-day,remote
"Kabul, Afghanistan",2022-02-14,1.8,-2.4,-0.5,0.9,-4.7,-2.3,-3.6,79.9,0.3,100,12.5,"rain,snow",0,6.6,7.6,7.6,248.4,1020,61.4,21.8,171.7,14.9,7,10,2022-02-14T06:40:22,2022-02-14T17:35:41,0.42,"Snow, Rain, Partially cloudy",Clearing in the afternoon with a chance of rain or snow throughout the day.,rain,remote
"Kabul, Afghanistan",2022-02-15,0.4,-6.3,-2.6,-1.9,-10.3,-5.4,-7.3,70.1,0,0,0,,0,6.7,7.6,8.3,244.2,1022.1,31.3,24.1,193.4,17,8,10,2022-02-15T06:39:20,2022-02-15T17:36:38,0.45,Partially cloudy,Becoming cloudy in the afternoon.,partly-cloudy-day,remote
"Kabul, Afghanistan",2022-02-16,1.4,-7.2,-3,-0.8,-11.3,-5.9,-11,54.3,0,0,0,,0,7.4,7.2,9,255.3,1020.5,0.6,24.1,199.2,17.8,8,10,2022-02-16T06:38:16,2022-02-16T17:37:35,0.5,Clear,Clear conditions throughout the day.,clear-day,remote
"Kabul, Afghanistan",2022-02-17,1.1,-7.9,-3.3,1.1,-12.2,-5.6,-11.4,53.6,0.1,100,4.17,snow,0,9.7,8.3,10.1,274.9,1020.3,1.1,24.1,197.2,17.4,8,10,2022-02-17T06:37:12,2022-02-17T17:38:31,0.52,Snow,Clear conditions throughout the day with late afternoon snow.,rain,remote
"Kabul, Afghanistan",2022-02-18,1.4,-6.5,-2.6,0.4,-10.4,-5.2,-8.6,63.4,0,0,0,,0,8.5,7.9,9.4,271.7,1022.4,17.7,24.1,189.7,16.8,7,10,2022-02-18T06:36:07,2022-02-18T17:39:28,0.56,Clear,Clear conditions throughout the day.,clear-day,remote
"Kabul, Afghanistan",2022-02-19,2,-5.5,-1.7,0.3,-9.6,-4.6,-8.7,58.8,0,0,0,,0,7.3,8.6,10.1,256.6,1023,27.2,24.1,198.6,17.5,8,10,2022-02-19T06:35:00,2022-02-19T17:40:23,0.59,Partially cloudy,Partly cloudy throughout the day.,partly-cloudy-day,remote
"Kabul, Afghanistan",2022-02-20,4.3,-4.6,-0.5,3.9,-9.3,-3.5,-8.4,55.4,0,0,0,,0,6.6,10.1,11.9,267.7,1020.7,1.1,24.1,202.4,18,8,10,2022-02-20T06:33:53,2022-02-20T17:41:19,0.63,Clear,Clear conditions throughout the day.,clear-day,remote
"Kabul, Afghanistan",2022-02-21,5.2,-3.8,0.9,5.2,-7.8,-1.8,-6.6,57.8,0.4,100,8.33,"rain,snow",0,4.9,12.2,10.4,245.9,1015,50.8,23.8,180.6,15.8,7,10,2022-02-21T06:32:44,2022-02-21T17:42:14,0.66,"Snow, Rain, Partially cloudy",Becoming cloudy in the afternoon with rain or snow.,rain,remote
"Kabul, Afghanistan",2022-02-22,2.2,-1.8,-0.9,0.4,-6.1,-3.6,-1.5,95.7,10.8,100,58.33,"rain,snow",6,5.3,18.7,14.8,25.9,1016.5,96,4.3,94.9,8.3,4,10,2022-02-22T06:31:35,2022-02-22T17:43:09,0.7,"Snow, Rain, Overcast",Cloudy skies throughout the day with a chance of rain or snow throughout the day.,snow,remote
"Kabul, Afghanistan",2022-02-23,5,-3.9,0.5,5,-8,-1.7,-5.7,63.9,0.2,100,8.33,"rain,snow",0,1.1,9,10.1,287.7,1018.3,36.1,23.7,192.7,17.2,8,10,2022-02-23T06:30:24,2022-02-23T17:44:03,0.74,"Snow, Rain, Partially cloudy",Becoming cloudy in the afternoon with rain or snow.,rain,remote
"Kabul, Afghanistan",2022-02-24,3.2,-3.6,0,1.5,-7.3,-2.8,-6.2,63.2,0.1,100,4.17,rain,0,4.4,10.1,11.9,275.7,1021.7,19.2,24.1,206.6,18.5,8,10,2022-02-24T06:29:13,2022-02-24T17:44:57,0.75,Rain,Clear conditions throughout the day with afternoon rain.,rain,remote
"Kabul, Afghanistan",2022-02-25,1.8,-5.3,-1.3,0.1,-9.2,-4.3,-8.5,58,0.5,100,20.83,"rain,snow",0,5.7,9.7,10.8,266.8,1022.4,29.1,23,179,16,7,10,2022-02-25T06:28:01,2022-02-25T17:45:51,0.81,"Snow, Rain, Partially cloudy",Partly cloudy throughout the day with a chance of rain or snow throughout the day.,rain,remote
"Kabul, Afghanistan",2022-02-26,1.8,-7.6,-2.4,-0.6,-12.3,-5.7,-11.6,49.2,0,0,0,,0,6.5,9,10.4,257.3,1025.1,0,24.1,218.3,19.5,8,10,2022-02-26T06:26:48,2022-02-26T17:46:44,0.84,Clear,Clear conditions throughout the day.,clear-day,remote
"Kabul, Afghanistan",2022-02-27,4.2,-5.5,-0.4,4.2,-9.7,-2.8,-10.5,47,0,0,0,,0,4.6,8.3,9.7,271.2,1025.7,21.1,24.1,219.7,19.7,8,10,2022-02-27T06:25:35,2022-02-27T17:47:38,0.88,Partially cloudy,Partly cloudy throughout the day.,partly-cloudy-day,remote
"Kabul, Afghanistan",2022-02-28,5.1,-1.9,2,4.6,-5.2,0.1,-4.7,61.3,0.2,100,8.33,"rain,snow",0,3.8,9,10.1,280.6,1021.5,80.1,24.1,199.6,17.5,8,10,2022-02-28T06:24:20,2022-02-28T17:48:30,0.91,"Snow, Rain, Partially cloudy",Partly cloudy throughout the day with rain or snow.,rain,remote
"Kabul, Afghanistan",2022-03-01,7.7,-0.4,3.4,7.7,-3.1,1.5,-6.2,51.1,0,0,0,,0,0.3,9.7,11.5,278.3,1020.6,41.7,24.1,212.6,15.4,8,10,2022-03-01T06:23:05,2022-03-01T17:49:23,0.95,Partially cloudy,Partly cloudy throughout the day.,partly-cloudy-day,remote
"Kabul, Afghanistan",2022-03-02,6.7,-0.9,3.3,5.6,-3.9,1.3,-6.8,47.8,0,0,0,,0,0,8.6,10.1,332.3,1021.5,41.9,24.1,210.2,15.3,8,10,2022-03-02T06:21:49,2022-03-02T17:50:15,0,Partially cloudy,Becoming cloudy in the afternoon.,partly-cloudy-day,remote
"Kabul, Afghanistan",2022-03-03,7.8,-0.5,3.8,7.1,-3.2,2.2,-7.1,45.4,0,0,0,,0,0,7.9,9.4,267,1020.6,13.6,24.1,215.9,15.5,8,10,2022-03-03T06:20:33,2022-03-03T17:51:06,0.02,Clear,Clear conditions throughout the day.,clear-day,remote
"Kabul, Afghanistan",2022-03-04,8.6,-0.4,4.2,8.4,-3.6,2.8,-7.1,43.6,0,0,0,,0,0,7.9,9.4,274.8,1021.8,36,24.1,216.6,15.6,8,10,2022-03-04T06:19:16,2022-03-04T17:51:58,0.05,Partially cloudy,Becoming cloudy in the afternoon.,partly-cloudy-day,remote
"Kabul, Afghanistan",2022-03-05,9.3,2.9,5.7,9.3,0.8,4.5,-2.9,54.5,0.9,100,12.5,rain,0,0,10.8,13,314.2,1019.2,99.9,22.4,153.5,11,6,10,2022-03-05T06:17:58,2022-03-05T17:52:49,0.08,"Rain, Overcast",Cloudy skies throughout the day with late afternoon rain.,rain,remote
"Kabul, Afghanistan",2022-03-06,3,0.7,2,3,-1.6,0.4,1.5,96.3,10.8,100,58.33,"rain,snow",2.9,1.2,10.4,9.7,44.9,1017.9,99.6,1.1,53.7,3.9,2,10,2022-03-06T06:16:40,2022-03-06T17:53:40,0.11,"Snow, Rain, Overcast",Cloudy skies throughout the day with a chance of rain or snow throughout the day.,snow,remote
"Kabul, Afghanistan",2022-03-07,7.2,2,3.9,6.3,0.6,2.9,0.7,80.9,1.2,100,37.5,"rain,snow",0,0.1,12.2,11.2,22.8,1019.8,92.1,12,177.7,14.2,6,10,2022-03-07T06:15:21,2022-03-07T17:54:30,0.15,"Snow, Rain, Overcast",Cloudy skies throughout the day with a chance of rain or snow throughout the day.,rain,remote
"Kabul, Afghanistan",2022-03-08,3.4,1.1,2.2,2.8,-0.6,1,1.2,93.3,15.8,100,75,"rain,snow",1.5,0.3,9.7,9.7,10.5,1021.7,98.4,4.5,18.3,1.6,1,10,2022-03-08T06:14:02,2022-03-08T17:55:20,0.18,"Snow, Rain, Overcast",Cloudy skies throughout the day with a chance of rain or snow throughout the day.,snow,remote
"Kabul, Afghanistan",2022-03-09,5.2,0.5,2.5,5.2,-1.7,1.5,0.9,90,3.7,100,41.67,"rain,snow",0.4,1.3,7.9,7.2,19.6,1022.2,91.1,5.7,122.6,10.7,5,10,2022-03-09T06:12:42,2022-03-09T17:56:10,0.21,"Snow, Rain, Overcast",Cloudy skies throughout the day with a chance of rain or snow throughout the day.,snow,remote
"Kabul, Afghanistan",2022-03-10,8.7,0.4,4.7,8.7,-2.8,3.5,-3.2,57.1,0,0,0,,0,0,7.9,9.7,286.4,1021.5,64,18.2,213.8,18.3,8,10,2022-03-10T06:11:22,2022-03-10T17:57:00,0.25,Partially cloudy,Partly cloudy throughout the day.,partly-cloudy-day,remote
"Kabul, Afghanistan",2022-03-11,12,3.5,7.4,12,1.4,6.4,-2.1,51.2,0,0,0,,0,0,7.9,8.6,288.1,1020.7,81.4,22.9,173.7,15,6,10,2022-03-11T06:10:01,2022-03-11T17:57:49,0.28,Partially cloudy,Partly cloudy throughout the day.,partly-cloudy-day,remote
"Kabul, Afghanistan",2022-03-12,14.7,5.7,9.9,14.7,3.7,9.2,1.2,55.1,0.3,100,8.33,rain,0,0,8.3,9.4,267.6,1018,57.1,19.2,214.9,18.6,8,10,2022-03-12T06:08:40,2022-03-12T17:58:39,0.31,"Rain, Partially cloudy",Partly cloudy throughout the day with morning rain.,rain,remote
"Kabul, Afghanistan",2022-03-13,17.4,6.3,11.6,17.4,4.5,11.1,-0.1,45.1,0,0,0,,0,0,9.4,8.6,262.1,1018.2,65.4,24.1,222.5,19.5,8,10,2022-03-13T06:07:19,2022-03-13T17:59:28,0.34,Partially cloudy,Becoming cloudy in the afternoon.,partly-cloudy-day,remote
"Kabul, Afghanistan",2022-03-14,18.6,8.7,13.3,18.6,7.5,13.1,0.4,41.9,0,0,0,,0,0,14.8,13,275.1,1017,82.4,24.1,216.5,18.6,8,10,2022-03-14T06:05:57,2022-03-14T18:00:16,0.37,Partially cloudy,Partly cloudy throughout the day.,partly-cloudy-day,remote
"Kabul, Afghanistan",2022-03-15,18,7.7,12.7,18,6.4,12.5,-0.1,42.4,0,0,0,,0,0,11.9,13,255,1016.8,10.9,24.1,239.4,20.6,8,10,2022-03-15T06:04:35,2022-03-15T18:01:05,0.4,Clear,Clear conditions throughout the day.,clear-day,remote
"Kabul, Afghanistan",2022-03-16,20.2,9,14.2,20.2,7.7,14.1,-0.7,36.9,0,0,0,,0,0,18,10.1,276.2,1014.9,14.3,24.1,238.6,20.6,8,10,2022-03-16T06:03:13,2022-03-16T18:01:53,0.44,Clear,Clear conditions throughout the day.,clear-day,remote
"Kabul, Afghanistan",2022-03-17,20.2,9.6,14.8,20.2,8.5,14.7,-3.2,29.4,0,0,0,,0,0,17.3,8.6,274.3,1013.8,0,24.1,246.8,21.3,9,10,2022-03-17T06:01:51,2022-03-17T18:02:41,0.47,Clear,Clear conditions throughout the day.,clear-day,remote
"Kabul, Afghanistan",2022-03-18,20.2,9.6,14.5,20.2,8.2,14.4,-2.4,33.3,0,0,0,,0,0,51.1,34.9,207.6,1011.5,2.9,24.1,245.4,21.3,8,10,2022-03-18T06:00:28,2022-03-18T18:03:29,0.5,Clear,Clear conditions throughout the day.,clear-day,remote
"Kabul, Afghanistan",2022-03-19,16.9,7.7,12.4,16.9,6.7,12.3,-3.2,36.4,0,0,0,,0,0,16.6,7.6,237.3,1011.8,0.3,24.1,250.2,21.7,9,10,2022-03-19T05:59:05,2022-03-19T18:04:17,0.54,Clear,Clear conditions throughout the day.,clear-day,remote
"Kabul, Afghanistan",2022-03-20,16.9,7.5,12,16.9,5.9,11.7,-9,24.3,0,0,0,,0,0,16.9,14.8,251.6,1011.9,0,24.1,257,22.2,9,10,2022-03-20T05:57:42,2022-03-20T18:05:05,0.57,Clear,Clear conditions throughout the day.,clear-day,remote
"Kabul, Afghanistan",2022-03-21,16.7,6.7,11.8,16.7,4.7,11.2,-9.2,22.9,0,0,0,,0,0,13,11.2,304,1015.8,12.7,24.1,251.8,21.7,9,10,2022-03-21T05:56:19,2022-03-21T18:05:52,0.61,Clear,Clear conditions throughout the day.,clear-day,remote
"Kabul, Afghanistan",2022-03-22,17.8,7.8,12.9,17.8,7.1,12.8,-8.1,23.4,0,0,0,,0,0,17.6,10.8,317.9,1014.4,86.8,24.1,240.5,20.8,8,10,2022-03-22T05:54:56,2022-03-22T18:06:40,0.64,Partially cloudy,Partly cloudy throughout the day.,partly-cloudy-day,remote
"Kabul, Afghanistan",2022-03-23,16.9,8.7,12.7,16.9,7.3,12.5,-5.6,28.7,0,0,0,,0,0,13.3,11.5,13.6,1012.7,28.8,24.1,266.8,23.1,9,10,2022-03-23T05:53:33,2022-03-23T18:07:27,0.68,Partially cloudy,Partly cloudy throughout the day.,partly-cloudy-day,remote
"Kabul, Afghanistan",2022-03-24,15.8,6.6,11.2,15.8,5.2,10.9,-7.2,28.9,0,0,0,,0,0,13,10.1,352,1014.2,1.7,24.1,276.4,23.9,9,10,2022-03-24T05:52:10,2022-03-24T18:08:14,0.72,Clear,Clear conditions throughout the day.,clear-day,remote
"Kabul, Afghanistan",2022-03-25,16.6,6.2,11.6,16.6,4,11.2,-8.4,25.3,0,0,0,,0,0,9.4,10.1,331.2,1015.8,0,24.1,278.5,24.1,9,10,2022-03-25T05:50:47,2022-03-25T18:09:01,0.75,Clear,Clear conditions throughout the day.,clear-day,remote
"Kabul, Afghanistan",2022-03-26,19.4,8.1,13.7,19.4,6.7,13.5,-7.6,22.9,0,0,0,,0,0,20.9,11.5,284.8,1015.3,12.3,24.1,275.9,24,9,10,2022-03-26T05:49:24,2022-03-26T18:09:48,0.79,Clear,Clear conditions throughout the day.,clear-day,remote
"Kabul, Afghanistan",2022-03-27,20.2,9.2,14.4,20.2,7.7,14.2,-4.8,26.9,0,0,0,,0,0,23.4,15.5,16.4,1013,26.5,24.1,253.1,21.8,9,10,2022-03-27T05:48:01,2022-03-27T18:10:35,0.82,Partially cloudy,Becoming cloudy in the afternoon.,partly-cloudy-day,remote
"Kabul, Afghanistan",2022-03-28,18.9,8.9,13.8,18.9,7.9,13.7,-6.3,27.2,0,0,0,,0,0,26.6,23.8,202,1013.3,0,24.1,282.1,24.3,9,10,2022-03-28T05:46:38,2022-03-28T18:11:22,0.86,Clear,Clear conditions throughout the day.,clear-day,remote
"Kabul, Afghanistan",2022-03-29,18.2,7.3,12.1,18.2,6.7,11.9,-8,25.5,0,0,0,,0,0,25.9,24.1,42.1,1015.1,0.1,24.1,285.6,24.9,9,10,2022-03-29T05:45:15,2022-03-29T18:12:09,0.89,Clear,Clear conditions throughout the day.,clear-day,remote
"Kabul, Afghanistan",2022-03-30,16.3,4.8,10.6,16.3,4.8,10.6,-9,27.5,0,0,0,,0,0,11.9,11.5,95.3,1017,0,24.1,290.8,25.1,10,10,2022-03-30T05:43:52,2022-03-30T18:12:55,0.93,Clear,Clear conditions throughout the day.,clear-day,remote
"Kabul, Afghanistan",2022-03-31,18,6.8,12.7,18,6.8,12.7,-12.5,17.2,0,0,0,,0,0,10.8,10.1,106,1017.8,1.1,24.1,295.2,25.5,10,10,2022-03-31T05:42:30,2022-03-31T18:13:42,0.97,Clear,Clear conditions throughout the day.,clear-day,remote
"Kabul, Afghanistan",2022-04-01,20.4,8.3,14.3,20.4,8.3,14.3,-11.8,16.5,0,0,0,,0,0,15.5,16.6,71.4,1015.1,10.3,24.1,294.7,25.5,10,10,2022-04-01T05:41:07,2022-04-01T18:14:29,0,Clear,Clear conditions throughout the day.,clear-day,remote
"Kabul, Afghanistan",2022-04-02,18.3,8.2,13,18.3,8.2,13,-7.3,25.2,0,0,0,,0,0,24.5,20.9,46.6,1015.1,10,24.1,281.2,24.4,9,10,2022-04-02T05:39:45,2022-04-02T18:15:15,0.03,Clear,Clear conditions throughout the day.,clear-day,remote
"Kabul, Afghanistan",2022-04-03,18.3,7,12.7,18.3,7,12.7,-10,22.3,0,0,0,,0,0,9,8.6,75.5,1017,0,24.1,298.7,25.7,10,10,2022-04-03T05:38:24,2022-04-03T18:16:02,0.07,Clear,Clear conditions throughout the day.,clear-day,remote
"Kabul, Afghanistan",2022-04-04,19.9,8.6,14.7,19.9,8.6,14.7,-12,15.5,0,0,0,,0,0,11.2,9.7,52.8,1015.3,2.6,24.1,298,25.7,10,10,2022-04-04T05:37:02,2022-04-04T18:16:49,0.1,Clear,Clear conditions throughout the day.,clear-day,remote
"Kabul, Afghanistan",2022-04-05,20.7,10,15.9,20.7,10,15.9,-9.9,16.6,0,0,0,,0,0,15.1,18.7,34.8,1017.4,11.2,24.1,295.5,25.4,10,10,2022-04-05T05:35:41,2022-04-05T18:17:35,0.13,Clear,Clear conditions throughout the day.,clear-day,remote
"Kabul, Afghanistan",2022-04-06,22.2,11,17.1,22.2,11,17.1,-7.7,18.5,0,0,0,,0,0,16.2,16.9,45.6,1017.1,29.8,24.1,286.3,24.7,10,10,2022-04-06T05:34:20,2022-04-06T18:18:22,0.16,Partially cloudy,Becoming cloudy in the afternoon.,partly-cloudy-day,remote
"Kabul, Afghanistan",2022-04-07,22.7,12.4,17.8,22.7,12.4,17.8,-6.2,19.7,0,0,0,,0,0,17.6,15.5,36.5,1016.5,39.1,24.1,285.7,24.6,9,10,2022-04-07T05:33:00,2022-04-07T18:19:09,0.19,Partially cloudy,Becoming cloudy in the afternoon.,partly-cloudy-day,remote
"Kabul, Afghanistan",2022-04-08,23,12.3,17.7,23,12.3,17.7,-3.3,25.7,0.1,100,4.17,rain,0,0,25.9,23.4,178.1,1013.4,33.7,24.1,284.3,24.6,9,10,2022-04-08T05:31:40,2022-04-08T18:19:55,0.23,"Rain, Partially cloudy",Becoming cloudy in the afternoon with late afternoon rain.,rain,remote
"Kabul, Afghanistan",2022-04-09,22.4,10.8,17,22.4,10.8,17,-1.9,29.9,0,0,0,,0,0,17.3,13.7,62.7,1013.8,12.7,24.1,300,26.2,9,10,2022-04-09T05:30:20,2022-04-09T18:20:42,0.25,Clear,Clear conditions throughout the day.,clear-day,remote
"Kabul, Afghanistan",2022-04-10,24.6,12.5,18.9,24.6,12.5,18.9,-5.2,20.4,0,0,0,,0,0,16.6,10.8,57.4,1012,29.3,24.1,305.6,26.4,10,10,2022-04-10T05:29:01,2022-04-10T18:21:29,0.29,Partially cloudy,Partly cloudy throughout the day.,partly-cloudy-day,remote
"Kabul, Afghanistan",2022-04-11,24.6,13.8,19.3,24.6,13.8,19.3,-5.2,20.6,0,0,0,,0,0,29.9,26.6,191.4,1009.9,74,24.1,284.3,24.6,9,10,2022-04-11T05:27:42,2022-04-11T18:22:16,0.32,Partially cloudy,Partly cloudy throughout the day.,partly-cloudy-day,remote
"Kabul, Afghanistan",2022-04-12,21.5,13.4,17.1,21.5,13.4,17.1,-1.5,29,0.6,100,20.83,rain,0,0,22.7,20.5,33.6,1010.5,79.7,24.1,270.5,23.4,9,10,2022-04-12T05:26:24,2022-04-12T18:23:03,0.36,"Rain, Partially cloudy",Partly cloudy throughout the day with rain.,rain,remote
"Kabul, Afghanistan",2022-04-13,20.2,10.1,13.7,20.2,10.1,13.7,1.3,45.1,0.7,100,25,rain,0,0,20.2,16.2,48.1,1012,42.9,23.5,285.4,24.6,10,10,2022-04-13T05:25:06,2022-04-13T18:23:50,0.39,"Rain, Partially cloudy",Becoming cloudy in the afternoon with a chance of rain throughout the day.,rain,remote
"Kabul, Afghanistan",2022-04-14,19.9,9.7,14.5,19.9,9.7,14.5,-1,38.3,0,0,0,,0,0,18.7,18.7,77.3,1011.6,52,24.1,291.4,25.1,9,10,2022-04-14T05:23:49,2022-04-14T18:24:37,0.42,Partially cloudy,Partly cloudy throughout the day.,partly-cloudy-day,remote
"Kabul, Afghanistan",2022-04-15,21,9.3,15.2,21,8.5,15.1,-6.8,24.6,0,0,0,,0,0,19.1,17.6,23.3,1011.6,0.1,24.1,316,27.2,10,10,2022-04-15T05:22:33,2022-04-15T18:25:24,0.45,Clear,Clear conditions throughout the day.,clear-day,remote
"Kabul, Afghanistan",2022-04-16,22,9.5,16.1,22,8.8,16.1,-10,17.9,0,0,0,,0,0,11.5,12.2,57.3,1010,34.5,24.1,316.5,27.4,10,10,2022-04-16T05:21:17,2022-04-16T18:26:11,0.5,Partially cloudy,Becoming cloudy in the afternoon.,partly-cloudy-day,remote
"Kabul, Afghanistan",2022-04-17,23.1,13.1,17.5,23.1,13.1,17.5,-5.1,22,0.3,100,12.5,rain,0,0,24.8,26.3,236,1009.9,65.4,24.1,287.3,24.8,10,10,2022-04-17T05:20:02,2022-04-17T18:26:58,0.52,"Rain, Partially cloudy",Partly cloudy throughout the day with late afternoon rain.,rain,remote
"Kabul, Afghanistan",2022-04-18,19.6,9.4,13.6,19.6,7.6,13.5,4.9,58.4,9.9,100,45.83,rain,0,0,29.9,29.2,146.7,1015.6,92,20.5,193.3,16.6,9,10,2022-04-18T05:18:48,2022-04-18T18:27:45,0.55,"Rain, Overcast",Cloudy skies throughout the day with a chance of rain throughout the day.,rain,remote
"Kabul, Afghanistan",2022-04-19,20.8,9.9,14.6,20.8,9.9,14.6,3.1,51.5,3.1,100,58.33,rain,0,0,39.6,27,179.4,1015.2,67.2,23,260.5,22.4,9,10,2022-04-19T05:17:34,2022-04-19T18:28:33,0.59,"Rain, Partially cloudy",Partly cloudy throughout the day with a chance of rain throughout the day.,rain,remote
"Kabul, Afghanistan",2022-04-20,18.4,10.3,14.4,18.4,10.3,14.4,-4.2,30.3,0,0,0,,0,0,31.7,25.2,193.8,1012.9,46.2,24.1,303,26.2,10,10,2022-04-20T05:16:21,2022-04-20T18:29:20,0.63,Partially cloudy,Clearing in the afternoon.,partly-cloudy-day,remote
"Kabul, Afghanistan",2022-04-21,17.9,9,13.1,17.9,8.1,13,-2,36.2,0.2,100,8.33,rain,0,0,16.9,17.6,59.7,1012.7,17.2,24.1,316,27.3,10,10,2022-04-21T05:15:09,2022-04-21T18:30:08,0.66,Rain,Clear conditions throughout the day with rain.,rain,remote
"Kabul, Afghanistan",2022-04-22,17.1,7.5,12.9,17.1,7.5,12.8,2.2,50.6,3.1,100,50,rain,0,0,14.4,16.2,72.9,1014.5,38,23.4,283.7,24.4,10,10,2022-04-22T05:13:58,2022-04-22T18:30:55,0.7,"Rain, Partially cloudy",Becoming cloudy in the afternoon with a chance of rain throughout the day.,rain,remote
"Kabul, Afghanistan",2022-04-23,19.2,9.4,14.1,19.2,9.4,14.1,1.2,43.2,0.9,100,12.5,rain,0,0,21.2,20.5,48,1015.2,14.6,24,317.3,27.5,10,10,2022-04-23T05:12:47,2022-04-23T18:31:43,0.75,Rain,Clear conditions throughout the day with rain.,rain,remote
"Kabul, Afghanistan",2022-04-24,19.8,11.9,15.2,19.8,11.9,15.2,2.5,43.7,2.5,100,41.67,rain,0,0,21.2,18.4,74.3,1013.6,73.1,23.9,271,23.5,8,10,2022-04-24T05:11:37,2022-04-24T18:32:30,0.77,"Rain, Partially cloudy",Partly cloudy throughout the day with a chance of rain throughout the day.,rain,remote
"Kabul, Afghanistan",2022-04-25,20.8,10.8,15.3,20.8,10.8,15.3,-0.3,38.8,0.3,100,8.33,rain,0,0,18.4,18.7,72.7,1012.8,23.1,23.4,322.4,27.8,10,10,2022-04-25T05:10:29,2022-04-25T18:33:18,0.8,"Rain, Partially cloudy",Partly cloudy throughout the day with early morning rain.,rain,remote
"Kabul, Afghanistan",2022-04-26,22.9,11.2,17.2,22.9,11.2,17.2,-3.3,26,0,0,0,,0,0,15.8,12.6,80,1012.7,12.5,24.1,325.1,27.9,10,10,2022-04-26T05:09:21,2022-04-26T18:34:06,0.84,Clear,Clear conditions throughout the day.,clear-day,remote
"Kabul, Afghanistan",2022-04-27,24.2,13.8,18.7,24.2,13.8,18.7,0,29.8,0.2,100,8.33,rain,0,0,25.2,21.6,27.6,1012.6,48.7,24.1,303.5,26.2,10,10,2022-04-27T05:08:14,2022-04-27T18:34:54,0.87,"Rain, Partially cloudy",Partly cloudy throughout the day with late afternoon rain.,rain,remote
"Kabul, Afghanistan",2022-04-28,24.6,14,18.1,24.6,14,18.1,2.6,37.7,1.6,100,16.67,rain,0,0,22,24.1,309.9,1013.2,72.3,23.6,274.6,23.8,9,10,2022-04-28T05:07:08,2022-04-28T18:35:41,0.91,"Rain, Partially cloudy",Partly cloudy throughout the day with rain.,rain,remote
"Kabul, Afghanistan",2022-04-29,23.6,13.8,17.6,23.6,13.8,17.6,3.2,39.6,1,100,20.83,rain,0,0,23,20.2,314.8,1014.6,47.8,23.6,276,23.7,10,10,2022-04-29T05:06:03,2022-04-29T18:36:29,0.95,"Rain, Partially cloudy",Becoming cloudy in the afternoon with rain.,rain,remote
"Kabul, Afghanistan",2022-04-30,24.6,12.9,18.7,24.6,12.9,18.7,1,32.9,0,0,0,,0,0,13.3,13.3,63.3,1010.5,3.3,24.1,328.6,28.3,10,10,2022-04-30T05:04:59,2022-04-30T18:37:17,0.98,Clear,Clear conditions throughout the day.,clear-day,remote
"Kabul, Afghanistan",2022-05-01,25.8,15.3,20.7,25.8,15.3,20.7,-0.6,25.5,0,0,0,,0,0,15.8,12.2,50.5,1007,48.8,24.1,326.9,28.2,10,10,2022-05-01T05:03:56,2022-05-01T18:38:05,0,Partially cloudy,Partly cloudy throughout the day.,partly-cloudy-day,remote
"Kabul, Afghanistan",2022-05-02,25.1,13.2,18.3,25.1,13.2,18.3,3.7,39.9,1.7,100,25,rain,0,0,31.3,30.6,44.8,1008.2,91.5,23.7,257.9,22.1,9,10,2022-05-02T05:02:54,2022-05-02T18:38:52,0.05,"Rain, Overcast",Cloudy skies throughout the day with rain.,rain,remote
"Kabul, Afghanistan",2022-05-03,18.8,9.1,13.2,18.8,6,13,6.4,64.7,17.5,100,66.67,rain,0,0,25.6,22.3,12.9,1012.5,75.8,22,229.5,19.8,10,10,2022-05-03T05:01:54,2022-05-03T18:39:40,0.08,"Rain, Partially cloudy",Partly cloudy throughout the day with a chance of rain throughout the day.,rain,remote
"Kabul, Afghanistan",2022-05-04,13.3,8.8,11,13.3,6.8,10.6,6.5,74.4,10.6,100,66.67,rain,0,0,13.3,13.7,40.2,1015.9,66.1,19.9,213.7,18.3,9,10,2022-05-04T05:00:54,2022-05-04T18:40:28,0.11,"Rain, Partially cloudy",Partly cloudy throughout the day with a chance of rain throughout the day.,rain,remote
"Kabul, Afghanistan",2022-05-05,20.3,9.7,13.9,20.3,9.7,13.9,5,57.5,1.7,100,37.5,rain,0,0,19.1,14,96.8,1013.7,18.7,24.1,309.6,26.7,10,10,2022-05-05T04:59:55,2022-05-05T18:41:15,0.15,Rain,Clear conditions throughout the day with rain.,rain,remote
"Kabul, Afghanistan",2022-05-06,22.4,11.4,16.6,22.4,11.4,16.6,1.2,39.5,0,0,0,,0,0,22,15.5,95.4,1012.5,0.4,24.1,334.8,28.9,10,10,2022-05-06T04:58:58,2022-05-06T18:42:03,0.18,Clear,Clear conditions throughout the day.,clear-day,remote
"Kabul, Afghanistan",2022-05-07,24.5,12.9,18.8,24.5,12.9,18.8,-0.7,28.4,0,0,0,,0,0,18.7,15.1,49.1,1012.9,0.9,24.1,336.1,29.1,10,10,2022-05-07T04:58:02,2022-05-07T18:42:50,0.21,Clear,Clear conditions throughout the day.,clear-day,remote
"Kabul, Afghanistan",2022-05-08,24.2,14.4,19.6,24.2,14.4,19.6,0.9,29.8,0.2,100,8.33,rain,0,0,10.4,10.8,40.4,1010.8,3.8,24.1,336.4,29,10,10,2022-05-08T04:57:07,2022-05-08T18:43:38,0.24,Rain,Clear conditions throughout the day with late afternoon rain.,rain,remote
"Kabul, Afghanistan",2022-05-09,25.8,15.4,18.7,25.8,15.4,18.7,2.5,36,1.1,100,12.5,rain,0,0,24.5,23.4,24.7,1010.2,29.8,23.5,281.2,24.1,10,10,2022-05-09T04:56:14,2022-05-09T18:44:25,0.25,"Rain, Partially cloudy",Becoming cloudy in the afternoon with rain.,rain,remote
"Kabul, Afghanistan",2022-05-10,24.4,13.9,18.5,24.4,13.9,18.5,3.3,38.2,0.4,100,8.33,rain,0,0,19.1,13.7,339.6,1011.5,34.4,24.1,286.1,24.8,10,10,2022-05-10T04:55:22,2022-05-10T18:45:12,0.31,"Rain, Partially cloudy",Partly cloudy throughout the day with afternoon rain.,rain,remote
"Kabul, Afghanistan",2022-05-11,25.9,13.9,19.8,25.9,13.9,19.8,2.6,35.1,0,0,0,,0,0,22.7,17.3,67.6,1009.5,27.4,24.1,323.5,27.8,10,10,2022-05-11T04:54:31,2022-05-11T18:45:59,0.34,Partially cloudy,Becoming cloudy in the afternoon.,partly-cloudy-day,remote
"Kabul, Afghanistan",2022-05-12,25.9,14.9,20.3,25.9,14.9,20.3,-0.8,27.4,0,0,0,,0,0,22.3,14.4,241.9,1007.9,1.4,24.1,344.5,29.9,10,10,2022-05-12T04:53:41,2022-05-12T18:46:45,0.37,Clear,Clear conditions throughout the day.,clear-day,remote
"Kabul, Afghanistan",2022-05-13,24.6,14.2,19.5,24.6,14.2,19.5,-2.5,24.9,0,0,0,,0,0,20.5,22.7,30.9,1008.1,35,24.1,311.4,26.8,10,10,2022-05-13T04:52:53,2022-05-13T18:47:32,0.41,Partially cloudy,Becoming cloudy in the afternoon.,partly-cloudy-day,remote
"Kabul, Afghanistan",2022-05-14,25.9,14.5,20.2,25.9,14.5,20.2,-3.5,21.8,0,0,0,,0,0,29.5,24.8,124.6,1005.3,42.4,24.1,263.3,22.8,9,10,2022-05-14T04:52:06,2022-05-14T18:48:18,0.44,Partially cloudy,Partly cloudy throughout the day.,partly-cloudy-day,remote
"Kabul, Afghanistan",2022-05-15,24.7,13.2,19,24.7,13.2,19,-1.6,26.9,0,0,0,,0,0,34.9,19.1,264,1007.7,30.4,24.1,305.2,26.4,10,10,2022-05-15T04:51:20,2022-05-15T18:49:04,0.47,Partially cloudy,Partly cloudy throughout the day.,partly-cloudy-day,remote
"Kabul, Afghanistan",2022-05-16,25,14,19.6,25,14,19.6,-0.8,26.8,0,0,0,,0,0,14.4,16.2,42.7,1008.1,4.9,24.1,345,29.9,10,10,2022-05-16T04:50:36,2022-05-16T18:49:50,0.5,Clear,Clear conditions throughout the day.,clear-day,remote
"Kabul, Afghanistan",2022-05-17,25.2,15.2,19.2,25.2,15.2,19.2,2.3,33.5,0.1,100,4.17,rain,0,0,25.9,23,43.3,1007.3,31.4,24.1,307,26.6,10,10,2022-05-17T04:49:53,2022-05-17T18:50:35,0.54,"Rain, Partially cloudy",Becoming cloudy in the afternoon with late afternoon rain.,rain,remote
"Kabul, Afghanistan",2022-05-18,25.7,13.9,19.5,25.7,13.9,19.5,1.2,31.5,0,0,0,,0,0,22.3,20.2,18.7,1009.1,29.3,24.1,322.5,27.8,10,10,2022-05-18T04:49:12,2022-05-18T18:51:20,0.57,Partially cloudy,Becoming cloudy in the afternoon.,partly-cloudy-day,remote
"Kabul, Afghanistan",2022-05-19,23.3,14.4,18.3,23.3,14.4,18.3,3.5,38.4,0.8,100,33.33,rain,0,0,22,20.9,29.9,1009.5,40.3,24.1,302.8,26.1,10,10,2022-05-19T04:48:32,2022-05-19T18:52:05,0.61,"Rain, Partially cloudy",Partly cloudy throughout the day with a chance of rain throughout the day.,rain,remote
"Kabul, Afghanistan",2022-05-20,20.6,12.4,15.8,20.6,12.4,15.8,3.6,45,2.4,100,37.5,rain,0,0,21.2,26.3,29.1,1008.3,35.8,23.9,294.5,25.5,10,10,2022-05-20T04:47:54,2022-05-20T18:52:49,0.64,"Rain, Partially cloudy",Partly cloudy throughout the day with a chance of rain throughout the day.,rain,remote
"Kabul, Afghanistan",2022-05-21,22.8,11.2,16.7,22.8,11.2,16.7,-0.2,34.8,0,0,0,,0,0,20.9,16.9,35.3,1007,1.9,24.1,348.2,30.1,10,10,2022-05-21T04:47:17,2022-05-21T18:53:32,0.68,Clear,Clear conditions throughout the day.,clear-day,remote
"Kabul, Afghanistan",2022-05-22,20.2,11,15.7,20.2,11,15.7,-1.2,33,0,0,0,,0,0,22.7,27,46.1,1004.1,10.3,24.1,324.2,28.1,10,10,2022-05-22T04:46:42,2022-05-22T18:54:16,0.75,Clear,Clear conditions throughout the day.,clear-day,remote
"Kabul, Afghanistan",2022-05-23,19,7.6,13.1,19,7.6,13.1,-5.8,28.7,0,0,0,,0,0,14.4,12.2,68.7,1006,0.1,24.1,356.8,30.9,10,10,2022-05-23T04:46:08,2022-05-23T18:54:59,0.75,Clear,Clear conditions throughout the day.,clear-day,remote
"Kabul, Afghanistan",2022-05-24,21.9,9.7,16.2,21.9,9.7,16.2,-7.9,19.3,0,0,0,,0,0,9.7,10.4,65.8,1008.2,1.1,24.1,359.3,30.9,10,10,2022-05-24T04:45:36,2022-05-24T18:55:41,0.78,Clear,Clear conditions throughout the day.,clear-day,remote
"Kabul, Afghanistan",2022-05-25,27,12.8,20.2,26.5,12.8,20.1,-4,20.6,0,0,0,,0,0,25.9,25.2,24.2,1009.2,8.2,24.1,347.5,30,10,10,2022-05-25T04:45:05,2022-05-25T18:56:22,0.82,Clear,Clear conditions throughout the day.,clear-day,remote
"Kabul, Afghanistan",2022-05-26,27.3,15.3,21.3,26.1,15.3,21.2,-3.5,19.7,0,0,0,,0,0,21.2,32.4,33.8,1007.7,21.9,24.1,327,28.1,10,10,2022-05-26T04:44:36,2022-05-26T18:57:03,0.85,Partially cloudy,Becoming cloudy in the afternoon.,partly-cloudy-day,remote
"Kabul, Afghanistan",2022-05-27,26.6,15.6,20.2,26.6,15.6,20.2,0.6,28.4,0.1,100,4.17,rain,0,0,25.2,23.4,33.4,1005.7,27.3,24.1,331.4,28.7,10,10,2022-05-27T04:44:08,2022-05-27T18:57:44,0.89,"Rain, Partially cloudy",Becoming cloudy in the afternoon with late afternoon rain.,rain,remote
"Kabul, Afghanistan",2022-05-28,23,12,17,23,12,17,0,34,0,0,0,,0,0,16.6,21.6,55.7,1008.5,0,24.1,355.9,30.6,10,10,2022-05-28T04:43:42,2022-05-28T18:58:24,0.92,Clear,Clear conditions throughout the day.,clear-day,remote
"Kabul, Afghanistan",2022-05-29,22.9,10.7,16.2,22.9,10.7,16.2,-1.4,32.3,0,0,0,,0,0,25.2,25.2,52.7,1008.5,15.8,24.1,352.8,30.4,10,10,2022-05-29T04:43:18,2022-05-29T18:59:03,0.96,Clear,Clear conditions throughout the day.,clear-day,remote
"Kabul, Afghanistan",2022-05-30,23.4,10.4,16.8,23.4,10.4,16.8,-3.4,26.6,0,0,0,,0,0,21.6,22,54.1,1008.1,21.9,24.1,354,30.5,10,10,2022-05-30T04:42:55,2022-05-30T18:59:41,0,Partially cloudy,Partly cloudy throughout the day.,partly-cloudy-day,remote
"Kabul, Afghanistan",2022-05-31,22.3,11.9,17.3,22.3,11.9,17.3,-2.1,27.4,0.1,100,4.17,rain,0,0,19.8,24.8,7.3,1008,34.5,24.1,344,29.6,10,10,2022-05-31T04:42:34,2022-05-31T19:00:19,0.03,"Rain, Partially cloudy",Becoming cloudy in the afternoon with afternoon rain.,rain,remote
"Kabul, Afghanistan",2022-06-01,21.9,12.5,17.1,21.9,12.5,17.1,-1,29.9,0.2,100,8.33,rain,0,0,25.2,25.9,21.3,1009.8,42.1,24.1,334.3,28.9,10,10,2022-06-01T04:42:15,2022-06-01T19:00:55,0.06,"Rain, Partially cloudy",Becoming cloudy in the afternoon with afternoon rain.,rain,remote
"Kabul, Afghanistan",2022-06-02,23.3,11.8,17.7,23.3,11.8,17.7,-3.6,25,0,0,0,,0,0,29.5,26.6,48.5,1010.6,3.3,24.1,356.2,30.7,10,10,2022-06-02T04:41:57,2022-06-02T19:01:31,0.09,Clear,Clear conditions throughout the day.,clear-day,remote
"Kabul, Afghanistan",2022-06-03,24.1,12,18,24.1,12,18,-4.6,22.8,0,0,0,,0,0,30.6,25.6,38.8,1010.2,4.6,24.1,359.8,31.2,10,10,2022-06-03T04:41:40,2022-06-03T19:02:06,0.13,Clear,Clear conditions throughout the day.,clear-day,remote
"Kabul, Afghanistan",2022-06-04,24.7,12,18.2,24.7,12,18.2,-4.2,22.8,0,0,0,,0,0,24.1,25.6,41.5,1010,9.1,24.1,356.4,30.7,10,10,2022-06-04T04:41:26,2022-06-04T19:02:40,0.16,Clear,Clear conditions throughout the day.,clear-day,remote
"Kabul, Afghanistan",2022-06-05,27.3,12.9,20.3,26.6,12.9,20.3,-3.8,21.5,0,0,0,,0,0,23,13,93.2,1007.7,30.5,24.1,355,30.6,10,10,2022-06-05T04:41:13,2022-06-05T19:03:14,0.19,Partially cloudy,Partly cloudy throughout the day.,partly-cloudy-day,remote
"Kabul, Afghanistan",2022-06-06,27.8,15.1,21.6,26.5,15.1,21.3,-3,21.9,0,0,0,,0,0,18.4,16.2,111.4,1006.2,19.9,24.1,355.4,30.7,10,10,2022-06-06T04:41:01,2022-06-06T19:03:46,0.23,Clear,Clear conditions throughout the day.,clear-day,remote
"Kabul, Afghanistan",2022-06-07,27.2,15.4,21.3,26.5,15.4,21.1,-0.5,25.2,0,0,0,,0,0,19.1,22.3,18.7,1006.3,16.7,24.1,343,29.6,10,10,2022-06-07T04:40:52,2022-06-07T19:04:17,0.25,Clear,Clear conditions throughout the day.,clear-day,remote
"Kabul, Afghanistan",2022-06-08,26.3,15.4,20.7,26.3,15.4,20.7,0.4,26.9,0.2,100,8.33,rain,0,0,22.3,20.9,21.7,1006.8,34.4,24.1,306.2,26.5,10,10,2022-06-08T04:40:43,2022-06-08T19:04:47,0.29,"Rain, Partially cloudy",Becoming cloudy in the afternoon with rain.,rain,remote
"Kabul, Afghanistan",2022-06-09,26.7,14.3,20.7,26.7,14.3,20.7,-1.7,23.4,0.2,100,8.33,rain,0,0,22,24.5,15.3,1005.7,14.6,24.1,342.5,29.5,10,10,2022-06-09T04:40:37,2022-06-09T19:05:16,0.33,Rain,Clear conditions throughout the day with rain.,rain,remote
"Kabul, Afghanistan",2022-06-10,26,15.1,20.7,26,15.1,20.7,-1.6,23.2,0.1,100,4.17,rain,0,0,21.2,23,340.2,1006.3,32.8,24.1,328.4,28.4,10,10,2022-06-10T04:40:32,2022-06-10T19:05:44,0.36,"Rain, Partially cloudy",Partly cloudy throughout the day with afternoon rain.,rain,remote
"Kabul, Afghanistan",2022-06-11,26.2,15.7,21.3,26.2,15.7,21.3,-0.3,24.4,0.1,100,4.17,rain,0,0,16.6,23,345.4,1006,42.7,24.1,301,25.9,9,10,2022-06-11T04:40:28,2022-06-11T19:06:10,0.39,"Rain, Partially cloudy",Partly cloudy throughout the day with afternoon rain.,rain,remote
"Kabul, Afghanistan",2022-06-12,27.6,14.7,20.2,26.3,14.7,20.1,1.4,29.9,0.1,100,4.17,rain,0,0,26.3,28.4,46.9,1006.5,15.1,24.1,307.5,26.6,10,10,2022-06-12T04:40:27,2022-06-12T19:06:36,0.43,Rain,Clear conditions throughout the day with afternoon rain.,rain,remote
"Kabul, Afghanistan",2022-06-13,26.2,14.4,19.5,26.2,14.4,19.5,4.1,37.3,1,100,33.33,rain,0,0,28.8,24.1,16.5,1009.6,22.8,24.1,315.2,27.1,10,10,2022-06-13T04:40:26,2022-06-13T19:07:00,0.46,"Rain, Partially cloudy",Becoming cloudy in the afternoon with a chance of rain throughout the day.,rain,remote
"Kabul, Afghanistan",2022-06-14,29.2,16,22.3,27.5,16,22,1.6,27.9,0,0,0,,0,0,23.4,16.2,46.8,1007.7,13.8,24.1,349.5,30.3,10,10,2022-06-14T04:40:28,2022-06-14T19:07:23,0.5,Clear,Clear conditions throughout the day.,clear-day,remote
"Kabul, Afghanistan",2022-06-15,29.5,16.3,23,27.7,16.3,22.5,-0.1,23.7,0,0,0,,0,0,28.4,26.3,45.2,1005.8,2,24.1,355.3,30.5,10,10,2022-06-15T04:40:31,2022-06-15T19:07:45,0.53,Clear,Clear conditions throughout the day.,clear-day,remote
"Kabul, Afghanistan",2022-06-16,28.7,17.1,22.5,27.1,17.1,22.2,-1.8,21,0,0,0,,0,0,30.2,31.7,40,1005.6,8.8,24.1,352.2,30.4,10,10,2022-06-16T04:40:35,2022-06-16T19:08:05,0.56,Clear,Clear conditions throughout the day.,clear-day,remote
"Kabul, Afghanistan",2022-06-17,25.5,16.7,20.7,25.5,16.7,20.7,-1.1,23.5,0,0,0,,0,0,22.7,20.5,15.1,1005.5,36.4,24.1,305.9,26.4,10,10,2022-06-17T04:40:41,2022-06-17T19:08:25,0.6,Partially cloudy,Becoming cloudy in the afternoon.,partly-cloudy-day,remote
"Kabul, Afghanistan",2022-06-18,25.5,13.4,19.3,25.5,13.4,19.3,-1.8,25.5,0,0,0,,0,0,23,29.2,41.7,1006.1,12,24.1,345.3,29.7,10,10,2022-06-18T04:40:49,2022-06-18T19:08:42,0.63,Clear,Clear conditions throughout the day.,clear-day,remote
"Kabul, Afghanistan",2022-06-19,25.4,13.7,19.3,25.4,13.7,19.3,-2.2,24.4,0,0,0,,0,0,31,31,339.1,1006,11.2,24.1,350,30.3,10,10,2022-06-19T04:40:57,2022-06-19T19:08:59,0.66,Clear,Clear conditions throughout the day.,clear-day,remote
"Kabul, Afghanistan",2022-06-20,23.8,12.4,17.4,23.8,12.4,17.4,-0.6,31,0.1,100,4.17,rain,0,0,29.2,28.8,25.8,1004.2,28.7,24.1,340.9,29.3,10,10,2022-06-20T04:41:08,2022-06-20T19:09:14,0.7,"Rain, Partially cloudy",Becoming cloudy in the afternoon with late afternoon rain.,rain,remote
"Kabul, Afghanistan",2022-06-21,17.4,10.9,13.2,17.4,10.9,13.2,1.2,44.9,0.7,100,25,rain,0,0,27.7,25.6,59,1004.1,95.8,23.8,192.2,16.4,7,10,2022-06-21T04:41:20,2022-06-21T19:09:27,0.75,"Rain, Overcast",Cloudy skies throughout the day with rain.,rain,remote
"Kabul, Afghanistan",2022-06-22,11.6,6,8.5,11.6,4.1,7.4,4.2,75.1,12,100,54.17,rain,0,0,18.7,18,54.9,1013.5,91.7,14.6,179.6,15.5,6,10,2022-06-22T04:41:33,2022-06-22T19:09:39,0.77,"Rain, Overcast",Cloudy skies throughout the day with a chance of rain throughout the day.,rain,remote
"Kabul, Afghanistan",2022-06-23,22,8.3,15.3,22,8,15.3,3.8,50.1,0.1,100,4.17,rain,0,0,7.9,9.4,96.9,1014.4,5.5,24.1,350.2,30.3,10,10,2022-06-23T04:41:47,2022-06-23T19:09:50,0.8,Rain,Clear conditions throughout the day with afternoon rain.,rain,remote
"Kabul, Afghanistan",2022-06-24,28.6,15.8,22.1,27,15.8,21.8,-0.4,25.1,0,0,0,,0,0,24.8,19.8,25,1008.3,0,24.1,358,31,10,10,2022-06-24T04:42:03,2022-06-24T19:09:59,0.84,Clear,Clear conditions throughout the day.,clear-day,remote
"Kabul, Afghanistan",2022-06-25,28.7,17.2,23.1,27.1,17.2,22.8,-1.5,20.3,0,0,0,,0,0,29.2,31.3,27.7,1006.2,7.2,24.1,353.1,30.7,10,10,2022-06-25T04:42:21,2022-06-25T19:10:06,0.87,Clear,Clear conditions throughout the day.,clear-day,remote
"Kabul, Afghanistan",2022-06-26,28.9,17.2,23.4,27.2,17.2,23,-3.2,17.7,0,0,0,,0,0,16.9,15.5,38.6,1006.8,0,24.1,358.8,31,10,10,2022-06-26T04:42:39,2022-06-26T19:10:12,0.9,Clear,Clear conditions throughout the day.,clear-day,remote
"Kabul, Afghanistan",2022-06-27,29.5,18.6,24.7,27.7,18.6,24.2,0.5,20.7,0,0,0,,0,0,10.1,10.8,37.8,1007.1,0.3,24.1,351.7,30.4,10,10,2022-06-27T04:42:59,2022-06-27T19:10:16,0.94,Clear,Clear conditions throughout the day.,clear-day,remote
"Kabul, Afghanistan",2022-06-28,31.7,20.2,25.8,29.5,20.2,25.1,1.3,21.5,0,0,0,,0,0,23.4,25.2,49.9,1004.6,0.3,24.1,351.3,30.4,10,10,2022-06-28T04:43:20,2022-06-28T19:10:19,0.97,Clear,Clear conditions throughout the day.,clear-day,remote
"Kabul, Afghanistan",2022-06-29,31.6,19.2,25.3,29.4,19.2,24.6,-1.6,18.2,0,0,0,,0,0,24.8,20.2,52.9,1002.3,0,24.1,361,31.1,10,10,2022-06-29T04:43:43,2022-06-29T19:10:20,0,Clear,Clear conditions throughout the day.,clear-day,remote
"Kabul, Afghanistan",2022-06-30,31.9,18.5,25.2,29.6,18.5,24.5,-3,16.3,0,0,0,,0,0,19.1,21.2,33.9,1003,0,24.1,361.1,31.2,10,10,2022-06-30T04:44:06,2022-06-30T19:10:20,0.04,Clear,Clear conditions throughout the day.,clear-day,remote
"Kabul, Afghanistan",2022-07-01,31.8,19.3,25.5,29.6,19.3,24.7,-3.1,15.7,0,0,0,,0,0,21.2,25.9,36.3,1003,0,24.1,358.8,31,10,10,2022-07-01T04:44:31,2022-07-01T19:10:18,0.07,Clear,Clear conditions throughout the day.,clear-day,remote
"Kabul, Afghanistan",2022-07-02,31.6,18.7,25.2,29.4,18.7,24.5,-2.6,16.7,0,0,0,,0,0,20.5,16.2,51,1001.9,0,24.1,358.1,30.9,10,10,2022-07-02T04:44:57,2022-07-02T19:10:14,0.11,Clear,Clear conditions throughout the day.,clear-day,remote
"Kabul, Afghanistan",2022-07-03,31,18.7,25.1,28.9,18.7,24.4,1.8,23.8,0,0,0,,0,0,16.6,13.3,43,1002.3,0.9,24.1,354.8,30.9,10,30,2022-07-03T04:45:24,2022-07-03T19:10:08,0.14,Clear,Clear conditions throughout the day.,clear-day,remote
"Kabul, Afghanistan",2022-07-04,32.2,20.1,25.7,30,20.1,25.1,10.3,42.7,0,0,0,,0,0,25.9,24.8,59.5,1002.1,2,24.1,344,29.8,10,30,2022-07-04T04:45:52,2022-07-04T19:10:01,0.18,Clear,Clear conditions throughout the day.,clear-day,remote
"Kabul, Afghanistan",2022-07-05,31.2,19.8,25,29.2,19.8,24.5,7.2,34.1,3.1,100,20.83,rain,0,0,18.4,20.9,64.3,1002.8,57,24.1,337.3,29.2,10,10,2022-07-05T04:46:20,2022-07-05T19:09:53,0.21,"Rain, Partially cloudy",Partly cloudy throughout the day with rain.,rain,remote
"Kabul, Afghanistan",2022-07-06,30.7,17.3,22.8,29.5,17.3,22.6,13.2,56.8,16,100,37.5,rain,0,0,30.6,25.9,75.1,1006.2,63.8,22.1,273.5,23.6,10,10,2022-07-06T04:46:50,2022-07-06T19:09:43,0.25,"Rain, Partially cloudy",Becoming cloudy in the afternoon with rain.,rain,remote
"Kabul, Afghanistan",2022-07-07,28,18.9,23.2,27.6,18.9,23.2,13,54.3,0.7,100,25,rain,0,0,11.2,9.7,68.5,1008.5,58.4,24.1,318.3,27.6,10,10,2022-07-07T04:47:21,2022-07-07T19:09:31,0.25,"Rain, Partially cloudy",Partly cloudy throughout the day with rain.,rain,remote
"Kabul, Afghanistan",2022-07-08,29.6,20.3,24.9,28.2,20.3,24.5,7.3,32.8,0,0,0,,0,0,19.1,13.7,62.6,1004.8,16.9,24.1,340.5,29.4,10,10,2022-07-08T04:47:53,2022-07-08T19:09:17,0.31,Clear,Clear conditions throughout the day.,clear-day,remote
"Kabul, Afghanistan",2022-07-09,31.1,20.5,25.3,29,20.5,24.6,-2,17.5,0,0,0,,0,0,23.8,24.5,46.3,1001.9,7,24.1,352.5,30.4,10,10,2022-07-09T04:48:26,2022-07-09T19:09:02,0.35,Clear,Clear conditions throughout the day.,clear-day,remote
"Kabul, Afghanistan",2022-07-10,29.3,19,23.6,27.9,19,23.3,4.3,31.8,3,100,29.17,rain,0,0,16.9,18.7,60.1,1002.3,11.1,23.2,346.2,29.9,10,10,2022-07-10T04:49:00,2022-07-10T19:08:45,0.38,Rain,Clear conditions throughout the day with rain.,rain,remote
"Kabul, Afghanistan",2022-07-11,27.6,19.1,22.9,27.1,19.1,22.9,10.5,46.4,1.8,100,29.17,rain,0,0,15.1,17.6,56.5,1004.3,19.7,23.2,327.8,28.4,10,10,2022-07-11T04:49:34,2022-07-11T19:08:26,0.42,Rain,Clear conditions throughout the day with rain.,rain,remote
"Kabul, Afghanistan",2022-07-12,29.2,19.5,23.7,27.6,19.5,23.4,4.8,30.9,0.1,100,4.17,rain,0,0,22.3,23.4,53.1,1004.1,12.7,24.1,331.7,28.5,10,10,2022-07-12T04:50:09,2022-07-12T19:08:06,0.45,Rain,Clear conditions throughout the day with early morning rain.,rain,remote
"Kabul, Afghanistan",2022-07-13,28.3,17.7,22.2,26.8,17.7,22,-0.3,22.8,0,0,0,,0,0,24.1,26.3,52.9,1002.8,6.2,24.1,347.4,29.9,10,10,2022-07-13T04:50:45,2022-07-13T19:07:44,0.5,Clear,Clear conditions throughout the day.,clear-day,remote
"Kabul, Afghanistan",2022-07-14,26.8,15.9,21.5,26.6,15.9,21.5,-0.2,24.2,0,0,0,,0,0,23.8,17.3,60.7,1003.6,4.7,24.1,346.5,29.8,10,10,2022-07-14T04:51:22,2022-07-14T19:07:20,0.52,Clear,Clear conditions throughout the day.,clear-day,remote
"Kabul, Afghanistan",2022-07-15,27.2,17.5,21.9,26.2,17.5,21.8,3.6,31.6,0.1,100,4.17,rain,0,0,18.4,16.9,60.1,1006.5,4.1,24.1,347.7,29.9,10,10,2022-07-15T04:51:59,2022-07-15T19:06:55,0.55,Rain,Clear conditions throughout the day with early morning rain.,rain,remote
"Kabul, Afghanistan",2022-07-16,27.7,17.1,22.6,26.6,17.1,22.3,2.5,31.2,0,0,0,,0,0,16.6,17.6,62.1,1007.4,0,24.1,354,30.4,10,10,2022-07-16T04:52:37,2022-07-16T19:06:28,0.58,Clear,Clear conditions throughout the day.,clear-day,remote
"Kabul, Afghanistan",2022-07-17,27.9,19.2,23.3,26.9,19.2,23.1,6.5,34.5,0,0,0,,0,0,17.6,21.2,54.5,1008.7,0.4,24.1,338.5,29.3,10,10,2022-07-17T04:53:15,2022-07-17T19:06:00,0.62,Clear,Clear conditions throughout the day.,clear-day,remote
"Kabul, Afghanistan",2022-07-18,30,19,24.3,28.3,19,23.9,10.7,45.1,0,0,0,,0,0,13.3,13.3,60.1,1006.6,0.4,24.1,336.4,29,10,10,2022-07-18T04:53:54,2022-07-18T19:05:30,0.65,Clear,Clear conditions throughout the day.,clear-day,remote
"Kabul, Afghanistan",2022-07-19,31.1,20.2,25.5,29,20.2,24.9,3.4,26.9,0,0,0,,0,0,25.9,18.7,57.6,1004,0,24.1,342.9,29.6,10,10,2022-07-19T04:54:34,2022-07-19T19:04:58,0.68,Clear,Clear conditions throughout the day.,clear-day,remote
"Kabul, Afghanistan",2022-07-20,31.1,19.3,25.4,29,19.3,24.7,-3.3,15.4,0,0,0,,0,0,12.2,11.9,57,1002.7,0,24.1,350.5,30.2,10,10,2022-07-20T04:55:14,2022-07-20T19:04:25,0.75,Clear,Clear conditions throughout the day.,clear-day,remote
"Kabul, Afghanistan",2022-07-21,31.6,20,24.9,29.4,20,24.4,3.8,30.4,0.5,100,12.5,rain,0,0,18.7,23.8,59.5,1002.5,4.2,24.1,340.5,29.4,10,30,2022-07-21T04:55:55,2022-07-21T19:03:50,0.75,Rain,Clear conditions throughout the day with late afternoon rain.,rain,remote
"Kabul, Afghanistan",2022-07-22,26,19.1,22.4,26,19.1,22.4,15.7,67.4,3,100,62.5,rain,0,0,13.7,13.7,53.8,1006.5,60,21.3,259.5,22.4,7,30,2022-07-22T04:56:36,2022-07-22T19:03:13,0.79,"Rain, Partially cloudy",Partly cloudy throughout the day with a chance of rain throughout the day.,rain,remote
"Kabul, Afghanistan",2022-07-23,27.2,18,21.8,26.9,18,21.8,14.3,64.7,3.2,100,45.83,rain,0,0,19.8,20.2,56.8,1007.1,42,22.6,303.8,26.4,9,10,2022-07-23T04:57:17,2022-07-23T19:02:35,0.82,"Rain, Partially cloudy",Partly cloudy throughout the day with rain.,rain,remote
"Kabul, Afghanistan",2022-07-24,29,19.2,23.1,27.7,19.2,22.9,12.3,53.4,0.1,100,4.17,rain,0,0,18,18.7,65.8,1005.9,39.8,24.1,323.4,27.9,9,10,2022-07-24T04:57:59,2022-07-24T19:01:56,0.85,"Rain, Partially cloudy",Partly cloudy throughout the day with early morning rain.,rain,remote
"Kabul, Afghanistan",2022-07-25,28.4,17.8,22.5,27.5,17.8,22.4,13.1,58.2,1.9,100,16.67,rain,0,0,12.2,16.6,62.2,1007.8,42.2,22.4,322.8,27.8,10,10,2022-07-25T04:58:41,2022-07-25T19:01:15,0.89,"Rain, Partially cloudy",Partly cloudy throughout the day with late afternoon rain.,rain,remote
"Kabul, Afghanistan",2022-07-26,29.4,18.8,23.4,28.1,18.8,23.2,13.8,57.8,0.3,100,12.5,rain,0,0,19.4,17.3,68.4,1008.3,59.4,24.1,311.4,27,9,10,2022-07-26T04:59:24,2022-07-26T19:00:32,0.92,"Rain, Partially cloudy",Partly cloudy throughout the day with a chance of rain throughout the day.,rain,remote
"Kabul, Afghanistan",2022-07-27,29.9,19.5,24.3,28.2,19.5,23.9,11.4,48.7,0,0,0,,0,0,15.1,14.4,68.2,1007,15.6,24.1,327.4,28.3,10,30,2022-07-27T05:00:06,2022-07-27T18:59:48,0.95,Clear,Clear conditions throughout the day.,clear-day,remote
"Kabul, Afghanistan",2022-07-28,31.2,19.5,24.7,29.1,19.5,24.1,11.1,48.5,0.4,100,16.67,rain,0,0,31,27,65.3,1006.8,9.7,24.1,330.4,28.4,10,30,2022-07-28T05:00:50,2022-07-28T18:59:03,0,Rain,Clear conditions throughout the day with early morning rain.,rain,remote
"Kabul, Afghanistan",2022-07-29,30.6,19.2,24.5,28.6,19.2,23.9,9.2,43.8,0,0,0,,0,0,32.4,28.8,65.8,1006,7.4,24.1,327.9,28.3,10,10,2022-07-29T05:01:33,2022-07-29T18:58:16,0.02,Clear,Clear conditions throughout the day.,clear-day,remote
"Kabul, Afghanistan",2022-07-30,28.7,19.4,23.6,27.1,19.4,23.3,6,36.2,0,0,0,,0,0,23,21.6,60,1005.2,52.6,24.1,280.1,24.4,8,10,2022-07-30T05:02:16,2022-07-30T18:57:28,0.05,Partially cloudy,Partly cloudy throughout the day.,partly-cloudy-day,remote
"Kabul, Afghanistan",2022-07-31,26.2,18.3,21.6,26.2,18.3,21.6,4.9,34.2,1.6,100,16.67,rain,0,0,22,24.1,27,1003.5,39.7,24,266.8,22.8,9,10,2022-07-31T05:03:00,2022-07-31T18:56:38,0.09,"Rain, Partially cloudy",Partly cloudy throughout the day with rain in the morning and afternoon.,rain,remote
"Kabul, Afghanistan",2022-08-01,27.5,17.2,22,26.5,17.2,21.9,5.8,36.8,0,0,0,,0,0,20.2,21.2,53.1,1003.5,15.4,24.1,327,28.2,10,10,2022-08-01T05:03:44,2022-08-01T18:55:47,0.12,Clear,Clear conditions throughout the day.,clear-day,remote
"Kabul, Afghanistan",2022-08-02,26.1,16.8,20.8,26.1,16.8,20.8,6.9,42.2,1.5,100,16.67,rain,0,0,19.4,19.8,44.2,1005.3,26,23.9,286.9,24.9,10,10,2022-08-02T05:04:28,2022-08-02T18:54:55,0.16,"Rain, Partially cloudy",Becoming cloudy in the afternoon with rain.,rain,remote
"Kabul, Afghanistan",2022-08-03,27.5,17,22.3,26.5,17,22.2,3.8,30.6,0,0,0,,0,0,15.5,17.3,44.9,1006.6,28.3,24.1,317,27.4,10,10,2022-08-03T05:05:12,2022-08-03T18:54:01,0.19,Partially cloudy,Partly cloudy throughout the day.,partly-cloudy-day,remote
"Kabul, Afghanistan",2022-08-04,27.7,18,22.7,26.7,18,22.6,4.4,31,0.2,100,8.33,rain,0,0,22.3,23.4,4.3,1007.2,33.7,24.1,296.8,25.7,10,10,2022-08-04T05:05:56,2022-08-04T18:53:06,0.23,"Rain, Partially cloudy",Partly cloudy throughout the day with rain.,rain,remote
"Kabul, Afghanistan",2022-08-05,28.5,18.9,23.3,27.1,18.9,23.1,4.6,30.4,0.1,100,4.17,rain,0,0,25.6,23.4,14.5,1005.6,33.7,24.1,304.3,26.3,10,10,2022-08-05T05:06:40,2022-08-05T18:52:10,0.25,"Rain, Partially cloudy",Partly cloudy throughout the day with late afternoon rain.,rain,remote
"Kabul, Afghanistan",2022-08-06,28.9,17.4,23.2,27.3,17.4,22.8,0.3,22.9,0,0,0,,0,0,25.6,19.4,63.6,1003.7,3,24.1,327.7,28.3,10,10,2022-08-06T05:07:25,2022-08-06T18:51:13,0.3,Clear,Clear conditions throughout the day.,clear-day,remote
"Kabul, Afghanistan",2022-08-07,29.5,18.1,23.7,27.7,18.1,23.2,-0.2,21.5,0,0,0,,0,0,22,16.6,51,1002.9,4,24.1,326.1,28.2,10,10,2022-08-07T05:08:09,2022-08-07T18:50:14,0.33,Clear,Clear conditions throughout the day.,clear-day,remote
"Kabul, Afghanistan",2022-08-08,29.7,17.8,23.3,27.9,17.8,22.9,-1.1,20.6,0,0,0,,0,0,19.8,24.5,55.3,1004.8,0.1,24.1,327.5,28.3,10,10,2022-08-08T05:08:54,2022-08-08T18:49:14,0.37,Clear,Clear conditions throughout the day.,clear-day,remote
"Kabul, Afghanistan",2022-08-09,29.2,17.1,23,27.5,17.1,22.6,-0.6,21.9,0,0,0,,0,0,25.6,19.8,56,1005.1,4.7,24.1,327.9,28.3,10,10,2022-08-09T05:09:38,2022-08-09T18:48:13,0.4,Clear,Clear conditions throughout the day.,clear-day,remote
"Kabul, Afghanistan",2022-08-10,29.5,17.2,22.9,27.7,17.2,22.6,0.7,24.2,0,0,0,,0,0,20.5,23.4,51.9,1004.3,0.2,24.1,323.1,27.7,10,10,2022-08-10T05:10:23,2022-08-10T18:47:11,0.44,Clear,Clear conditions throughout the day.,clear-day,remote
"Kabul, Afghanistan",2022-08-11,28.7,18.2,23,27.2,18.2,22.7,4.5,32.2,2.1,100,20.83,rain,0,0,20.5,20.9,68.5,1004,32.9,24.1,282,24.5,10,10,2022-08-11T05:11:07,2022-08-11T18:46:07,0.47,"Rain, Partially cloudy",Becoming cloudy in the afternoon with late afternoon rain.,rain,remote
"Kabul, Afghanistan",2022-08-12,27.9,18.3,22.2,27.1,18.3,22.1,11.5,53.6,2.2,100,41.67,rain,0,0,14,19.1,78.4,1005.4,60.3,22.7,275.7,23.7,9,10,2022-08-12T05:11:51,2022-08-12T18:45:03,0.5,"Rain, Partially cloudy",Partly cloudy throughout the day with a chance of rain throughout the day.,rain,remote
"Kabul, Afghanistan",2022-08-13,29.4,18.8,23.8,27.7,18.8,23.4,7.5,40,0,0,0,,0,0,16.2,15.5,61,1004.3,55.1,24.1,308,26.6,10,10,2022-08-13T05:12:36,2022-08-13T18:43:57,0.54,Partially cloudy,Clearing in the afternoon.,partly-cloudy-day,remote
"Kabul, Afghanistan",2022-08-14,27.6,20.1,23.1,27.1,20.1,23.1,9.7,43.7,5.4,100,37.5,rain,0,0,20.9,21.6,56.2,1005.4,88.6,22.4,275,23.8,9,10,2022-08-14T05:13:20,2022-08-14T18:42:51,0.57,"Rain, Partially cloudy",Partly cloudy throughout the day with rain.,rain,remote
"Kabul, Afghanistan",2022-08-15,20.9,19.3,19.8,20.9,19.3,19.8,13,64.7,4.2,100,58.33,rain,0,0,9.4,7.9,46.9,1008.7,84.8,23.1,68.7,6,3,10,2022-08-15T05:14:04,2022-08-15T18:41:43,0.61,"Rain, Partially cloudy",Partly cloudy throughout the day with a chance of rain throughout the day.,rain,remote
"Kabul, Afghanistan",2022-08-16,24.7,18.3,20.8,24.7,18.3,20.8,12.3,59.1,2.6,100,66.67,rain,0,0,11.2,9.7,67.5,1007.5,81.2,23.9,201.7,17.3,7,10,2022-08-16T05:14:49,2022-08-16T18:40:35,0.64,"Rain, Partially cloudy",Partly cloudy throughout the day with a chance of rain throughout the day.,rain,remote
"Kabul, Afghanistan",2022-08-17,25.7,16.1,20.2,25.7,16.1,20.2,12.1,62.4,1,100,20.83,rain,0,0,21.2,23.4,57,1007.6,22.3,24.1,302.3,26.1,9,10,2022-08-17T05:15:33,2022-08-17T18:39:25,0.67,"Rain, Partially cloudy",Partly cloudy throughout the day with rain.,rain,remote
"Kabul, Afghanistan",2022-08-18,22.5,17.2,19.8,22.5,17.2,19.8,10.6,57.1,0.6,100,12.5,rain,0,0,14.4,14.8,45.8,1007.6,73.1,23.5,177,15.2,7,10,2022-08-18T05:16:17,2022-08-18T18:38:15,0.7,"Rain, Partially cloudy",Partly cloudy throughout the day with early morning rain.,rain,remote
"Kabul, Afghanistan",2022-08-19,26.2,17.1,21.6,26.2,17.1,21.6,9.8,48.8,0.1,100,4.17,rain,0,0,12.6,13.7,55.5,1005.1,24.5,24.1,295.3,25.4,9,10,2022-08-19T05:17:01,2022-08-19T18:37:03,0.75,"Rain, Partially cloudy",Partly cloudy throughout the day with late afternoon rain.,rain,remote
"Kabul, Afghanistan",2022-08-20,24.4,16.9,20.5,24.4,16.9,20.5,10.8,54.4,5.3,100,41.67,rain,0,0,18.7,20.2,20,1006.1,73.9,22.8,212.1,18.2,9,10,2022-08-20T05:17:45,2022-08-20T18:35:51,0.77,"Rain, Partially cloudy",Partly cloudy throughout the day with a chance of rain throughout the day.,rain,remote
"Kabul, Afghanistan",2022-08-21,24.4,15.2,19.1,24.4,15.2,19.1,10.3,59.8,1.4,100,29.17,rain,0,0,14.4,17.6,71.1,1006.8,55.6,24.1,291.5,25.3,9,10,2022-08-21T05:18:29,2022-08-21T18:34:38,0.8,"Rain, Partially cloudy",Becoming cloudy in the afternoon with rain.,rain,remote
"Kabul, Afghanistan",2022-08-22,22.6,15.8,18.8,22.6,15.8,18.8,7.9,50.6,0.8,100,20.83,rain,0,0,13,11.2,44.6,1006.1,89.5,23.9,146.8,12.7,7,10,2022-08-22T05:19:12,2022-08-22T18:33:24,0.84,"Rain, Partially cloudy",Partly cloudy throughout the day with rain.,rain,remote
"Kabul, Afghanistan",2022-08-23,16.7,13.6,14.8,16.7,13.6,14.8,11.2,79.3,6.5,100,37.5,rain,0,0,7.9,8.3,62.3,1012,79.9,20.8,55.4,4.7,5,10,2022-08-23T05:19:56,2022-08-23T18:32:10,0.87,"Rain, Partially cloudy",Partly cloudy throughout the day with rain clearing later.,rain,remote
"Kabul, Afghanistan",2022-08-24,15.9,13.1,14.5,15.9,13.1,14.5,11.6,82.8,8.8,100,83.33,rain,0,0,12.2,10.8,42.1,1013.8,99.9,18.9,33.6,2.9,2,10,2022-08-24T05:20:40,2022-08-24T18:30:54,0.9,"Rain, Overcast",Cloudy skies throughout the day with a chance of rain throughout the day.,rain,remote
"Kabul, Afghanistan",2022-08-25,13.2,12.2,12.7,13.2,12.2,12.7,11.5,92.3,14.4,100,70.83,rain,0,0,12.2,10.1,54.5,1013.7,100,14.6,14.8,1,1,10,2022-08-25T05:21:23,2022-08-25T18:29:38,0.93,"Rain, Overcast",Cloudy skies throughout the day with a chance of rain throughout the day.,rain,remote
"Kabul, Afghanistan",2022-08-26,14,12,12.9,14,12,12.9,10.8,87.1,10.1,100,58.33,rain,0,0,5.8,6.8,142.8,1013.2,99.3,19.6,15.5,1.4,1,10,2022-08-26T05:22:07,2022-08-26T18:28:21,0.97,"Rain, Overcast",Cloudy skies throughout the day with a chance of rain throughout the day.,rain,remote
"Kabul, Afghanistan",2022-08-27,22.6,12,17.3,22.6,12,17.3,7.7,56.2,0,0,0,,0,0,16.6,11.5,83.8,1009.4,8.6,24.1,292.6,25.1,9,10,2022-08-27T05:22:50,2022-08-27T18:27:04,0,Clear,Clear conditions throughout the day.,clear-day,remote
"Kabul, Afghanistan",2022-08-28,22.8,13.5,18.2,22.8,13.5,18.2,1.3,33.5,0,0,0,,0,0,9.4,10.1,64.8,1009.5,0,24.1,304.6,26.2,10,10,2022-08-28T05:23:33,2022-08-28T18:25:46,0.03,Clear,Clear conditions throughout the day.,clear-day,remote
"Kabul, Afghanistan",2022-08-29,23.9,13.3,18.8,23.9,13.3,18.8,-1.4,26.5,0,0,0,,0,0,12.2,11.9,59.7,1012.6,0,24.1,303.5,26.2,10,10,2022-08-29T05:24:16,2022-08-29T18:24:27,0.07,Clear,Clear conditions throughout the day.,clear-day,remote
"Kabul, Afghanistan",2022-08-30,24.5,14.9,20.1,24.5,14.9,20.1,-0.9,25,0,0,0,,0,0,7.6,10.1,49.6,1013.1,0,24.1,299.3,25.8,10,10,2022-08-30T05:24:59,2022-08-30T18:23:07,0.11,Clear,Clear conditions throughout the day.,clear-day,remote
"Kabul, Afghanistan",2022-08-31,25.2,15.5,20.5,25.2,15.5,20.5,-1.2,24.1,0,0,0,,0,0,10.1,11.2,60.3,1010.8,0,24.1,298.4,25.8,9,10,2022-08-31T05:25:42,2022-08-31T18:21:47,0.14,Clear,Clear conditions throughout the day.,clear-day,remote
"Kabul, Afghanistan",2022-09-01,24.9,15.1,20.3,24.9,15.1,20.3,-2.4,22.3,0,0,0,,0,0,6.8,9,61.3,1010.7,0,24.1,298.1,25.7,9,10,2022-09-01T05:26:25,2022-09-01T18:20:27,0.18,Clear,Clear conditions throughout the day.,clear-day,remote
"Kabul, Afghanistan",2022-09-02,26.5,15.4,21,26.5,15.4,21,-3.3,20.2,0,0,0,,0,0,10.1,10.4,66.9,1011.5,0,24.1,299.6,25.7,10,10,2022-09-02T05:27:08,2022-09-02T18:19:06,0.21,Clear,Clear conditions throughout the day.,clear-day,remote
"Kabul, Afghanistan",2022-09-03,25.8,15.2,20.5,25.8,15.2,20.5,-5.7,17.3,0,0,0,,0,0,10.1,11.5,60,1009.2,0,24.1,300.5,25.9,10,10,2022-09-03T05:27:50,2022-09-03T18:17:44,0.25,Clear,Clear conditions throughout the day.,clear-day,remote
"Kabul, Afghanistan",2022-09-04,25.6,14.1,20.1,25.6,14.1,20.1,-5.7,18.1,0,0,0,,0,0,8.6,9,54.4,1007,0,24.1,298.8,25.8,10,10,2022-09-04T05:28:33,2022-09-04T18:16:22,0.28,Clear,Clear conditions throughout the day.,clear-day,remote
"Kabul, Afghanistan",2022-09-05,25.7,15.2,20.6,25.7,15.2,20.6,-1.5,24.4,0,0,0,,0,0,10.8,10.4,60.2,1007.5,0,24.1,291.5,25.3,9,10,2022-09-05T05:29:16,2022-09-05T18:15:00,0.32,Clear,Clear conditions throughout the day.,clear-day,remote
"Kabul, Afghanistan",2022-09-06,25.4,15.6,20.3,25.4,15.6,20.3,9.6,54.7,0.1,100,4.17,rain,0,0,11.2,10.1,69.4,1009.6,1.3,24.1,278.5,24,9,10,2022-09-06T05:29:58,2022-09-06T18:13:37,0.35,Rain,Clear conditions throughout the day with early morning rain.,rain,remote
"Kabul, Afghanistan",2022-09-07,25.7,16.4,21.1,25.7,16.4,21.1,9.6,50.6,0.1,100,4.17,rain,0,0,10.1,10.1,60.3,1011.5,6.6,24.1,271.4,23.5,9,10,2022-09-07T05:30:41,2022-09-07T18:12:14,0.39,Rain,Clear conditions throughout the day with afternoon rain.,rain,remote
"Kabul, Afghanistan",2022-09-08,26.5,17.1,21.8,26.5,17.1,21.8,7,43,0,0,0,,0,0,10.1,10.4,61.4,1012.8,0.6,24.1,275.4,24,9,10,2022-09-08T05:31:23,2022-09-08T18:10:50,0.43,Clear,Clear conditions throughout the day.,clear-day,remote
"Kabul, Afghanistan",2022-09-09,26.1,16.2,21.3,26.1,16.2,21.3,-3.5,19.3,0,0,0,,0,0,9,10.4,55.8,1012.9,0,24.1,285.2,24.7,9,10,2022-09-09T05:32:06,2022-09-09T18:09:27,0.46,Clear,Clear conditions throughout the day.,clear-day,remote
"Kabul, Afghanistan",2022-09-10,25.9,15.6,20.9,25.9,15.6,20.9,-4.2,18.9,0,0,0,,0,0,15.8,11.9,55.6,1011.6,0.5,24.1,282.3,24.3,9,10,2022-09-10T05:32:48,2022-09-10T18:08:03,0.5,Clear,Clear conditions throughout the day.,clear-day,remote
"Kabul, Afghanistan",2022-09-11,25.6,15.5,20.4,25.6,15.5,20.4,-2.4,22.1,0,0,0,,0,0,14.8,15.5,59.7,1008.8,4.7,24.1,277.4,24.1,9,10,2022-09-11T05:33:30,2022-09-11T18:06:38,0.53,Clear,Clear conditions throughout the day.,clear-day,remote
"Kabul, Afghanistan",2022-09-12,24.2,14.6,19.2,24.2,14.6,19.2,2.5,34,0,0,0,,0,0,17.6,21.2,42.4,1008,9.8,24.1,271.8,23.3,9,10,2022-09-12T05:34:13,2022-09-12T18:05:14,0.56,Clear,Clear conditions throughout the day.,clear-day,remote
"Kabul, Afghanistan",2022-09-13,24.1,14.9,19.5,24.1,14.9,19.5,4.9,39.5,0.2,100,8.33,rain,0,0,14,16.6,47.4,1008.9,22.2,24.1,265.3,22.9,9,10,2022-09-13T05:34:55,2022-09-13T18:03:49,0.59,"Rain, Partially cloudy",Partly cloudy throughout the day with rain.,rain,remote
"Kabul, Afghanistan",2022-09-14,24.4,15.6,19.9,24.4,15.6,19.9,5.4,39.7,0.2,100,8.33,rain,0,0,12.6,14,42.8,1009.4,15.6,24.1,241.5,20.7,9,10,2022-09-14T05:35:38,2022-09-14T18:02:24,0.63,Rain,Clear conditions throughout the day with afternoon rain.,rain,remote
"Kabul, Afghanistan",2022-09-15,25.9,15.6,20.6,25.9,15.6,20.6,2.3,31.9,0,0,0,,0,0,18,12.6,75.5,1007.3,0.1,24.1,266.7,23.1,9,10,2022-09-15T05:36:20,2022-09-15T18:00:59,0.66,Clear,Clear conditions throughout the day.,clear-day,remote
"Kabul, Afghanistan",2022-09-16,23.4,13.9,18.4,23.4,13.9,18.4,-4.5,21.8,0,0,0,,0,0,15.8,21.6,56.3,1006.3,0,24.1,273.5,23.6,9,10,2022-09-16T05:37:03,2022-09-16T17:59:33,0.69,Clear,Clear conditions throughout the day.,clear-day,remote
"Kabul, Afghanistan",2022-09-17,22.4,11.6,17.1,22.4,11.6,17.1,-7.1,19.5,0,0,0,,0,0,10.8,11.5,71.4,1008.5,0,24.1,273.3,23.6,9,10,2022-09-17T05:37:46,2022-09-17T17:58:08,0.72,Clear,Clear conditions throughout the day.,clear-day,remote
"Kabul, Afghanistan",2022-09-18,24.3,12.6,18.6,24.3,12.6,18.6,-7,17.7,0,0,0,,0,0,15.1,14.4,57.4,1011.1,0,24.1,269,23.2,9,10,2022-09-18T05:38:28,2022-09-18T17:56:42,0.75,Clear,Clear conditions throughout the day.,clear-day,remote
"Kabul, Afghanistan",2022-09-19,25.5,14.2,19.8,25.5,14.2,19.8,-2.9,23.9,0,0,0,,0,0,15.1,11.5,69.9,1010,0.4,24.1,265.4,22.9,9,10,2022-09-19T05:39:11,2022-09-19T17:55:17,0.79,Clear,Clear conditions throughout the day.,clear-day,remote
"Kabul, Afghanistan",2022-09-20,24.9,14.6,19.6,24.9,14.6,19.6,2.2,36.9,0,0,0,,0,0,22.3,15.5,126,1010.1,0.2,24.1,259.3,22.2,9,10,2022-09-20T05:39:54,2022-09-20T17:53:51,0.82,Clear,Clear conditions throughout the day.,clear-day,remote
"Kabul, Afghanistan",2022-09-21,24.3,14.2,19.3,24.3,14.2,19.3,0.5,32,0.1,100,4.17,rain,0,0,12.6,10.8,81.5,1010.7,2.3,24.1,257.6,22.2,9,10,2022-09-21T05:40:37,2022-09-21T17:52:26,0.85,Rain,Clear conditions throughout the day with early morning rain.,rain,remote
"Kabul, Afghanistan",2022-09-22,24.9,14.4,19.6,24.9,14.4,19.6,-0.6,28.2,0,0,0,,0,0,13.3,12.2,89.1,1010.2,0,24.1,256.9,22.2,9,10,2022-09-22T05:41:20,2022-09-22T17:51:01,0.88,Clear,Clear conditions throughout the day.,clear-day,remote
"Kabul, Afghanistan",2022-09-23,24.5,14.2,19.5,24.5,14.2,19.5,-0.1,28.9,0,0,0,,0,0,11.2,11.5,69.1,1009.2,2.7,24.1,254.1,22.1,9,10,2022-09-23T05:42:03,2022-09-23T17:49:35,0.92,Clear,Clear conditions throughout the day.,clear-day,remote
"Kabul, Afghanistan",2022-09-24,23.5,14,18.7,23.5,14,18.7,-1.7,25.3,0,0,0,,0,0,13.3,11.2,55.3,1008.3,14.1,24.1,238.2,20.5,8,10,2022-09-24T05:42:46,2022-09-24T17:48:10,0.95,Clear,Clear conditions throughout the day.,clear-day,remote
"Kabul, Afghanistan",2022-09-25,22.5,11.7,16.9,22.5,11.7,16.9,-7.2,19.7,0,0,0,,0,0,14,13,61.7,1009.3,0.5,24.1,257.8,22.3,9,10,2022-09-25T05:43:30,2022-09-25T17:46:45,0.98,Clear,Clear conditions throughout the day.,clear-day,remote
"Kabul, Afghanistan",2022-09-26,22.3,10.6,16.3,22.3,10.6,16.3,-10.8,15.6,0,0,0,,0,0,9.7,10.4,60.5,1014.4,0,24.1,259.2,22.4,9,10,2022-09-26T05:44:13,2022-09-26T17:45:20,0,Clear,Clear conditions throughout the day.,clear-day,remote
"Kabul, Afghanistan",2022-09-27,23.1,10.2,16.6,23.1,10.2,16.6,-9.3,17.1,0,0,0,,0,0,8.6,9.7,73.1,1012.4,0,24.1,255.3,22.1,9,10,2022-09-27T05:44:57,2022-09-27T17:43:55,0.05,Clear,Clear conditions throughout the day.,clear-day,remote
"Kabul, Afghanistan",2022-09-28,22,11.1,16.6,22,11.1,16.6,-8.2,18.3,0,0,0,,0,0,9,10.4,63,1011,0,24.1,251,21.8,9,10,2022-09-28T05:45:41,2022-09-28T17:42:30,0.09,Clear,Clear conditions throughout the day.,clear-day,remote
"Kabul, Afghanistan",2022-09-29,22.7,11.1,17.1,22.7,11.1,17.1,-7.9,18.2,0,0,0,,0,0,10.4,10.1,66.3,1010.9,0,24.1,249.6,21.7,9,10,2022-09-29T05:46:25,2022-09-29T17:41:06,0.12,Clear,Clear conditions throughout the day.,clear-day,remote
"Kabul, Afghanistan",2022-09-30,23.7,12,17.8,23.7,12,17.8,-2.4,28.2,0,0,0,,0,0,11.2,11.2,74.7,1010.7,0,24.1,242.7,21,8,10,2022-09-30T05:47:10,2022-09-30T17:39:42,0.16,Clear,Clear conditions throughout the day.,clear-day,remote
"Kabul, Afghanistan",2022-10-01,22,11.1,16.2,22,11.1,16.2,-6.5,21.3,0,0,0,,0,0,27.7,27,56.9,1011.3,2.4,24.1,241.3,20.7,8,10,2022-10-01T05:47:54,2022-10-01T17:38:18,0.19,Clear,Clear conditions throughout the day.,clear-day,remote
"Kabul, Afghanistan",2022-10-02,20.4,9.8,15.1,20.4,9.8,15.1,-3.8,28,0,0,0,,0,0,16.6,13,56.1,1012,12.8,24.1,235.8,20.4,8,10,2022-10-02T05:48:39,2022-10-02T17:36:55,0.23,Clear,Clear conditions throughout the day.,clear-day,remote
"Kabul, Afghanistan",2022-10-03,20.4,10.8,15.6,20.4,10.8,15.6,-3.3,29.1,0,0,0,,0,0,20.5,20.5,176.4,1012.4,2.5,24.1,236,20.5,8,10,2022-10-03T05:49:24,2022-10-03T17:35:32,0.25,Clear,Clear conditions throughout the day.,clear-day,remote
"Kabul, Afghanistan",2022-10-04,21.5,10.9,15.9,21.5,10.9,15.9,-1.4,33.5,0,0,0,,0,0,15.5,13.3,85.9,1015,0,24.1,232.7,20,8,10,2022-10-04T05:50:09,2022-10-04T17:34:09,0.3,Clear,Clear conditions throughout the day.,clear-day,remote
"Kabul, Afghanistan",2022-10-05,21.3,10.8,15.6,21.3,10.8,15.6,-8.8,19.1,0,0,0,,0,0,13.7,16.6,60.1,1014.5,0,24.1,235.9,20.4,8,10,2022-10-05T05:50:55,2022-10-05T17:32:47,0.34,Clear,Clear conditions throughout the day.,clear-day,remote
"Kabul, Afghanistan",2022-10-06,18.7,8,13.1,18.7,8,13.1,-12,17.9,0,0,0,,0,0,14.4,12.2,62.9,1014.8,0,24.1,238,20.6,8,10,2022-10-06T05:51:41,2022-10-06T17:31:25,0.37,Clear,Clear conditions throughout the day.,clear-day,remote
"Kabul, Afghanistan",2022-10-07,18.7,7,12.9,18.7,7,12.9,-12.5,16.5,0,0,0,,0,0,13.3,11.9,48.5,1016.2,0,24.1,236.8,20.6,8,10,2022-10-07T05:52:27,2022-10-07T17:30:04,0.41,Clear,Clear conditions throughout the day.,clear-day,remote
"Kabul, Afghanistan",2022-10-08,18.9,7.3,12.9,18.9,7.3,12.9,-16.1,12.8,0,0,0,,0,0,7.6,9.4,62.7,1016.7,0,24.1,236.3,20.6,8,10,2022-10-08T05:53:13,2022-10-08T17:28:43,0.44,Clear,Clear conditions throughout the day.,clear-day,remote
"Kabul, Afghanistan",2022-10-09,20.1,7,13.5,20.1,7,13.5,-19.3,9.1,0,0,0,,0,0,9.7,8.6,75.6,1015,0,24.1,235.8,20.6,8,10,2022-10-09T05:54:00,2022-10-09T17:27:23,0.48,Clear,Clear conditions throughout the day.,clear-day,remote
"Kabul, Afghanistan",2022-10-10,19.1,7.5,13.4,19.1,7.5,13.4,-16.8,11.1,0,0,0,,0,0,9.7,9.4,53.1,1015.8,0,24.1,230.2,19.8,8,10,2022-10-10T05:54:47,2022-10-10T17:26:03,0.5,Clear,Clear conditions throughout the day.,clear-day,remote
"Kabul, Afghanistan",2022-10-11,18.8,7.8,13.3,18.8,7.8,13.3,-14.5,13.8,0,0,0,,0,0,8.3,9.7,101.5,1013.9,0,24.1,226.7,19.5,8,10,2022-10-11T05:55:35,2022-10-11T17:24:44,0.55,Clear,Clear conditions throughout the day.,clear-day,remote
"Kabul, Afghanistan",2022-10-12,18.4,7.3,12.8,18.4,7.3,12.8,-13.2,15.7,0,0,0,,0,0,7.9,9.4,71.9,1014.8,0,24.1,224.3,19.2,8,10,2022-10-12T05:56:22,2022-10-12T17:23:26,0.58,Clear,Clear conditions throughout the day.,clear-day,remote
"Kabul, Afghanistan",2022-10-13,18.3,6.2,12,18.3,6.2,12,-17.8,11.3,0,0,0,,0,0,10.4,11.2,70.8,1017.2,0,24.1,225.3,19.3,8,10,2022-10-13T05:57:10,2022-10-13T17:22:08,0.61,Clear,Clear conditions throughout the day.,clear-day,remote
"Kabul, Afghanistan",2022-10-14,18.7,5.9,12.1,18.7,5.9,12.1,-19.4,9.8,0,0,0,,0,0,8.3,9.7,108.5,1017.8,0,24.1,223.8,19.2,8,10,2022-10-14T05:57:59,2022-10-14T17:20:51,0.64,Clear,Clear conditions throughout the day.,clear-day,remote
"Kabul, Afghanistan",2022-10-15,20.3,7.4,13.5,20.3,7.2,13.4,-16.3,11.5,0,0,0,,0,0,9,11.5,100,1016.3,0.1,24.1,218.5,18.9,8,10,2022-10-15T05:58:48,2022-10-15T17:19:35,0.67,Clear,Clear conditions throughout the day.,clear-day,remote
"Kabul, Afghanistan",2022-10-16,20.4,8.3,13.9,20.4,7.5,13.8,-13.7,14.1,0,0,0,,0,0,9,10.8,47.9,1018.3,0,24.1,216.7,18.7,8,10,2022-10-16T05:59:37,2022-10-16T17:18:19,0.71,Clear,Clear conditions throughout the day.,clear-day,remote
"Kabul, Afghanistan",2022-10-17,19,7.5,12.9,19,6.5,12.8,-10.3,19.8,0,0,0,,0,0,19.1,12.6,354,1020,0,24.1,211.8,18.2,8,10,2022-10-17T06:00:26,2022-10-17T17:17:05,0.75,Clear,Clear conditions throughout the day.,clear-day,remote
"Kabul, Afghanistan",2022-10-18,18.4,7.2,12.1,18.4,5.2,11.6,-5,31.2,0,0,0,,0,0,19.4,13.7,342.7,1018.3,0.3,24.1,204.8,17.6,7,10,2022-10-18T06:01:16,2022-10-18T17:15:51,0.77,Clear,Clear conditions throughout the day.,clear-day,remote
"Kabul, Afghanistan",2022-10-19,17.3,7.1,11.2,17.3,5.9,10.7,-2.8,39.2,0.7,100,16.67,rain,0,0,16.2,16.6,118.3,1016.5,24.6,23.5,184.4,15.8,7,10,2022-10-19T06:02:06,2022-10-19T17:14:38,0.8,"Rain, Partially cloudy",Becoming cloudy in the afternoon with rain.,rain,remote
"Kabul, Afghanistan",2022-10-20,15.2,4.2,9.5,15.2,4,9.1,-7.6,32.5,0,0,0,,0,0,10.4,11.5,58,1019,0,24.1,205.3,17.8,7,10,2022-10-20T06:02:57,2022-10-20T17:13:25,0.84,Clear,Clear conditions throughout the day.,clear-day,remote
"Kabul, Afghanistan",2022-10-21,16.2,4,10.2,16.2,4,9.9,-13.4,18.1,0,0,0,,0,0,8.6,9,59.3,1022,3.1,24.1,205.3,17.8,7,10,2022-10-21T06:03:48,2022-10-21T17:12:14,0.87,Clear,Clear conditions throughout the day.,clear-day,remote
"Kabul, Afghanistan",2022-10-22,18.7,7.6,12.6,18.7,7.6,12.6,-12.3,17.2,0,0,0,,0,0,8.6,9,92,1020.6,20.4,24.1,202,17.4,7,10,2022-10-22T06:04:39,2022-10-22T17:11:04,0.9,Partially cloudy,Clearing in the afternoon.,partly-cloudy-day,remote
"Kabul, Afghanistan",2022-10-23,18.1,7.2,12.2,18.1,6.7,12.1,-13.6,15.8,0,0,0,,0,0,8.3,10.4,60.2,1019.8,0,24.1,199.8,17.2,7,10,2022-10-23T06:05:31,2022-10-23T17:09:55,0.93,Clear,Clear conditions throughout the day.,clear-day,remote
"Kabul, Afghanistan",2022-10-24,18,6.7,12.2,18,6.5,12.2,-8.9,23.3,0.1,100,4.17,rain,0,0,9,10.4,50.2,1015.3,23.3,24.1,190.6,16.5,7,10,2022-10-24T06:06:23,2022-10-24T17:08:46,0.96,"Rain, Partially cloudy",Becoming cloudy in the afternoon with late afternoon rain.,rain,remote
"Kabul, Afghanistan",2022-10-25,18,6.9,12,18,5.9,11.8,-7.2,27.2,0,0,0,,0,0,12.6,11.9,90.1,1014.2,0.5,24.1,194.5,17,7,10,2022-10-25T06:07:16,2022-10-25T17:07:39,0,Clear,Clear conditions throughout the day.,clear-day,remote
"Kabul, Afghanistan",2022-10-26,16.6,7.3,11.5,16.6,7.3,11.5,-7.1,27.1,0,0,0,,0,0,12.2,11.9,71.5,1017.9,0.2,24.1,191,16.5,7,10,2022-10-26T06:08:08,2022-10-26T17:06:33,0.03,Clear,Clear conditions throughout the day.,clear-day,remote
"Kabul, Afghanistan",2022-10-27,16.8,6.1,10.8,16.8,5.5,10.8,-7.1,29.7,0,0,0,,0,0,10.8,11.2,101.8,1018.9,0,24.1,192.1,16.5,7,10,2022-10-27T06:09:02,2022-10-27T17:05:28,0.07,Clear,Clear conditions throughout the day.,clear-day,remote
"Kabul, Afghanistan",2022-10-28,17.8,6,11.4,17.8,5.6,11.3,-13.7,17.2,0,0,0,,0,0,7.2,9.4,148.7,1017.7,1.2,24.1,189.8,16.3,7,10,2022-10-28T06:09:55,2022-10-28T17:04:24,0.1,Clear,Clear conditions throughout the day.,clear-day,remote
"Kabul, Afghanistan",2022-10-29,17.8,6.9,12.1,17.8,6.1,12,-8.4,23.6,0,0,0,,0,0,11.2,11.2,95.1,1018,11.2,24.1,183.3,15.9,7,10,2022-10-29T06:10:49,2022-10-29T17:03:22,0.14,Clear,Clear conditions throughout the day.,clear-day,remote
"Kabul, Afghanistan",2022-10-30,17.8,7.4,12.2,17.8,7.4,12.2,-6.4,27.7,0.1,100,4.17,rain,0,0,18.7,13.3,48.1,1018.3,57,24.1,148.5,12.8,6,10,2022-10-30T06:11:44,2022-10-30T17:02:20,0.17,"Rain, Partially cloudy",Partly cloudy throughout the day with afternoon rain.,rain,remote
"Kabul, Afghanistan",2022-10-31,14.4,7.9,11.2,14.4,7.2,11.1,-2.5,38.5,0.6,100,20.83,rain,0,0,11.2,9.4,9.2,1017.5,51.3,24.1,157.4,13.6,6,10,2022-10-31T06:12:38,2022-10-31T17:01:20,0.21,"Rain, Partially cloudy",Partly cloudy throughout the day with rain.,rain,remote
"Kabul, Afghanistan",2022-11-01,15,5.8,10.3,15,4.9,10,-0.7,47.6,0.3,100,12.5,rain,0,0,13.3,11.9,39.4,1019.1,21.5,23.8,175.3,15.1,7,10,2022-11-01T06:13:33,2022-11-01T17:00:21,0.25,"Rain, Partially cloudy",Partly cloudy throughout the day with rain.,rain,remote
"Kabul, Afghanistan",2022-11-02,14.4,5.7,9.6,14.4,4.3,9.1,2.6,63.2,1.4,100,20.83,rain,0,0,14,11.9,44.5,1020.3,47,24,165.1,14.2,6,10,2022-11-02T06:14:29,2022-11-02T16:59:23,0.28,"Rain, Partially cloudy",Becoming cloudy in the afternoon with rain.,rain,remote
"Kabul, Afghanistan",2022-11-03,15.7,6.5,10.9,15.7,5.7,10.8,2.2,57.3,0.1,100,4.17,rain,0,0,11.9,10.1,65.9,1017.4,50.6,24.1,162.8,14.1,6,10,2022-11-03T06:15:24,2022-11-03T16:58:27,0.32,"Rain, Partially cloudy",Partly cloudy throughout the day with late afternoon rain.,rain,remote
"Kabul, Afghanistan",2022-11-04,15.7,8.2,11.7,15.7,7.4,11.6,0.3,47.3,0.1,100,4.17,rain,0,0,23,11.9,45.4,1016.9,93.4,24.1,126.2,10.8,6,10,2022-11-04T06:16:20,2022-11-04T16:57:32,0.35,"Rain, Overcast",Cloudy skies throughout the day with late afternoon rain.,rain,remote
"Kabul, Afghanistan",2022-11-05,14.5,6.8,10.4,14.5,6.6,10.1,-1,47.9,0.9,100,33.33,rain,0,0,25.6,26.3,172.9,1017.7,62.7,23.6,138.1,11.8,6,10,2022-11-05T06:17:16,2022-11-05T16:56:39,0.39,"Rain, Partially cloudy",Partly cloudy throughout the day with a chance of rain throughout the day.,rain,remote
"Kabul, Afghanistan",2022-11-06,10.7,4.4,7.4,10.7,4.4,7.2,0.4,62.4,1.2,100,45.83,rain,0,0,11.9,10.1,141.6,1020,76.2,23.3,94.6,8.2,4,10,2022-11-06T06:18:13,2022-11-06T16:55:47,0.42,"Rain, Partially cloudy",Partly cloudy throughout the day with a chance of rain throughout the day.,rain,remote
"Kabul, Afghanistan",2022-11-07,10.4,4.2,7.1,10.4,4.2,6.5,0.2,62.9,0.4,100,16.67,rain,0,0,9.7,8.6,72.5,1019.6,42.8,24.1,161.6,13.9,6,10,2022-11-07T06:19:10,2022-11-07T16:54:56,0.46,"Rain, Partially cloudy",Partly cloudy throughout the day with late afternoon rain.,rain,remote
"Kabul, Afghanistan",2022-11-08,11,4,7.3,11,2.6,6.4,-0.8,58.9,0.9,100,37.5,rain,0,0,16.9,11.2,48.7,1019.6,65.3,24.1,151,13,6,10,2022-11-08T06:20:07,2022-11-08T16:54:07,0.5,"Rain, Partially cloudy",Partly cloudy throughout the day with a chance of rain throughout the day.,rain,remote
"Kabul, Afghanistan",2022-11-09,8.8,2.1,5.6,7,-0.1,4.6,-1,64.2,0.6,100,20.83,rain,0,0,9.7,11.2,56.9,1020,74,23.7,145.4,12.5,5,10,2022-11-09T06:21:04,2022-11-09T16:53:19,0.53,"Rain, Partially cloudy",Partly cloudy throughout the day with rain.,rain,remote
"Kabul, Afghanistan",2022-11-10,9.4,2.4,6,8.3,2.1,5.5,-4.3,48.2,0.2,100,8.33,rain,0,0,6.1,8.3,55.1,1022,33.8,24.1,160.9,13.9,6,10,2022-11-10T06:22:01,2022-11-10T16:52:33,0.56,"Rain, Partially cloudy",Clearing in the afternoon with rain.,rain,remote
"Kabul, Afghanistan",2022-11-11,10.9,3.3,6.8,10.9,3.3,6.5,-5.6,41.8,0,0,0,,0,0,10.4,10.4,75.8,1021.9,4.3,24.1,160.4,13.8,6,10,2022-11-11T06:22:59,2022-11-11T16:51:49,0.59,Clear,Clear conditions throughout the day.,clear-day,remote
"Kabul, Afghanistan",2022-11-12,10.1,3,6.5,10.1,2.1,6,-6.1,41,0,0,0,,0,0,8.6,9.7,68.9,1021.9,7.4,24.1,158.4,13.6,6,10,2022-11-12T06:23:56,2022-11-12T16:51:06,0.62,Clear,Clear conditions throughout the day.,clear-day,remote
"Kabul, Afghanistan",2022-11-13,6.5,-0.1,3.6,6.5,-2.6,2.2,-3.6,63.4,6.7,100,45.83,"rain,snow",2.6,0.3,14.8,12.2,40.6,1019.5,92.4,14.4,84.8,7.3,4,10,2022-11-13T06:24:54,2022-11-13T16:50:25,0.66,"Snow, Rain, Overcast",Cloudy skies throughout the day with rain or snow.,snow,remote
"Kabul, Afghanistan",2022-11-14,5.4,-0.6,1.9,4.2,-2,1.2,-2.1,76.1,0.6,100,16.67,"rain,snow",0,1.5,6.1,6.8,86.3,1021.3,40.9,18,147.9,12.8,6,10,2022-11-14T06:25:52,2022-11-14T16:49:45,0.69,"Snow, Rain, Partially cloudy",Partly cloudy throughout the day with early morning snow or rain.,rain,remote
"Kabul, Afghanistan",2022-11-15,6,-1,2.7,5.5,-1.2,1.9,-5.5,55.1,0,0,0,,0,0.1,6.1,6.8,354.8,1022.7,10.2,24.1,157.6,13.6,6,10,2022-11-15T06:26:50,2022-11-15T16:49:07,0.72,Clear,Clear conditions throughout the day.,clear-day,remote
"Kabul, Afghanistan",2022-11-16,7.4,-0.4,3.6,6.6,-3.2,2,-7.5,45,0,0,0,,0,0.9,7.2,8.3,277.5,1020.5,0.2,24.1,157.4,13.6,6,10,2022-11-16T06:27:48,2022-11-16T16:48:31,0.75,Clear,Clear conditions throughout the day.,clear-day,remote
"Kabul, Afghanistan",2022-11-17,8.6,-0.8,3.8,7.8,-4,2.2,-10.3,35.7,0,0,0,,0,1,9.4,9,233.4,1021.1,2.3,24.1,159.5,13.7,6,10,2022-11-17T06:28:45,2022-11-17T16:47:56,0.79,Clear,Clear conditions throughout the day.,clear-day,remote
"Kabul, Afghanistan",2022-11-18,9.9,1.3,5.6,9.5,-1.4,4.4,-10.6,30.7,0,0,0,,0,1,8.6,9.4,268.5,1019.1,78.9,24.1,149.8,13.1,6,10,2022-11-18T06:29:43,2022-11-18T16:47:24,0.82,Partially cloudy,Partly cloudy throughout the day.,partly-cloudy-day,remote
"Kabul, Afghanistan",2022-11-19,7,3.3,4.8,5.6,1.8,4.3,-4.1,54,1.6,100,20.83,"rain,snow",0,0.1,9.7,11.9,18.9,1021.2,53.6,22.3,132.9,11.4,6,10,2022-11-19T06:30:41,2022-11-19T16:46:52,0.85,"Snow, Rain, Partially cloudy",Partly cloudy throughout the day with rain or snow.,rain,remote
"Kabul, Afghanistan",2022-11-20,8.7,1.6,4.8,7.7,-0.5,3.9,-6.2,46.1,0,0,0,,0,0,6.1,7.2,296.1,1021.1,0,24.1,152.5,13.2,6,10,2022-11-20T06:31:39,2022-11-20T16:46:23,0.88,Clear,Clear conditions throughout the day.,clear-day,remote
"Kabul, Afghanistan",2022-11-21,8.5,1.3,4.6,7.5,1.3,4.1,-8.2,39.6,0,0,0,,0,0,5.4,6.8,343.8,1020.8,0,24.1,150.8,12.9,6,10,2022-11-21T06:32:36,2022-11-21T16:45:56,0.91,Clear,Clear conditions throughout the day.,clear-day,remote
"Kabul, Afghanistan",2022-11-22,10,1.5,5.3,9.3,0.5,4.6,-11.5,29.4,0,0,0,,0,0,7.9,8.3,223,1020.9,0,24.1,151.2,13,6,10,2022-11-22T06:33:33,2022-11-22T16:45:30,0.95,Clear,Clear conditions throughout the day.,clear-day,remote
"Kabul, Afghanistan",2022-11-23,12.9,3.7,7.6,12.9,2.3,6.9,-11.4,25.1,0,0,0,,0,0,6.5,6.5,234,1019.8,0,24.1,149.5,12.7,6,10,2022-11-23T06:34:30,2022-11-23T16:45:06,0.98,Clear,Clear conditions throughout the day.,clear-day,remote
"Kabul, Afghanistan",2022-11-24,13.7,4.1,8.3,13.7,3.5,8.2,-14.2,19.3,0,0,0,,0,0,5.8,5.8,220,1017.8,0.3,24.1,150.8,12.9,6,10,2022-11-24T06:35:27,2022-11-24T16:44:44,0,Clear,Clear conditions throughout the day.,clear-day,remote
"Kabul, Afghanistan",2022-11-25,11.6,3.6,7.5,11.6,3.6,7.5,-11.6,25,0,0,0,,0,0,4,4.7,8.4,1020.4,60,24.1,138.2,11.9,6,10,2022-11-25T06:36:23,2022-11-25T16:44:24,0.05,Partially cloudy,Partly cloudy throughout the day.,partly-cloudy-day,remote
"Kabul, Afghanistan",2022-11-26,12.8,4.1,8.1,12.8,4.1,7.9,-10.4,26.1,0,0,0,,0,0,6.5,6.1,234.1,1018,21.1,24.1,145.9,12.7,6,10,2022-11-26T06:37:20,2022-11-26T16:44:06,0.08,Partially cloudy,Partly cloudy throughout the day.,partly-cloudy-day,remote
"Kabul, Afghanistan",2022-11-27,11.9,4,7.6,11.9,2.9,7.2,-9,30.3,0,0,0,,0,0,5,6.8,261.5,1016.2,0.1,24.1,143.8,12.6,6,10,2022-11-27T06:38:15,2022-11-27T16:43:50,0.12,Clear,Clear conditions throughout the day.,clear-day,remote
"Kabul, Afghanistan",2022-11-28,11.6,3,6.9,11.6,3,6.9,-9.5,30.9,0,0,0,,0,0,5,5.8,170.7,1017,1,24.1,144.8,12.6,6,10,2022-11-28T06:39:10,2022-11-28T16:43:35,0.15,Clear,Clear conditions throughout the day.,clear-day,remote
"Kabul, Afghanistan",2022-11-29,10.8,3,6.6,10.8,3,6.6,-8.5,33.5,0,0,0,,0,0,5,5.8,189.7,1019.3,21.8,24.1,138.9,11.9,6,10,2022-11-29T06:40:05,2022-11-29T16:43:23,0.19,Partially cloudy,Partly cloudy throughout the day.,partly-cloudy-day,remote
"Kabul, Afghanistan",2022-11-30,11.7,3.2,7,11.7,2.3,6.9,-9.7,30,0,0,0,,0,0,5.8,7.6,216.5,1020.4,18.1,24.1,140.3,12,6,10,2022-11-30T06:40:59,2022-11-30T16:43:12,0.25,Clear,Clear conditions throughout the day.,clear-day,remote
"Kabul, Afghanistan",2022-12-01,10.4,3.3,6.4,10.4,3.3,6.4,-10.3,29.7,0,0,0,,0,0,4.3,5.4,201.5,1018.5,74.1,24.1,108.1,9.3,4,10,2022-12-01T06:41:53,2022-12-01T16:43:04,0.26,Partially cloudy,Partly cloudy throughout the day.,partly-cloudy-day,remote
"Kabul, Afghanistan",2022-12-02,8.6,2,5.1,7.9,2,4.9,-9,35.5,0,0,0,,0,0,5.4,5.8,26.3,1016.3,10.8,24.1,136.6,11.9,6,10,2022-12-02T06:42:46,2022-12-02T16:42:57,0.29,Clear,Clear conditions throughout the day.,clear-day,remote
"Kabul, Afghanistan",2022-12-03,7.5,1.2,4.2,6.6,1.2,3.9,-8.3,40.1,0,0,0,,0,0,6.5,6.5,19.8,1018.5,1.8,24.1,135.4,11.7,6,10,2022-12-03T06:43:38,2022-12-03T16:42:52,0.33,Clear,Clear conditions throughout the day.,clear-day,remote
"Kabul, Afghanistan",2022-12-04,6.8,0.9,3.6,6.8,0.9,3.5,-7.6,44.3,0,0,0,,0,0,5,5.4,359.8,1020,69.5,24.1,129.1,11,5,10,2022-12-04T06:44:29,2022-12-04T16:42:49,0.36,Partially cloudy,Partly cloudy throughout the day.,partly-cloudy-day,remote
"Kabul, Afghanistan",2022-12-05,6.7,0.5,3.4,5.5,0.2,2.9,-6.6,48.3,0,0,0,,0,0,6.1,6.8,230.6,1020.5,22.9,24.1,133.7,11.6,5,10,2022-12-05T06:45:20,2022-12-05T16:42:48,0.4,Partially cloudy,Partly cloudy throughout the day.,partly-cloudy-day,remote
"Kabul, Afghanistan",2022-12-06,7,0.7,3.5,5.6,0.7,3.2,-6.2,49.5,0,0,0,,0,0,8.6,7.2,176.9,1020.5,16.4,24.1,132.5,11.4,5,10,2022-12-06T06:46:10,2022-12-06T16:42:49,0.43,Clear,Clear conditions throughout the day.,clear-day,remote
"Kabul, Afghanistan",2022-12-07,7.3,0.6,3.6,6.6,0.6,3.4,-7.2,46,0,0,0,,0,0,6.8,6.1,195.8,1019.8,66.6,24.1,121.1,10.4,5,10,2022-12-07T06:46:59,2022-12-07T16:42:52,0.47,Partially cloudy,Partly cloudy throughout the day.,partly-cloudy-day,remote
"Kabul, Afghanistan",2022-12-08,5.9,0.6,3.2,5.9,0.6,3,-5.5,53.2,0.1,100,4.17,rain,0,0,6.5,6.5,178.4,1019.3,78.6,23.1,92.1,8,4,10,2022-12-08T06:47:47,2022-12-08T16:42:57,0.5,"Rain, Partially cloudy",Partly cloudy throughout the day with late afternoon rain.,rain,remote
"Kabul, Afghanistan",2022-12-09,4.2,0.1,1.8,2.6,0.1,1.2,-1.2,81.2,1.6,100,54.17,"rain,snow",0.1,0,6.8,7.2,50.3,1020.2,89.5,13.5,94.5,8.2,4,10,2022-12-09T06:48:34,2022-12-09T16:43:03,0.54,"Snow, Rain, Partially cloudy",Partly cloudy throughout the day with a chance of rain or snow throughout the day.,snow,remote
"Kabul, Afghanistan",2022-12-10,3.3,-0.3,1.1,3.3,-0.3,0.8,-2.1,79.9,0.4,100,16.67,"rain,snow",0.1,0.1,5,5.4,29.1,1022.2,73,14,87.5,7.4,4,10,2022-12-10T06:49:20,2022-12-10T16:43:12,0.57,"Snow, Rain, Partially cloudy",Partly cloudy throughout the day with rain or snow in the morning and afternoon.,snow,remote
"Kabul, Afghanistan",2022-12-11,4.5,-0.3,1.8,4.3,-1.7,1.3,-5.4,59.7,0,0,0,,0,0,5.8,7.2,15.5,1023,71.6,24.1,101.4,8.8,5,10,2022-12-11T06:50:05,2022-12-11T16:43:22,0.6,Partially cloudy,Partly cloudy throughout the day.,partly-cloudy-day,remote
"Kabul, Afghanistan",2022-12-12,2.1,-0.5,1,2.1,-1.4,0.3,-3.8,72.2,3.6,100,58.33,"rain,snow",1.3,0.5,7.6,7.9,329,1021.4,82.1,12.6,78,6.8,4,10,2022-12-12T06:50:48,2022-12-12T16:43:35,0.64,"Snow, Rain, Partially cloudy",Partly cloudy throughout the day with a chance of rain or snow throughout the day.,snow,remote
"Kabul, Afghanistan",2022-12-13,4.2,-1.9,0.7,3,-2.3,-0.1,-6.9,58.2,0,0,0,,0,0.2,6.5,7.6,343.9,1024.8,20.8,23.8,131.1,11.5,5,10,2022-12-13T06:51:31,2022-12-13T16:43:49,0.67,Partially cloudy,Partly cloudy throughout the day.,partly-cloudy-day,remote
"Kabul, Afghanistan",2022-12-14,7.3,-0.6,2.8,7.1,-2.1,2.1,-10.7,36.8,0,0,0,,0,0,6.8,6.1,239.4,1022.1,27.8,24.1,130,11.2,5,10,2022-12-14T06:52:12,2022-12-14T16:44:05,0.7,Partially cloudy,Clearing in the afternoon.,partly-cloudy-day,remote
"Kabul, Afghanistan",2022-12-15,8.3,1.2,4.4,8.3,-0.4,4,-8.2,39.9,0,0,0,,0,0,4.7,5.4,270.2,1020,81.4,24.1,113.5,9.7,5,10,2022-12-15T06:52:53,2022-12-15T16:44:23,0.73,Partially cloudy,Partly cloudy throughout the day.,partly-cloudy-day,remote
"Kabul, Afghanistan",2022-12-16,9,1.3,4.5,9,-0.2,4.1,-10.6,33.2,0,0,0,,0,0,4.7,5.8,281.4,1018,6,24.1,131.5,11.5,5,10,2022-12-16T06:53:32,2022-12-16T16:44:42,0.75,Clear,Clear conditions throughout the day.,clear-day,remote
"Kabul, Afghanistan",2022-12-17,8.6,0.9,4.4,8.6,-0.6,3.7,-9.7,35.8,0,0,0,,0,0,4.7,5.8,315.7,1019.7,5.1,24.1,130.5,11.4,5,10,2022-12-17T06:54:09,2022-12-17T16:45:04,0.8,Clear,Clear conditions throughout the day.,clear-day,remote
"Kabul, Afghanistan",2022-12-18,8.1,1.1,4.4,8.1,-0.4,3.7,-8.9,37.9,0,0,0,,0,0,5.4,6.1,320.8,1018.9,27.4,24.1,129.2,11.2,5,10,2022-12-18T06:54:45,2022-12-18T16:45:27,0.83,Partially cloudy,Becoming cloudy in the afternoon.,partly-cloudy-day,remote
"Kabul, Afghanistan",2022-12-19,6.7,0.7,3.4,6.7,-0.9,3,-7.7,44.4,0,0,0,,0,0,5,5.8,317.1,1017.8,8.3,24.1,128.1,11,5,10,2022-12-19T06:55:20,2022-12-19T16:45:52,0.87,Clear,Clear conditions throughout the day.,clear-day,remote
"Kabul, Afghanistan",2022-12-20,5.7,-0.5,2.3,5.7,-1,2.1,-7.9,47.3,0,0,0,,0,0,6.1,6.8,318.2,1017.8,0.7,24.1,128.5,11,5,10,2022-12-20T06:55:53,2022-12-20T16:46:19,0.9,Clear,Clear conditions throughout the day.,clear-day,remote
"Kabul, Afghanistan",2022-12-21,4.8,-1.6,1.2,4.8,-3.8,0.1,-11.6,38.3,0,0,0,,0,0,5.8,6.5,323,1020.2,8.5,24.1,132.6,11.6,5,10,2022-12-21T06:56:25,2022-12-21T16:46:47,0.93,Clear,Clear conditions throughout the day.,clear-day,remote
"Kabul, Afghanistan",2022-12-22,3.9,-2.4,0.4,3.9,-2.9,-0.1,-13.6,34.6,0,0,0,,0,0,5.8,6.8,332.7,1019.7,23.7,24.1,131.6,11.4,5,10,2022-12-22T06:56:55,2022-12-22T16:47:17,0.96,Partially cloudy,Partly cloudy throughout the day.,partly-cloudy-day,remote
"Kabul, Afghanistan",2022-12-23,4.1,-2.1,0.3,3.7,-3,0,-15.3,30.4,0,0,0,,0,0,5,5.8,289.8,1017.1,38,24.1,123.2,10.6,5,10,2022-12-23T06:57:24,2022-12-23T16:47:48,0,Partially cloudy,Clearing in the afternoon.,partly-cloudy-day,remote
"Kabul, Afghanistan",2022-12-24,4.4,-2.5,0.4,3.3,-3.8,-0.1,-14.8,31.4,0,0,0,,0,0,5,5.4,264.8,1019.5,11.3,24.1,133.4,11.5,6,10,2022-12-24T06:57:51,2022-12-24T16:48:21,0.03,Clear,Clear conditions throughout the day.,clear-day,remote
"Kabul, Afghanistan",2022-12-25,2.8,-1.3,0.2,2.8,-3.2,-0.5,-13.3,36.1,0,0,0,,0,0,5.4,5.8,4.2,1020.3,84.7,24.1,95.3,8.2,4,10,2022-12-25T06:58:16,2022-12-25T16:48:56,0.06,Partially cloudy,Partly cloudy throughout the day.,partly-cloudy-day,remote
"Kabul, Afghanistan",2022-12-26,3.6,-1.4,0.5,3.6,-2.7,0,-14.5,32.1,0,0,0,,0,0,6.1,6.8,356.9,1022.7,32,24.1,130.3,11.1,5,10,2022-12-26T06:58:40,2022-12-26T16:49:32,0.1,Partially cloudy,Partly cloudy throughout the day.,partly-cloudy-day,remote
"Kabul, Afghanistan",2022-12-27,3.2,-1.9,0.2,3.2,-4,-0.3,-12.5,38.2,0,0,0,,0,0,6.1,6.1,341.7,1023.2,37.5,24.1,120.8,10.4,5,10,2022-12-27T06:59:02,2022-12-27T16:50:10,0.13,Partially cloudy,Partly cloudy throughout the day.,partly-cloudy-day,remote
"Kabul, Afghanistan",2022-12-28,4.1,-1.9,0.8,2.7,-1.9,0.2,-8.8,48.9,0,0,0,,0,0,6.5,6.5,338.7,1021.8,29.3,24.1,129.2,11,5,10,2022-12-28T06:59:23,2022-12-28T16:50:49,0.17,Partially cloudy,Clearing in the afternoon.,partly-cloudy-day,remote
"Kabul, Afghanistan",2022-12-29,1.5,-3.9,-1.3,1.4,-7.2,-4,-3.7,84.7,5.4,100,62.5,"rain,snow",2.6,1.8,13.3,11.2,4.9,1022.9,87.4,6,62.9,5.5,2,10,2022-12-29T06:59:41,2022-12-29T16:51:29,0.2,"Snow, Rain, Partially cloudy",Partly cloudy throughout the day with a chance of rain or snow throughout the day.,snow,remote
"Kabul, Afghanistan",2022-12-30,0.8,-5.9,-3.1,-1.6,-10.2,-6.3,-10.4,58,0,0,0,,0,2.8,7.9,9.4,248.3,1028.9,0.5,24.1,137.9,11.8,6,10,2022-12-30T06:59:58,2022-12-30T16:52:11,0.25,Clear,Clear conditions throughout the day.,clear-day,remote
"Kabul, Afghanistan",2022-12-31,1.2,-5.5,-2.9,0.3,-8.9,-5.6,-14.8,39.9,0,0,0,,0,1.5,7.2,7.9,243.4,1029,37.6,24.1,135,11.7,6,10,2022-12-31T07:00:13,2022-12-31T16:52:54,0.27,Partially cloudy,Becoming cloudy in the afternoon.,partly-cloudy-day,remote
