name,datetime,tempmax,tempmin,temp,feelslikemax,feelslikemin,feelslike,dew,humidity,precip,precipprob,precipcover,preciptype,snow,snowdepth,windgust,windspeed,winddir,sealevelpressure,cloudcover,visibility,solarradiation,solarenergy,uvindex,severerisk,sunrise,sunset,moonphase,conditions,description,icon,stations
"Kingston, Jamaica",2022-01-01,30,23.9,26.9,33,23.9,28,19.8,65.5,0,0,0,,0,0,,33.5,93.3,1014.9,25,12.5,265.7,11.5,6,,2022-01-01T06:38:38,2022-01-01T17:43:07,0.96,Partially cloudy,Partly cloudy throughout the day.,partly-cloudy-day,"MKJP,F8588,78397099999"
"Kingston, Jamaica",2022-01-02,30.2,24,26.9,33.3,24,28.3,19.9,65.7,0,0,0,,0,0,,48.2,114.1,1015.8,26.1,12.7,284.3,12.1,6,,2022-01-02T06:38:58,2022-01-02T17:43:43,0,Partially cloudy,Partly cloudy throughout the day.,partly-cloudy-day,"MKJP,F8588,78397099999"
"Kingston, Jamaica",2022-01-03,30,24,26.8,32.6,24,27.6,20.2,68.4,0,0,0,,0,0,,37.1,120.3,1017.3,45.4,12.6,261.8,11.3,6,,2022-01-03T06:39:17,2022-01-03T17:44:20,0.03,Partially cloudy,Partly cloudy throughout the day.,partly-cloudy-day,"MKJP,F8588,78397099999"
"Kingston, Jamaica",2022-01-04,31.1,23,26.6,32.8,23,27.1,17.2,57.3,0,0,0,,0,0,,20.5,321.1,1015.8,25,12.3,306.3,13.1,7,,2022-01-04T06:39:34,2022-01-04T17:44:57,0.06,Partially cloudy,Partly cloudy throughout the day.,partly-cloudy-day,"MKJP,F8588,78397099999"
"Kingston, Jamaica",2022-01-05,31,23,26.6,33,23,27.2,17.9,59.2,0,0,0,,0,0,,33.5,98.3,1013.9,24,12.8,319.8,13.6,6,,2022-01-05T06:39:51,2022-01-05T17:45:34,0.1,Partially cloudy,Partly cloudy throughout the day.,partly-cloudy-day,"MKJP,F8588,78397099999"
"Kingston, Jamaica",2022-01-06,31.7,23.9,26.8,34,23.9,27.6,18.8,62.2,0,0,0,,0,0,,48.2,8.4,1014,38.7,12.6,291.3,12.7,7,,2022-01-06T06:40:07,2022-01-06T17:46:11,0.13,Partially cloudy,Partly cloudy throughout the day.,partly-cloudy-day,"MKJP,F8588,78397099999"
"Kingston, Jamaica",2022-01-07,29,23.8,25.3,32,23.8,25.8,21.1,78.1,0,0,0,,0,0,,24.1,354.8,1016.2,62.2,11,143.8,6.1,4,,2022-01-07T06:40:21,2022-01-07T17:46:49,0.16,Partially cloudy,Partly cloudy throughout the day.,partly-cloudy-day,"MKJP,F8588,78397099999"
"Kingston, Jamaica",2022-01-08,30.1,22.9,26.3,33.3,22.9,27.4,20.7,72.4,0,0,0,,0,0,,20.5,358.6,1018,35.8,12.4,325.5,14.1,6,,2022-01-08T06:40:35,2022-01-08T17:47:26,0.19,Partially cloudy,Partly cloudy throughout the day.,partly-cloudy-day,"MKJP,F8588,78397099999"
"Kingston, Jamaica",2022-01-09,30,24,26.6,34.2,24,27.8,21.2,72.5,0,0,0,,0,0,,35.3,89.2,1018.1,38.2,12.5,256.4,11.1,7,,2022-01-09T06:40:47,2022-01-09T17:48:04,0.25,Partially cloudy,Clearing in the afternoon.,partly-cloudy-day,"MKJP,F8588,78397099999"
"Kingston, Jamaica",2022-01-10,29.2,24,26.2,32.6,24,27.2,21,73.4,0,0,0,rain,0,0,6.8,16.6,37.6,1017,45.5,12.1,160,9.1,5,30,2022-01-10T06:40:58,2022-01-10T17:48:42,0.26,Partially cloudy,Partly cloudy throughout the day.,partly-cloudy-day,"MKJP,F8588,78397099999"
"Kingston, Jamaica",2022-01-11,30,23.7,26.1,32.6,23.7,27.1,20.9,73.6,0,0,0,rain,0,0,7.2,16.6,316.8,1016.3,37.9,12.1,142.5,11.3,6,10,2022-01-11T06:41:08,2022-01-11T17:49:20,0.29,Partially cloudy,Partly cloudy throughout the day.,partly-cloudy-day,"MKJP,F8588,78397099999"
"Kingston, Jamaica",2022-01-12,29.1,24,26.1,32.1,24,27,20.4,71.2,0,0,0,rain,0,0,7.2,20.5,249,1015.1,34.3,12.4,133.6,10.6,6,10,2022-01-12T06:41:17,2022-01-12T17:49:58,0.33,Partially cloudy,Partly cloudy throughout the day.,partly-cloudy-day,"MKJP,F8588,78397099999"
"Kingston, Jamaica",2022-01-13,30,23.7,26.5,33.3,23.7,27.6,20.9,71.5,0,0,0,rain,0,0,10.4,18.4,303.9,1014.1,35.9,12.9,173,13.8,7,10,2022-01-13T06:41:25,2022-01-13T17:50:35,0.36,Partially cloudy,Becoming cloudy in the afternoon.,partly-cloudy-day,"MKJP,F8588,78397099999"
"Kingston, Jamaica",2022-01-14,30,22,25.7,31.9,22,26.2,19.5,69.7,0,0,0,rain,0,0,10.8,27.7,325.7,1013.9,36.4,12.3,157.2,12.5,6,10,2022-01-14T06:41:31,2022-01-14T17:51:13,0.39,Partially cloudy,Partly cloudy throughout the day.,partly-cloudy-day,"MKJP,F8588,78397099999"
"Kingston, Jamaica",2022-01-15,29.2,23.8,26.2,31.4,23.8,27,19.6,67.6,0,0,0,,0,0,9.4,25.9,84.5,1015.1,24,13,189.5,15.1,7,10,2022-01-15T06:41:36,2022-01-15T17:51:51,0.42,Partially cloudy,Partly cloudy throughout the day.,partly-cloudy-day,"MKJP,F8588,78397099999"
"Kingston, Jamaica",2022-01-16,29.1,23,26.2,32,23,27.5,20.3,70.2,0,0,0,rain,0,0,15.5,27.7,129.7,1014.8,25.4,12.7,195,15.3,7,10,2022-01-16T06:41:40,2022-01-16T17:52:28,0.46,Partially cloudy,Partly cloudy throughout the day.,partly-cloudy-day,"MKJP,F8588,78397099999"
"Kingston, Jamaica",2022-01-17,30,24,26.7,34.2,24,28,21.5,73.3,0,0,0,rain,0,0,9,16.6,282.6,1014.8,28.8,12.5,180.8,14.3,6,10,2022-01-17T06:41:43,2022-01-17T17:53:06,0.5,Partially cloudy,Partly cloudy throughout the day.,partly-cloudy-day,"MKJP,F8588,78397099999"
"Kingston, Jamaica",2022-01-18,30,24,26.6,32.6,24,27.5,20.7,70.6,0,0,0,rain,0,0,11.2,24.1,10.4,1015.3,31,12.3,114.1,8.9,6,10,2022-01-18T06:41:44,2022-01-18T17:53:43,0.53,Partially cloudy,Becoming cloudy in the afternoon.,partly-cloudy-day,"MKJP,F8588,78397099999"
"Kingston, Jamaica",2022-01-19,30,23.9,26.8,34.2,23.9,28.4,21,70.7,0,0,0,,0,0,15.5,44.6,114.8,1015.6,27.8,12.3,176.4,14.2,7,10,2022-01-19T06:41:45,2022-01-19T17:54:20,0.56,Partially cloudy,Partly cloudy throughout the day.,partly-cloudy-day,"MKJP,F8588,78397099999"
"Kingston, Jamaica",2022-01-20,31,25.2,27.7,34.1,25.2,29.2,20.7,66,0,0,0,,0,0,26.6,42.5,112.9,1014.8,24.5,12.4,184.2,14.6,7,10,2022-01-20T06:41:44,2022-01-20T17:54:57,0.6,Partially cloudy,Partly cloudy throughout the day.,partly-cloudy-day,"MKJP,F8588,78397099999"
"Kingston, Jamaica",2022-01-21,31,24.9,27.4,34.2,24.9,28.9,20.6,66.9,0,0,0,,0,0,25.2,42.5,113.6,1014.9,27.1,12.5,153.1,12.1,6,10,2022-01-21T06:41:41,2022-01-21T17:55:33,0.63,Partially cloudy,Partly cloudy throughout the day.,partly-cloudy-day,"MKJP,F8588,78397099999"
"Kingston, Jamaica",2022-01-22,29.1,24,26.4,32.8,24,27.5,21.1,72.9,0,0,0,rain,0,0,8.3,38.9,135.3,1015.5,36.6,12.3,126.1,10,5,10,2022-01-22T06:41:38,2022-01-22T17:56:09,0.67,Partially cloudy,Partly cloudy throughout the day.,partly-cloudy-day,"MKJP,F8588,78397099999"
"Kingston, Jamaica",2022-01-23,29.2,24,26.1,32.2,24,27,21.2,74.6,0,0,0,rain,0,0,10.1,24.1,76.2,1014.1,27.6,12.3,117.1,9.1,6,10,2022-01-23T06:41:33,2022-01-23T17:56:45,0.7,Partially cloudy,Partly cloudy throughout the day.,partly-cloudy-day,"MKJP,F8588,78397099999"
"Kingston, Jamaica",2022-01-24,30,23.9,26.6,32,23.9,27.6,20.6,70.4,0,0,0,,0,0,8.6,22.3,89,1013.2,32.7,12.4,188,15,7,10,2022-01-24T06:41:27,2022-01-24T17:57:21,0.74,Partially cloudy,Becoming cloudy in the afternoon.,partly-cloudy-day,"MKJP,F8588,78397099999"
"Kingston, Jamaica",2022-01-25,29,24.1,26.4,32,24.1,27.5,21.1,72.8,0,0,0,rain,0,0,14.4,33.5,121.5,1013.8,41,12.3,142.8,11.3,7,10,2022-01-25T06:41:20,2022-01-25T17:57:56,0.75,Partially cloudy,Becoming cloudy in the afternoon.,partly-cloudy-day,"MKJP,F8588,78397099999"
"Kingston, Jamaica",2022-01-26,31,24,26.8,34.6,24,28.1,21.2,71.5,0,0,0,rain,0,0,13.3,33.5,101,1014.7,50.6,12.2,143,11.8,7,10,2022-01-26T06:41:11,2022-01-26T17:58:31,0.81,Partially cloudy,Partly cloudy throughout the day.,partly-cloudy-day,"MKJP,F8588,78397099999"
"Kingston, Jamaica",2022-01-27,29,24.9,26.6,32.8,24.9,27.9,21.7,74.9,0,0,0,rain,0,0,7.9,25.9,159.5,1015.3,52.3,12.5,121,9.7,6,10,2022-01-27T06:41:02,2022-01-27T17:59:06,0.84,Partially cloudy,Partly cloudy throughout the day.,partly-cloudy-day,"MKJP,F8588,78397099999"
"Kingston, Jamaica",2022-01-28,29,24,26.6,32.3,24,28,21.2,72.5,0,0,0,rain,0,0,9.4,20.5,217.4,1014.5,44.1,12.7,161.6,12.9,6,10,2022-01-28T06:40:51,2022-01-28T17:59:40,0.88,Partially cloudy,Becoming cloudy in the afternoon.,partly-cloudy-day,"MKJP,F8588,78397099999"
"Kingston, Jamaica",2022-01-29,30,24.2,26.7,32.6,24.2,27.6,21.2,72.4,7.1,100,8.33,rain,0,0,9.7,29.5,20,1014.2,52.7,12.2,194,15.3,7,10,2022-01-29T06:40:39,2022-01-29T18:00:13,0.91,"Rain, Partially cloudy",Partly cloudy throughout the day with rain clearing later.,rain,"MKJP,F8588,78397099999"
"Kingston, Jamaica",2022-01-30,28.4,23.9,25.6,30.1,23.9,26.1,19.6,69.8,0,0,0,rain,0,0,13.7,37.1,359.8,1015.1,51,12.7,124.3,10,5,10,2022-01-30T06:40:25,2022-01-30T18:00:46,0.95,Partially cloudy,Partly cloudy throughout the day.,partly-cloudy-day,"MKJP,F8588,78397099999"
"Kingston, Jamaica",2022-01-31,28.4,23,25.5,30.8,23,26.1,20.1,72.6,0,0,0,rain,0,0,14,31.7,0.6,1014.5,45.2,12.4,143.8,11.3,7,10,2022-01-31T06:40:11,2022-01-31T18:01:19,0.98,Partially cloudy,Becoming cloudy in the afternoon.,partly-cloudy-day,"MKJP,F8588,78397099999"
"Kingston, Jamaica",2022-02-01,29.4,23.9,26.3,33.1,23.9,27.5,21,72.6,0,0,0,rain,0,0,11.2,37.1,140.4,1013.7,30.8,12.3,180.2,14.3,8,30,2022-02-01T06:39:55,2022-02-01T18:01:51,0,Partially cloudy,Partly cloudy throughout the day.,partly-cloudy-day,"MKJP,F8588,78397099999"
"Kingston, Jamaica",2022-02-02,30,24,26.6,33.4,24,27.9,20.7,71,0,0,0,,0,0,12.6,37.1,72.8,1013.8,30.6,12.5,147,11.6,7,10,2022-02-02T06:39:38,2022-02-02T18:02:23,0.05,Partially cloudy,Partly cloudy throughout the day.,partly-cloudy-day,"MKJP,F8588,78397099999"
"Kingston, Jamaica",2022-02-03,30,24.2,26.8,33.3,24.2,28.2,21.4,72.6,0,0,0,rain,0,0,13.7,38.9,96.6,1014.9,31.5,12.4,145.2,11.6,7,10,2022-02-03T06:39:20,2022-02-03T18:02:55,0.08,Partially cloudy,Partly cloudy throughout the day.,partly-cloudy-day,"MKJP,F8588,78397099999"
"Kingston, Jamaica",2022-02-04,30.9,24,26.7,36.5,24,28.2,21.5,73.2,0,0,0,rain,0,0,8.6,38.9,94.2,1016.1,38.4,12.4,156.2,12.3,7,10,2022-02-04T06:39:01,2022-02-04T18:03:25,0.11,Partially cloudy,Becoming cloudy in the afternoon.,partly-cloudy-day,"MKJP,F8588,78397099999"
"Kingston, Jamaica",2022-02-05,30.9,23.2,26.7,32.8,23.2,27.3,18.8,63.8,0,0,0,,0,0,13.7,25.9,240.5,1015.3,24,12.5,217.9,17.3,7,10,2022-02-05T06:38:41,2022-02-05T18:03:56,0.14,Partially cloudy,Partly cloudy throughout the day.,partly-cloudy-day,"MKJP,F8588,78397099999"
"Kingston, Jamaica",2022-02-06,30.1,22.3,25.8,32.9,22.3,26.3,18.5,64.7,0,0,0,,0,0,12.6,27.7,329,1014.7,34.1,12.3,184.2,14.6,7,10,2022-02-06T06:38:19,2022-02-06T18:04:25,0.18,Partially cloudy,Partly cloudy throughout the day.,partly-cloudy-day,"MKJP,F8588,78397099999"
"Kingston, Jamaica",2022-02-07,29,22.8,26,30.8,22.8,26.9,20.2,70.8,0,0,0,rain,0,0,7.2,29.5,44.5,1014.5,44.1,12.2,143.9,11.4,6,10,2022-02-07T06:37:57,2022-02-07T18:04:55,0.21,Partially cloudy,Partly cloudy throughout the day.,partly-cloudy-day,"MKJP,F8588,78397099999"
"Kingston, Jamaica",2022-02-08,29.8,24,26.4,34,24,27.6,21.6,75.2,0,0,0,rain,0,0,13,31.7,127.4,1013.8,31.8,12.1,170.4,13.5,5,10,2022-02-08T06:37:33,2022-02-08T18:05:23,0.25,Partially cloudy,Clearing in the afternoon.,partly-cloudy-day,"MKJP,F8588,78397099999"
"Kingston, Jamaica",2022-02-09,30,24,26.8,34.2,24,28.4,21.4,72.4,0,0,0,rain,0,0,10.1,29.5,159.5,1013.6,29.8,12.8,188,14.9,7,10,2022-02-09T06:37:08,2022-02-09T18:05:52,0.27,Partially cloudy,Partly cloudy throughout the day.,partly-cloudy-day,"MKJP,F8588,78397099999"
"Kingston, Jamaica",2022-02-10,29,25,26.6,32.8,25,28,21.5,73.7,0,0,0,rain,0,0,10.1,33.5,95.4,1013.2,49.5,11.9,130.7,10.4,6,10,2022-02-10T06:36:43,2022-02-10T18:06:19,0.31,Partially cloudy,Becoming cloudy in the afternoon.,partly-cloudy-day,"MKJP,F8588,78397099999"
"Kingston, Jamaica",2022-02-11,28.1,24.6,26.4,30.7,24.6,27.4,21.2,73.2,0,0,0,rain,0,0,14,38.9,123.7,1013.8,49.5,12.2,110,8.7,5,30,2022-02-11T06:36:16,2022-02-11T18:06:46,0.34,Partially cloudy,Partly cloudy throughout the day.,partly-cloudy-day,"MKJP,F8588,78397099999"
"Kingston, Jamaica",2022-02-12,31,24,27.3,34.6,24,28.4,19.5,63.1,0,0,0,,0,0,16.6,51.8,119.7,1014.5,35.5,12.1,134.6,10.6,6,10,2022-02-12T06:35:48,2022-02-12T18:07:13,0.37,Partially cloudy,Partly cloudy throughout the day.,wind,"MKJP,F8588,78397099999"
"Kingston, Jamaica",2022-02-13,30.9,26,27.7,34.7,26,29.2,21,67,0,0,0,,0,0,18.7,44.6,117.5,1014.6,32.4,12.5,185.1,14.7,7,10,2022-02-13T06:35:19,2022-02-13T18:07:39,0.4,Partially cloudy,Partly cloudy throughout the day.,partly-cloudy-day,"MKJP,F8588,78397099999"
"Kingston, Jamaica",2022-02-14,31,23,26.9,34.6,23,28.2,19.9,65.8,0,0,0,,0,0,10.4,25.9,244.5,1015.6,32.6,12.9,158.1,12.3,6,10,2022-02-14T06:34:50,2022-02-14T18:08:05,0.44,Partially cloudy,Becoming cloudy in the afternoon.,partly-cloudy-day,"MKJP,F8588,78397099999"
"Kingston, Jamaica",2022-02-15,33,23.4,27.6,37.1,23.4,28.8,20.3,65.5,0,0,0,,0,0,11.2,22.3,308.4,1016.6,38.3,12.5,170.8,13.5,6,10,2022-02-15T06:34:19,2022-02-15T18:08:30,0.47,Partially cloudy,Partly cloudy throughout the day.,partly-cloudy-day,"MKJP,F8588,78397099999"
"Kingston, Jamaica",2022-02-16,31,25,27.6,33.3,25,28.7,20,63.7,0,0,0,,0,0,53.6,44.6,101.2,1017.5,54.1,12.1,165.6,13.2,6,10,2022-02-16T06:33:47,2022-02-16T18:08:54,0.5,Partially cloudy,Partly cloudy throughout the day.,partly-cloudy-day,"MKJP,F8588,78397099999"
"Kingston, Jamaica",2022-02-17,30.2,24.7,27.1,34.2,24.7,28.6,20.3,66.4,1.4,100,8.33,rain,0,0,53.6,44.6,108.8,1016.6,32.2,12.4,164,13.1,6,10,2022-02-17T06:33:15,2022-02-17T18:09:18,0.54,"Rain, Partially cloudy",Partly cloudy throughout the day with rain.,rain,"MKJP,F8588,78397099999"
"Kingston, Jamaica",2022-02-18,30.6,24.1,27,34.4,24.1,28.3,20.7,69,0,0,0,rain,0,0,12.6,31.7,130.3,1015.6,31.5,11.4,161.3,12.9,6,10,2022-02-18T06:32:42,2022-02-18T18:09:42,0.57,Partially cloudy,Partly cloudy throughout the day.,partly-cloudy-day,"MKJP,F8588,78397099999"
"Kingston, Jamaica",2022-02-19,30.6,22,26.5,34.1,22,27.8,21.6,74.7,0,0,0,rain,0,0,10.1,29.5,179.4,1015.8,35.5,11.7,163.1,12.8,6,10,2022-02-19T06:32:07,2022-02-19T18:10:05,0.61,Partially cloudy,Becoming cloudy in the afternoon.,partly-cloudy-day,"MKJP,F8588,78397099999"
"Kingston, Jamaica",2022-02-20,32,24,27.6,35.8,24,28.7,20.3,65.4,0,0,0,,0,0,9.4,22.3,277.4,1016,28.7,12.2,181.8,14.6,7,10,2022-02-20T06:31:32,2022-02-20T18:10:27,0.64,Partially cloudy,Partly cloudy throughout the day.,partly-cloudy-day,"MKJP,F8588,78397099999"
"Kingston, Jamaica",2022-02-21,30.4,24,26.2,34.4,24,27.1,20.9,73,3,100,4.17,rain,0,0,9.7,46.4,170.5,1016.6,45.7,12.3,115.6,9.3,6,10,2022-02-21T06:30:56,2022-02-21T18:10:49,0.68,"Rain, Partially cloudy",Becoming cloudy in the afternoon with late afternoon rain.,rain,"MKJP,F8588,78397099999"
"Kingston, Jamaica",2022-02-22,29.1,24,26.5,31,24,27.4,20.3,69.3,0,0,0,,0,0,12.2,44.6,136.2,1016.5,31.8,12.3,130.5,10.4,5,10,2022-02-22T06:30:20,2022-02-22T18:11:10,0.71,Partially cloudy,Partly cloudy throughout the day.,partly-cloudy-day,"MKJP,F8588,78397099999"
"Kingston, Jamaica",2022-02-23,31,25,27,33.8,25,28,20.3,67.4,0.4,100,4.17,rain,0,0,10.4,44.6,196.7,1015.8,60.8,12.4,152.6,12.2,6,10,2022-02-23T06:29:42,2022-02-23T18:11:31,0.75,"Rain, Partially cloudy",Partly cloudy throughout the day with morning rain.,rain,"MKJP,F8588,78397099999"
"Kingston, Jamaica",2022-02-24,32,23.9,27.3,35.8,23.9,28.5,19.6,63.3,0,0,0,,0,0,13,20.5,246.9,1015.2,31.3,12.4,160.7,13.5,6,10,2022-02-24T06:29:04,2022-02-24T18:11:52,0.79,Partially cloudy,Partly cloudy throughout the day.,partly-cloudy-day,"MKJP,F8588,78397099999"
"Kingston, Jamaica",2022-02-25,30,23.8,26.5,32.6,23.8,27.3,19.5,65.7,0,0,0,rain,0,0,10.4,29.5,154.6,1016.1,44.3,12.4,142.4,11.3,6,10,2022-02-25T06:28:25,2022-02-25T18:12:12,0.82,Partially cloudy,Partly cloudy throughout the day.,partly-cloudy-day,"MKJP,F8588,78397099999"
"Kingston, Jamaica",2022-02-26,28.9,24,26.1,31.1,24,26.9,20.5,71.6,0,0,0,rain,0,0,10.4,37.1,56.9,1016.7,53.4,12.2,102.8,8.2,5,10,2022-02-26T06:27:45,2022-02-26T18:12:31,0.86,Partially cloudy,Partly cloudy throughout the day.,partly-cloudy-day,"MKJP,F8588,78397099999"
"Kingston, Jamaica",2022-02-27,29.5,24,26.1,32.3,24,26.7,20.4,71,0,0,0,rain,0,0,11.2,33.5,72.5,1015.7,71,12,135.8,11,6,10,2022-02-27T06:27:05,2022-02-27T18:12:50,0.89,Partially cloudy,Partly cloudy throughout the day.,partly-cloudy-day,"MKJP,F8588,78397099999"
"Kingston, Jamaica",2022-02-28,31,24,26.9,34.2,24,28.3,21.3,72.1,0,0,0,rain,0,0,7.6,22.3,208,1014.7,48.3,11.8,200.8,15.9,8,10,2022-02-28T06:26:24,2022-02-28T18:13:09,0.93,Partially cloudy,Partly cloudy throughout the day.,partly-cloudy-day,"MKJP,F8588,78397099999"
"Kingston, Jamaica",2022-03-01,29.3,23.3,26.4,32.2,23.3,27.5,21.2,73.6,18,100,4.17,rain,0,0,8.6,20.5,174,1014.4,26,12.2,240.9,19.2,7,10,2022-03-01T06:25:42,2022-03-01T18:13:27,0.96,"Rain, Partially cloudy",Partly cloudy throughout the day with early morning rain.,rain,"MKJP,F8588,78397099999"
"Kingston, Jamaica",2022-03-02,30,24.9,27.1,34.2,24.9,28.5,21,69.5,0,0,0,,0,0,13,22.3,1.2,1014.7,28.1,12.3,244.6,20.2,8,10,2022-03-02T06:25:00,2022-03-02T18:13:45,0,Partially cloudy,Partly cloudy throughout the day.,partly-cloudy-day,"MKJP,F8588,78397099999"
"Kingston, Jamaica",2022-03-03,30,25,27.1,34.2,25,28.8,21.1,69.7,0,0,0,,0,0,14,27.7,318.6,1015.3,33,13,186,14.7,8,10,2022-03-03T06:24:18,2022-03-03T18:14:03,0.03,Partially cloudy,Becoming cloudy in the afternoon.,partly-cloudy-day,"MKJP,F8588,78397099999"
"Kingston, Jamaica",2022-03-04,30.1,25,27.5,35.2,25,29.2,21.5,70.1,0,0,0,,0,0,9.7,14.8,318.4,1015.6,52,12.5,143.7,12,6,10,2022-03-04T06:23:34,2022-03-04T18:14:20,0.06,Partially cloudy,Partly cloudy throughout the day.,partly-cloudy-day,"MKJP,F8588,78397099999"
"Kingston, Jamaica",2022-03-05,31,24.5,27.4,34.6,24.5,29.3,21.7,71.4,0.1,100,4.17,rain,0,0,11.5,20.5,227.1,1014.9,36.5,12.2,174.9,13.9,7,10,2022-03-05T06:22:50,2022-03-05T18:14:37,0.1,"Rain, Partially cloudy",Partly cloudy throughout the day with late afternoon rain.,rain,"MKJP,F8588,78397099999"
"Kingston, Jamaica",2022-03-06,30,25,26.6,32.6,25,27.4,21.2,72.6,0,0,0,rain,0,0,16.6,42.5,83.4,1015.9,59.1,11.5,125,10.3,6,10,2022-03-06T06:22:06,2022-03-06T18:14:53,0.13,Partially cloudy,Partly cloudy throughout the day.,partly-cloudy-day,"MKJP,F8588,78397099999"
"Kingston, Jamaica",2022-03-07,29.8,24,26.6,32.5,24,27.8,21,71.4,0,0,0,,0,0,11.2,38.9,114.3,1015.2,33.6,12.1,165.6,13.6,6,10,2022-03-07T06:21:21,2022-03-07T18:15:09,0.16,Partially cloudy,Partly cloudy throughout the day.,partly-cloudy-day,"MKJP,F8588,78397099999"
"Kingston, Jamaica",2022-03-08,29.3,24,26.6,32.8,24,27.9,20.8,71,0,0,0,rain,0,0,15.5,42.5,137.3,1014.4,26.8,12.4,167.4,14.4,7,10,2022-03-08T06:20:36,2022-03-08T18:15:25,0.19,Partially cloudy,Partly cloudy throughout the day.,partly-cloudy-day,"MKJP,F8588,78397099999"
"Kingston, Jamaica",2022-03-09,30,24,26.9,33.6,24,28.3,20.6,68.7,0,0,0,,0,0,18.4,40.7,120,1014.4,25.7,12.5,173.7,15,7,10,2022-03-09T06:19:51,2022-03-09T18:15:40,0.22,Partially cloudy,Partly cloudy throughout the day.,partly-cloudy-day,"MKJP,F8588,78397099999"
"Kingston, Jamaica",2022-03-10,31,24.6,27.2,33.6,24.6,28.5,20.5,67.3,0,0,0,,0,0,23,51.8,107.1,1014.8,30.1,12.2,163.6,14.1,5,10,2022-03-10T06:19:05,2022-03-10T18:15:55,0.25,Partially cloudy,Partly cloudy throughout the day.,wind,"MKJP,F8588,78397099999"
"Kingston, Jamaica",2022-03-11,29.9,24,27.1,33.6,24,29,21.6,72.4,0,0,0,rain,0,0,18.7,44.6,115,1014.5,25,12.3,242,21,8,10,2022-03-11T06:18:18,2022-03-11T18:16:10,0.29,Partially cloudy,Partly cloudy throughout the day.,partly-cloudy-day,"MKJP,F8588,78397099999"
"Kingston, Jamaica",2022-03-12,29.6,26,27.5,33.1,26,29.5,22.1,72.5,0,0,0,,0,0,24.8,38.9,138.1,1014.5,27.1,12.1,223.6,19.2,8,10,2022-03-12T06:17:32,2022-03-12T18:16:25,0.32,Partially cloudy,Partly cloudy throughout the day.,partly-cloudy-day,"MKJP,F8588,78397099999"
"Kingston, Jamaica",2022-03-13,31,25,28,37.8,25,30.3,22,70.1,0,0,0,,0,0,11.5,18.4,302.3,1015.7,24.5,12,209.4,18.1,8,10,2022-03-13T06:16:45,2022-03-13T18:16:39,0.35,Partially cloudy,Partly cloudy throughout the day.,partly-cloudy-day,"MKJP,F8588,78397099999"
"Kingston, Jamaica",2022-03-14,31,24.9,27.2,34.6,24.9,29,21.5,71.7,0,0,0,rain,0,0,9.7,38.9,123.5,1016.5,36.3,12.7,148.8,13,7,10,2022-03-14T06:15:57,2022-03-14T18:16:53,0.38,Partially cloudy,Becoming cloudy in the afternoon.,partly-cloudy-day,"MKJP,F8588,78397099999"
"Kingston, Jamaica",2022-03-15,30.2,25,27.2,34.3,25,28.9,21.3,70.3,0,0,0,,0,0,14.8,44.6,117,1016.2,27.4,11.2,171.3,14.8,7,10,2022-03-15T06:15:10,2022-03-15T18:17:07,0.42,Partially cloudy,Partly cloudy throughout the day.,partly-cloudy-day,"MKJP,F8588,78397099999"
"Kingston, Jamaica",2022-03-16,30,24,26.8,33.3,24,27.9,20.6,68.9,0,0,0,rain,0,0,9.7,40.7,119.1,1015.3,38.9,12.3,186.7,16.1,7,10,2022-03-16T06:14:22,2022-03-16T18:17:21,0.45,Partially cloudy,Partly cloudy throughout the day.,partly-cloudy-day,"MKJP,F8588,78397099999"
"Kingston, Jamaica",2022-03-17,29,25.9,27.3,32,25.9,28.9,20.7,67.9,14,100,8.33,rain,0,0,25.6,46.4,117.1,1014.8,37,12.3,123.5,10.8,5,10,2022-03-17T06:13:34,2022-03-17T18:17:34,0.48,"Rain, Partially cloudy",Partly cloudy throughout the day with rain.,rain,"MKJP,F8588,78397099999"
"Kingston, Jamaica",2022-03-18,29.2,26,27.5,32,26,28.9,20.7,66.8,0,0,0,,0,0,26.6,42.5,120.7,1015.2,28,12.4,157.1,13.6,6,10,2022-03-18T06:12:46,2022-03-18T18:17:48,0.5,Partially cloudy,Partly cloudy throughout the day.,partly-cloudy-day,"MKJP,F8588,78397099999"
"Kingston, Jamaica",2022-03-19,30.1,24.8,27,32.5,24.8,28.2,20.1,66.3,0,0,0,rain,0,0,18.4,42.5,139.2,1015.7,42.5,12.6,144.3,12.5,5,10,2022-03-19T06:11:57,2022-03-19T18:18:01,0.55,Partially cloudy,Partly cloudy throughout the day.,partly-cloudy-day,"MKJP,F8588,78397099999"
"Kingston, Jamaica",2022-03-20,30,25,27.2,34.9,25,28.8,21.4,71,0,0,0,,0,0,14,44.6,107.7,1015.7,33.2,12.7,172.7,14.8,8,10,2022-03-20T06:11:09,2022-03-20T18:18:14,0.59,Partially cloudy,Partly cloudy throughout the day.,partly-cloudy-day,"MKJP,F8588,78397099999"
"Kingston, Jamaica",2022-03-21,30,24,26.4,34.2,24,27.6,22,76.9,4.9,100,8.33,rain,0,0,12.6,27.7,0.9,1014.5,45.5,11.8,139.8,12,6,10,2022-03-21T06:10:20,2022-03-21T18:18:27,0.62,"Rain, Partially cloudy",Partly cloudy throughout the day with rain.,rain,"MKJP,F8588,78397099999"
"Kingston, Jamaica",2022-03-22,30,22.8,26.6,32.6,22.8,27.7,20.6,70.8,0,0,0,rain,0,0,18,48.2,120,1013.8,45.7,12.1,133.6,11.4,7,10,2022-03-22T06:09:32,2022-03-22T18:18:40,0.66,Partially cloudy,Partly cloudy throughout the day.,partly-cloudy-day,"MKJP,F8588,78397099999"
"Kingston, Jamaica",2022-03-23,30,24,27,34.2,24,28.8,21.3,71.2,0,0,0,,0,0,48.2,44.6,134.2,1013.9,28,12.5,225.6,19.5,8,10,2022-03-23T06:08:43,2022-03-23T18:18:52,0.69,Partially cloudy,Partly cloudy throughout the day.,partly-cloudy-day,"MKJP,F8588,78397099999"
"Kingston, Jamaica",2022-03-24,29.6,20.6,26.5,32,20.6,27,18.9,65.2,3,100,4.17,rain,0,0,25.2,46.4,116.8,1014.7,45.5,18.1,279.8,24.1,9,10,2022-03-24T06:07:54,2022-03-24T18:19:05,0.73,"Rain, Partially cloudy",Partly cloudy throughout the day with early morning rain.,rain,"MKJP,F8588,78397099999,remote"
"Kingston, Jamaica",2022-03-25,29.4,25.8,27.4,32.2,25.8,29,20.8,67.3,0,0,0,,0,0,24.5,40.7,128.4,1013.8,27.9,12,168.5,14.5,7,10,2022-03-25T06:07:05,2022-03-25T18:19:18,0.75,Partially cloudy,Partly cloudy throughout the day.,partly-cloudy-day,"MKJP,F8588,78397099999"
"Kingston, Jamaica",2022-03-26,30,24,27.1,34.2,24,28.5,20.6,67.9,0,0,0,rain,0,0,15.5,33.5,123.3,1013,46.5,12.2,189.2,16.4,7,10,2022-03-26T06:06:17,2022-03-26T18:19:30,0.8,Partially cloudy,Partly cloudy throughout the day.,partly-cloudy-day,"MKJP,F8588,78397099999"
"Kingston, Jamaica",2022-03-27,31,24.2,27.7,34.6,24.2,29.4,20.8,66.3,0,0,0,,0,0,7.9,24.1,316.1,1013.6,46,12.1,130.6,11.3,7,10,2022-03-27T06:05:28,2022-03-27T18:19:43,0.84,Partially cloudy,Partly cloudy throughout the day.,partly-cloudy-day,"MKJP,F8588,78397099999"
"Kingston, Jamaica",2022-03-28,32,25,28.1,34.9,25,29.4,19.5,60.6,0,0,0,,0,0,14,22.3,293.4,1014.9,41.9,11.9,174,15.1,7,10,2022-03-28T06:04:39,2022-03-28T18:19:55,0.87,Partially cloudy,Partly cloudy throughout the day.,partly-cloudy-day,"MKJP,F8588,78397099999"
"Kingston, Jamaica",2022-03-29,31,24,27.6,33.9,24,28.8,19.2,60.3,0,0,0,,0,0,13,20.5,260.2,1015.2,27.5,12.4,173,15,8,10,2022-03-29T06:03:51,2022-03-29T18:20:08,0.91,Partially cloudy,Partly cloudy throughout the day.,partly-cloudy-day,"MKJP,F8588,78397099999"
"Kingston, Jamaica",2022-03-30,30.2,25,27.9,34.2,25,29.6,21.1,67,0,0,0,,0,0,14.4,48.2,123.8,1013.5,30,11.9,144.3,12.7,7,30,2022-03-30T06:03:02,2022-03-30T18:20:20,0.94,Partially cloudy,Partly cloudy throughout the day.,partly-cloudy-day,"MKJP,F8588,78397099999"
"Kingston, Jamaica",2022-03-31,30,25.2,27.6,33.8,25.2,29.5,21.4,69,0,0,0,,0,0,25.2,53.6,121.6,1012.9,40.4,12.7,167.8,14.6,7,10,2022-03-31T06:02:14,2022-03-31T18:20:33,0.98,Partially cloudy,Clearing in the afternoon.,wind,"MKJP,F8588,78397099999"
"Kingston, Jamaica",2022-04-01,30,26,27.7,33.3,26,29.9,21.6,69.2,0,0,0,,0,0,24.1,46.4,120.7,1014.3,26.9,12.8,145.5,12.5,5,10,2022-04-01T06:01:26,2022-04-01T18:20:45,0,Partially cloudy,Partly cloudy throughout the day.,partly-cloudy-day,"MKJP,F8588,78397099999"
"Kingston, Jamaica",2022-04-02,30,25,27.6,34.3,25,29.6,21.9,71.4,0.1,100,4.17,rain,0,0,20.9,38.9,142.6,1014.2,37.2,12.2,150.8,13,7,10,2022-04-02T06:00:38,2022-04-02T18:20:58,0.05,"Rain, Partially cloudy",Clearing in the afternoon with morning rain.,rain,"MKJP,F8588,78397099999"
"Kingston, Jamaica",2022-04-03,30,25,27.4,34.2,25,29.5,22,72.7,0,0,0,,0,0,15.1,37.1,160.7,1012.7,26,12.3,205.5,17.7,8,10,2022-04-03T05:59:50,2022-04-03T18:21:11,0.08,Partially cloudy,Partly cloudy throughout the day.,partly-cloudy-day,"MKJP,F8588,78397099999"
"Kingston, Jamaica",2022-04-04,30,25.7,27.6,34.2,25.7,29.6,21.9,71.4,0,0,0,rain,0,0,14,38.9,124.9,1012.5,40.4,12.2,152.4,13,7,10,2022-04-04T05:59:02,2022-04-04T18:21:23,0.11,Partially cloudy,Becoming cloudy in the afternoon.,partly-cloudy-day,"MKJP,F8588,78397099999"
"Kingston, Jamaica",2022-04-05,30,25.8,27.7,35.1,25.8,30.2,22.2,72.1,0,0,0,,0,0,19.4,44.6,129.9,1012.5,27.4,12.5,173.2,14.7,8,10,2022-04-05T05:58:15,2022-04-05T18:21:36,0.14,Partially cloudy,Partly cloudy throughout the day.,partly-cloudy-day,"MKJP,F8588,78397099999"
"Kingston, Jamaica",2022-04-06,30.2,26,27.6,34.5,26,29.8,21.8,70.7,0,0,0,,0,0,17.6,48.2,133.6,1012.6,31.4,12.3,170.5,14.7,7,10,2022-04-06T05:57:28,2022-04-06T18:21:49,0.18,Partially cloudy,Partly cloudy throughout the day.,partly-cloudy-day,"MKJP,F8588,78397099999"
"Kingston, Jamaica",2022-04-07,30,25.9,27.7,34.2,25.9,30.1,21.9,70.8,0,0,0,rain,0,0,21.2,44.6,143.1,1012.7,33.6,12,170.3,14.8,7,10,2022-04-07T05:56:41,2022-04-07T18:22:02,0.21,Partially cloudy,Becoming cloudy in the afternoon.,partly-cloudy-day,"MKJP,F8588,78397099999"
"Kingston, Jamaica",2022-04-08,29.5,25,27.2,33.6,25,29.1,21.7,72.1,0.3,100,4.17,rain,0,0,14.4,38.9,126.2,1013.6,36.2,12.2,169.8,14.8,8,10,2022-04-08T05:55:55,2022-04-08T18:22:16,0.24,"Rain, Partially cloudy",Partly cloudy throughout the day with late afternoon rain.,rain,"MKJP,F8588,78397099999"
"Kingston, Jamaica",2022-04-09,30,25,27.5,33.7,25,29.4,22.2,73.2,0,0,0,rain,0,0,11.9,24.1,103.2,1014.7,51,11.8,139.4,12.1,6,10,2022-04-09T05:55:09,2022-04-09T18:22:29,0.25,Partially cloudy,Partly cloudy throughout the day.,partly-cloudy-day,"MKJP,F8588,78397099999"
"Kingston, Jamaica",2022-04-10,29.2,25,27.1,32.8,25,28.8,22.3,75.3,0,0,0,rain,0,0,12.2,35.3,63.5,1013.8,54.1,12.2,116.8,10.3,5,10,2022-04-10T05:54:23,2022-04-10T18:22:43,0.3,Partially cloudy,Partly cloudy throughout the day.,partly-cloudy-day,"MKJP,F8588,78397099999"
"Kingston, Jamaica",2022-04-11,32,25,26.9,37.9,25,28.4,22.4,77.2,0.6,100,4.17,rain,0,0,53.6,35.3,353.7,1013.9,51.3,12,115.8,9.9,5,10,2022-04-11T05:53:38,2022-04-11T18:22:56,0.34,"Rain, Partially cloudy",Partly cloudy throughout the day with late afternoon rain.,rain,"MKJP,F8588,78397099999"
"Kingston, Jamaica",2022-04-12,31,25.6,27.5,32.8,25.6,28.7,20.7,67.1,0,0,0,rain,0,0,13.7,50,114.5,1014,60.1,12.9,122.7,10.5,7,10,2022-04-12T05:52:53,2022-04-12T18:23:10,0.37,Partially cloudy,Partly cloudy throughout the day.,wind,"MKJP,F8588,78397099999"
"Kingston, Jamaica",2022-04-13,30.8,24,27.4,34.6,24,29.3,21.4,70,0,0,0,,0,0,46.4,48.2,123,1013,25.5,12.6,186.6,15.9,7,10,2022-04-13T05:52:09,2022-04-13T18:23:24,0.4,Partially cloudy,Partly cloudy throughout the day.,partly-cloudy-day,"MKJP,F8588,78397099999"
"Kingston, Jamaica",2022-04-14,30,25,27.7,34.2,25,29.8,21.6,69.7,0,0,0,,0,0,23.4,46.4,121.3,1012.8,33.9,11.8,165.3,14.2,9,10,2022-04-14T05:51:25,2022-04-14T18:23:38,0.43,Partially cloudy,Partly cloudy throughout the day.,partly-cloudy-day,"MKJP,F8588,78397099999"
"Kingston, Jamaica",2022-04-15,30.5,25,27.4,34.2,25,29.1,21.1,68.5,0,0,0,,0,0,21.2,46.4,119.8,1013.1,26,12.4,190.3,16.3,9,10,2022-04-15T05:50:41,2022-04-15T18:23:53,0.47,Partially cloudy,Partly cloudy throughout the day.,partly-cloudy-day,"MKJP,F8588,78397099999"
"Kingston, Jamaica",2022-04-16,30.4,25,27.2,34.5,25,28.8,21.5,71.5,0,0,0,rain,0,0,15.1,35.3,174.7,1012.6,36.5,12.2,179.6,15.4,7,10,2022-04-16T05:49:58,2022-04-16T18:24:08,0.5,Partially cloudy,Partly cloudy throughout the day.,partly-cloudy-day,"MKJP,F8588,78397099999"
"Kingston, Jamaica",2022-04-17,29.2,25,27.3,32.7,25,29.1,21.2,69.3,0,0,0,,0,0,59.4,48.2,126.6,1011.6,37.7,13,178,15.4,7,30,2022-04-17T05:49:16,2022-04-17T18:24:22,0.53,Partially cloudy,Partly cloudy throughout the day.,partly-cloudy-day,"MKJP,F8588,78397099999"
"Kingston, Jamaica",2022-04-18,29.5,25,27,34,25,28.6,22,74.6,0,0,0,rain,0,0,13.7,38.9,123.9,1011.3,46.6,12,163.4,14.1,7,30,2022-04-18T05:48:34,2022-04-18T18:24:38,0.57,Partially cloudy,Partly cloudy throughout the day.,partly-cloudy-day,"MKJP,F8588,78397099999"
"Kingston, Jamaica",2022-04-19,29,24,25.8,34.6,24,27,23.1,85,25,100,8.33,rain,0,0,11.9,27.7,130.9,1012.3,67.1,10.6,104,9,5,30,2022-04-19T05:47:53,2022-04-19T18:24:53,0.6,"Rain, Partially cloudy",Partly cloudy throughout the day with rain.,rain,"MKJP,F8588,78397099999"
"Kingston, Jamaica",2022-04-20,30,25,27.5,34.4,25,29.5,21.8,71.4,0,0,0,rain,0,0,10.8,33.5,93.2,1013.1,48.7,13.1,156.3,13.4,8,30,2022-04-20T05:47:12,2022-04-20T18:25:08,0.64,Partially cloudy,Partly cloudy throughout the day.,partly-cloudy-day,"MKJP,F8588,78397099999"
"Kingston, Jamaica",2022-04-21,31,25.8,27.5,36.6,25.8,29.6,22.1,72.6,0,0,0,rain,0,0,9.7,29.5,301.6,1013.5,35.4,12.6,165,14.1,8,30,2022-04-21T05:46:32,2022-04-21T18:25:24,0.67,Partially cloudy,Becoming cloudy in the afternoon.,partly-cloudy-day,"MKJP,F8588,78397099999"
"Kingston, Jamaica",2022-04-22,29.6,24.6,26.7,33.4,24.6,28,22.2,76.7,4,100,4.17,rain,0,0,9.7,35.3,143.4,1013.6,47.7,12.4,138.4,12,9,30,2022-04-22T05:45:52,2022-04-22T18:25:40,0.71,"Rain, Partially cloudy",Partly cloudy throughout the day with late afternoon rain.,rain,"MKJP,F8588,78397099999"
"Kingston, Jamaica",2022-04-23,29.6,24,26.3,34.1,24,27.5,21.9,77.5,0,0,0,rain,0,0,10.1,37.1,70.4,1013.1,49.9,12.3,89.7,7.7,5,30,2022-04-23T05:45:14,2022-04-23T18:25:57,0.75,Partially cloudy,Partly cloudy throughout the day.,partly-cloudy-day,"MKJP,F8588,78397099999"
"Kingston, Jamaica",2022-04-24,29,24.8,26,31.4,24.8,26.5,21.3,75.7,0.8,100,4.17,rain,0,0,55.4,37.1,73.5,1013.1,65.8,11.8,107.5,9.3,7,10,2022-04-24T05:44:35,2022-04-24T18:26:13,0.78,"Rain, Partially cloudy",Partly cloudy throughout the day with late afternoon rain.,rain,"MKJP,F8588,78397099999"
"Kingston, Jamaica",2022-04-25,30,24.9,27,34.2,24.9,28.4,21,69.7,0,0,0,rain,0,0,12.2,44.6,88.4,1013.2,65.7,12.2,149.7,12.9,8,10,2022-04-25T05:43:58,2022-04-25T18:26:30,0.82,Partially cloudy,Partly cloudy throughout the day.,partly-cloudy-day,"MKJP,F8588,78397099999"
"Kingston, Jamaica",2022-04-26,30,24,26.1,34.2,24,26.7,21.7,77.7,19,100,4.17,rain,0,0,6.8,29.5,344.2,1014,40.6,12.2,125.3,10.8,7,10,2022-04-26T05:43:21,2022-04-26T18:26:47,0.85,"Rain, Partially cloudy",Partly cloudy throughout the day with late afternoon rain.,rain,"MKJP,F8588,78397099999"
"Kingston, Jamaica",2022-04-27,29.5,23.9,26.1,32.8,23.9,27.1,21.6,76.7,0.2,100,4.17,rain,0,0,8.3,44.6,99.8,1013,53.1,12,130.2,11.3,6,10,2022-04-27T05:42:45,2022-04-27T18:27:04,0.89,"Rain, Partially cloudy",Partly cloudy throughout the day with late afternoon rain.,rain,"MKJP,F8588,78397099999"
"Kingston, Jamaica",2022-04-28,30,23,26.7,33.3,23,28,20.4,68.9,0,0,0,rain,0,0,9,33.5,105.1,1012.6,35.8,12.5,199.1,17.1,7,10,2022-04-28T05:42:10,2022-04-28T18:27:22,0.92,Partially cloudy,Partly cloudy throughout the day.,partly-cloudy-day,"MKJP,F8588,78397099999"
"Kingston, Jamaica",2022-04-29,29,25,26.8,30.7,25,27.9,20.7,69.8,0,0,0,rain,0,0,9.7,29.5,108.7,1012.6,52.1,12,129.5,11.4,8,10,2022-04-29T05:41:35,2022-04-29T18:27:40,0.96,Partially cloudy,Partly cloudy throughout the day.,partly-cloudy-day,"MKJP,F8588,78397099999"
"Kingston, Jamaica",2022-04-30,30,24.8,27.3,35.1,24.8,29.5,22.1,73.2,0,0,0,rain,0,0,13,44.6,121.7,1011.9,57.9,12.5,209.8,18.2,9,10,2022-04-30T05:41:01,2022-04-30T18:27:58,0,Partially cloudy,Partly cloudy throughout the day.,partly-cloudy-day,"MKJP,F8588,78397099999"
"Kingston, Jamaica",2022-05-01,31,25.9,28,36.6,25.9,30.7,23,74.4,0,0,0,rain,0,0,8.6,44.6,109.8,1011.8,51.4,11.9,201.1,17.5,9,30,2022-05-01T05:40:28,2022-05-01T18:28:17,0.03,Partially cloudy,Partly cloudy throughout the day.,partly-cloudy-day,"MKJP,F8588,78397099999"
"Kingston, Jamaica",2022-05-02,31,24,28.1,36,24,30.7,22.5,72.2,0.7,100,4.17,rain,0,0,23.8,44.6,115.7,1013.2,52.2,11.1,197.7,17.1,8,10,2022-05-02T05:39:56,2022-05-02T18:28:35,0.06,"Rain, Partially cloudy",Clearing in the afternoon with early morning rain.,rain,"MKJP,F8588,78397099999"
"Kingston, Jamaica",2022-05-03,30.8,25,28.2,36.6,25,31.2,22.6,71.8,0,0,0,,0,0,28.8,44.6,128.3,1014.2,30.3,11.1,241.7,20.8,8,10,2022-05-03T05:39:25,2022-05-03T18:28:54,0.09,Partially cloudy,Partly cloudy throughout the day.,partly-cloudy-day,"MKJP,F8588,78397099999"
"Kingston, Jamaica",2022-05-04,30.8,25.9,28.3,36.3,25.9,31.1,22.4,70.5,0,0,0,,0,0,20.9,44.6,116.5,1013.6,26.9,11.5,180.8,15.6,8,10,2022-05-04T05:38:54,2022-05-04T18:29:13,0.13,Partially cloudy,Partly cloudy throughout the day.,partly-cloudy-day,"MKJP,F8588,78397099999"
"Kingston, Jamaica",2022-05-05,30.4,25,28,35.1,25,30.5,22.2,70.9,0,0,0,,0,0,19.8,46.4,117.6,1014.3,40.9,12.2,141.2,12.2,8,10,2022-05-05T05:38:25,2022-05-05T18:29:33,0.16,Partially cloudy,Partly cloudy throughout the day.,partly-cloudy-day,"MKJP,F8588,78397099999"
"Kingston, Jamaica",2022-05-06,30.4,25.9,28,36,25.9,30.7,22.1,70.6,0,0,0,rain,0,0,16.2,37.1,128.7,1014.3,37.1,12.2,188,16.3,8,10,2022-05-06T05:37:56,2022-05-06T18:29:52,0.19,Partially cloudy,Partly cloudy throughout the day.,partly-cloudy-day,"MKJP,F8588,78397099999"
"Kingston, Jamaica",2022-05-07,29.6,26,27.5,34.9,26,30.1,23.1,77.2,0.6,100,4.17,rain,0,0,15.8,29.5,131.8,1013.7,43.2,11.9,197,17,9,10,2022-05-07T05:37:28,2022-05-07T18:30:12,0.22,"Rain, Partially cloudy",Partly cloudy throughout the day with morning rain.,rain,"MKJP,F8588,78397099999"
"Kingston, Jamaica",2022-05-08,30.1,25.8,27.8,35.1,25.8,30.2,22.4,72.3,0,0,0,rain,0,0,18,35.3,126.6,1012.8,31.1,12,245.4,21.3,9,10,2022-05-08T05:37:01,2022-05-08T18:30:33,0.25,Partially cloudy,Becoming cloudy in the afternoon.,partly-cloudy-day,"MKJP,F8588,78397099999"
"Kingston, Jamaica",2022-05-09,30.2,26,28.1,34.4,26,30.6,22.1,70.1,0,0,0,,0,0,16.2,40.7,129.6,1012.3,31.4,12.7,228.3,19.7,8,10,2022-05-09T05:36:35,2022-05-09T18:30:53,0.29,Partially cloudy,Partly cloudy throughout the day.,partly-cloudy-day,"MKJP,F8588,78397099999"
"Kingston, Jamaica",2022-05-10,30.7,24,27.4,35.1,24,29.4,22.4,74.9,0,0,0,rain,0,0,13,38.9,125.3,1012.5,54.4,11.8,170.3,14.7,8,30,2022-05-10T05:36:09,2022-05-10T18:31:14,0.32,Partially cloudy,Partly cloudy throughout the day.,partly-cloudy-day,"MKJP,F8588,78397099999"
"Kingston, Jamaica",2022-05-11,30.1,25,27.7,37.7,25,30.4,23,75.9,14,100,4.17,rain,0,0,14,35.3,132.7,1011.8,37.6,12.2,167.1,14.5,9,30,2022-05-11T05:35:45,2022-05-11T18:31:34,0.35,"Rain, Partially cloudy",Partly cloudy throughout the day with early morning rain.,rain,"MKJP,F8588,78397099999"
"Kingston, Jamaica",2022-05-12,30.4,24.9,27.7,37.1,24.9,30.1,22.5,74.4,0.5,100,4.17,rain,0,0,18,35.3,152.7,1011.4,71.7,12.1,167.3,14.6,10,10,2022-05-12T05:35:22,2022-05-12T18:31:55,0.39,"Rain, Partially cloudy",Partly cloudy throughout the day with morning rain.,rain,"MKJP,F8588,78397099999"
"Kingston, Jamaica",2022-05-13,28.1,23.5,26.6,32.1,23.5,28.2,22.3,77.9,3.6,100,12.5,rain,0,0,33.1,57.6,111.3,1011.8,81.6,11.5,65.8,5.8,2,10,2022-05-13T05:34:59,2022-05-13T18:32:17,0.42,"Rain, Partially cloudy",Partly cloudy throughout the day with rain.,rain,"MKJP,F8588,78397099999"
"Kingston, Jamaica",2022-05-14,30.8,27,28.3,36,29.1,31.7,23,73.1,0,0,0,rain,0,0,21.2,42.5,118.7,1012.4,62.7,12,188.8,16.1,8,10,2022-05-14T05:34:38,2022-05-14T18:32:38,0.45,Partially cloudy,Partly cloudy throughout the day.,partly-cloudy-day,"MKJP,F8588,78397099999"
"Kingston, Jamaica",2022-05-15,30.2,27,28.2,40.9,29.2,32.3,23.8,77.2,0,0,0,,0,0,23.4,40.7,124.3,1012.7,74.2,11.9,198.8,17.1,7,10,2022-05-15T05:34:17,2022-05-15T18:33:00,0.5,Partially cloudy,Partly cloudy throughout the day.,partly-cloudy-day,"MKJP,F8588,78397099999"
"Kingston, Jamaica",2022-05-16,30.5,27,28.2,37.4,29.2,31.9,23.5,76.1,0,0,0,,0,0,22,38.9,119.8,1013.3,59.3,12.3,147.5,12.8,7,10,2022-05-16T05:33:58,2022-05-16T18:33:21,0.52,Partially cloudy,Partly cloudy throughout the day.,partly-cloudy-day,"MKJP,F8588,78397099999"
"Kingston, Jamaica",2022-05-17,30.8,26,28.4,37.8,26,32.6,24.2,78.1,0,0,0,rain,0,0,15.1,37.1,123.5,1015,39.3,12.2,235.5,20.3,9,30,2022-05-17T05:33:39,2022-05-17T18:33:43,0.55,Partially cloudy,Partly cloudy throughout the day.,partly-cloudy-day,"MKJP,F8588,78397099999"
"Kingston, Jamaica",2022-05-18,31.1,27,28.7,40.3,29.6,33.3,24.2,77.1,0,0,0,,0,0,19.4,38.9,118.8,1015.2,64.8,11.3,200.8,17.3,9,10,2022-05-18T05:33:22,2022-05-18T18:34:05,0.59,Partially cloudy,Partly cloudy throughout the day.,partly-cloudy-day,"MKJP,F8588,78397099999"
"Kingston, Jamaica",2022-05-19,30.7,27.8,28.9,38.2,30.7,33.5,23.9,74.2,0,0,0,,0,0,24.5,42.5,124.6,1014.5,54.3,10.2,171,14.7,8,10,2022-05-19T05:33:05,2022-05-19T18:34:27,0.62,Partially cloudy,Partly cloudy throughout the day.,partly-cloudy-day,"MKJP,F8588,78397099999"
"Kingston, Jamaica",2022-05-20,30.4,27,28.6,37.4,29.2,32.4,23.3,73.3,0,0,0,,0,0,32.8,46.4,126.7,1015.4,35.4,10.1,197.7,16.8,7,10,2022-05-20T05:32:50,2022-05-20T18:34:49,0.66,Partially cloudy,Partly cloudy throughout the day.,partly-cloudy-day,"MKJP,F8588,78397099999"
"Kingston, Jamaica",2022-05-21,30.8,26,28.5,41.6,26,32,23,72.5,0,0,0,,0,0,28.1,46.4,113.9,1017.4,37.4,9.1,214.1,18.6,8,10,2022-05-21T05:32:35,2022-05-21T18:35:11,0.69,Partially cloudy,Partly cloudy throughout the day.,partly-cloudy-day,"MKJP,F8588,78397099999"
"Kingston, Jamaica",2022-05-22,31,26,28.4,36.6,26,31.7,23,72.6,0,0,0,,0,0,19.4,44.6,125.7,1016.7,38.3,10.4,185.8,16,10,30,2022-05-22T05:32:22,2022-05-22T18:35:34,0.75,Partially cloudy,Partly cloudy throughout the day.,partly-cloudy-day,"MKJP,F8588,78397099999"
"Kingston, Jamaica",2022-05-23,30.8,26,28.5,37.5,26,31.8,22.8,71.9,0,0,0,,0,0,24.5,42.5,117.1,1014.4,37.1,10.7,201.7,17.4,7,10,2022-05-23T05:32:09,2022-05-23T18:35:56,0.76,Partially cloudy,Partly cloudy throughout the day.,partly-cloudy-day,"MKJP,F8588,78397099999"
"Kingston, Jamaica",2022-05-24,31,26,28.4,38.2,26,31.3,22.6,71.1,0,0,0,,0,0,25.2,46.4,116.1,1013.1,38.5,11,158.5,13.7,8,10,2022-05-24T05:31:57,2022-05-24T18:36:18,0.8,Partially cloudy,Partly cloudy throughout the day.,partly-cloudy-day,"MKJP,F8588,78397099999"
"Kingston, Jamaica",2022-05-25,31.5,27,28.6,39.6,28.8,32.3,22.9,71.5,0,0,0,,0,0,22.7,48.2,130.1,1013.4,28.8,11.5,141.6,12.2,8,10,2022-05-25T05:31:47,2022-05-25T18:36:41,0.83,Partially cloudy,Partly cloudy throughout the day.,partly-cloudy-day,"MKJP,F8588,78397099999"
"Kingston, Jamaica",2022-05-26,31.1,26,28.3,37.4,26,31.5,22.9,72.7,0,0,0,,0,0,18.7,46.4,129.1,1014.6,28.9,11.7,182.7,15.8,8,10,2022-05-26T05:31:37,2022-05-26T18:37:03,0.87,Partially cloudy,Partly cloudy throughout the day.,partly-cloudy-day,"MKJP,F8588,78397099999"
"Kingston, Jamaica",2022-05-27,31,27,28.8,37.3,29.2,32.8,23.2,72.3,0,0,0,,0,0,20.5,38.9,129,1014.3,42.3,11.8,151.2,13.2,9,10,2022-05-27T05:31:29,2022-05-27T18:37:25,0.9,Partially cloudy,Partly cloudy throughout the day.,partly-cloudy-day,"MKJP,F8588,78397099999"
"Kingston, Jamaica",2022-05-28,31,26.7,28.7,40.4,28.4,32.6,23.1,72.5,0,0,0,,0,0,23,40.7,118.7,1013.1,36,11.8,147.9,12.9,8,10,2022-05-28T05:31:21,2022-05-28T18:37:47,0.94,Partially cloudy,Partly cloudy throughout the day.,partly-cloudy-day,"MKJP,F8588,78397099999"
"Kingston, Jamaica",2022-05-29,31,26.8,28.9,37.7,28.5,32.7,22.8,70,0,0,0,,0,0,23.8,48.2,118.8,1012.6,38.5,12.1,186.3,16.2,8,30,2022-05-29T05:31:14,2022-05-29T18:38:09,0.97,Partially cloudy,Partly cloudy throughout the day.,partly-cloudy-day,"MKJP,F8588,78397099999"
"Kingston, Jamaica",2022-05-30,32,27,29.3,39.5,29.2,33.4,23.2,70.3,0,0,0,,0,0,27,50,120.1,1012.5,51.2,11.7,155.3,13.5,6,10,2022-05-30T05:31:09,2022-05-30T18:38:31,0,Partially cloudy,Partly cloudy throughout the day.,wind,"MKJP,F8588,78397099999"
"Kingston, Jamaica",2022-05-31,30.7,27.9,29,43.3,30.7,33.8,23.9,74.4,0,0,0,,0,0,24.8,44.6,123.9,1012.6,37.9,12.4,155.5,13.2,7,30,2022-05-31T05:31:04,2022-05-31T18:38:53,0.04,Partially cloudy,Partly cloudy throughout the day.,partly-cloudy-day,"MKJP,F8588,78397099999"
"Kingston, Jamaica",2022-06-01,31.1,27,28.8,38.9,29.6,33.3,24,75.3,0,0,0,,0,0,25.2,35.3,129.4,1011.5,37.9,12.2,225.4,19.5,8,10,2022-06-01T05:31:00,2022-06-01T18:39:15,0.07,Partially cloudy,Partly cloudy throughout the day.,partly-cloudy-day,"MKJP,F8588,78397099999"
"Kingston, Jamaica",2022-06-02,30.8,27,28.5,38.2,29.6,32.8,24,77.2,0,0,0,,0,0,24.8,35.3,123.2,1011.8,40,12.4,224.5,19.2,8,10,2022-06-02T05:30:58,2022-06-02T18:39:36,0.11,Partially cloudy,Partly cloudy throughout the day.,partly-cloudy-day,"MKJP,F8588,78397099999"
"Kingston, Jamaica",2022-06-03,31.4,26,28.5,38,26,32.3,23.9,76.6,0,0,0,,0,0,28.1,33.5,125,1012.4,38.2,12.4,244.7,21.1,8,10,2022-06-03T05:30:56,2022-06-03T18:39:58,0.14,Partially cloudy,Clearing in the afternoon.,partly-cloudy-day,"MKJP,F8588,78397099999"
"Kingston, Jamaica",2022-06-04,30,27,28.2,38.2,29.6,32.9,24.7,81.2,2,100,4.17,rain,0,0,28.4,35.3,124.2,1011.7,54.4,11.8,182,15.7,9,10,2022-06-04T05:30:55,2022-06-04T18:40:19,0.17,"Rain, Partially cloudy",Partly cloudy throughout the day with afternoon rain.,rain,"MKJP,F8588,78397099999"
"Kingston, Jamaica",2022-06-05,31.2,27,28.7,38.6,30.1,33.8,24.8,79.2,0.1,100,4.17,rain,0,0,25.9,40.7,132.5,1012.2,41.5,11.5,203.5,17.7,8,30,2022-06-05T05:30:55,2022-06-05T18:40:39,0.21,"Rain, Partially cloudy",Clearing in the afternoon with early morning rain.,rain,"MKJP,F8588,78397099999"
"Kingston, Jamaica",2022-06-06,31,27.2,29.1,38.4,30.5,34.1,24.4,76.1,0,0,0,,0,0,24.1,46.4,126.3,1013.1,38.4,11.8,220,19,8,10,2022-06-06T05:30:56,2022-06-06T18:41:00,0.24,Partially cloudy,Partly cloudy throughout the day.,partly-cloudy-day,"MKJP,F8588,78397099999"
"Kingston, Jamaica",2022-06-07,31.4,27,29.4,39.8,28.8,34.2,23.9,72.4,0,0,0,,0,0,23,42.5,118.5,1013.6,33,11.5,188.7,16.3,8,10,2022-06-07T05:30:58,2022-06-07T18:41:20,0.25,Partially cloudy,Partly cloudy throughout the day.,partly-cloudy-day,"MKJP,F8588,78397099999"
"Kingston, Jamaica",2022-06-08,31.6,28,29.4,41,30.7,34.1,23.9,72.5,0,0,0,,0,0,24.1,38.9,128.7,1014,30.2,9.8,224.2,19.3,7,10,2022-06-08T05:31:01,2022-06-08T18:41:40,0.31,Partially cloudy,Partly cloudy throughout the day.,partly-cloudy-day,"MKJP,F8588,78397099999"
"Kingston, Jamaica",2022-06-09,31.1,26.8,28.8,40.1,28.3,32.8,23.2,72.3,0,0,0,rain,0,0,13.7,33.5,193.9,1014.5,41,11.5,149.5,13,7,60,2022-06-09T05:31:04,2022-06-09T18:41:59,0.34,Partially cloudy,Partly cloudy throughout the day.,partly-cloudy-day,"MKJP,F8588,78397099999"
"Kingston, Jamaica",2022-06-10,31.8,26.9,29,41.1,28.8,33.1,23.2,71.5,0,0,0,,0,0,18.7,44.6,124.3,1013.6,38.6,11.7,221.1,19.2,8,30,2022-06-10T05:31:09,2022-06-10T18:42:18,0.37,Partially cloudy,Partly cloudy throughout the day.,partly-cloudy-day,"MKJP,F8588,78397099999"
"Kingston, Jamaica",2022-06-11,31.4,27,29.3,40.4,29.2,33.7,23.3,70.5,0,0,0,,0,0,16.2,42.5,120,1013.5,38.3,12,186.4,16.2,8,30,2022-06-11T05:31:14,2022-06-11T18:42:37,0.41,Partially cloudy,Partly cloudy throughout the day.,partly-cloudy-day,"MKJP,F8588,78397099999"
"Kingston, Jamaica",2022-06-12,32.2,25,28.8,38,25,32.1,22.9,71.5,5.1,100,8.33,rain,0,0,59.4,46.4,101.5,1014.9,44,11.8,169.2,14.7,9,10,2022-06-12T05:31:21,2022-06-12T18:42:55,0.44,"Rain, Partially cloudy",Partly cloudy throughout the day with rain.,rain,"MKJP,F8588,78397099999"
"Kingston, Jamaica",2022-06-13,33,28,29.8,37.7,30.7,33.3,22.4,65.5,6,100,4.17,rain,0,0,32,53.6,120.1,1015.1,37.6,8.7,168.9,14.5,7,10,2022-06-13T05:31:28,2022-06-13T18:43:13,0.47,"Rain, Partially cloudy",Partly cloudy throughout the day with early morning rain.,rain,"MKJP,F8588,78397099999"
"Kingston, Jamaica",2022-06-14,31,27,28.8,38.1,28.8,32.5,22.8,70.5,0,0,0,rain,0,0,16.6,37.1,115.6,1013.8,44.8,8.4,128.4,11,8,60,2022-06-14T05:31:35,2022-06-14T18:43:30,0.5,Partially cloudy,Partly cloudy throughout the day.,partly-cloudy-day,"MKJP,F8588,78397099999"
"Kingston, Jamaica",2022-06-15,31,26,27.9,36.6,26,30.6,22.6,73.2,1,100,4.17,rain,0,0,29.5,44.6,124.8,1013.3,53.9,11.1,208.3,17.9,8,10,2022-06-15T05:31:44,2022-06-15T18:43:46,0.54,"Rain, Partially cloudy",Partly cloudy throughout the day with late afternoon rain.,rain,"MKJP,F8588,78397099999"
"Kingston, Jamaica",2022-06-16,31,26,28.9,39.1,26,32.5,22.9,70.4,0,0,0,,0,0,15.8,46.4,105.5,1013.6,76.5,12.1,97.8,8.5,4,10,2022-06-16T05:31:53,2022-06-16T18:44:03,0.58,Partially cloudy,Partly cloudy throughout the day.,partly-cloudy-day,"MKJP,F8588,78397099999"
"Kingston, Jamaica",2022-06-17,31,25,27.8,39,25,30.9,23.2,76.1,4,100,4.17,rain,0,0,20.2,48.2,87.3,1013,73.7,11.8,102,8.8,5,10,2022-06-17T05:32:03,2022-06-17T18:44:18,0.61,"Rain, Partially cloudy",Partly cloudy throughout the day with late afternoon rain.,rain,"MKJP,F8588,78397099999"
"Kingston, Jamaica",2022-06-18,30.4,25.9,28.4,36,25.9,31.8,23.3,74.3,0,0,0,,0,0,25.6,38.9,116.8,1012.9,72.2,11.3,133.5,11.6,4,10,2022-06-18T05:32:14,2022-06-18T18:44:33,0.64,Partially cloudy,Partly cloudy throughout the day.,partly-cloudy-day,"MKJP,F8588,78397099999"
"Kingston, Jamaica",2022-06-19,31.6,27.2,29.1,38.3,29.8,33,23.1,70.2,0,0,0,,0,0,30.6,46.4,117.1,1014.1,42.3,11.4,216.4,18.7,7,10,2022-06-19T05:32:26,2022-06-19T18:44:47,0.68,Partially cloudy,Partly cloudy throughout the day.,partly-cloudy-day,"MKJP,F8588,78397099999"
"Kingston, Jamaica",2022-06-20,31,26,29,38.1,26,32.5,22.6,68.6,0,0,0,,0,0,24.5,40.7,149.5,1015.3,35.3,10.8,179.3,15.6,7,10,2022-06-20T05:32:38,2022-06-20T18:45:01,0.75,Partially cloudy,Partly cloudy throughout the day.,partly-cloudy-day,"MKJP,F8588,78397099999"
"Kingston, Jamaica",2022-06-21,30,26,28,36.8,26,31.4,23,74.6,0,0,0,rain,0,0,11.2,33.5,76.7,1014.3,55.9,11,86.8,7.5,6,30,2022-06-21T05:32:50,2022-06-21T18:45:14,0.75,Partially cloudy,Partly cloudy throughout the day.,partly-cloudy-day,"MKJP,F8588,78397099999"
"Kingston, Jamaica",2022-06-22,31.5,25.9,28.2,38.5,25.9,31.1,23.2,74.9,0,0,0,rain,0,0,9.4,27.7,133.4,1012.2,41.3,11.9,193.8,16.7,9,60,2022-06-22T05:33:04,2022-06-22T18:45:26,0.78,Partially cloudy,Partly cloudy throughout the day.,partly-cloudy-day,"MKJP,F8588,78397099999"
"Kingston, Jamaica",2022-06-23,31.4,25.8,28.3,38.8,25.8,31.5,22.9,72.9,0,0,0,rain,0,0,12.2,31.7,102.6,1011.9,38.7,12.1,131.5,11.4,6,30,2022-06-23T05:33:18,2022-06-23T18:45:38,0.82,Partially cloudy,Partly cloudy throughout the day.,partly-cloudy-day,"MKJP,F8588,78397099999"
"Kingston, Jamaica",2022-06-24,31.6,26,28.6,38.3,26,32.4,23.1,72.2,0,0,0,,0,0,13.7,31.7,352,1013,39.1,11.7,168.8,14.6,8,30,2022-06-24T05:33:32,2022-06-24T18:45:49,0.85,Partially cloudy,Partly cloudy throughout the day.,partly-cloudy-day,"MKJP,F8588,78397099999"
"Kingston, Jamaica",2022-06-25,31.3,26,28.4,37.5,26,32,23.3,74.1,0,0,0,rain,0,0,10.8,37.1,73,1014.2,46.2,12.8,122.5,10.6,8,60,2022-06-25T05:33:47,2022-06-25T18:45:59,0.88,Partially cloudy,Partly cloudy throughout the day.,partly-cloudy-day,"MKJP,F8588,78397099999"
"Kingston, Jamaica",2022-06-26,31.8,26,28.4,37.8,26,32.2,23.6,75.2,0,0,0,,0,0,14.4,40.7,120.6,1014.5,41.3,12.3,163.8,14,7,30,2022-06-26T05:34:03,2022-06-26T18:46:08,0.92,Partially cloudy,Partly cloudy throughout the day.,partly-cloudy-day,"MKJP,F8588,78397099999"
"Kingston, Jamaica",2022-06-27,31.1,25.9,28.7,38.1,25.9,32.5,23.6,74.2,0,0,0,rain,0,0,15.1,38.9,129.3,1014.9,33.8,12.5,187.2,16.1,7,30,2022-06-27T05:34:19,2022-06-27T18:46:17,0.95,Partially cloudy,Partly cloudy throughout the day.,partly-cloudy-day,"MKJP,F8588,78397099999"
"Kingston, Jamaica",2022-06-28,31.9,26,27.9,36.6,26,30.8,22.7,73.7,0.6,100,4.17,rain,0,0,20.2,59.4,77.3,1016.2,55.6,11.9,137,11.8,6,30,2022-06-28T05:34:36,2022-06-28T18:46:24,0,"Rain, Partially cloudy",Partly cloudy throughout the day with late afternoon rain.,rain,"MKJP,F8588,78397099999"
"Kingston, Jamaica",2022-06-29,31.7,23.1,28.3,38.9,23.1,31.5,22.6,71.9,0,0,0,rain,0,0,11.9,40.7,112.4,1016.5,41.7,13,189.5,16.3,8,30,2022-06-29T05:34:53,2022-06-29T18:46:31,0.02,Partially cloudy,Becoming cloudy in the afternoon.,partly-cloudy-day,"MKJP,F8588,78397099999,remote"
"Kingston, Jamaica",2022-06-30,34,26.8,30,42.1,28.8,34.1,22.9,66.5,0,0,0,,0,0,12.2,33.5,105.3,1014.3,36.4,12.5,211.4,18.3,8,10,2022-06-30T05:35:10,2022-06-30T18:46:37,0.05,Partially cloudy,Partly cloudy throughout the day.,partly-cloudy-day,"MKJP,F8588,78397099999"
"Kingston, Jamaica",2022-07-01,32,28,29.7,36.8,30.7,33.5,22.6,66,0.2,100,4.17,rain,0,0,74.2,44.6,111.9,1013.4,41.8,11.6,184.3,15.9,9,10,2022-07-01T05:35:28,2022-07-01T18:46:42,0.09,"Rain, Partially cloudy",Partly cloudy throughout the day with late afternoon rain.,rain,"MKJP,F8588,78397099999"
"Kingston, Jamaica",2022-07-02,31.8,26.8,28.8,39.4,28.8,33.1,23.4,72.9,0,0,0,rain,0,0,13,31.7,118.6,1013.4,44.4,11.4,160.6,13.8,8,30,2022-07-02T05:35:46,2022-07-02T18:46:46,0.12,Partially cloudy,Partly cloudy throughout the day.,partly-cloudy-day,"MKJP,F8588,78397099999"
"Kingston, Jamaica",2022-07-03,33.1,26.8,29,40.4,29.2,33.3,23.9,74.7,1,100,4.17,rain,0,0,22.3,46.4,119.9,1013.6,60.3,11.4,124.8,10.8,6,30,2022-07-03T05:36:05,2022-07-03T18:46:49,0.16,"Rain, Partially cloudy",Partly cloudy throughout the day with late afternoon rain.,rain,"MKJP,F8588,78397099999"
"Kingston, Jamaica",2022-07-04,33,28,29.9,40.6,31.3,34.8,23.8,69.7,0.7,100,4.17,rain,0,0,25.2,46.4,114.9,1014.8,40,11.6,143,12.4,7,10,2022-07-04T05:36:24,2022-07-04T18:46:52,0.19,"Rain, Partially cloudy",Partly cloudy throughout the day with early morning rain.,rain,"MKJP,F8588,78397099999"
"Kingston, Jamaica",2022-07-05,32.1,27.9,29.5,38.7,30.7,34.1,23.7,71.4,0,0,0,,0,0,17.6,42.5,130.9,1014.5,45.6,11.8,131.4,11.4,7,30,2022-07-05T05:36:43,2022-07-05T18:46:53,0.22,Partially cloudy,Clearing in the afternoon.,partly-cloudy-day,"MKJP,F8588,78397099999"
"Kingston, Jamaica",2022-07-06,30.1,26,28.2,36.2,26,31.7,23.7,76.8,3,100,4.17,rain,0,0,11.5,37.1,131.4,1013.5,48.1,11.6,141,12.1,9,30,2022-07-06T05:37:02,2022-07-06T18:46:54,0.25,"Rain, Partially cloudy",Partly cloudy throughout the day with afternoon rain.,rain,"MKJP,F8588,78397099999"
"Kingston, Jamaica",2022-07-07,32,26,28.2,37.9,26,31.3,23.3,75,2,100,4.17,rain,0,0,20.2,50,111.7,1013.5,43.8,12,128.3,11.2,9,30,2022-07-07T05:37:22,2022-07-07T18:46:53,0.29,"Rain, Partially cloudy",Partly cloudy throughout the day with late afternoon rain.,rain,"MKJP,F8588,78397099999"
"Kingston, Jamaica",2022-07-08,33,27.2,29.9,37.9,29.9,33.7,22.6,65.4,0,0,0,,0,0,24.8,46.4,118.4,1015,31.8,12.3,146.1,12.6,8,10,2022-07-08T05:37:41,2022-07-08T18:46:52,0.33,Partially cloudy,Partly cloudy throughout the day.,partly-cloudy-day,"MKJP,F8588,78397099999"
"Kingston, Jamaica",2022-07-09,31.9,27,29.4,38.6,28.8,33,22.5,66.5,0,0,0,,0,0,24.5,46.4,115.8,1016.3,39.1,12.3,193.4,16.6,7,10,2022-07-09T05:38:01,2022-07-09T18:46:49,0.36,Partially cloudy,Partly cloudy throughout the day.,partly-cloudy-day,"MKJP,F8588,78397099999"
"Kingston, Jamaica",2022-07-10,32.2,27,29.6,39.2,28.5,33.5,22.6,66.3,0,0,0,,0,0,18,42.5,134.9,1015,37.4,12,167,14.4,8,10,2022-07-10T05:38:22,2022-07-10T18:46:46,0.4,Partially cloudy,Partly cloudy throughout the day.,partly-cloudy-day,"MKJP,F8588,78397099999"
"Kingston, Jamaica",2022-07-11,32,27,29,38,29.2,33.4,23.7,73.1,0,0,0,,0,0,16.2,48.2,130.7,1014,35.2,11.9,160.5,13.9,8,10,2022-07-11T05:38:42,2022-07-11T18:46:41,0.43,Partially cloudy,Partly cloudy throughout the day.,partly-cloudy-day,"MKJP,F8588,78397099999"
"Kingston, Jamaica",2022-07-12,32.3,28,30,39.5,31,34.3,23.1,66.9,0,0,0,,0,0,26.3,44.6,118.6,1014.7,36.1,10.1,129.3,11.1,8,10,2022-07-12T05:39:02,2022-07-12T18:46:36,0.46,Partially cloudy,Partly cloudy throughout the day.,partly-cloudy-day,"MKJP,F8588,78397099999"
"Kingston, Jamaica",2022-07-13,32.8,27,29.8,39.2,28.8,34.2,23.2,68,0,0,0,rain,0,0,16.9,44.6,118.9,1015.4,27.5,10.5,196.1,17,7,30,2022-07-13T05:39:23,2022-07-13T18:46:29,0.5,Partially cloudy,Partly cloudy throughout the day.,partly-cloudy-day,"MKJP,F8588,78397099999"
"Kingston, Jamaica",2022-07-14,31.8,27,29.3,39.5,29.2,34.1,23.8,72.4,0,0,0,rain,0,0,12.2,31.7,122.7,1015.6,39.5,10.1,152.8,13.3,8,30,2022-07-14T05:39:43,2022-07-14T18:46:22,0.53,Partially cloudy,Partly cloudy throughout the day.,partly-cloudy-day,"MKJP,F8588,78397099999"
"Kingston, Jamaica",2022-07-15,31,27,28.9,36.6,29.2,32.7,23.1,70.8,0.1,100,4.17,rain,0,0,9.7,33.5,175.4,1014.9,44.6,10.7,139.1,12.1,7,30,2022-07-15T05:40:04,2022-07-15T18:46:13,0.56,"Rain, Partially cloudy",Partly cloudy throughout the day with afternoon rain.,rain,"MKJP,F8588,78397099999"
"Kingston, Jamaica",2022-07-16,31.8,26.2,29,39.4,26.2,33,23.1,71.1,0,0,0,,0,0,18.4,44.6,106.4,1013.8,38,12.1,139.3,12.3,8,30,2022-07-16T05:40:24,2022-07-16T18:46:03,0.6,Partially cloudy,Partly cloudy throughout the day.,partly-cloudy-day,"MKJP,F8588,78397099999"
"Kingston, Jamaica",2022-07-17,34,27,30.4,39.4,29.2,34.6,23,65,0,0,0,,0,0,29.5,55.4,113.5,1014.1,36.6,12.3,133.5,11.5,9,10,2022-07-17T05:40:45,2022-07-17T18:45:53,0.63,Partially cloudy,Partly cloudy throughout the day.,wind,"MKJP,F8588,78397099999"
"Kingston, Jamaica",2022-07-18,32.5,27,29.8,39.4,28.8,34,22.9,67,0,0,0,,0,0,19.8,46.4,120.3,1015,33.2,11.5,202.8,17.5,8,10,2022-07-18T05:41:06,2022-07-18T18:45:41,0.66,Partially cloudy,Partly cloudy throughout the day.,partly-cloudy-day,"MKJP,F8588,78397099999"
"Kingston, Jamaica",2022-07-19,31.8,27,29.4,39.1,28.8,33.6,23.3,70.1,0,0,0,,0,0,22,44.6,130.7,1014.6,33.5,11.8,129.5,11.3,6,10,2022-07-19T05:41:26,2022-07-19T18:45:29,0.7,Partially cloudy,Partly cloudy throughout the day.,partly-cloudy-day,"MKJP,F8588,78397099999"
"Kingston, Jamaica",2022-07-20,32.1,27,29.4,38.1,29.6,33.4,23.1,69.1,0,0,0,,0,0,22.3,55.4,114.3,1013.8,42.6,12,150.8,13.1,8,10,2022-07-20T05:41:47,2022-07-20T18:45:15,0.75,Partially cloudy,Partly cloudy throughout the day.,wind,"MKJP,F8588,78397099999"
"Kingston, Jamaica",2022-07-21,33,27,30.1,40.1,29.2,34.7,23.3,67.5,0,0,0,,0,0,25.2,46.4,119.7,1013.5,31.7,12.3,198.7,17.1,8,30,2022-07-21T05:42:07,2022-07-21T18:45:00,0.76,Partially cloudy,Partly cloudy throughout the day.,partly-cloudy-day,"MKJP,F8588,78397099999"
"Kingston, Jamaica",2022-07-22,32.6,27,29.8,41.4,29.2,34.9,23.9,71,0,0,0,,0,0,23.8,42.5,112.1,1014.2,33,12.7,94.7,8,4,30,2022-07-22T05:42:27,2022-07-22T18:44:44,0.8,Partially cloudy,Partly cloudy throughout the day.,partly-cloudy-day,"MKJP,F8588,78397099999"
"Kingston, Jamaica",2022-07-23,31.8,27,28.7,37.8,29.6,33.1,24,76,0,0,0,rain,0,0,10.4,37.1,111.4,1014.3,43,11.8,125,10.8,6,60,2022-07-23T05:42:47,2022-07-23T18:44:27,0.83,Partially cloudy,Partly cloudy throughout the day.,partly-cloudy-day,"MKJP,F8588,78397099999"
"Kingston, Jamaica",2022-07-24,32,26,28.8,37.9,26,32.3,23.3,73,0,0,0,rain,0,0,10.1,35.3,115,1013.6,43.8,11.6,103.8,8.8,4,30,2022-07-24T05:43:07,2022-07-24T18:44:09,0.87,Partially cloudy,Partly cloudy throughout the day.,partly-cloudy-day,"MKJP,F8588,78397099999"
"Kingston, Jamaica",2022-07-25,31.9,26,28.8,39.6,26,32.4,22.9,70.5,0,0,0,,0,0,19.1,46.4,132.8,1013.7,41.4,12.4,129.5,11.1,6,30,2022-07-25T05:43:27,2022-07-25T18:43:51,0.9,Partially cloudy,Partly cloudy throughout the day.,partly-cloudy-day,"MKJP,F8588,78397099999"
"Kingston, Jamaica",2022-07-26,28.1,25,26.9,31.7,25,28.6,22.9,79.2,16,100,8.33,rain,0,0,23.8,40.7,79.6,1015.1,73.9,10.7,33.7,2.8,1,30,2022-07-26T05:43:47,2022-07-26T18:43:31,0.93,"Rain, Partially cloudy",Partly cloudy throughout the day with rain.,rain,"MKJP,F8588,78397099999"
"Kingston, Jamaica",2022-07-27,31.8,25,28.4,40.1,25,32.2,23.7,76.2,0,0,0,rain,0,0,13.7,31.7,105.5,1014.8,41.1,11.2,108.6,9.3,6,60,2022-07-27T05:44:06,2022-07-27T18:43:10,0.97,Partially cloudy,Becoming cloudy in the afternoon.,partly-cloudy-day,"MKJP,F8588,78397099999"
"Kingston, Jamaica",2022-07-28,31,26.9,28.5,36.4,29.3,32,23.1,73.3,0,0,0,rain,0,0,16.9,33.5,102,1014.2,48.5,11.2,133.6,11.6,8,30,2022-07-28T05:44:26,2022-07-28T18:42:48,0,Partially cloudy,Partly cloudy throughout the day.,partly-cloudy-day,"MKJP,F8588,78397099999"
"Kingston, Jamaica",2022-07-29,31.4,26,28.7,37.8,26,32.1,22.7,70.1,0,0,0,,0,0,19.8,51.8,109.3,1014.3,30.8,11.9,157,13.6,7,10,2022-07-29T05:44:45,2022-07-29T18:42:25,0.03,Partially cloudy,Partly cloudy throughout the day.,wind,"MKJP,F8588,78397099999"
"Kingston, Jamaica",2022-07-30,32.6,26,29.4,37.9,26,32.8,22.5,66.8,0,0,0,rain,0,0,14,50,137.7,1014.9,41.1,13.1,198,17.2,8,60,2022-07-30T05:45:04,2022-07-30T18:42:01,0.07,Partially cloudy,Partly cloudy throughout the day.,wind,"MKJP,F8588,78397099999"
"Kingston, Jamaica",2022-07-31,34,27,30.2,42,29.6,35.2,23.8,69,0,0,0,,0,0,31.3,46.4,125.4,1015.3,35.6,12,162.1,14,7,30,2022-07-31T05:45:22,2022-07-31T18:41:36,0.1,Partially cloudy,Partly cloudy throughout the day.,partly-cloudy-day,"MKJP,F8588,78397099999"
"Kingston, Jamaica",2022-08-01,31.8,27,29.4,41.3,29.6,35.5,25,77.3,0.1,100,4.17,rain,0,0,18.7,44.6,132.8,1015.1,28.8,11,241.7,21.2,8,75,2022-08-01T05:45:41,2022-08-01T18:41:10,0.14,"Rain, Partially cloudy",Partly cloudy throughout the day with morning rain.,rain,"MKJP,F8588,78397099999"
"Kingston, Jamaica",2022-08-02,31.8,28,29.5,40.7,32,35.4,25.1,77.5,0.2,100,4.17,rain,0,0,12.6,37.1,120,1014,41.2,9.4,168.1,14.5,8,75,2022-08-02T05:45:59,2022-08-02T18:40:43,0.17,"Rain, Partially cloudy",Partly cloudy throughout the day with afternoon rain.,rain,"MKJP,F8588,78397099999"
"Kingston, Jamaica",2022-08-03,32,27,29.2,37.9,30.1,33.6,23.7,72.6,0,0,0,,0,0,12.6,40.7,124,1013.5,43,10.7,123.2,10.7,5,10,2022-08-03T05:46:17,2022-08-03T18:40:16,0.21,Partially cloudy,Partly cloudy throughout the day.,partly-cloudy-day,"MKJP,F8588,78397099999"
"Kingston, Jamaica",2022-08-04,33,27,29.5,38.6,29.2,33.4,22.8,67.6,0,0,0,,0,0,19.1,51.8,104.4,1013.5,37.1,11.9,147.1,12.7,5,10,2022-08-04T05:46:35,2022-08-04T18:39:47,0.24,Partially cloudy,Partly cloudy throughout the day.,wind,"MKJP,F8588,78397099999"
"Kingston, Jamaica",2022-08-05,32,27.8,29.3,39.2,30.1,33.7,23.5,71.2,0,0,0,rain,0,0,18,40.7,92.1,1013.3,53.8,11.5,167.5,14.5,8,30,2022-08-05T05:46:52,2022-08-05T18:39:17,0.25,Partially cloudy,Partly cloudy throughout the day.,partly-cloudy-day,"MKJP,F8588,78397099999"
"Kingston, Jamaica",2022-08-06,31,25.2,28.6,38.6,25.2,32.3,23.3,73.2,2,100,4.17,rain,0,0,23.8,48.2,106.3,1013.6,46.7,11.7,127.1,11,9,10,2022-08-06T05:47:09,2022-08-06T18:38:47,0.31,"Rain, Partially cloudy",Partly cloudy throughout the day with afternoon rain.,rain,"MKJP,F8588,78397099999"
"Kingston, Jamaica",2022-08-07,32,27,29.3,40.7,28.8,34.3,23.9,73.1,0,0,0,,0,0,15.8,29.5,62.4,1013.8,37.2,12.4,132.6,11.3,7,60,2022-08-07T05:47:26,2022-08-07T18:38:15,0.35,Partially cloudy,Partly cloudy throughout the day.,partly-cloudy-day,"MKJP,F8588,78397099999"
"Kingston, Jamaica",2022-08-08,33,27,29.6,40.6,29.2,33.8,23.2,68.9,0,0,0,,0,0,22,50,106.4,1012.8,55.6,11.9,109.8,9.3,6,30,2022-08-08T05:47:42,2022-08-08T18:37:43,0.38,Partially cloudy,Partly cloudy throughout the day.,wind,"MKJP,F8588,78397099999"
"Kingston, Jamaica",2022-08-09,32.1,27.6,29.8,40.7,30.4,35.5,24.4,72.9,0.1,100,4.17,rain,0,0,18.4,46.4,115.4,1013.6,40.2,11.6,221.1,19.1,8,30,2022-08-09T05:47:58,2022-08-09T18:37:10,0.42,"Rain, Partially cloudy",Clearing in the afternoon with afternoon rain.,rain,"MKJP,F8588,78397099999"
"Kingston, Jamaica",2022-08-10,32,27,29.5,40.5,29.6,34.4,24.1,73.1,0.8,100,12.5,rain,0,0,13.3,38.9,153.8,1014.9,49.2,11.4,168.2,14.4,8,60,2022-08-10T05:48:14,2022-08-10T18:36:36,0.45,"Rain, Partially cloudy",Partly cloudy throughout the day with rain in the morning and afternoon.,rain,"MKJP,F8588,78397099999"
"Kingston, Jamaica",2022-08-11,32.2,26.9,29.4,40.1,29.2,34,23.7,71.7,0,0,0,,0,0,14.8,44.6,121.5,1013.8,32.7,12.1,157,13.5,8,30,2022-08-11T05:48:30,2022-08-11T18:36:01,0.5,Partially cloudy,Partly cloudy throughout the day.,partly-cloudy-day,"MKJP,F8588,78397099999"
"Kingston, Jamaica",2022-08-12,32.9,26.9,29.5,41.4,29.2,34,23.6,71.2,0.3,100,4.17,rain,0,0,15.1,40.7,117.4,1014,39.1,12.1,137.6,12,7,60,2022-08-12T05:48:45,2022-08-12T18:35:25,0.52,"Rain, Partially cloudy",Becoming cloudy in the afternoon with late afternoon rain.,rain,"MKJP,F8588,78397099999,remote"
"Kingston, Jamaica",2022-08-13,31.3,27.7,29.1,38.7,30.7,33.3,23.4,71.6,0,0,0,rain,0,0,14.4,40.7,109.2,1014.6,49.1,12.3,120,10.3,9,30,2022-08-13T05:49:00,2022-08-13T18:34:49,0.55,Partially cloudy,Partly cloudy throughout the day.,partly-cloudy-day,"MKJP,F8588,78397099999"
"Kingston, Jamaica",2022-08-14,32.4,27,29.2,38.1,28.8,33.4,23.3,70.9,0,0,0,,0,0,15.5,31.7,123.8,1014.2,34.3,13.1,144.8,12.7,7,30,2022-08-14T05:49:15,2022-08-14T18:34:12,0.59,Partially cloudy,Partly cloudy throughout the day.,partly-cloudy-day,"MKJP,F8588,78397099999"
"Kingston, Jamaica",2022-08-15,33.1,27,29.8,39.3,29.2,34.4,23.5,69.2,0,0,0,,0,0,10.1,29.5,114.4,1012.9,33.4,13.5,187,16.1,8,30,2022-08-15T05:49:29,2022-08-15T18:33:34,0.62,Partially cloudy,Partly cloudy throughout the day.,partly-cloudy-day,"MKJP,F8588,78397099999"
"Kingston, Jamaica",2022-08-16,32,27,29.4,40.3,29.9,34.5,24.2,73.7,2,100,4.17,rain,0,0,17.3,37.1,118.7,1013.4,41.8,12.2,160.8,14,9,30,2022-08-16T05:49:44,2022-08-16T18:32:55,0.65,"Rain, Partially cloudy",Partly cloudy throughout the day with afternoon rain.,rain,"MKJP,F8588,78397099999"
"Kingston, Jamaica",2022-08-17,32.4,28,29.5,41.8,30.7,34.4,23.9,71.8,0,0,0,,0,0,14.4,33.5,102.3,1014,42.1,12.2,159.2,13.8,8,60,2022-08-17T05:49:57,2022-08-17T18:32:15,0.68,Partially cloudy,Becoming cloudy in the afternoon.,partly-cloudy-day,"MKJP,F8588,78397099999"
"Kingston, Jamaica",2022-08-18,33.3,26.9,29.8,42.1,29.4,34.8,24,71.4,0,0,0,,0,0,9.7,20.5,304.3,1012.9,36.5,12.7,170.9,14.8,8,60,2022-08-18T05:50:11,2022-08-18T18:31:35,0.75,Partially cloudy,Partly cloudy throughout the day.,partly-cloudy-day,"MKJP,F8588,78397099999"
"Kingston, Jamaica",2022-08-19,32.8,28,30,41,31.3,35.3,24.1,70.6,0,0,0,rain,0,0,14.4,48.2,113.6,1012.7,31.7,12.3,159.5,13.5,8,60,2022-08-19T05:50:24,2022-08-19T18:30:54,0.75,Partially cloudy,Partly cloudy throughout the day.,partly-cloudy-day,"MKJP,F8588,78397099999"
"Kingston, Jamaica",2022-08-20,32.2,26.9,28.8,40.7,30.1,33.4,24.3,77.2,17,100,4.17,rain,0,0,15.5,37.1,339.4,1013.6,42.8,11.9,154.5,13.5,9,60,2022-08-20T05:50:37,2022-08-20T18:30:13,0.78,"Rain, Partially cloudy",Partly cloudy throughout the day with late afternoon rain.,rain,"MKJP,F8588,78397099999"
"Kingston, Jamaica",2022-08-21,32,27,28.9,40.7,30.1,33.6,24.2,75.9,0,0,0,,0,0,15.1,35.3,98.9,1012.7,47.8,12.5,118.7,10.1,8,30,2022-08-21T05:50:50,2022-08-21T18:29:30,0.82,Partially cloudy,Partly cloudy throughout the day.,partly-cloudy-day,"MKJP,F8588,78397099999"
"Kingston, Jamaica",2022-08-22,32,27,28.7,39.2,29.6,32.6,23.5,74,0,0,0,rain,0,0,11.2,44.6,44,1012,53.9,11.9,125.3,10.8,8,60,2022-08-22T05:51:02,2022-08-22T18:28:48,0.85,Partially cloudy,Partly cloudy throughout the day.,partly-cloudy-day,"MKJP,F8588,78397099999"
"Kingston, Jamaica",2022-08-23,31.1,24,28.3,37.8,24,31.5,23,73.3,18,100,4.17,rain,0,0,14,33.5,47.7,1011.5,47.6,12,121,10.3,8,60,2022-08-23T05:51:14,2022-08-23T18:28:04,0.88,"Rain, Partially cloudy",Partly cloudy throughout the day with late afternoon rain.,rain,"MKJP,F8588,78397099999"
"Kingston, Jamaica",2022-08-24,32.1,26.7,29.2,39.2,29,33.7,23.7,72.5,0,0,0,,0,0,16.2,35.3,111.2,1012.5,44.1,12.3,185.5,16,9,30,2022-08-24T05:51:26,2022-08-24T18:27:20,0.91,Partially cloudy,Partly cloudy throughout the day.,partly-cloudy-day,"MKJP,F8588,78397099999"
"Kingston, Jamaica",2022-08-25,32,27,29.4,39.3,29.6,34.1,23.9,72.4,0,0,0,,0,0,14,37.1,101.4,1014.1,49.2,11.8,116.4,10,7,30,2022-08-25T05:51:38,2022-08-25T18:26:35,0.95,Partially cloudy,Partly cloudy throughout the day.,partly-cloudy-day,"MKJP,F8588,78397099999"
"Kingston, Jamaica",2022-08-26,33,26.9,29.1,40.6,29.1,33.5,23.8,73.4,0,0,0,rain,0,0,8.6,27.7,133.8,1013.2,41.7,12.3,158.4,13.6,7,60,2022-08-26T05:51:49,2022-08-26T18:25:50,0.98,Partially cloudy,Becoming cloudy in the afternoon.,partly-cloudy-day,"MKJP,F8588,78397099999"
"Kingston, Jamaica",2022-08-27,32.5,27,28.9,40.7,30.1,33.6,24.2,76,0,0,0,,0,0,8.6,22.3,351.9,1012.1,43.4,12.2,153.2,13.2,7,60,2022-08-27T05:52:00,2022-08-27T18:25:04,0,Partially cloudy,Becoming cloudy in the afternoon.,partly-cloudy-day,"MKJP,F8588,78397099999"
"Kingston, Jamaica",2022-08-28,32,27,28.8,39.2,29.6,33,23.7,74.2,0,0,0,,0,0,19.1,46.4,109.7,1012,56.4,12.2,212.5,18.2,9,60,2022-08-28T05:52:11,2022-08-28T18:24:18,0.05,Partially cloudy,Partly cloudy throughout the day.,partly-cloudy-day,"MKJP,F8588,78397099999"
"Kingston, Jamaica",2022-08-29,30,24,27.8,36.2,24,30.7,23.3,77,2,100,4.17,rain,0,0,20.5,48.2,104.6,1013.5,65.1,11.9,142.1,12.1,9,30,2022-08-29T05:52:22,2022-08-29T18:23:32,0.08,"Rain, Partially cloudy",Partly cloudy throughout the day with late afternoon rain.,rain,"MKJP,F8588,78397099999"
"Kingston, Jamaica",2022-08-30,32.1,25.8,28.5,39.1,25.8,32,23.5,74.7,22,100,8.33,rain,0,0,53.6,40.7,100.2,1013.2,70.8,12.4,143.3,12.4,6,30,2022-08-30T05:52:33,2022-08-30T18:22:44,0.12,"Rain, Partially cloudy",Partly cloudy throughout the day with rain.,rain,"MKJP,F8588,78397099999"
"Kingston, Jamaica",2022-08-31,31.3,24,28.4,39.1,24,32.3,23.8,76.6,3.6,100,8.33,rain,0,0,18,37.1,80.7,1013.3,80,11.7,105,9,6,30,2022-08-31T05:52:43,2022-08-31T18:21:57,0.16,"Rain, Partially cloudy",Partly cloudy throughout the day with rain in the morning and afternoon.,rain,"MKJP,F8588,78397099999"
"Kingston, Jamaica",2022-09-01,32,27,28.4,40.7,29.6,32.3,23.8,76.8,0.5,100,4.17,rain,0,0,9,35.3,332.1,1012.3,70.6,11.6,109.9,9.6,8,60,2022-09-01T05:52:53,2022-09-01T18:21:09,0.19,"Rain, Partially cloudy",Partly cloudy throughout the day with late afternoon rain.,rain,"MKJP,F8588,78397099999"
"Kingston, Jamaica",2022-09-02,32,26,27.8,37.9,26,30.6,23.4,77.5,0,0,0,rain,0,0,9.7,37.1,344.7,1012,51.9,11.6,105.6,9.1,8,60,2022-09-02T05:53:03,2022-09-02T18:20:20,0.23,Partially cloudy,Partly cloudy throughout the day.,partly-cloudy-day,"MKJP,F8588,78397099999"
"Kingston, Jamaica",2022-09-03,31.8,26,28.8,38.3,26,32.1,23.1,71.9,0,0,0,rain,0,0,9.4,22.3,12.2,1011.8,39.5,12,172.2,14.7,7,60,2022-09-03T05:53:13,2022-09-03T18:19:32,0.25,Partially cloudy,Partly cloudy throughout the day.,partly-cloudy-day,"MKJP,F8588,78397099999"
"Kingston, Jamaica",2022-09-04,32.1,27,29.3,39.5,29.2,33.8,23.8,72.7,0,0,0,rain,0,0,8.6,29.5,349.1,1011,37.7,11.6,143.7,12.5,7,30,2022-09-04T05:53:22,2022-09-04T18:18:42,0.3,Partially cloudy,Becoming cloudy in the afternoon.,partly-cloudy-day,"MKJP,F8588,78397099999"
"Kingston, Jamaica",2022-09-05,33,26.8,29.7,40.7,29.2,34.6,24,72.1,0,0,0,,0,0,11.2,22.3,181.4,1012.3,30.3,13.1,226.9,19.6,8,30,2022-09-05T05:53:32,2022-09-05T18:17:53,0.33,Partially cloudy,Partly cloudy throughout the day.,partly-cloudy-day,"MKJP,F8588,78397099999"
"Kingston, Jamaica",2022-09-06,33,24.8,28.8,40.7,24.8,33.3,24.3,76.9,60,100,4.17,rain,0,0,7.9,20.5,307.2,1013.4,44.6,12.4,140.3,12.2,8,60,2022-09-06T05:53:41,2022-09-06T18:17:03,0.37,"Rain, Partially cloudy",Partly cloudy throughout the day with late afternoon rain.,rain,"MKJP,F8588,78397099999"
"Kingston, Jamaica",2022-09-07,32,26.8,28.9,40.7,29.6,33.8,24.4,77.2,0,0,0,rain,0,0,6.8,24.1,321.4,1012.1,35.9,12.4,159.1,13.8,9,60,2022-09-07T05:53:50,2022-09-07T18:16:13,0.4,Partially cloudy,Partly cloudy throughout the day.,partly-cloudy-day,"MKJP,F8588,78397099999"
"Kingston, Jamaica",2022-09-08,32,26.9,29.3,40.7,29.4,34.5,24.5,75.4,0,0,0,rain,0,0,7.9,16.6,170.3,1010.2,42,13,206.3,17.6,8,30,2022-09-08T05:53:59,2022-09-08T18:15:23,0.44,Partially cloudy,Partly cloudy throughout the day.,partly-cloudy-day,"MKJP,F8588,78397099999"
"Kingston, Jamaica",2022-09-09,31.9,27,29.5,39.9,29.6,34.9,24.5,74.4,0,0,0,,0,0,14.4,35.3,133.2,1011.3,29,12.7,189.8,16.4,7,30,2022-09-09T05:54:08,2022-09-09T18:14:32,0.47,Partially cloudy,Partly cloudy throughout the day.,partly-cloudy-day,"MKJP,F8588,78397099999"
"Kingston, Jamaica",2022-09-10,34,28,30.1,42,31.3,35.5,24.1,70.6,0,0,0,,0,0,15.8,44.6,108.3,1014,32.2,12.6,188.8,16.2,8,30,2022-09-10T05:54:17,2022-09-10T18:13:42,0.5,Partially cloudy,Partly cloudy throughout the day.,partly-cloudy-day,"MKJP,F8588,78397099999"
"Kingston, Jamaica",2022-09-11,33,27,29.3,41.9,29.6,34.2,24.3,74.9,0,0,0,rain,0,0,9.7,38.9,355.8,1014.7,44.6,12.1,136.5,11.9,7,60,2022-09-11T05:54:26,2022-09-11T18:12:51,0.54,Partially cloudy,Becoming cloudy in the afternoon.,partly-cloudy-day,"MKJP,F8588,78397099999"
"Kingston, Jamaica",2022-09-12,32,27,28.6,39.2,29.6,33,24.1,76.7,0,0,0,,0,0,7.9,29.5,24.9,1012.8,49.7,12,111.5,9.6,7,60,2022-09-12T05:54:35,2022-09-12T18:11:59,0.57,Partially cloudy,Partly cloudy throughout the day.,partly-cloudy-day,"MKJP,F8588,78397099999"
"Kingston, Jamaica",2022-09-13,31,25.9,28.8,37.8,25.9,32.9,24,75.5,0,0,0,rain,0,0,15.8,31.7,119.4,1012.2,52,12.1,146.4,12.5,9,60,2022-09-13T05:54:44,2022-09-13T18:11:08,0.61,Partially cloudy,Partly cloudy throughout the day.,partly-cloudy-day,"MKJP,F8588,78397099999"
"Kingston, Jamaica",2022-09-14,32.2,26,29.2,39.2,26,32.7,22.7,68.5,0,0,0,,0,0,20.2,37.1,112.6,1013,43.5,11.6,177.4,15.4,7,30,2022-09-14T05:54:53,2022-09-14T18:10:17,0.64,Partially cloudy,Partly cloudy throughout the day.,partly-cloudy-day,"MKJP,F8588,78397099999"
"Kingston, Jamaica",2022-09-15,32.4,27,29.6,41.5,29.2,34.5,23.7,71.1,0,0,0,,0,0,16.2,33.5,78.7,1013.4,48,12.8,164.3,14.2,8,30,2022-09-15T05:55:01,2022-09-15T18:09:25,0.67,Partially cloudy,Partly cloudy throughout the day.,partly-cloudy-day,"MKJP,F8588,78397099999"
"Kingston, Jamaica",2022-09-16,33,26,29.8,39.4,26,33.7,22.7,66.5,0,0,0,,0,0,9.7,29.5,97.4,1012.4,32.3,11.9,190.7,16.4,7,60,2022-09-16T05:55:10,2022-09-16T18:08:34,0.7,Partially cloudy,Partly cloudy throughout the day.,partly-cloudy-day,"MKJP,F8588,78397099999"
"Kingston, Jamaica",2022-09-17,33,25,28.4,42.6,25,32,24,77.9,7,100,4.17,rain,0,0,9.7,31.7,329.9,1011.9,59.7,11.5,112,9.6,8,60,2022-09-17T05:55:19,2022-09-17T18:07:42,0.75,"Rain, Partially cloudy",Partly cloudy throughout the day with late afternoon rain.,rain,"MKJP,F8588,78397099999"
"Kingston, Jamaica",2022-09-18,33,26.6,29.5,39.3,26.6,33.5,23.6,71.7,0,0,0,rain,0,0,7.6,16.6,295.9,1010.8,37.9,11.7,182.2,15.8,9,30,2022-09-18T05:55:28,2022-09-18T18:06:51,0.77,Partially cloudy,Partly cloudy throughout the day.,partly-cloudy-day,"MKJP,F8588,78397099999"
"Kingston, Jamaica",2022-09-19,33,27,29.7,40.6,29.2,34.6,23.9,71.5,0,0,0,,0,0,8.3,16.6,215.5,1009.7,30.8,12,210.2,18.1,8,30,2022-09-19T05:55:36,2022-09-19T18:05:59,0.8,Partially cloudy,Partly cloudy throughout the day.,partly-cloudy-day,"MKJP,F8588,78397099999"
"Kingston, Jamaica",2022-09-20,33,27,29.3,40.6,29.6,33.7,23.6,71.9,0,0,0,rain,0,0,12.6,27.7,308.9,1009.1,38.9,12.5,124.1,10.6,8,30,2022-09-20T05:55:45,2022-09-20T18:05:07,0.83,Partially cloudy,Becoming cloudy in the afternoon.,partly-cloudy-day,"MKJP,F8588,78397099999"
"Kingston, Jamaica",2022-09-21,34,26,29.5,43.6,26,34.8,24.4,74.3,0.1,100,4.17,rain,0,0,8.3,20.5,248.1,1009.3,39,12.4,160,13.9,8,30,2022-09-21T05:55:54,2022-09-21T18:04:16,0.86,"Rain, Partially cloudy",Partly cloudy throughout the day with afternoon rain.,rain,"MKJP,F8588,78397099999"
"Kingston, Jamaica",2022-09-22,32.1,26,29.2,39.2,26,33.9,24.3,75.2,0,0,0,,0,0,7.9,20.5,180.7,1010.5,42.6,12.1,230.3,20,9,30,2022-09-22T05:56:03,2022-09-22T18:03:24,0.9,Partially cloudy,Partly cloudy throughout the day.,partly-cloudy-day,"MKJP,F8588,78397099999"
"Kingston, Jamaica",2022-09-23,32.4,27,29.3,39.2,28.8,33.8,23.6,71.8,0,0,0,rain,0,0,7.9,22.3,288.2,1011.6,41.6,12.2,150,12.9,7,60,2022-09-23T05:56:13,2022-09-23T18:02:33,0.93,Partially cloudy,Partly cloudy throughout the day.,partly-cloudy-day,"MKJP,F8588,78397099999"
"Kingston, Jamaica",2022-09-24,32,26.8,28.8,37.9,29.5,32.8,23.4,72.8,0.4,100,4.17,rain,0,0,10.4,42.5,91.5,1009.8,61.8,11.9,120.5,10.3,8,60,2022-09-24T05:56:22,2022-09-24T18:01:42,0.96,"Rain, Partially cloudy",Partly cloudy throughout the day with late afternoon rain.,rain,"MKJP,F8588,78397099999"
"Kingston, Jamaica",2022-09-25,28,25,26.6,32,25,28.1,23.7,84.3,42,100,8.33,rain,0,0,33.1,134.8,109,1009.3,88.8,9.6,22.2,2,1,30,2022-09-25T05:56:32,2022-09-25T18:00:51,0,"Rain, Partially cloudy",Partly cloudy throughout the day with rain.,rain,"MKJP,F8588,78397099999"
"Kingston, Jamaica",2022-09-26,29,25.1,27.2,35.6,25.1,30.5,24.8,86.9,65,100,16.67,rain,0,0,57.6,48.2,110.9,1010.1,85.3,11.1,41.1,3.2,3,30,2022-09-26T05:56:41,2022-09-26T18:00:00,0.03,"Rain, Partially cloudy",Partly cloudy throughout the day with a chance of rain throughout the day.,rain,"MKJP,F8588,78397099999"
"Kingston, Jamaica",2022-09-27,31,26,28.5,39.1,26,33.2,24.7,80.1,9,100,8.33,rain,0,0,20.9,33.5,118.1,1011.4,65.7,12.3,189.1,16.5,7,60,2022-09-27T05:56:51,2022-09-27T17:59:09,0.06,"Rain, Partially cloudy",Partly cloudy throughout the day with rain clearing later.,rain,"MKJP,F8588,78397099999"
"Kingston, Jamaica",2022-09-28,31.2,25,28.3,38.5,25,32.1,24.6,80.9,1,100,4.17,rain,0,0,10.4,25.9,134.9,1011.6,41.5,12.2,177,15.2,9,60,2022-09-28T05:57:01,2022-09-28T17:58:18,0.1,"Rain, Partially cloudy",Partly cloudy throughout the day with early morning rain.,rain,"MKJP,F8588,78397099999"
"Kingston, Jamaica",2022-09-29,32,24,28,40.7,24,31.7,24.1,79.7,25,100,4.17,rain,0,0,7.2,16.6,268.3,1009.7,45.3,11.9,164.3,14.2,8,30,2022-09-29T05:57:11,2022-09-29T17:57:28,0.14,"Rain, Partially cloudy",Partly cloudy throughout the day with late afternoon rain.,rain,"MKJP,F8588,78397099999"
"Kingston, Jamaica",2022-09-30,31,25,26.6,37.8,25,27.8,23.8,84.6,12,100,4.17,rain,0,0,7.9,29.5,331.9,1008.2,79.6,10.8,61.1,5.1,5,30,2022-09-30T05:57:22,2022-09-30T17:56:38,0.17,"Rain, Partially cloudy",Partly cloudy throughout the day with late afternoon rain.,rain,"MKJP,F8588,78397099999"
"Kingston, Jamaica",2022-10-01,30,24.9,27.3,35.7,24.9,30.1,23.9,81.9,0.5,100,4.17,rain,0,0,10.8,25.9,123.5,1010.3,60.2,11.6,165.3,14.3,7,30,2022-10-01T05:57:32,2022-10-01T17:55:48,0.21,"Rain, Partially cloudy",Partly cloudy throughout the day with early morning rain.,rain,"MKJP,F8588,78397099999"
"Kingston, Jamaica",2022-10-02,29.4,24.9,27.3,35.2,24.9,30.1,23.6,80.5,3.2,100,8.33,rain,0,0,13.7,42.5,119.6,1012.9,75.3,11.8,146.2,12.9,8,30,2022-10-02T05:57:43,2022-10-02T17:54:59,0.25,"Rain, Partially cloudy",Partly cloudy throughout the day with rain in the morning and afternoon.,rain,"MKJP,F8588,78397099999"
"Kingston, Jamaica",2022-10-03,31,25,28,37.8,25,31.6,24.3,80.4,4,100,4.17,rain,0,0,10.8,24.1,100.4,1012.9,70,12.7,128,11.1,8,30,2022-10-03T05:57:55,2022-10-03T17:54:10,0.28,"Rain, Partially cloudy",Partly cloudy throughout the day with morning rain.,rain,"MKJP,F8588,78397099999"
"Kingston, Jamaica",2022-10-04,31.6,26,28.7,38.7,26,32.8,24,76.2,0.4,100,4.17,rain,0,0,9.4,29.5,110.1,1011.7,46.7,12.3,185.5,15.8,9,60,2022-10-04T05:58:06,2022-10-04T17:53:21,0.32,"Rain, Partially cloudy",Partly cloudy throughout the day with morning rain.,rain,"MKJP,F8588,78397099999"
"Kingston, Jamaica",2022-10-05,32.4,26,29,40.7,26,33.5,24,74.9,0.7,100,4.17,rain,0,0,10.4,22.3,356,1011.8,34.7,12.1,199.3,17.2,8,60,2022-10-05T05:58:18,2022-10-05T17:52:33,0.35,"Rain, Partially cloudy",Partly cloudy throughout the day with afternoon rain.,rain,"MKJP,F8588,78397099999"
"Kingston, Jamaica",2022-10-06,31,26.9,29.1,39.1,29.5,34.1,24.3,75.3,0.2,100,4.17,rain,0,0,8.3,24.1,306,1012.3,39.2,12.1,135.7,11.7,6,60,2022-10-06T05:58:30,2022-10-06T17:51:45,0.39,"Rain, Partially cloudy",Partly cloudy throughout the day with afternoon rain.,rain,"MKJP,F8588,78397099999"
"Kingston, Jamaica",2022-10-07,32.2,26.9,29.2,38.2,29.4,33.2,23.4,71.7,0,0,0,rain,0,0,12.6,18.4,331.5,1011.6,45.8,12,180,15.5,8,30,2022-10-07T05:58:42,2022-10-07T17:50:58,0.42,Partially cloudy,Partly cloudy throughout the day.,partly-cloudy-day,"MKJP,F8588,78397099999"
"Kingston, Jamaica",2022-10-08,32.6,26,28.8,39.2,26,32.5,23.1,71.4,0.5,100,4.17,rain,0,0,24.1,57.6,95.7,1010.5,49.5,11.8,166.7,14.4,7,10,2022-10-08T05:58:55,2022-10-08T17:50:11,0.46,"Rain, Partially cloudy",Partly cloudy throughout the day with late afternoon rain.,rain,"MKJP,F8588,78397099999"
"Kingston, Jamaica",2022-10-09,32,25,28.5,37.9,25,32.6,23.8,76.1,0,0,0,,0,0,16.2,38.9,111.1,1012,45.3,12.2,175.6,15.1,7,30,2022-10-09T05:59:08,2022-10-09T17:49:25,0.5,Partially cloudy,Partly cloudy throughout the day.,partly-cloudy-day,"MKJP,F8588,78397099999"
"Kingston, Jamaica",2022-10-10,31.3,26,28.9,39.1,26,33.6,24.2,76,5.8,100,4.17,rain,0,0,10.8,38.9,104.3,1013.1,38.3,12.1,209.2,18.2,9,30,2022-10-10T05:59:22,2022-10-10T17:48:39,0.53,"Rain, Partially cloudy",Becoming cloudy in the afternoon with morning rain.,rain,"MKJP,F8588,78397099999"
"Kingston, Jamaica",2022-10-11,32,26,29,39.5,26,33.7,24.4,76.9,0.7,100,4.17,rain,0,0,14.8,37.1,112.2,1014.4,41.1,11.9,188.6,16.3,7,30,2022-10-11T05:59:36,2022-10-11T17:47:53,0.56,"Rain, Partially cloudy",Partly cloudy throughout the day with morning rain.,rain,"MKJP,F8588,78397099999"
"Kingston, Jamaica",2022-10-12,32,26,28.9,38.6,26,32.9,23.5,73,0,0,0,,0,0,11.9,35.3,103.8,1013.4,38.5,12.3,121.3,10.4,7,30,2022-10-12T05:59:50,2022-10-12T17:47:09,0.59,Partially cloudy,Partly cloudy throughout the day.,partly-cloudy-day,"MKJP,F8588,78397099999"
"Kingston, Jamaica",2022-10-13,31.6,26.7,28.6,37.7,28.8,32.5,23.4,73.9,1.1,100,12.5,rain,0,0,14.4,38.9,123.7,1011.9,44.9,11.9,179.6,15.5,8,30,2022-10-13T06:00:05,2022-10-13T17:46:25,0.62,"Rain, Partially cloudy",Partly cloudy throughout the day with rain.,rain,"MKJP,F8588,78397099999"
"Kingston, Jamaica",2022-10-14,31.3,26,28.5,36.1,26,32,23.3,73.6,0.6,100,4.17,rain,0,0,16.9,35.3,112.8,1012.3,59,11.9,152.6,13,7,30,2022-10-14T06:00:20,2022-10-14T17:45:41,0.66,"Rain, Partially cloudy",Partly cloudy throughout the day with morning rain.,rain,"MKJP,F8588,78397099999"
"Kingston, Jamaica",2022-10-15,31,26,28.6,37.8,26,32.2,23.3,73.6,0,0,0,,0,0,13,35.3,107.1,1013.2,49,11.2,145,12.6,6,10,2022-10-15T06:00:36,2022-10-15T17:44:58,0.69,Partially cloudy,Partly cloudy throughout the day.,partly-cloudy-day,"MKJP,F8588,78397099999"
"Kingston, Jamaica",2022-10-16,32,26,28.7,37.8,26,32.1,23,71.8,0.2,100,8.33,rain,0,0,9,20.5,285.7,1012,32.5,10.5,123.8,10.5,7,30,2022-10-16T06:00:52,2022-10-16T17:44:16,0.72,"Rain, Partially cloudy",Partly cloudy throughout the day with rain.,rain,"MKJP,F8588,78397099999"
"Kingston, Jamaica",2022-10-17,32,26,28.8,37.9,26,32.6,23.5,73.4,1.6,100,12.5,rain,0,0,5.8,22.3,107.6,1011,30.5,11.3,203.1,17.7,8,30,2022-10-17T06:01:09,2022-10-17T17:43:35,0.75,"Rain, Partially cloudy",Partly cloudy throughout the day with rain.,rain,"MKJP,F8588,78397099999"
"Kingston, Jamaica",2022-10-18,31.4,26.8,28.8,37.8,29.6,33.2,23.9,75.1,0,0,0,rain,0,0,8.3,16.6,135.2,1011.5,32.5,12.3,209.3,18,7,30,2022-10-18T06:01:26,2022-10-18T17:42:54,0.78,Partially cloudy,Partly cloudy throughout the day.,partly-cloudy-day,"MKJP,F8588,78397099999"
"Kingston, Jamaica",2022-10-19,32.3,26.9,29.1,40.5,29.3,33.9,24.1,74.4,0,0,0,rain,0,0,10.4,24.1,124.6,1013,34,12.5,105,9.2,6,30,2022-10-19T06:01:43,2022-10-19T17:42:14,0.82,Partially cloudy,Partly cloudy throughout the day.,partly-cloudy-day,"MKJP,F8588,78397099999"
"Kingston, Jamaica",2022-10-20,30.8,23.6,28,34.4,23.6,30.6,22.2,71.2,3.9,100,29.17,rain,0,0,13.7,20.5,119.8,1012.8,27.6,14,254.7,21.9,9,30,2022-10-20T06:02:01,2022-10-20T17:41:35,0.85,"Rain, Partially cloudy",Partly cloudy throughout the day with rain.,rain,"MKJP,F8588,78397099999,remote"
"Kingston, Jamaica",2022-10-21,32,27,28.8,37.9,28.8,32.7,23.1,71.5,0,0,0,rain,0,0,10.1,27.7,103.2,1012,28.8,10,134.6,11.7,8,30,2022-10-21T06:02:20,2022-10-21T17:40:56,0.88,Partially cloudy,Partly cloudy throughout the day.,partly-cloudy-day,"MKJP,F8588,78397099999"
"Kingston, Jamaica",2022-10-22,31,27,28.6,37.8,29.2,32.5,23.2,72.7,0,0,0,rain,0,0,11.5,31.7,36,1011.8,40,10,163.8,14.1,7,30,2022-10-22T06:02:39,2022-10-22T17:40:19,0.91,Partially cloudy,Becoming cloudy in the afternoon.,partly-cloudy-day,"MKJP,F8588,78397099999"
"Kingston, Jamaica",2022-10-23,32,26,28.4,36.8,26,31.3,23,73.3,0,0,0,rain,0,0,7.2,27.7,351.4,1012.3,50.4,10,200.5,17.3,8,60,2022-10-23T06:02:59,2022-10-23T17:39:42,0.94,Partially cloudy,Partly cloudy throughout the day.,partly-cloudy-day,"MKJP,F8588,78397099999"
"Kingston, Jamaica",2022-10-24,32.9,20.4,26.6,39.2,20.4,29.4,21.9,76.2,0,0,0,rain,0,0,7.6,20.5,61.5,1012.9,28.1,16.7,195.4,17,9,60,2022-10-24T06:03:19,2022-10-24T17:39:06,0.98,Partially cloudy,Becoming cloudy in the afternoon.,partly-cloudy-day,"MKJP,F8588,remote,78397099999"
"Kingston, Jamaica",2022-10-25,31.4,25.9,28.1,37,25.9,31.3,23.2,74.9,0,0,0,rain,0,0,8.6,24.1,277.5,1011.8,36,12,196.5,16.9,9,30,2022-10-25T06:03:39,2022-10-25T17:38:31,0,Partially cloudy,Partly cloudy throughout the day.,partly-cloudy-day,"MKJP,F8588,78397099999"
"Kingston, Jamaica",2022-10-26,32,25,28.3,35.8,25,30.9,22.9,73.3,0,0,0,rain,0,0,7.9,14.8,246.2,1010.5,43.9,12.7,166.8,14.5,9,10,2022-10-26T06:04:01,2022-10-26T17:37:57,0.04,Partially cloudy,Becoming cloudy in the afternoon.,partly-cloudy-day,"MKJP,F8588,78397099999"
"Kingston, Jamaica",2022-10-27,30,26,27.9,34.2,26,30.5,22.4,72.5,0,0,0,,0,0,7.9,24.1,356.8,1010.8,65.3,12.2,127.8,11,7,10,2022-10-27T06:04:22,2022-10-27T17:37:24,0.08,Partially cloudy,Partly cloudy throughout the day.,partly-cloudy-day,"MKJP,F8588,78397099999"
"Kingston, Jamaica",2022-10-28,32,26,28.6,36.8,26,30.9,21.5,65.9,0,0,0,rain,0,0,8.6,22.3,17.8,1011.9,29,12.7,197.1,17,8,10,2022-10-28T06:04:45,2022-10-28T17:36:52,0.12,Partially cloudy,Partly cloudy throughout the day.,partly-cloudy-day,"MKJP,F8588,78397099999"
"Kingston, Jamaica",2022-10-29,32.1,26,28.6,35.5,26,31.2,22.2,68.7,0,0,0,,0,0,7.6,16.6,320.7,1011.6,39.1,12.1,144.7,12.4,6,10,2022-10-29T06:05:08,2022-10-29T17:36:21,0.15,Partially cloudy,Becoming cloudy in the afternoon.,partly-cloudy-day,"MKJP,F8588,78397099999"
"Kingston, Jamaica",2022-10-30,33,25,28.1,38.7,25,30.7,22.9,74.2,4,100,4.17,rain,0,0,7.6,18.4,340.8,1009.4,43.9,12.5,118.3,10.1,7,30,2022-10-30T06:05:31,2022-10-30T17:35:51,0.19,"Rain, Partially cloudy",Partly cloudy throughout the day with late afternoon rain.,rain,"MKJP,F8588,78397099999"
"Kingston, Jamaica",2022-10-31,30,25,27.2,34.2,25,29,23.2,79.6,13,100,8.33,rain,0,0,66.6,48.2,102.1,1009.7,61,10.9,102.4,8.8,6,10,2022-10-31T06:05:55,2022-10-31T17:35:22,0.22,"Rain, Partially cloudy",Partly cloudy throughout the day with rain.,rain,"MKJP,F8588,78397099999"
"Kingston, Jamaica",2022-11-01,30,26,28.1,35.9,26,32,24.1,79,2.8,100,12.5,rain,0,0,19.8,44.6,108.7,1013.2,60,11.4,158.7,13.8,8,30,2022-11-01T06:06:20,2022-11-01T17:34:54,0.25,"Rain, Partially cloudy",Partly cloudy throughout the day with rain.,rain,"MKJP,F8588,78397099999"
"Kingston, Jamaica",2022-11-02,31.6,25.8,28.3,38.8,25.8,31.8,23.9,77.6,0,0,0,rain,0,0,11.5,40.7,89.5,1014.3,46.2,12.2,155.8,13.6,8,30,2022-11-02T06:06:45,2022-11-02T17:34:27,0.29,Partially cloudy,Partly cloudy throughout the day.,partly-cloudy-day,"MKJP,F8588,78397099999"
"Kingston, Jamaica",2022-11-03,32,26,28.2,39.1,26,31.8,23.7,77,0,0,0,rain,0,0,7.2,31.7,319.3,1013,39.8,11.8,167,14.5,7,30,2022-11-03T06:07:11,2022-11-03T17:34:01,0.33,Partially cloudy,Partly cloudy throughout the day.,partly-cloudy-day,"MKJP,F8588,78397099999"
"Kingston, Jamaica",2022-11-04,31.6,26,27.5,37.8,26,29.8,22.9,76.1,0,0,0,rain,0,0,6.8,27.7,309.5,1011.3,50.2,11.6,237.8,20.6,8,30,2022-11-04T06:07:37,2022-11-04T17:33:36,0.37,Partially cloudy,Partly cloudy throughout the day.,partly-cloudy-day,"MKJP,78397099999"
"Kingston, Jamaica",2022-11-05,32,24.9,27.5,35,24.9,28.6,21,68.3,0,0,0,rain,0,0,10.4,35.3,330.3,1009.4,46.9,12.6,142,12.2,7,10,2022-11-05T06:08:04,2022-11-05T17:33:12,0.4,Partially cloudy,Becoming cloudy in the afternoon.,partly-cloudy-day,"MKJP,F8588,78397099999"
"Kingston, Jamaica",2022-11-06,31,24.7,27.6,34.6,24.7,29.2,21.1,68.4,0,0,0,,0,0,6.8,20.5,286.2,1009.3,36.7,12.7,160.8,13.9,7,10,2022-11-06T06:08:32,2022-11-06T17:32:50,0.44,Partially cloudy,Partly cloudy throughout the day.,partly-cloudy-day,"MKJP,F8588,78397099999"
"Kingston, Jamaica",2022-11-07,31,25,27.7,35.5,25,29.6,21.4,69.3,0,0,0,rain,0,0,8.3,16.6,344.3,1010,40.2,12.3,152.2,13,6,10,2022-11-07T06:09:00,2022-11-07T17:32:28,0.47,Partially cloudy,Becoming cloudy in the afternoon.,partly-cloudy-day,"MKJP,F8588,78397099999"
"Kingston, Jamaica",2022-11-08,31.3,25,27.6,35.5,25,29.4,22.1,72.7,0.4,100,4.17,rain,0,0,7.6,25.9,308.2,1010.5,51.7,11.7,176.2,15.1,7,10,2022-11-08T06:09:28,2022-11-08T17:32:08,0.5,"Rain, Partially cloudy",Becoming cloudy in the afternoon with afternoon rain.,rain,"MKJP,F8588,78397099999"
"Kingston, Jamaica",2022-11-09,32,25,27.9,37.9,25,30.3,22.5,72.7,0,0,0,,0,0,6.8,14.8,258.9,1010.2,35.7,12.5,172.7,15,6,10,2022-11-09T06:09:57,2022-11-09T17:31:49,0.54,Partially cloudy,Partly cloudy throughout the day.,partly-cloudy-day,"MKJP,F8588,78397099999"
"Kingston, Jamaica",2022-11-10,31.2,25,27.3,36.6,25,29.3,22.6,75.9,0.2,100,4.17,rain,0,0,14,35.3,130.8,1011.4,42.5,12.9,179.7,15.5,8,10,2022-11-10T06:10:27,2022-11-10T17:31:31,0.57,"Rain, Partially cloudy",Becoming cloudy in the afternoon with late afternoon rain.,rain,"MKJP,F8588,78397099999"
"Kingston, Jamaica",2022-11-11,31,26,28.2,37.8,26,31.6,23.4,75.3,0.4,100,4.17,rain,0,0,15.8,27.7,127.6,1012.5,47,12.8,196.2,16.8,8,30,2022-11-11T06:10:57,2022-11-11T17:31:15,0.6,"Rain, Partially cloudy",Partly cloudy throughout the day with afternoon rain.,rain,"MKJP,F8588,78397099999"
"Kingston, Jamaica",2022-11-12,31.4,26,28.5,37.1,26,32.2,23.5,74.7,4.6,100,8.33,rain,0,0,7.6,24.1,335.2,1012.8,62,11.9,129.7,11.2,6,60,2022-11-12T06:11:28,2022-11-12T17:30:59,0.64,"Rain, Partially cloudy",Partly cloudy throughout the day with rain.,rain,"MKJP,F8588,78397099999"
"Kingston, Jamaica",2022-11-13,32,25,27.8,37.9,25,30.7,23.5,77.9,0,0,0,rain,0,0,7.9,22.3,329.9,1012.3,45,12.3,180.6,15.7,7,30,2022-11-13T06:11:59,2022-11-13T17:30:45,0.67,Partially cloudy,Becoming cloudy in the afternoon.,partly-cloudy-day,"MKJP,F8588,78397099999"
"Kingston, Jamaica",2022-11-14,32,25,28,39.2,25,30.5,23,75.3,3,100,4.17,rain,0,0,9.7,24.1,335.9,1012.6,32.1,12.7,141.2,12.2,8,30,2022-11-14T06:12:30,2022-11-14T17:30:32,0.7,"Rain, Partially cloudy",Becoming cloudy in the afternoon with late afternoon rain.,rain,"MKJP,F8588,78397099999"
"Kingston, Jamaica",2022-11-15,32,25.7,28.1,37.8,25.7,30.9,23.2,75.4,0.3,100,8.33,rain,0,0,10.1,31.7,34.2,1013.9,31.1,13.4,164.9,14.2,7,30,2022-11-15T06:13:02,2022-11-15T17:30:21,0.73,"Rain, Partially cloudy",Partly cloudy throughout the day with afternoon rain.,rain,"MKJP,F8588,78397099999,remote"
"Kingston, Jamaica",2022-11-16,32.3,21.8,27.5,39.1,21.8,30.6,22.9,76.4,0,0,0,rain,0,0,7.9,38.9,53.7,1014.4,51.9,14.5,164.4,14.1,7,60,2022-11-16T06:13:35,2022-11-16T17:30:10,0.75,Partially cloudy,Partly cloudy throughout the day.,partly-cloudy-day,"MKJP,F8588,78397099999,remote"
"Kingston, Jamaica",2022-11-17,31.4,21.2,26.9,37.9,21.2,29.7,22.9,79.4,3,100,4.17,rain,0,0,6.8,37.1,74.7,1013.8,59.6,14.9,169.9,14.7,7,60,2022-11-17T06:14:08,2022-11-17T17:30:01,0.8,"Rain, Partially cloudy",Partly cloudy throughout the day with late afternoon rain.,rain,"MKJP,F8588,remote,78397099999"
"Kingston, Jamaica",2022-11-18,31,26,28.3,36.8,26,31,22.5,71.3,0,0,0,rain,0,0,11.2,44.6,100.3,1013,41.1,12.3,131.3,11.2,6,30,2022-11-18T06:14:41,2022-11-18T17:29:53,0.83,Partially cloudy,Partly cloudy throughout the day.,partly-cloudy-day,"MKJP,F8588,78397099999"
"Kingston, Jamaica",2022-11-19,31,26,28,36.6,26,30.3,22.2,71,0,0,0,,0,0,10.8,42.5,92.4,1013.4,34.5,12.3,166.7,14.5,7,10,2022-11-19T06:15:15,2022-11-19T17:29:47,0.86,Partially cloudy,Partly cloudy throughout the day.,partly-cloudy-day,"MKJP,F8588,78397099999"
"Kingston, Jamaica",2022-11-20,31.9,26,28.5,36.6,26,30.5,21.4,65.9,0,0,0,,0,0,15.8,46.4,105,1012.8,34.6,12.3,169.9,14.6,7,10,2022-11-20T06:15:49,2022-11-20T17:29:41,0.9,Partially cloudy,Partly cloudy throughout the day.,partly-cloudy-day,"MKJP,F8588,78397099999"
"Kingston, Jamaica",2022-11-21,33,25,28.4,35.9,25,30.5,21.5,66.9,0,0,0,,0,0,12.2,22.3,304.6,1013.3,34.7,12.2,168.5,14.4,6,10,2022-11-21T06:16:23,2022-11-21T17:29:37,0.93,Partially cloudy,Partly cloudy throughout the day.,partly-cloudy-day,"MKJP,F8588,78397099999"
"Kingston, Jamaica",2022-11-22,31,26,28.3,36.6,26,31.1,22.5,71.2,0,0,0,rain,0,0,9.4,33.5,105.9,1013.5,37,12.6,124.6,10.7,6,30,2022-11-22T06:16:58,2022-11-22T17:29:35,0.96,Partially cloudy,Partly cloudy throughout the day.,partly-cloudy-day,"MKJP,F8588,78397099999"
"Kingston, Jamaica",2022-11-23,31.4,26,28.3,37.8,26,31.2,22.7,71.9,0,0,0,rain,0,0,14.8,40.7,148.3,1012.8,35.9,12,123.5,10.8,7,30,2022-11-23T06:17:33,2022-11-23T17:29:33,0,Partially cloudy,Partly cloudy throughout the day.,partly-cloudy-day,"MKJP,F8588,78397099999"
"Kingston, Jamaica",2022-11-24,32,25,28.4,37.6,25,31.1,22.7,71.7,0,0,0,rain,0,0,10.1,18.4,276.5,1012.7,27.2,12.7,150,13,7,30,2022-11-24T06:18:09,2022-11-24T17:29:33,0.03,Partially cloudy,Partly cloudy throughout the day.,partly-cloudy-day,"MKJP,F8588,78397099999"
"Kingston, Jamaica",2022-11-25,31.6,25.8,28.3,38.7,25.8,30.8,22.6,71.9,0,0,0,rain,0,0,12.2,40.7,98.3,1013,36.8,12.1,142.5,12.2,7,30,2022-11-25T06:18:44,2022-11-25T17:29:34,0.06,Partially cloudy,Becoming cloudy in the afternoon.,partly-cloudy-day,"MKJP,F8588,78397099999"
"Kingston, Jamaica",2022-11-26,31.4,25,28,38.5,25,30.8,23,74.5,0,0,0,rain,0,0,12.6,44.6,108.4,1013.6,31.2,12.4,106,9.3,7,10,2022-11-26T06:19:20,2022-11-26T17:29:36,0.1,Partially cloudy,Partly cloudy throughout the day.,partly-cloudy-day,"MKJP,F8588,78397099999"
"Kingston, Jamaica",2022-11-27,31.3,25.7,28.2,37.3,25.7,31,22.7,72.7,0,0,0,rain,0,0,12.2,31.7,189.5,1014,34.6,12.3,103.7,9,7,30,2022-11-27T06:19:56,2022-11-27T17:29:40,0.13,Partially cloudy,Becoming cloudy in the afternoon.,partly-cloudy-day,"MKJP,F8588,78397099999"
"Kingston, Jamaica",2022-11-28,31,25,27.8,36.1,25,30,22.4,72.8,0.1,100,4.17,rain,0,0,9.4,31.7,108.1,1013.6,39.5,12.6,146.5,12.5,7,10,2022-11-28T06:20:32,2022-11-28T17:29:45,0.17,"Rain, Partially cloudy",Partly cloudy throughout the day with afternoon rain.,rain,"MKJP,F8588,78397099999"
"Kingston, Jamaica",2022-11-29,31.4,25,28,36,25,30.1,22.1,71,0,0,0,rain,0,0,13.3,24.1,166.2,1013,36.5,12.2,218.8,18.9,8,10,2022-11-29T06:21:08,2022-11-29T17:29:51,0.2,Partially cloudy,Partly cloudy throughout the day.,partly-cloudy-day,"MKJP,F8588,78397099999"
"Kingston, Jamaica",2022-11-30,32,24.9,28.1,37.1,24.9,30.4,22,70.1,0,0,0,rain,0,0,10.1,24.1,287.3,1013,30.8,12,151.5,13.2,8,30,2022-11-30T06:21:45,2022-11-30T17:29:58,0.25,Partially cloudy,Partly cloudy throughout the day.,partly-cloudy-day,"MKJP,F8588,78397099999"
"Kingston, Jamaica",2022-12-01,32.8,25,28.7,38.2,25,30.7,21.6,66.7,0,0,0,rain,0,0,13.7,16.6,235.5,1013.1,27.5,13,88.9,7.7,7,10,2022-12-01T06:22:21,2022-12-01T17:30:07,0.27,Partially cloudy,Partly cloudy throughout the day.,partly-cloudy-day,"MKJP,F8588,78397099999"
"Kingston, Jamaica",2022-12-02,32,25.7,27.8,34.9,25.7,29.4,20.8,66.2,0.1,100,4.17,rain,0,0,13.3,16.6,192.4,1014.1,35.7,12.4,161.3,13.8,9,10,2022-12-02T06:22:58,2022-12-02T17:30:17,0.31,"Rain, Partially cloudy",Becoming cloudy in the afternoon with afternoon rain.,rain,"MKJP,F8588,78397099999"
"Kingston, Jamaica",2022-12-03,33,25.5,28.6,37.1,25.5,30.4,21.4,66.1,0,0,0,rain,0,0,13.3,29.5,233.3,1014.2,33.3,12.1,88.4,7.6,4,10,2022-12-03T06:23:34,2022-12-03T17:30:28,0.34,Partially cloudy,Partly cloudy throughout the day.,partly-cloudy-day,"MKJP,F8588,78397099999"
"Kingston, Jamaica",2022-12-04,32,25.8,28.4,35.8,25.8,30.2,20.4,62.2,0,0,0,rain,0,0,10.8,27.7,328.5,1012.3,33.9,12.2,131,11.3,7,10,2022-12-04T06:24:11,2022-12-04T17:30:40,0.38,Partially cloudy,Clearing in the afternoon.,partly-cloudy-day,"MKJP,F8588,78397099999"
"Kingston, Jamaica",2022-12-05,31,25,27.7,32.4,25,28.7,19.6,61.9,0,0,0,,0,0,13.3,22.3,255.1,1012.3,45.9,12.8,154.1,13.3,7,10,2022-12-05T06:24:47,2022-12-05T17:30:54,0.41,Partially cloudy,Partly cloudy throughout the day.,partly-cloudy-day,"MKJP,F8588,78397099999"
"Kingston, Jamaica",2022-12-06,31,24,27.6,33.8,24,29.1,20.4,65.4,0,0,0,,0,0,11.2,22.3,219.7,1014,34.7,12.6,106.3,9.2,7,10,2022-12-06T06:25:23,2022-12-06T17:31:08,0.45,Partially cloudy,Partly cloudy throughout the day.,partly-cloudy-day,"MKJP,F8588,78397099999"
"Kingston, Jamaica",2022-12-07,32,25,27.7,34.9,25,28.9,20.1,63.9,0.2,100,4.17,rain,0,0,13,24.1,256.8,1015.4,36.1,12,138.5,12,6,10,2022-12-07T06:26:00,2022-12-07T17:31:24,0.5,"Rain, Partially cloudy",Becoming cloudy in the afternoon with afternoon rain.,rain,"MKJP,F8588,78397099999"
"Kingston, Jamaica",2022-12-08,31,24.7,27.4,33.8,24.7,28.4,19.8,63.7,0,0,0,rain,0,0,11.5,29.5,325.2,1014.1,40.1,11.8,111.4,9.6,7,10,2022-12-08T06:26:36,2022-12-08T17:31:41,0.52,Partially cloudy,Partly cloudy throughout the day.,partly-cloudy-day,"MKJP,F8588,78397099999"
"Kingston, Jamaica",2022-12-09,31.9,23.9,26.9,33.8,23.9,27.7,19.2,63.2,0,0,0,rain,0,0,10.1,33.5,326.2,1013.3,36.4,12.2,113,9.7,7,10,2022-12-09T06:27:11,2022-12-09T17:31:59,0.55,Partially cloudy,Partly cloudy throughout the day.,partly-cloudy-day,"MKJP,F8588,78397099999"
"Kingston, Jamaica",2022-12-10,32,23.8,27.4,34.9,23.8,28.5,20,64.7,0,0,0,,0,0,9.7,18.4,272.7,1014,36.7,12.4,106.1,9.1,6,10,2022-12-10T06:27:47,2022-12-10T17:32:18,0.58,Partially cloudy,Becoming cloudy in the afternoon.,partly-cloudy-day,"MKJP,F8588,78397099999"
"Kingston, Jamaica",2022-12-11,31,23.6,27.1,34.1,23.6,28.3,20.5,68.2,0,0,0,rain,0,0,9.7,22.3,279.7,1013.9,29,12.5,125.5,10.8,6,10,2022-12-11T06:28:22,2022-12-11T17:32:38,0.62,Partially cloudy,Partly cloudy throughout the day.,partly-cloudy-day,"MKJP,F8588,78397099999"
"Kingston, Jamaica",2022-12-12,30,24,26.9,33.5,24,28,20.6,69.1,0.4,100,4.17,rain,0,0,11.2,27.7,109.6,1013.6,36,12.6,131.6,11.4,7,10,2022-12-12T06:28:57,2022-12-12T17:32:59,0.65,"Rain, Partially cloudy",Partly cloudy throughout the day with afternoon rain.,rain,"MKJP,F8588,78397099999"
"Kingston, Jamaica",2022-12-13,29,23.8,26.5,32.2,23.8,27.6,20.8,70.9,0.2,100,4.17,rain,0,0,8.6,29.5,27,1013.3,39.7,12.3,103.2,8.9,7,10,2022-12-13T06:29:32,2022-12-13T17:33:22,0.68,"Rain, Partially cloudy",Partly cloudy throughout the day with afternoon rain.,rain,"MKJP,F8588,78397099999"
"Kingston, Jamaica",2022-12-14,29,24,26.7,32.7,24,27.9,20.6,70,0.1,100,4.17,rain,0,0,11.2,40.7,107.3,1013.8,32.1,12.5,120.2,10.4,7,10,2022-12-14T06:30:06,2022-12-14T17:33:45,0.71,"Rain, Partially cloudy",Partly cloudy throughout the day with afternoon rain.,rain,"MKJP,F8588,78397099999"
"Kingston, Jamaica",2022-12-15,31,24,27.1,34.6,24,28.7,21,69.7,0.1,100,4.17,rain,0,0,14.8,44.6,115.8,1014.4,25.6,12.2,131.4,11.4,7,10,2022-12-15T06:30:39,2022-12-15T17:34:09,0.75,"Rain, Partially cloudy",Partly cloudy throughout the day with afternoon rain.,rain,"MKJP,F8588,78397099999"
"Kingston, Jamaica",2022-12-16,30.6,23.7,27,35.3,23.7,28.7,21.5,72.1,0,0,0,,0,0,10.8,42.5,111.5,1013.5,28.3,12.2,111.8,9.7,6,10,2022-12-16T06:31:13,2022-12-16T17:34:34,0.75,Partially cloudy,Partly cloudy throughout the day.,partly-cloudy-day,"MKJP,F8588,78397099999"
"Kingston, Jamaica",2022-12-17,30.4,24.8,27.1,33.7,24.8,28.4,21.2,70.8,0,0,0,rain,0,0,14.8,38.9,78.1,1013.1,41.3,12.4,123.5,10.8,8,10,2022-12-17T06:31:45,2022-12-17T17:35:00,0.81,Partially cloudy,Becoming cloudy in the afternoon.,partly-cloudy-day,"MKJP,F8588,78397099999"
"Kingston, Jamaica",2022-12-18,31,24,27,35.1,24,28.3,20.4,67.4,0,0,0,,0,0,13.3,31.7,20,1014.6,26.9,12.6,127.3,10.9,7,10,2022-12-18T06:32:18,2022-12-18T17:35:27,0.85,Partially cloudy,Partly cloudy throughout the day.,partly-cloudy-day,"MKJP,F8588,78397099999"
"Kingston, Jamaica",2022-12-19,31.3,24.7,27.4,34.6,24.7,28.8,20.5,66.5,0,0,0,,0,0,12.2,37.1,100.2,1015.8,29.7,12.8,125.9,10.8,6,10,2022-12-19T06:32:49,2022-12-19T17:35:55,0.88,Partially cloudy,Becoming cloudy in the afternoon.,partly-cloudy-day,"MKJP,F8588,78397099999"
"Kingston, Jamaica",2022-12-20,30.1,24.7,26.3,33.2,24.7,27.1,21,73,0,0,0,rain,0,0,9.4,46.4,56.7,1016,48.3,12.1,71.3,6.3,5,10,2022-12-20T06:33:20,2022-12-20T17:36:24,0.91,Partially cloudy,Partly cloudy throughout the day.,partly-cloudy-day,"MKJP,F8588,78397099999"
"Kingston, Jamaica",2022-12-21,30,23.8,26.5,34.2,23.8,27.9,21.1,72.9,0,0,0,rain,0,0,11.2,35.3,117.3,1015.4,31.5,12.1,134.3,11.6,6,10,2022-12-21T06:33:51,2022-12-21T17:36:53,0.94,Partially cloudy,Partly cloudy throughout the day.,partly-cloudy-day,"MKJP,F8588,78397099999"
"Kingston, Jamaica",2022-12-22,30.6,24,27,35,24,28.4,21.2,70.8,0,0,0,,0,0,10.1,37.1,92.8,1015,27.6,13,147.1,12.6,6,10,2022-12-22T06:34:20,2022-12-22T17:37:23,0.98,Partially cloudy,Partly cloudy throughout the day.,partly-cloudy-day,"MKJP,F8588,78397099999"
"Kingston, Jamaica",2022-12-23,31,25,27.4,34.6,25,28.7,21.4,70.2,0,0,0,,0,0,11.9,42.5,121.1,1015.5,32.3,12.8,136,11.8,7,10,2022-12-23T06:34:49,2022-12-23T17:37:54,0,Partially cloudy,Partly cloudy throughout the day.,partly-cloudy-day,"MKJP,F8588,78397099999"
"Kingston, Jamaica",2022-12-24,31.1,23.9,27,34.8,23.9,28.4,21.2,71.2,0,0,0,rain,0,0,11.9,40.7,154.3,1015.5,25.5,12.2,113.8,9.8,6,10,2022-12-24T06:35:18,2022-12-24T17:38:26,0.04,Partially cloudy,Partly cloudy throughout the day.,partly-cloudy-day,"MKJP,F8588,78397099999"
"Kingston, Jamaica",2022-12-25,31,24,26.9,34.1,24,28.1,20.8,69.7,0,0,0,rain,0,0,10.4,40.7,116,1014.9,28.3,12.2,136,11.7,6,10,2022-12-25T06:35:45,2022-12-25T17:38:58,0.08,Partially cloudy,Partly cloudy throughout the day.,partly-cloudy-day,"MKJP,F8588,78397099999"
"Kingston, Jamaica",2022-12-26,31,23.8,26.5,33.8,23.8,27.4,20.2,68.9,0,0,0,,0,0,18,44.6,100.1,1015.2,33.6,12.2,102.6,8.9,7,10,2022-12-26T06:36:12,2022-12-26T17:39:31,0.11,Partially cloudy,Becoming cloudy in the afternoon.,partly-cloudy-day,"MKJP,F8588,78397099999"
"Kingston, Jamaica",2022-12-27,31,23.9,26.9,34.2,23.9,28.3,20.6,68.6,0,0,0,rain,0,0,18,37.1,105.9,1015.5,42.7,12.8,132,11.5,7,10,2022-12-27T06:36:38,2022-12-27T17:40:04,0.15,Partially cloudy,Clearing in the afternoon.,partly-cloudy-day,"MKJP,F8588,78397099999"
"Kingston, Jamaica",2022-12-28,31,23.3,26.8,34,23.3,27.9,20.7,69.9,0,0,0,rain,0,0,11.2,42.5,138.3,1016,28.5,12.5,120,10.3,6,10,2022-12-28T06:37:03,2022-12-28T17:40:38,0.18,Partially cloudy,Partly cloudy throughout the day.,partly-cloudy-day,"MKJP,F8588,78397099999"
"Kingston, Jamaica",2022-12-29,31.2,23.8,27.1,34.6,23.8,28.5,20.5,67.5,0,0,0,,0,0,15.5,42.5,110.9,1016.4,25,12.3,145.8,12.6,7,10,2022-12-29T06:37:27,2022-12-29T17:41:13,0.25,Partially cloudy,Partly cloudy throughout the day.,partly-cloudy-day,"MKJP,F8588,78397099999"
"Kingston, Jamaica",2022-12-30,31,24,26.8,34,24,27.9,19.8,65.7,0,0,0,,0,0,19.4,40.7,112.1,1016,26.2,12.5,138.8,11.9,6,10,2022-12-30T06:37:50,2022-12-30T17:41:48,0.25,Partially cloudy,Partly cloudy throughout the day.,partly-cloudy-day,"MKJP,F8588,78397099999"
"Kingston, Jamaica",2022-12-31,31.2,23.9,26.9,35.4,23.9,28.3,20.7,69.1,0,0,0,,0,0,10.8,37.1,111.1,1016.2,24.5,12.4,156.1,13.6,6,10,2022-12-31T06:38:12,2022-12-31T17:42:23,0.28,Partially cloudy,Partly cloudy throughout the day.,partly-cloudy-day,"MKJP,F8588,78397099999"
