name,datetime,tempmax,tempmin,temp,feelslikemax,feelslikemin,feelslike,dew,humidity,precip,precipprob,precipcover,preciptype,snow,snowdepth,windgust,windspeed,winddir,sealevelpressure,cloudcover,visibility,solarradiation,solarenergy,uvindex,severerisk,sunrise,sunset,moonphase,conditions,description,icon,stations
"MalÃ©, Maldives",2022-01-01,31.7,27.8,29.3,38.5,31.5,34.7,24.7,76.2,0.5,100,4.17,rain,0,0,,27.7,79.8,1011.6,42.7,11.4,284.1,24.5,9,,2022-01-01T06:12:56,2022-01-01T18:06:00,0.95,"Rain, Partially cloudy",Partly cloudy throughout the day with afternoon rain.,rain,"VRMM,43555099999"
"MalÃ©, Maldives",2022-01-02,32,27.9,29.5,40.7,31.8,35.3,25,77.1,0.4,100,4.17,rain,0,0,,35.3,74.1,1010.7,47.9,11.2,212.9,18.3,8,,2022-01-02T06:13:22,2022-01-02T18:06:29,0,"Rain, Partially cloudy",Partly cloudy throughout the day with late afternoon rain.,rain,"VRMM,43555099999"
"MalÃ©, Maldives",2022-01-03,31.1,28,29.1,39.1,32.3,34.7,25,79.1,4,100,4.17,rain,0,0,,37.1,74.4,1010.6,55.6,10.7,163.1,14.2,6,,2022-01-03T06:13:48,2022-01-03T18:06:59,0.02,"Rain, Partially cloudy",Partly cloudy throughout the day with late afternoon rain.,rain,"VRMM,remote,43555099999"
"MalÃ©, Maldives",2022-01-04,32,26,28.7,39.2,26,33.1,24.1,76.1,0,0,0,,0,0,,35.3,79.6,1011.7,64.5,7.8,193.3,16.7,7,,2022-01-04T06:14:14,2022-01-04T18:07:28,0.05,Partially cloudy,Partly cloudy throughout the day.,partly-cloudy-day,"VRMM,43555099999"
"MalÃ©, Maldives",2022-01-05,30.1,26,28.4,35.3,26,32.4,24.1,77.9,0,0,0,,0,0,,25.9,76.1,1011.5,84,8.6,178.9,15.6,7,,2022-01-05T06:14:39,2022-01-05T18:07:57,0.08,Partially cloudy,Partly cloudy throughout the day.,partly-cloudy-day,"VRMM,43555099999"
"MalÃ©, Maldives",2022-01-06,31,27.8,29.2,37.8,31.5,34.4,24.5,75.7,0,0,0,,0,0,,27.7,66.1,1010.9,68.7,8.3,207.7,18,7,,2022-01-06T06:15:03,2022-01-06T18:08:26,0.12,Partially cloudy,Partly cloudy throughout the day.,partly-cloudy-day,"VRMM,43555099999"
"MalÃ©, Maldives",2022-01-07,32,27.8,29.4,39.2,31.7,34.8,24.7,76,0,0,0,,0,0,,24.1,62.5,1011.6,36.7,9.4,198.3,17.1,7,,2022-01-07T06:15:27,2022-01-07T18:08:55,0.15,Partially cloudy,Partly cloudy throughout the day.,partly-cloudy-day,"VRMM,43555099999"
"MalÃ©, Maldives",2022-01-08,31.2,27.7,29.1,39.1,31.5,33.9,24.4,76.4,0,0,0,,0,0,,20.5,61.2,1012.1,39.3,10.9,191.5,16.4,7,,2022-01-08T06:15:50,2022-01-08T18:09:23,0.18,Partially cloudy,Partly cloudy throughout the day.,partly-cloudy-day,"VRMM,remote,43555099999"
"MalÃ©, Maldives",2022-01-09,31,26.2,28.8,37.8,26.2,33.7,24.7,79,0,0,0,,0,0,,18.7,25.2,1011.1,58.9,10,164.8,14.1,6,,2022-01-09T06:16:13,2022-01-09T18:09:51,0.25,Partially cloudy,Partly cloudy throughout the day.,partly-cloudy-day,"VRMM,remote,43555099999"
"MalÃ©, Maldives",2022-01-10,31,27,29,37.8,30.1,33.8,24.4,76.6,0,0,0,rain,0,0,22,24.1,42,1010.6,73,9.1,205.6,18,7,10,2022-01-10T06:16:34,2022-01-10T18:10:18,0.25,Partially cloudy,Partly cloudy throughout the day.,partly-cloudy-day,"VRMM,remote,43555099999"
"MalÃ©, Maldives",2022-01-11,31.7,27.9,29,38.5,30.7,33.2,23.6,72.9,0,0,0,,0,0,24.8,25.9,49.1,1010.8,50.9,13.1,260.2,22.8,9,10,2022-01-11T06:16:56,2022-01-11T18:10:45,0.28,Partially cloudy,Partly cloudy throughout the day.,partly-cloudy-day,"VRMM,remote,43555099999"
"MalÃ©, Maldives",2022-01-12,32,27,29.3,39.2,30.1,34.3,24.5,75.8,0,0,0,rain,0,0,15.8,20.5,41.8,1011.1,44.3,8.1,260.7,22.7,9,30,2022-01-12T06:17:16,2022-01-12T18:11:11,0.31,Partially cloudy,Partly cloudy throughout the day.,partly-cloudy-day,"VRMM,43555099999"
"MalÃ©, Maldives",2022-01-13,31,27.2,29.2,37.8,30.5,34,24.2,75.1,0,0,0,rain,0,0,20.9,20.5,48.3,1010.4,43.5,9.3,261.5,22.9,9,30,2022-01-13T06:17:36,2022-01-13T18:11:37,0.35,Partially cloudy,Partly cloudy throughout the day.,partly-cloudy-day,"VRMM,43555099999"
"MalÃ©, Maldives",2022-01-14,31,27.9,29.1,37.8,31.8,34.1,24.3,75.1,0,0,0,rain,0,0,19.8,20.5,56.9,1010.1,45.4,10.5,255,22.1,9,30,2022-01-14T06:17:55,2022-01-14T18:12:03,0.38,Partially cloudy,Partly cloudy throughout the day.,partly-cloudy-day,"VRMM,43555099999"
"MalÃ©, Maldives",2022-01-15,32,27.8,29.2,39.2,31.2,33.9,24,73.5,0,0,0,rain,0,0,20.9,20.5,66.9,1009.9,38.7,11.4,262.4,22.9,9,10,2022-01-15T06:18:13,2022-01-15T18:12:28,0.41,Partially cloudy,Partly cloudy throughout the day.,partly-cloudy-day,"VRMM,43555099999"
"MalÃ©, Maldives",2022-01-16,31.2,28,29.4,37.9,32,34.9,24.6,75.6,0,0,0,rain,0,0,27.7,25.9,68.7,1010.7,45.5,11.3,257.2,22.3,9,30,2022-01-16T06:18:30,2022-01-16T18:12:52,0.44,Partially cloudy,Partly cloudy throughout the day.,partly-cloudy-day,"VRMM,43555099999"
"MalÃ©, Maldives",2022-01-17,32,28,29.6,39.2,31.1,35.1,24.5,74.3,0,0,0,rain,0,0,39.6,40.7,70.1,1011.9,60.2,12.4,233.9,20.2,9,60,2022-01-17T06:18:47,2022-01-17T18:13:16,0.48,Partially cloudy,Partly cloudy throughout the day.,partly-cloudy-day,"VRMM,remote,43555099999"
"MalÃ©, Maldives",2022-01-18,31,28,29.4,37.8,32,34.3,24.1,73.2,0,0,0,rain,0,0,42.5,38.9,64.3,1011,88.4,10.9,238.5,20.5,9,60,2022-01-18T06:19:03,2022-01-18T18:13:39,0.5,Partially cloudy,Partly cloudy throughout the day.,partly-cloudy-day,"VRMM,43555099999"
"MalÃ©, Maldives",2022-01-19,32,28,29.5,39.2,32,34.4,24.1,73.3,0,0,0,rain,0,0,28.8,127.2,62.4,1010.9,87.6,10.3,248.8,21.6,9,30,2022-01-19T06:19:18,2022-01-19T18:14:02,0.55,Partially cloudy,Partly cloudy throughout the day.,wind,"VRMM,43555099999"
"MalÃ©, Maldives",2022-01-20,32,27,29.1,37.9,30.1,33.5,23.8,73.6,0.6,100,4.17,rain,0,0,20.9,18.4,21.1,1010.3,88.9,10.3,242.5,20.9,10,10,2022-01-20T06:19:32,2022-01-20T18:14:24,0.58,"Rain, Partially cloudy",Partly cloudy throughout the day with morning rain.,rain,"VRMM,43555099999"
"MalÃ©, Maldives",2022-01-21,31,27.8,29,36.6,30.8,33,23.3,71.5,0,0,0,rain,0,0,18.4,16.6,10.7,1011,89.2,10.4,264,23,10,10,2022-01-21T06:19:45,2022-01-21T18:14:45,0.62,Partially cloudy,Partly cloudy throughout the day.,partly-cloudy-day,"VRMM,43555099999"
"MalÃ©, Maldives",2022-01-22,30.2,26.9,28.5,34.5,29.3,32,23,72.1,0,0,0,,0,0,17.6,11.2,348.9,1010.3,72.3,10.4,271.9,23.5,10,10,2022-01-22T06:19:58,2022-01-22T18:15:06,0.65,Partially cloudy,Partly cloudy throughout the day.,partly-cloudy-day,"VRMM,43555099999"
"MalÃ©, Maldives",2022-01-23,34,27.7,29.2,40.6,30.3,33.2,23.1,69.6,0,0,0,rain,0,0,22,14.8,341.7,1010.3,89.2,10.2,267.3,23.3,10,10,2022-01-23T06:20:09,2022-01-23T18:15:26,0.69,Partially cloudy,Partly cloudy throughout the day.,partly-cloudy-day,"VRMM,43555099999"
"MalÃ©, Maldives",2022-01-24,31,27,29.2,35.5,29.7,32.7,22.7,68.3,0,0,0,,0,0,25.2,16.6,4,1009.3,70.1,10.8,274.8,23.8,10,10,2022-01-24T06:20:20,2022-01-24T18:15:46,0.72,Partially cloudy,Partly cloudy throughout the day.,partly-cloudy-day,"VRMM,43555099999"
"MalÃ©, Maldives",2022-01-25,31,27.7,29,34.6,29.7,31.6,21.4,63.6,0,0,0,rain,0,0,18.7,14.8,2.6,1009.3,70.8,11.4,241.3,20.9,10,10,2022-01-25T06:20:30,2022-01-25T18:16:04,0.75,Partially cloudy,Partly cloudy throughout the day.,partly-cloudy-day,"VRMM,43555099999"
"MalÃ©, Maldives",2022-01-26,32,26.9,29,35.8,28.7,31.4,21,62.4,0,0,0,rain,0,0,24.5,20.5,17.7,1009.5,75.9,10.5,166.4,14.5,8,10,2022-01-26T06:20:38,2022-01-26T18:16:22,0.79,Partially cloudy,Partly cloudy throughout the day.,partly-cloudy-day,"VRMM,43555099999"
"MalÃ©, Maldives",2022-01-27,31,27,28.7,33.9,28.8,30.8,20.6,61.6,0,0,0,,0,0,20.5,18.4,12.1,1008.5,59.7,10.4,167.9,14.6,8,10,2022-01-27T06:20:46,2022-01-27T18:16:40,0.83,Partially cloudy,Partly cloudy throughout the day.,partly-cloudy-day,"VRMM,43555099999"
"MalÃ©, Maldives",2022-01-28,31,24.9,28.6,33,24.9,29.9,19.4,58.1,0,0,0,,0,0,26.6,18.4,93.3,1008.8,72,11,280.2,24.3,10,10,2022-01-28T06:20:53,2022-01-28T18:16:56,0.86,Partially cloudy,Partly cloudy throughout the day.,partly-cloudy-day,"VRMM,43555099999"
"MalÃ©, Maldives",2022-01-29,32.1,27.7,29.6,37.9,29.7,33.1,22.3,64.8,0,0,0,rain,0,0,30.2,27.7,116.3,1009.8,66.6,11,273.1,23.8,10,10,2022-01-29T06:21:00,2022-01-29T18:17:12,0.9,Partially cloudy,Partly cloudy throughout the day.,partly-cloudy-day,"VRMM,43555099999"
"MalÃ©, Maldives",2022-01-30,32,27.8,29.4,37.9,30.9,33.9,23.6,71.2,0,0,0,rain,0,0,23.8,25.9,90.9,1009.8,65.8,10.7,271.8,23.7,10,30,2022-01-30T06:21:05,2022-01-30T18:17:27,0.93,Partially cloudy,Partly cloudy throughout the day.,partly-cloudy-day,"VRMM,43555099999"
"MalÃ©, Maldives",2022-01-31,32,27.9,29.7,40.7,31.8,35.5,24.9,75.9,0,0,0,rain,0,0,28.1,35.3,86.3,1009.4,53.4,11.4,270.9,23.6,10,60,2022-01-31T06:21:09,2022-01-31T18:17:42,0.97,Partially cloudy,Partly cloudy throughout the day.,partly-cloudy-day,"VRMM,43555099999"
"MalÃ©, Maldives",2022-02-01,32,28,29.7,40.7,32.6,35.8,25.1,76.3,0,0,0,rain,0,0,28.8,29.5,79.6,1008.9,74.5,10.8,258.5,22.3,10,30,2022-02-01T06:21:13,2022-02-01T18:17:55,0,Partially cloudy,Partly cloudy throughout the day.,partly-cloudy-day,"VRMM,43555099999"
"MalÃ©, Maldives",2022-02-02,31.1,28,29.2,39.1,31.6,34.9,25,78.2,23,100,4.17,rain,0,0,28.4,27,86.9,1010,72.4,11,268.3,23.3,10,30,2022-02-02T06:21:15,2022-02-02T18:18:08,0.03,"Rain, Partially cloudy",Partly cloudy throughout the day with morning rain.,rain,"VRMM,remote,43555099999"
"MalÃ©, Maldives",2022-02-03,31.2,27.9,29.4,36.9,31.2,33.8,23.6,71.4,0,0,0,,0,0,19.4,25.9,79.2,1010.7,41.3,8,278.6,24.1,10,10,2022-02-03T06:21:17,2022-02-03T18:18:21,0.07,Partially cloudy,Clearing in the afternoon.,partly-cloudy-day,"VRMM,43555099999"
"MalÃ©, Maldives",2022-02-04,32,27,29.1,39.2,30.1,34,24.3,75.3,0,0,0,rain,0,0,22,16.6,1,1009.6,48.7,9.4,275.7,23.8,10,10,2022-02-04T06:21:18,2022-02-04T18:18:32,0.1,Partially cloudy,Partly cloudy throughout the day.,partly-cloudy-day,"VRMM,43555099999"
"MalÃ©, Maldives",2022-02-05,31.2,27,29.4,36.6,30.1,33.6,23.5,70.8,0,0,0,,0,0,20.2,20.5,17.3,1009,84.8,11.1,273.4,23.7,10,10,2022-02-05T06:21:18,2022-02-05T18:18:43,0.13,Partially cloudy,Partly cloudy throughout the day.,partly-cloudy-day,"VRMM,43555099999"
"MalÃ©, Maldives",2022-02-06,31,26,28.8,35.5,26,32.3,22.9,70.9,0,0,0,,0,0,20.2,20.5,38.5,1011.5,64.5,11.2,286.3,24.8,10,10,2022-02-06T06:21:17,2022-02-06T18:18:53,0.16,Partially cloudy,Partly cloudy throughout the day.,partly-cloudy-day,"VRMM,43555099999"
"MalÃ©, Maldives",2022-02-07,32,27,29.2,37.9,29.2,33,23.1,69.9,0,0,0,rain,0,0,20.5,16.6,8.6,1012.2,70.3,11.2,279.5,24.2,10,10,2022-02-07T06:21:15,2022-02-07T18:19:02,0.2,Partially cloudy,Partly cloudy throughout the day.,partly-cloudy-day,"VRMM,43555099999"
"MalÃ©, Maldives",2022-02-08,32,27,29.4,37.9,29.2,33.8,23.6,71.1,0,0,0,rain,0,0,29.2,20.5,13.3,1010.8,84.9,10.9,253.7,21.9,10,10,2022-02-08T06:21:12,2022-02-08T18:19:10,0.25,Partially cloudy,Partly cloudy throughout the day.,partly-cloudy-day,"VRMM,43555099999"
"MalÃ©, Maldives",2022-02-09,31,27.7,29.5,36.6,30.9,33.9,23.6,71,0,0,0,rain,0,0,23.4,18.4,0.1,1010.3,81.3,10.5,265.2,23.2,10,10,2022-02-09T06:21:08,2022-02-09T18:19:18,0.26,Partially cloudy,Partly cloudy throughout the day.,partly-cloudy-day,"VRMM,43555099999"
"MalÃ©, Maldives",2022-02-10,31,25.6,28.3,37.8,25.6,32.7,24.5,79.9,10,100,8.33,rain,0,0,17.6,18.4,338.3,1009.5,80.8,9.9,260.1,22.5,10,30,2022-02-10T06:21:04,2022-02-10T18:19:25,0.29,"Rain, Partially cloudy",Partly cloudy throughout the day with rain.,rain,"VRMM,43555099999"
"MalÃ©, Maldives",2022-02-11,31,25,28.4,37.8,25,32.1,24.3,79,0.3,100,4.17,rain,0,0,22.3,20.5,86.8,1009,90.6,9.3,268,23.3,10,10,2022-02-11T06:20:58,2022-02-11T18:19:31,0.32,"Rain, Overcast",Cloudy skies throughout the day with morning rain.,rain,"VRMM,43555099999"
"MalÃ©, Maldives",2022-02-12,31,27,28.7,39.1,30.1,33.6,24.6,78.6,0,0,0,rain,0,0,15.8,24.1,66.8,1009.1,89.2,10.5,233.6,20.3,10,30,2022-02-12T06:20:52,2022-02-12T18:19:37,0.36,Partially cloudy,Partly cloudy throughout the day.,partly-cloudy-day,"VRMM,43555099999"
"MalÃ©, Maldives",2022-02-13,31.1,27,29.1,37.8,30.6,34.2,24.8,78.1,0,0,0,rain,0,0,24.1,25.9,44.1,1008.3,89.2,10.5,189.2,16.4,7,30,2022-02-13T06:20:45,2022-02-13T18:19:42,0.39,Partially cloudy,Partly cloudy throughout the day.,partly-cloudy-day,"VRMM,43555099999"
"MalÃ©, Maldives",2022-02-14,32,27,29.3,39.2,30.1,34.6,24.6,76,0,0,0,rain,0,0,23.4,24.1,66.6,1008.3,89.2,10.2,219.8,19.1,8,30,2022-02-14T06:20:37,2022-02-14T18:19:46,0.42,Partially cloudy,Partly cloudy throughout the day.,partly-cloudy-day,"VRMM,43555099999"
"MalÃ©, Maldives",2022-02-15,31,26,29,37.8,26,33.9,24.8,78.3,0,0,0,,0,0,15.5,18.4,43.7,1008.7,89.2,9.9,273.5,23.6,10,10,2022-02-15T06:20:29,2022-02-15T18:19:49,0.45,Partially cloudy,Partly cloudy throughout the day.,partly-cloudy-day,"VRMM,43555099999"
"MalÃ©, Maldives",2022-02-16,31,27,29.2,38,30.1,34.5,24.7,77,0,0,0,rain,0,0,16.9,18.4,6.8,1007.4,89.2,9.5,201.9,17.6,9,10,2022-02-16T06:20:20,2022-02-16T18:19:52,0.5,Partially cloudy,Partly cloudy throughout the day.,partly-cloudy-day,"VRMM,43555099999"
"MalÃ©, Maldives",2022-02-17,31,26.8,28.7,36.6,29.6,32.7,23.7,75,0,0,0,rain,0,0,15.8,14.8,19.9,1006,89.2,11,268.4,23.4,10,10,2022-02-17T06:20:09,2022-02-17T18:19:54,0.52,Partially cloudy,Partly cloudy throughout the day.,partly-cloudy-day,"VRMM,43555099999"
"MalÃ©, Maldives",2022-02-18,31.2,25.7,28.8,37.7,25.7,32.4,23.5,73.7,0,0,0,rain,0,0,24.5,31.7,80.8,1007.2,88.4,10.9,278.9,24.2,10,10,2022-02-18T06:19:58,2022-02-18T18:19:55,0.56,Partially cloudy,Partly cloudy throughout the day.,partly-cloudy-day,"VRMM,43555099999"
"MalÃ©, Maldives",2022-02-19,31,27,29.1,37.8,29.7,33.9,24,74,0,0,0,,0,0,26.6,27.7,96.5,1008.7,73.1,10.3,264.7,23.2,10,10,2022-02-19T06:19:47,2022-02-19T18:19:56,0.59,Partially cloudy,Partly cloudy throughout the day.,partly-cloudy-day,"VRMM,43555099999"
"MalÃ©, Maldives",2022-02-20,32,27.8,29.3,39.2,30.9,34.1,24,73.3,0,0,0,,0,0,22.7,22.3,101.3,1009.7,66.8,10.5,280.5,24.5,10,10,2022-02-20T06:19:34,2022-02-20T18:19:56,0.63,Partially cloudy,Partly cloudy throughout the day.,partly-cloudy-day,"VRMM,43555099999"
"MalÃ©, Maldives",2022-02-21,31,26.1,28.8,37.8,26.1,33.3,24.3,76.8,0,0,0,,0,0,11.5,13,78.6,1009.1,40.4,11.5,284.7,24.9,10,10,2022-02-21T06:19:21,2022-02-21T18:19:56,0.66,Partially cloudy,Clearing in the afternoon.,partly-cloudy-day,"VRMM,43555099999"
"MalÃ©, Maldives",2022-02-22,31.1,26.8,29.1,37.8,29.7,33.7,24.1,74.8,0,0,0,,0,0,12.6,14.8,76.2,1010.1,31,10.3,290.7,25.2,10,10,2022-02-22T06:19:08,2022-02-22T18:19:55,0.7,Partially cloudy,Partly cloudy throughout the day.,partly-cloudy-day,"VRMM,43555099999"
"MalÃ©, Maldives",2022-02-23,32,27,29.2,39.2,30.1,34.1,24.2,74.7,0.1,100,4.17,rain,0,0,20.2,22.3,86.3,1011,33.3,11.5,278.9,24.3,10,30,2022-02-23T06:18:53,2022-02-23T18:19:53,0.73,"Rain, Partially cloudy",Partly cloudy throughout the day with afternoon rain.,rain,"VRMM,remote,43555099999"
"MalÃ©, Maldives",2022-02-24,32,28,29.7,39.5,31.3,35.1,24.5,74,0,0,0,rain,0,0,21.6,25.9,74.9,1012,39.9,9.6,280.3,24.2,10,30,2022-02-24T06:18:38,2022-02-24T18:19:51,0.75,Partially cloudy,Partly cloudy throughout the day.,partly-cloudy-day,"VRMM,43555099999"
"MalÃ©, Maldives",2022-02-25,32,28,29.8,40.7,32,35.4,24.6,74,0,0,0,rain,0,0,28.4,31.7,72.7,1011,38.7,9.7,280.8,24.5,10,30,2022-02-25T06:18:22,2022-02-25T18:19:48,0.81,Partially cloudy,Partly cloudy throughout the day.,partly-cloudy-day,"VRMM,43555099999"
"MalÃ©, Maldives",2022-02-26,32,28,29.7,39.2,31.9,35.2,24.6,74.5,0,0,0,rain,0,0,28.8,29.5,77.5,1010.8,36.4,9.2,278.6,24.3,10,60,2022-02-26T06:18:06,2022-02-26T18:19:45,0.84,Partially cloudy,Partly cloudy throughout the day.,partly-cloudy-day,"VRMM,43555099999"
"MalÃ©, Maldives",2022-02-27,32,28.2,29.9,40.7,32.9,36.1,25.1,75.8,0,0,0,rain,0,0,26.6,25.9,81.9,1011.4,38,9.4,265.5,23.1,10,30,2022-02-27T06:17:49,2022-02-27T18:19:41,0.88,Partially cloudy,Partly cloudy throughout the day.,partly-cloudy-day,"VRMM,43555099999"
"MalÃ©, Maldives",2022-02-28,32,26,29.3,39.2,26,34.4,24.7,76.5,0.6,100,4.17,rain,0,0,28.8,29.5,74.7,1011.1,47.1,10,274.3,23.8,10,30,2022-02-28T06:17:32,2022-02-28T18:19:37,0.91,"Rain, Partially cloudy",Partly cloudy throughout the day with late afternoon rain.,rain,"VRMM,remote,43555099999"
"MalÃ©, Maldives",2022-03-01,32,27.7,29.7,39.2,31.5,34.8,24.3,73,0,0,0,rain,0,0,28.8,25.9,48.4,1010.9,30.2,9.4,292,21,10,30,2022-03-01T06:17:14,2022-03-01T18:19:32,0.95,Partially cloudy,Partly cloudy throughout the day.,partly-cloudy-day,"VRMM,43555099999"
"MalÃ©, Maldives",2022-03-02,32,27.9,29.7,37.9,31.7,34.2,23.7,70.7,0,0,0,,0,0,36,25.9,32.8,1010,72.5,9.2,284.1,20.5,10,10,2022-03-02T06:16:55,2022-03-02T18:19:26,0,Partially cloudy,Partly cloudy throughout the day.,partly-cloudy-day,"VRMM,43555099999"
"MalÃ©, Maldives",2022-03-03,32,27.8,29.5,37.9,30.8,34.2,23.8,71.3,0,0,0,rain,0,0,35.6,29.5,37.4,1009.4,89.2,9,249.7,17.8,9,10,2022-03-03T06:16:36,2022-03-03T18:19:21,0.02,Partially cloudy,Partly cloudy throughout the day.,partly-cloudy-day,"VRMM,43555099999"
"MalÃ©, Maldives",2022-03-04,32,27,29.6,37.9,30.1,34.4,24.1,72.6,0,0,0,,0,0,28.8,24.1,51.1,1010.3,78.9,8.5,293.4,21.2,10,10,2022-03-04T06:16:16,2022-03-04T18:19:14,0.05,Partially cloudy,Partly cloudy throughout the day.,partly-cloudy-day,"VRMM,43555099999"
"MalÃ©, Maldives",2022-03-05,32,26,29.1,39.2,26,33.5,23.8,73.4,0,0,0,,0,0,15.8,13,8.9,1010,68.2,9,296.2,21.3,10,10,2022-03-05T06:15:56,2022-03-05T18:19:08,0.08,Partially cloudy,Partly cloudy throughout the day.,partly-cloudy-day,"VRMM,43555099999"
"MalÃ©, Maldives",2022-03-06,32,28,29.5,37.9,31.8,34.3,24.1,73,0,0,0,rain,0,0,17.6,13,356.2,1009.3,50.9,9,296.9,21.4,10,10,2022-03-06T06:15:36,2022-03-06T18:19:01,0.11,Partially cloudy,Partly cloudy throughout the day.,partly-cloudy-day,"VRMM,43555099999"
"MalÃ©, Maldives",2022-03-07,32,27,29.2,37.9,29.2,33.6,23.8,73.2,0,0,0,,0,0,15.5,16.6,84.9,1009.2,68,9.8,306,24.3,10,10,2022-03-07T06:15:15,2022-03-07T18:18:53,0.15,Partially cloudy,Partly cloudy throughout the day.,partly-cloudy-day,"VRMM,remote,43555099999"
"MalÃ©, Maldives",2022-03-08,32,27,29.2,37.9,29.7,33.6,23.6,72.2,0,0,0,,0,0,17.6,18.4,74.4,1009.4,36.1,9.7,297.2,25.8,10,10,2022-03-08T06:14:54,2022-03-08T18:18:45,0.18,Partially cloudy,Clearing in the afternoon.,partly-cloudy-day,"VRMM,43555099999"
"MalÃ©, Maldives",2022-03-09,32,27.7,29.4,39.2,30,34.7,24.6,75.7,0,0,0,rain,0,0,22.3,20.5,76.4,1009,41.4,10.6,299,25.9,10,30,2022-03-09T06:14:32,2022-03-09T18:18:37,0.21,Partially cloudy,Partly cloudy throughout the day.,partly-cloudy-day,"VRMM,remote,43555099999"
"MalÃ©, Maldives",2022-03-10,32,26,29.1,37.9,26,33.4,24.2,75.7,1.5,100,4.17,rain,0,0,20.9,20.5,62.2,1009.3,48.2,8.5,300.4,26,10,30,2022-03-10T06:14:10,2022-03-10T18:18:29,0.25,"Rain, Partially cloudy",Partly cloudy throughout the day with early morning rain.,rain,"VRMM,remote,43555099999"
"MalÃ©, Maldives",2022-03-11,31,27,29,37.8,30.1,33.8,24.3,76.3,0,0,0,,0,0,14.8,14.8,47.3,1008.8,35.4,9.7,300.2,26,10,30,2022-03-11T06:13:47,2022-03-11T18:18:20,0.27,Partially cloudy,Partly cloudy throughout the day.,partly-cloudy-day,"VRMM,remote,43555099999"
"MalÃ©, Maldives",2022-03-12,32,27,29.3,39.2,30.1,34.3,24.3,74.7,0,0,0,,0,0,14.8,14.8,5.1,1008.5,32.2,9.4,300.1,26,10,10,2022-03-12T06:13:25,2022-03-12T18:18:11,0.31,Partially cloudy,Becoming cloudy in the afternoon.,partly-cloudy-day,"VRMM,remote,43555099999"
"MalÃ©, Maldives",2022-03-13,32,28,29.7,40.7,32,35.5,24.8,75.5,0,0,0,rain,0,0,18.7,14.8,40.3,1008.1,34.4,8.3,298.5,25.8,10,30,2022-03-13T06:13:01,2022-03-13T18:18:01,0.34,Partially cloudy,Partly cloudy throughout the day.,partly-cloudy-day,"VRMM,43555099999"
"MalÃ©, Maldives",2022-03-14,31,28,29.4,39.1,32.7,35.4,25.2,78.1,0,0,0,rain,0,0,19.4,18.4,350.4,1008.9,58.9,7.9,288.4,25,10,30,2022-03-14T06:12:38,2022-03-14T18:17:52,0.37,Partially cloudy,Partly cloudy throughout the day.,partly-cloudy-day,"VRMM,43555099999"
"MalÃ©, Maldives",2022-03-15,31,27,29.5,37.8,30.6,35,24.7,75.5,0,0,0,,0,0,11.9,11.2,313.1,1009.3,86.3,8.1,289.4,24.9,10,30,2022-03-15T06:12:14,2022-03-15T18:17:42,0.4,Partially cloudy,Partly cloudy throughout the day.,partly-cloudy-day,"VRMM,remote,43555099999"
"MalÃ©, Maldives",2022-03-16,32,28,29.6,39.2,32.3,35.5,25,76.6,0,0,0,,0,0,21.6,20.9,282.5,1008.8,90.6,9.7,275.8,23.9,10,30,2022-03-16T06:11:51,2022-03-16T18:17:32,0.44,Overcast,Cloudy skies throughout the day.,cloudy,"VRMM,remote,43555099999"
"MalÃ©, Maldives",2022-03-17,31,28.8,29.7,39.1,32.9,36.8,25.9,79.9,0.1,100,4.17,rain,0,0,19.4,20.5,284.2,1007.9,89.6,8.5,284.8,24.8,10,30,2022-03-17T06:11:27,2022-03-17T18:17:21,0.47,"Rain, Partially cloudy",Partly cloudy throughout the day with afternoon rain.,rain,"VRMM,remote,43555099999"
"MalÃ©, Maldives",2022-03-18,32,27.8,29.7,44.2,31.1,36.8,25.8,79.6,0,0,0,rain,0,0,27.4,25.9,253.1,1008.3,73.6,9,249.9,21.7,9,30,2022-03-18T06:11:02,2022-03-18T18:17:11,0.5,Partially cloudy,Partly cloudy throughout the day.,partly-cloudy-day,"VRMM,remote,43555099999"
"MalÃ©, Maldives",2022-03-19,31,28,29.3,39.1,32,35.5,25.3,79.4,0.2,100,4.17,rain,0,0,32,35.3,252.5,1008.6,65.7,9.6,298,25.8,10,30,2022-03-19T06:10:38,2022-03-19T18:17:00,0.54,"Rain, Partially cloudy",Partly cloudy throughout the day with afternoon rain.,rain,"VRMM,remote,43555099999"
"MalÃ©, Maldives",2022-03-20,31,28,29.5,39.1,31.6,35.3,24.9,76.3,0.1,100,4.17,rain,0,0,32.4,35.3,276.8,1008.8,77.6,9.1,292.8,25.5,10,30,2022-03-20T06:10:13,2022-03-20T18:16:50,0.57,"Rain, Partially cloudy",Partly cloudy throughout the day with early morning rain.,rain,"VRMM,remote,43555099999"
"MalÃ©, Maldives",2022-03-21,31.1,29,29.8,39.2,33.6,35.8,24.9,75,0,0,0,rain,0,0,29.5,31.7,275.8,1008.9,48.9,7.3,300,25.9,10,30,2022-03-21T06:09:49,2022-03-21T18:16:39,0.61,Partially cloudy,Partly cloudy throughout the day.,partly-cloudy-day,"VRMM,43555099999"
"MalÃ©, Maldives",2022-03-22,31.1,28.8,29.6,36.6,32.8,34.4,23.9,71.7,0,0,0,,0,0,27.4,27.7,294.5,1008.8,40,9.1,304.5,26.2,10,10,2022-03-22T06:09:24,2022-03-22T18:16:28,0.64,Partially cloudy,Partly cloudy throughout the day.,partly-cloudy-day,"VRMM,43555099999"
"MalÃ©, Maldives",2022-03-23,31.2,28.2,29.8,36.7,32.2,34.5,23.8,70.5,0,0,0,rain,0,0,22,22.3,295.5,1008.1,33.4,9.3,322.5,27.8,10,10,2022-03-23T06:08:59,2022-03-23T18:16:17,0.68,Partially cloudy,Partly cloudy throughout the day.,partly-cloudy-day,"VRMM,43555099999"
"MalÃ©, Maldives",2022-03-24,32,28,29.8,37.9,31.3,34.1,23.3,68.6,0,0,0,,0,0,25.6,20.5,273.5,1008.1,27.7,9.5,319.5,27.6,10,10,2022-03-24T06:08:34,2022-03-24T18:16:06,0.71,Partially cloudy,Partly cloudy throughout the day.,partly-cloudy-day,"VRMM,43555099999"
"MalÃ©, Maldives",2022-03-25,32,28,29.7,37.9,31.3,34,23.4,69.2,0,0,0,rain,0,0,23,18.4,286.3,1009.1,24.6,10,323.6,28,10,30,2022-03-25T06:08:09,2022-03-25T18:15:54,0.75,Partially cloudy,Partly cloudy throughout the day.,partly-cloudy-day,"VRMM,43555099999"
"MalÃ©, Maldives",2022-03-26,32,26,29.2,36.9,26,32.7,22.9,69.1,0,0,0,,0,0,10.8,13,31.3,1010.4,26.5,10,325.4,28,10,5,2022-03-26T06:07:44,2022-03-26T18:15:43,0.79,Partially cloudy,Partly cloudy throughout the day.,partly-cloudy-day,"VRMM,43555099999"
"MalÃ©, Maldives",2022-03-27,32,27,29.5,37.9,29.2,33.7,23.2,69.2,0,0,0,,0,0,19.4,16.6,89.7,1010.3,33.3,10.4,324.9,28,10,10,2022-03-27T06:07:19,2022-03-27T18:15:32,0.82,Partially cloudy,Partly cloudy throughout the day.,partly-cloudy-day,"VRMM,43555099999"
"MalÃ©, Maldives",2022-03-28,33,28,30.1,40.6,30.8,35.6,24.3,71.3,0,0,0,rain,0,0,15.1,14.8,126.7,1010.3,34,10.9,290.1,25.1,10,10,2022-03-28T06:06:54,2022-03-28T18:15:21,0.86,Partially cloudy,Partly cloudy throughout the day.,partly-cloudy-day,"VRMM,remote,43555099999"
"MalÃ©, Maldives",2022-03-29,31,27.8,28.9,37.8,30.2,33.9,24.4,76.8,23,100,4.17,rain,0,0,6.8,13,222.3,1009.9,51.5,11.5,313.2,27.1,10,30,2022-03-29T06:06:29,2022-03-29T18:15:10,0.89,"Rain, Partially cloudy",Partly cloudy throughout the day with afternoon rain.,rain,"VRMM,remote,43555099999"
"MalÃ©, Maldives",2022-03-30,31.7,28,29.6,39,32,35.2,24.7,75,0,0,0,rain,0,0,10.4,11.2,208.6,1009.5,41.8,11.2,315.7,27.3,10,30,2022-03-30T06:06:04,2022-03-30T18:14:59,0.93,Partially cloudy,Partly cloudy throughout the day.,partly-cloudy-day,"VRMM,43555099999"
"MalÃ©, Maldives",2022-03-31,31.4,28,29.6,39.1,32.4,35.3,24.7,74.9,0,0,0,rain,0,0,8.6,7.6,254.3,1009.3,30.2,11,316,27.5,10,30,2022-03-31T06:05:39,2022-03-31T18:14:48,0.97,Partially cloudy,Partly cloudy throughout the day.,partly-cloudy-day,"VRMM,43555099999"
"MalÃ©, Maldives",2022-04-01,32,28,30.1,39.2,32,36,24.7,73,0,0,0,rain,0,0,10.4,11.2,258.8,1010,31.2,11.8,314.8,27.3,10,30,2022-04-01T06:05:14,2022-04-01T18:14:37,0,Partially cloudy,Partly cloudy throughout the day.,partly-cloudy-day,"VRMM,43555099999"
"MalÃ©, Maldives",2022-04-02,32.3,28.7,30.3,40.7,33.6,36.5,24.9,73,0,0,0,,0,0,11.2,11.2,254.7,1010.7,28.3,11.5,313.7,27.1,10,30,2022-04-02T06:04:50,2022-04-02T18:14:26,0.03,Partially cloudy,Partly cloudy throughout the day.,partly-cloudy-day,"VRMM,43555099999"
"MalÃ©, Maldives",2022-04-03,32,28,30,39.2,32,35.5,24.4,72.1,0,0,0,rain,0,0,9.4,9.4,243.1,1009.6,27.6,12.2,313.5,27.1,10,30,2022-04-03T06:04:25,2022-04-03T18:14:15,0.07,Partially cloudy,Partly cloudy throughout the day.,partly-cloudy-day,"VRMM,43555099999"
"MalÃ©, Maldives",2022-04-04,33,26.9,30,39.3,29.9,34.9,24,70.7,0,0,0,,0,0,6.1,11.2,195.9,1010.1,24,12,315.9,27.4,10,10,2022-04-04T06:04:01,2022-04-04T18:14:05,0.1,Partially cloudy,Partly cloudy throughout the day.,partly-cloudy-day,"VRMM,43555099999"
"MalÃ©, Maldives",2022-04-05,32.1,28,29.4,39.4,31,34.9,24.8,76.6,9,100,4.17,rain,0,0,5.8,22.3,179.5,1011.5,46.8,11.9,298.1,25.7,10,10,2022-04-05T06:03:37,2022-04-05T18:13:54,0.13,"Rain, Partially cloudy",Partly cloudy throughout the day with afternoon rain.,rain,"VRMM,remote,43555099999"
"MalÃ©, Maldives",2022-04-06,32,27,29.3,39.2,30.1,34.4,24.3,74.6,2,100,4.17,rain,0,0,12.2,14.8,299.3,1012,43.4,12.9,313.3,26.9,10,30,2022-04-06T06:03:13,2022-04-06T18:13:44,0.16,"Rain, Partially cloudy",Partly cloudy throughout the day with morning rain.,rain,"VRMM,remote,43555099999"
"MalÃ©, Maldives",2022-04-07,32,27.8,29.9,40.7,32.3,35.9,25,75.7,0,0,0,,0,0,6.1,9.4,300.9,1010.7,30.4,12.5,320.3,27.6,10,30,2022-04-07T06:02:49,2022-04-07T18:13:34,0.19,Partially cloudy,Partly cloudy throughout the day.,partly-cloudy-day,"VRMM,43555099999"
"MalÃ©, Maldives",2022-04-08,32.1,28.7,30.4,39.2,33.1,35.9,24.2,70,0,0,0,,0,0,13.3,14.8,236.4,1010.2,25.6,12.9,315,27.2,10,30,2022-04-08T06:02:25,2022-04-08T18:13:24,0.23,Partially cloudy,Partly cloudy throughout the day.,partly-cloudy-day,"VRMM,43555099999"
"MalÃ©, Maldives",2022-04-09,31.2,28.1,29.8,39.1,32.6,35.7,24.9,75.3,0.4,100,8.33,rain,0,0,38.9,24.1,243.8,1009.6,71.5,14.1,309.7,26.8,10,30,2022-04-09T06:02:02,2022-04-09T18:13:15,0.25,"Rain, Partially cloudy",Partly cloudy throughout the day with afternoon rain.,rain,"VRMM,remote,43555099999"
"MalÃ©, Maldives",2022-04-10,32,28,29.5,40.7,32.6,35.5,25,76.8,0.2,100,4.17,rain,0,0,25.2,33.5,268.4,1009.3,57.1,12.7,307.1,26.5,10,30,2022-04-10T06:01:39,2022-04-10T18:13:05,0.29,"Rain, Partially cloudy",Becoming cloudy in the afternoon with early morning rain.,rain,"VRMM,remote,43555099999"
"MalÃ©, Maldives",2022-04-11,32.1,28,30.1,40.7,33.6,37.1,25.6,77.1,0,0,0,rain,0,0,24.1,24.1,283.8,1008.1,43.8,12.9,314.3,27.1,10,30,2022-04-11T06:01:17,2022-04-11T18:12:56,0.32,Partially cloudy,Partly cloudy throughout the day.,partly-cloudy-day,"VRMM,43555099999"
"MalÃ©, Maldives",2022-04-12,32.1,28,30.1,42.3,32.7,37.1,25.7,77.4,1.4,100,4.17,rain,0,0,23.8,27.7,264.8,1007.3,55.3,11.8,308.1,26.6,10,30,2022-04-12T06:00:54,2022-04-12T18:12:47,0.36,"Rain, Partially cloudy",Partly cloudy throughout the day with early morning rain.,rain,"VRMM,remote,43555099999"
"MalÃ©, Maldives",2022-04-13,30,25,28.1,36.6,25,32.2,25,83.7,3.1,100,4.17,rain,0,0,28.8,29.5,259.8,1007,87.2,10.9,191.3,16.5,7,60,2022-04-13T06:00:32,2022-04-13T18:12:39,0.39,"Rain, Partially cloudy",Partly cloudy throughout the day with early morning rain.,rain,"VRMM,remote,43555099999"
"MalÃ©, Maldives",2022-04-14,32.3,27,29.8,40.9,30.1,36.4,25.5,78.2,1,100,4.17,rain,0,0,23.8,25.9,262.2,1007.5,86.6,11.5,293.1,25.2,10,60,2022-04-14T06:00:10,2022-04-14T18:12:31,0.42,"Rain, Partially cloudy",Partly cloudy throughout the day with early morning rain.,rain,"VRMM,43555099999"
"MalÃ©, Maldives",2022-04-15,33,28.3,30.5,42.2,33.4,37.5,25.5,74.8,0,0,0,,0,0,14.4,14.8,233,1007.5,53.8,12.4,310.4,26.9,10,30,2022-04-15T05:59:49,2022-04-15T18:12:23,0.45,Partially cloudy,Partly cloudy throughout the day.,partly-cloudy-day,"VRMM,43555099999"
"MalÃ©, Maldives",2022-04-16,33.3,29,30.9,43.9,34.6,38.5,25.7,73.8,0,0,0,rain,0,0,14.4,16.6,183.8,1006.8,62.1,12.7,310.5,26.8,10,30,2022-04-16T05:59:28,2022-04-16T18:12:15,0.5,Partially cloudy,Partly cloudy throughout the day.,partly-cloudy-day,"VRMM,43555099999"
"MalÃ©, Maldives",2022-04-17,34,29,31.1,43.6,34.6,38.7,25.6,73,0,0,0,rain,0,0,20.5,18.4,177.2,1007.7,42.4,13,284.6,24.6,9,30,2022-04-17T05:59:08,2022-04-17T18:12:08,0.52,Partially cloudy,Partly cloudy throughout the day.,partly-cloudy-day,"VRMM,43555099999"
"MalÃ©, Maldives",2022-04-18,33.7,29,30.9,41.6,34.6,37.3,24.8,70.2,0,0,0,rain,0,0,20.9,20.5,200.9,1009.6,35.5,12.9,310.8,27,10,30,2022-04-18T05:58:48,2022-04-18T18:12:01,0.55,Partially cloudy,Partly cloudy throughout the day.,partly-cloudy-day,"VRMM,43555099999"
"MalÃ©, Maldives",2022-04-19,32.7,26,30.3,40.7,26,36.2,24.7,72.3,0,0,0,,0,0,15.5,18.4,270.2,1010.8,48.6,12.8,277.3,24.1,9,30,2022-04-19T05:58:28,2022-04-19T18:11:54,0.59,Partially cloudy,Partly cloudy throughout the day.,partly-cloudy-day,"VRMM,43555099999"
"MalÃ©, Maldives",2022-04-20,32,28.7,30.2,40.7,33.3,36.8,25.2,74.9,0,0,0,rain,0,0,19.1,22.3,289.6,1008.7,53,12.5,308.6,26.7,10,30,2022-04-20T05:58:09,2022-04-20T18:11:48,0.62,Partially cloudy,Partly cloudy throughout the day.,partly-cloudy-day,"VRMM,43555099999"
"MalÃ©, Maldives",2022-04-21,33,28.6,30.6,42.2,32.7,37.9,25.6,75.1,1.3,100,4.17,rain,0,0,15.8,18.4,274.9,1007.7,65.2,13.8,300.8,26,10,60,2022-04-21T05:57:50,2022-04-21T18:11:42,0.66,"Rain, Partially cloudy",Partly cloudy throughout the day with early morning rain.,rain,"VRMM,remote,43555099999"
"MalÃ©, Maldives",2022-04-22,33,26,29.7,42.2,26,36.2,25.7,79.6,9,100,4.17,rain,0,0,19.8,27.7,248.2,1008.3,87.7,11.7,300.8,26.1,10,30,2022-04-22T05:57:32,2022-04-22T18:11:37,0.7,"Rain, Partially cloudy",Partly cloudy throughout the day with late afternoon rain.,rain,"VRMM,remote,43555099999"
"MalÃ©, Maldives",2022-04-23,32,27,29.5,39.2,30.6,35.1,24.8,76.4,0,0,0,rain,0,0,22.7,31.7,244.2,1008.7,73.4,11.6,154.8,13.6,8,30,2022-04-23T05:57:14,2022-04-23T18:11:32,0.75,Partially cloudy,Partly cloudy throughout the day.,partly-cloudy-day,"VRMM,remote,43555099999"
"MalÃ©, Maldives",2022-04-24,32,28,30.3,39.5,32.7,36.6,25,73.5,0,0,0,,0,0,16.9,16.6,260.4,1007.7,62.9,12.8,289.5,25,10,30,2022-04-24T05:56:56,2022-04-24T18:11:27,0.77,Partially cloudy,Partly cloudy throughout the day.,partly-cloudy-day,"VRMM,43555099999"
"MalÃ©, Maldives",2022-04-25,33,28.9,30.7,42.2,34.4,37.8,25.4,73.7,0,0,0,rain,0,0,10.8,16.6,259.5,1007.6,57,13,306.9,26.5,10,30,2022-04-25T05:56:40,2022-04-25T18:11:23,0.8,Partially cloudy,Partly cloudy throughout the day.,partly-cloudy-day,"VRMM,43555099999"
"MalÃ©, Maldives",2022-04-26,33.1,29,30.6,42.3,34.6,37.8,25.6,75.1,0,0,0,,0,0,11.2,14.8,284.2,1007.7,52.1,12.9,295.9,25.6,10,30,2022-04-26T05:56:23,2022-04-26T18:11:19,0.84,Partially cloudy,Clearing in the afternoon.,partly-cloudy-day,"VRMM,43555099999"
"MalÃ©, Maldives",2022-04-27,32,27.2,29.9,41.9,30.9,36.6,25.5,77.5,11,100,4.17,rain,0,0,7.6,25.9,260.7,1007.4,80.7,14,303.3,26.1,10,30,2022-04-27T05:56:07,2022-04-27T18:11:16,0.87,"Rain, Partially cloudy",Partly cloudy throughout the day with late afternoon rain.,rain,"VRMM,remote,43555099999"
"MalÃ©, Maldives",2022-04-28,33,28,30.2,43.9,32.7,37.8,26.1,79,0,0,0,rain,0,0,16.9,25.9,214.5,1008.5,73,13,301.5,26,10,60,2022-04-28T05:55:52,2022-04-28T18:11:13,0.91,Partially cloudy,Partly cloudy throughout the day.,partly-cloudy-day,"VRMM,remote,43555099999"
"MalÃ©, Maldives",2022-04-29,31.9,27,29.4,41.6,30.6,36,25.7,80.6,3,100,4.17,rain,0,0,21.2,29.5,239.1,1009.9,85.3,12.1,264.9,22.9,10,60,2022-04-29T05:55:38,2022-04-29T18:11:11,0.94,"Rain, Partially cloudy",Partly cloudy throughout the day with morning rain.,rain,"VRMM,remote,43555099999"
"MalÃ©, Maldives",2022-04-30,32,29,30.5,40.8,34.9,37.5,25.5,75.2,0,0,0,rain,0,0,27.7,29.5,260.6,1008.5,86.8,12,286.7,24.7,10,60,2022-04-30T05:55:24,2022-04-30T18:11:09,0.98,Partially cloudy,Partly cloudy throughout the day.,partly-cloudy-day,"VRMM,43555099999"
"MalÃ©, Maldives",2022-05-01,30.2,28,29.4,38.9,33.6,36,25.6,80,1,100,4.17,rain,0,0,35.6,42.5,263.2,1008.2,87.7,11.3,287.2,24.9,9,75,2022-05-01T05:55:10,2022-05-01T18:11:07,0,"Rain, Partially cloudy",Partly cloudy throughout the day with morning rain.,rain,"VRMM,remote,43555099999"
"MalÃ©, Maldives",2022-05-02,32,29.8,30.6,40.7,36,38.1,25.8,75.8,0,0,0,rain,0,0,35.3,37.1,271,1007.6,89.2,11.6,267.3,23,9,75,2022-05-02T05:54:57,2022-05-02T18:11:06,0.05,Partially cloudy,Partly cloudy throughout the day.,partly-cloudy-day,"VRMM,43555099999"
"MalÃ©, Maldives",2022-05-03,32.7,27,30.5,42.3,30.6,38.6,26.3,78.4,3,100,4.17,rain,0,0,33.5,29.5,283.7,1007.9,92.1,10.9,258.5,22.4,10,60,2022-05-03T05:54:45,2022-05-03T18:11:06,0.08,"Rain, Overcast",Cloudy skies throughout the day with late afternoon rain.,rain,"VRMM,remote,43555099999"
"MalÃ©, Maldives",2022-05-04,32,27.8,29.8,40.7,31.7,36.3,25.5,78.3,1.1,100,8.33,rain,0,0,39.2,37.1,268.9,1009.2,92.8,10.8,146.3,12.6,6,30,2022-05-04T05:54:33,2022-05-04T18:11:06,0.11,"Rain, Overcast",Cloudy skies throughout the day with early morning rain.,rain,"VRMM,remote,43555099999"
"MalÃ©, Maldives",2022-05-05,32,28,29.5,40.7,32.4,36,25.5,79.3,13,100,4.17,rain,0,0,31.7,31.7,275.4,1008.8,93.3,12.3,154.2,13.3,8,60,2022-05-05T05:54:22,2022-05-05T18:11:06,0.14,"Rain, Overcast",Cloudy skies throughout the day with afternoon rain.,rain,"VRMM,remote,43555099999"
"MalÃ©, Maldives",2022-05-06,31.9,28,29.9,41.9,33.6,37.5,26.2,80.7,0,0,0,rain,0,0,31.3,27.7,263.8,1008.2,90,10.9,282.9,24.4,10,60,2022-05-06T05:54:12,2022-05-06T18:11:07,0.18,Partially cloudy,Partly cloudy throughout the day.,partly-cloudy-day,"VRMM,43555099999"
"MalÃ©, Maldives",2022-05-07,31,27.4,29.6,40.7,31.7,36.8,26,81.2,2,100,4.17,rain,0,0,31,27.7,283.4,1007.8,87.9,13.2,244.6,21.1,10,60,2022-05-07T05:54:02,2022-05-07T18:11:09,0.21,"Rain, Partially cloudy",Partly cloudy throughout the day with morning rain.,rain,"VRMM,remote,43555099999"
"MalÃ©, Maldives",2022-05-08,32,29,30.3,42.3,35.6,38.8,26.6,80.4,0.1,100,4.17,rain,0,0,34.9,33.5,272.9,1006.6,79.5,10.3,291.2,25.2,10,75,2022-05-08T05:53:53,2022-05-08T18:11:11,0.24,"Rain, Partially cloudy",Partly cloudy throughout the day with late afternoon rain.,rain,"VRMM,remote,43555099999"
"MalÃ©, Maldives",2022-05-09,32,29.2,30.5,40.8,35.9,38.8,26.3,78.6,0,0,0,rain,0,0,41,38.9,282.7,1006.8,89.1,8.3,261,22.6,9,60,2022-05-09T05:53:44,2022-05-09T18:11:13,0.25,Partially cloudy,Partly cloudy throughout the day.,partly-cloudy-day,"VRMM,43555099999"
"MalÃ©, Maldives",2022-05-10,32,29.1,30.4,42.3,34.2,38.7,26.4,79.5,0.2,100,4.17,rain,0,0,40.7,40.7,273.6,1007.1,89.7,11.7,275.6,23.8,9,75,2022-05-10T05:53:36,2022-05-10T18:11:16,0.31,"Rain, Partially cloudy",Partly cloudy throughout the day with late afternoon rain.,rain,"VRMM,remote,43555099999"
"MalÃ©, Maldives",2022-05-11,31,28.9,29.6,40.7,34.1,36.8,26,81.2,0.5,100,4.17,rain,0,0,39.2,46.4,256.9,1007.8,94.4,10.2,219.5,18.8,9,60,2022-05-11T05:53:29,2022-05-11T18:11:19,0.34,"Rain, Overcast",Cloudy skies throughout the day with morning rain.,rain,"VRMM,43555099999"
"MalÃ©, Maldives",2022-05-12,31,26,28.9,40.8,26,35,25.8,83.4,12,100,8.33,rain,0,0,36.7,55.4,248,1008.3,86.2,10.1,222.5,19.1,8,60,2022-05-12T05:53:23,2022-05-12T18:11:23,0.37,"Rain, Partially cloudy",Partly cloudy throughout the day with rain in the morning and afternoon.,rain,"VRMM,remote,43555099999"
"MalÃ©, Maldives",2022-05-13,31,26,28.9,39.1,26,34.6,25.4,81.8,24,100,8.33,rain,0,0,39.6,51.8,241.8,1007.8,91.4,9.8,274,23.7,9,30,2022-05-13T05:53:17,2022-05-13T18:11:28,0.41,"Rain, Overcast",Cloudy skies throughout the day with rain.,rain,"VRMM,remote,43555099999"
"MalÃ©, Maldives",2022-05-14,31,26,28.5,39.1,26,33.5,25.1,82.5,30.3,100,12.5,rain,0,0,71.3,59.4,253.7,1009,95.2,8.8,31.4,2.8,2,30,2022-05-14T05:53:12,2022-05-14T18:11:32,0.44,"Rain, Overcast",Cloudy skies throughout the day with rain.,rain,"VRMM,remote,43555099999"
"MalÃ©, Maldives",2022-05-15,31.2,28.9,29.9,40.7,34.4,37.5,26.2,81,0.5,100,4.17,rain,0,0,42.5,37.1,257.4,1009,88.5,10.2,155,13.5,6,30,2022-05-15T05:53:07,2022-05-15T18:11:38,0.47,"Rain, Partially cloudy",Partly cloudy throughout the day with afternoon rain.,rain,"VRMM,43555099999"
"MalÃ©, Maldives",2022-05-16,32,27.9,29.8,42.3,33.1,37.5,26.4,82,17,100,4.17,rain,0,0,44.6,42.5,260.9,1008.5,89,10,189.8,16.4,8,60,2022-05-16T05:53:03,2022-05-16T18:11:44,0.5,"Rain, Partially cloudy",Partly cloudy throughout the day with late afternoon rain.,rain,"VRMM,43555099999"
"MalÃ©, Maldives",2022-05-17,30,26.9,28.3,36.2,30.1,33.2,24.9,81.8,10,100,4.17,rain,0,0,52.2,51.8,258.4,1008.1,93.2,10.5,196,16.8,9,60,2022-05-17T05:53:00,2022-05-17T18:11:50,0.54,"Rain, Overcast",Cloudy skies throughout the day with late afternoon rain.,rain,"VRMM,remote,43555099999"
"MalÃ©, Maldives",2022-05-18,30,26,28,37.5,26,32.3,25.1,84.7,16,100,12.5,rain,0,0,45,46.4,257.6,1009.2,93.7,10.1,231.1,20,8,30,2022-05-18T05:52:57,2022-05-18T18:11:57,0.57,"Rain, Overcast",Cloudy skies throughout the day with rain.,rain,"VRMM,remote,43555099999"
"MalÃ©, Maldives",2022-05-19,31.1,27,29.1,39.3,30.6,35.1,25.3,79.9,0.4,100,4.17,rain,0,0,35.3,27.7,240.2,1009.8,89.5,12,200.1,17.1,8,60,2022-05-19T05:52:55,2022-05-19T18:12:04,0.61,"Rain, Partially cloudy",Partly cloudy throughout the day with late afternoon rain.,rain,"VRMM,remote,43555099999"
"MalÃ©, Maldives",2022-05-20,31,26,28.9,40.7,26,34.9,25.7,83.1,0.4,100,4.17,rain,0,0,29.2,35.3,233.5,1010,77,10.9,275,23.7,9,30,2022-05-20T05:52:54,2022-05-20T18:12:11,0.64,"Rain, Partially cloudy",Partly cloudy throughout the day with late afternoon rain.,rain,"VRMM,remote,43555099999"
"MalÃ©, Maldives",2022-05-21,32,28.7,29.9,40.7,34.9,37.1,25.9,79.6,0,0,0,rain,0,0,25.2,24.1,248.7,1009.5,63.8,11.8,294.3,25.3,10,30,2022-05-21T05:52:53,2022-05-21T18:12:19,0.68,Partially cloudy,Partly cloudy throughout the day.,partly-cloudy-day,"VRMM,43555099999"
"MalÃ©, Maldives",2022-05-22,31,27.8,29.6,39.1,33,36.5,25.8,80.2,1,100,4.17,rain,0,0,27.7,25.9,269.5,1008.4,62.1,12,293.7,25.3,10,60,2022-05-22T05:52:53,2022-05-22T18:12:28,0.75,"Rain, Partially cloudy",Partly cloudy throughout the day with afternoon rain.,rain,"VRMM,43555099999"
"MalÃ©, Maldives",2022-05-23,32,28,29.8,42.3,33,37,26,80.5,0,0,0,rain,0,0,31,24.1,272.7,1007.7,69.6,12.8,288.7,25,9,60,2022-05-23T05:52:54,2022-05-23T18:12:37,0.75,Partially cloudy,Partly cloudy throughout the day.,partly-cloudy-day,"VRMM,remote,43555099999"
"MalÃ©, Maldives",2022-05-24,31.8,28.4,29.5,40.6,32.2,35.7,25.3,78.5,0.1,100,4.17,rain,0,0,25.2,22.3,257.5,1009.5,88.9,16.6,249.3,21.4,9,60,2022-05-24T05:52:55,2022-05-24T18:12:46,0.78,"Rain, Partially cloudy",Partly cloudy throughout the day with late afternoon rain.,rain,"VRMM,remote,43555099999"
"MalÃ©, Maldives",2022-05-25,32.1,28,30,40.7,31.8,36.7,25.4,76.8,0,0,0,rain,0,0,16.2,14.8,263.3,1010.3,75.9,12.4,278.7,24.1,9,60,2022-05-25T05:52:57,2022-05-25T18:12:56,0.82,Partially cloudy,Partly cloudy throughout the day.,partly-cloudy-day,"VRMM,remote,43555099999"
"MalÃ©, Maldives",2022-05-26,32,25.7,29.4,40.7,25.7,34.8,24.9,77.4,8,100,4.17,rain,0,0,25.2,46.4,250.3,1011,74,11.2,271.8,23.5,8,30,2022-05-26T05:52:59,2022-05-26T18:13:06,0.85,"Rain, Partially cloudy",Partly cloudy throughout the day with late afternoon rain.,rain,"VRMM,remote,43555099999"
"MalÃ©, Maldives",2022-05-27,31,27,29.3,39.1,30.1,35.2,25.1,78.1,2,100,4.17,rain,0,0,24.1,24.1,251.7,1010.5,60.1,10.7,286.5,24.9,9,30,2022-05-27T05:53:02,2022-05-27T18:13:16,0.89,"Rain, Partially cloudy",Partly cloudy throughout the day with late afternoon rain.,rain,"VRMM,43555099999"
"MalÃ©, Maldives",2022-05-28,30.2,26.8,28.2,37.5,29.7,32.9,24.8,81.7,0.9,100,4.17,rain,0,0,28.8,26.3,233.1,1010.1,83.8,11.7,279.4,24.1,9,60,2022-05-28T05:53:06,2022-05-28T18:13:27,0.92,"Rain, Partially cloudy",Partly cloudy throughout the day with late afternoon rain.,rain,"VRMM,remote,43555099999"
"MalÃ©, Maldives",2022-05-29,31.1,24.9,28.4,40.8,24.9,33.4,25.4,84.3,30,100,8.33,rain,0,0,30.6,37.1,245.8,1009.7,92,10.6,214.4,18.4,8,30,2022-05-29T05:53:10,2022-05-29T18:13:38,0.96,"Rain, Overcast",Cloudy skies throughout the day with rain.,rain,"VRMM,remote,43555099999"
"MalÃ©, Maldives",2022-05-30,28,25,27,33.6,25,29.8,24.4,85.9,12,100,12.5,rain,0,0,35.6,50,269,1009.8,91.8,9.4,134.8,11.6,7,30,2022-05-30T05:53:15,2022-05-30T18:13:49,0,"Rain, Overcast",Cloudy skies throughout the day with rain.,rain,"VRMM,43555099999"
"MalÃ©, Maldives",2022-05-31,30,24.9,28,35.5,24.9,31.7,23.9,78.5,13,100,4.17,rain,0,0,66.6,44.6,283.1,1009.1,96,11.4,154.3,13.4,7,30,2022-05-31T05:53:20,2022-05-31T18:14:01,0.03,"Rain, Overcast",Cloudy skies throughout the day with morning rain.,rain,"VRMM,remote,43555099999"
"MalÃ©, Maldives",2022-06-01,31,28,29.3,39.1,31.3,35.4,25.2,78.7,0,0,0,rain,0,0,33.8,31.7,282.7,1008.7,87.4,11.4,253.1,21.9,9,30,2022-06-01T05:53:26,2022-06-01T18:14:13,0.06,Partially cloudy,Partly cloudy throughout the day.,partly-cloudy-day,"VRMM,43555099999"
"MalÃ©, Maldives",2022-06-02,31,28,29.7,39.1,33.6,36.4,25.7,79.1,0.5,100,4.17,rain,0,0,33.1,27.7,275.8,1009,61.2,11.9,283.1,24.3,9,60,2022-06-02T05:53:33,2022-06-02T18:14:25,0.09,"Rain, Partially cloudy",Partly cloudy throughout the day with morning rain.,rain,"VRMM,43555099999"
"MalÃ©, Maldives",2022-06-03,31,28.7,29.6,39.1,34,35.9,25.3,77.7,0,0,0,rain,0,0,35.6,27.7,291.8,1008.8,72.4,11.2,293.9,25.3,9,60,2022-06-03T05:53:40,2022-06-03T18:14:38,0.13,Partially cloudy,Partly cloudy throughout the day.,partly-cloudy-day,"VRMM,43555099999"
"MalÃ©, Maldives",2022-06-04,32,28.2,29.8,40.7,33.8,36.7,25.7,78.7,0,0,0,rain,0,0,29.2,27.7,290.3,1008.1,50.6,11.6,288.6,25,9,60,2022-06-04T05:53:47,2022-06-04T18:14:51,0.16,Partially cloudy,Partly cloudy throughout the day.,partly-cloudy-day,"VRMM,43555099999"
"MalÃ©, Maldives",2022-06-05,32,27,29.6,40.7,30.6,36.4,25.7,79.7,0,0,0,rain,0,0,29.2,31.7,282.3,1008,57.3,11,289.4,25.1,9,30,2022-06-05T05:53:55,2022-06-05T18:15:03,0.19,Partially cloudy,Partly cloudy throughout the day.,partly-cloudy-day,"VRMM,43555099999"
"MalÃ©, Maldives",2022-06-06,31.2,28.7,29.7,39.1,34.1,36.4,25.6,78.6,2,100,4.17,rain,0,0,23.4,25.9,271.5,1008.3,70.6,10.7,287.1,24.9,9,30,2022-06-06T05:54:03,2022-06-06T18:15:16,0.23,"Rain, Partially cloudy",Partly cloudy throughout the day with late afternoon rain.,rain,"VRMM,43555099999"
"MalÃ©, Maldives",2022-06-07,32,28,29.6,40.7,32.7,35.9,25.3,77.7,0,0,0,rain,0,0,19.4,18.4,270.4,1009,87.8,10.7,282,24.2,9,30,2022-06-07T05:54:12,2022-06-07T18:15:30,0.25,Partially cloudy,Partly cloudy throughout the day.,partly-cloudy-day,"VRMM,43555099999"
"MalÃ©, Maldives",2022-06-08,31,28,29.2,37.8,32,34.5,24.7,76.7,0,0,0,rain,0,0,20.9,20.5,283.4,1009.3,89.2,11,256.8,22.2,9,30,2022-06-08T05:54:21,2022-06-08T18:15:43,0.29,Partially cloudy,Partly cloudy throughout the day.,partly-cloudy-day,"VRMM,43555099999"
"MalÃ©, Maldives",2022-06-09,32,28,29.4,39.2,32.7,35,24.9,77,0,0,0,,0,0,16.9,14.8,273.2,1008.8,88.9,10.9,220.6,19,8,30,2022-06-09T05:54:31,2022-06-09T18:15:57,0.33,Partially cloudy,Partly cloudy throughout the day.,partly-cloudy-day,"VRMM,43555099999"
"MalÃ©, Maldives",2022-06-10,31.2,27.7,29.3,39.1,30.8,34.9,24.9,77.2,0.9,100,8.33,rain,0,0,19.4,20.5,234.9,1009.3,80.8,12.5,251.3,21.7,9,30,2022-06-10T05:54:41,2022-06-10T18:16:10,0.36,"Rain, Partially cloudy",Partly cloudy throughout the day with afternoon rain.,rain,"VRMM,remote,43555099999"
"MalÃ©, Maldives",2022-06-11,32,27.2,29.6,40.7,31.3,36,25.5,78.9,0,0,0,rain,0,0,20.5,38.9,247.2,1009.9,86.4,11.6,253.1,22,8,30,2022-06-11T05:54:52,2022-06-11T18:16:24,0.39,Partially cloudy,Partly cloudy throughout the day.,partly-cloudy-day,"VRMM,43555099999"
"MalÃ©, Maldives",2022-06-12,31.1,28,29.5,39.1,32,36.2,25.7,80,0,0,0,,0,0,24.5,22.3,259.3,1009.6,89.2,11.7,241,20.8,8,30,2022-06-12T05:55:02,2022-06-12T18:16:38,0.43,Partially cloudy,Partly cloudy throughout the day.,partly-cloudy-day,"VRMM,43555099999"
"MalÃ©, Maldives",2022-06-13,32,28,29.8,40.7,32.7,36.6,25.7,78.8,0,0,0,rain,0,0,18.4,14.8,265.3,1009.5,86.8,12.2,273.3,23.5,9,60,2022-06-13T05:55:13,2022-06-13T18:16:51,0.46,Partially cloudy,Partly cloudy throughout the day.,partly-cloudy-day,"VRMM,43555099999"
"MalÃ©, Maldives",2022-06-14,32,28,30.1,40.8,32.7,37,25.6,76.8,0,0,0,rain,0,0,18.7,16.6,263.6,1009.3,74.6,12.3,258.2,22.3,8,60,2022-06-14T05:55:25,2022-06-14T18:17:05,0.5,Partially cloudy,Partly cloudy throughout the day.,partly-cloudy-day,"VRMM,43555099999"
"MalÃ©, Maldives",2022-06-15,31.8,29,29.9,39.1,34.3,36.5,25.4,77.2,0,0,0,rain,0,0,24.5,25.9,286.2,1008.6,85.7,12,279.5,24.3,9,30,2022-06-15T05:55:37,2022-06-15T18:17:19,0.53,Partially cloudy,Partly cloudy throughout the day.,partly-cloudy-day,"VRMM,43555099999"
"MalÃ©, Maldives",2022-06-16,31.1,25.8,29.4,39.1,25.8,35.7,25.5,80,4,100,4.17,rain,0,0,28.8,22.3,306,1008.3,89.2,10.8,246.8,21.3,8,30,2022-06-16T05:55:48,2022-06-16T18:17:32,0.56,"Rain, Partially cloudy",Partly cloudy throughout the day with afternoon rain.,rain,"VRMM,43555099999"
"MalÃ©, Maldives",2022-06-17,32,28,29.7,39.3,32,36.3,25.6,78.8,0.5,100,8.33,rain,0,0,23,25.9,295.2,1008.4,90,12.7,270.6,23.4,9,60,2022-06-17T05:56:01,2022-06-17T18:17:46,0.6,"Rain, Partially cloudy",Partly cloudy throughout the day with rain.,rain,"VRMM,remote,43555099999"
"MalÃ©, Maldives",2022-06-18,31,25,28.6,40.7,25,33.5,25.1,81.8,21,100,4.17,rain,0,0,20.5,24.1,279.4,1008.5,87.8,13,276.7,24,9,60,2022-06-18T05:56:13,2022-06-18T18:18:00,0.63,"Rain, Partially cloudy",Partly cloudy throughout the day with morning rain.,rain,"VRMM,remote,43555099999"
"MalÃ©, Maldives",2022-06-19,32,28,29.6,39.2,32.7,35.9,25.4,78.6,0,0,0,rain,0,0,19.8,16.6,275.9,1008.8,81.7,11.9,281.8,24.3,9,30,2022-06-19T05:56:26,2022-06-19T18:18:13,0.66,Partially cloudy,Partly cloudy throughout the day.,partly-cloudy-day,"VRMM,43555099999"
"MalÃ©, Maldives",2022-06-20,31.1,27,29.5,39.1,30.6,35.5,25.1,77.5,0,0,0,rain,0,0,27.7,20.5,288.2,1008.6,81.5,11.9,269.2,23.2,9,30,2022-06-20T05:56:38,2022-06-20T18:18:26,0.7,Partially cloudy,Partly cloudy throughout the day.,partly-cloudy-day,"VRMM,43555099999"
"MalÃ©, Maldives",2022-06-21,31.2,26,29.6,37.8,26,35,24.6,75,5,100,4.17,rain,0,0,27.4,28.9,290,1007.9,88.4,10.7,261.7,22.6,9,30,2022-06-21T05:56:51,2022-06-21T18:18:39,0.75,"Rain, Partially cloudy",Partly cloudy throughout the day with late afternoon rain.,rain,"VRMM,43555099999"
"MalÃ©, Maldives",2022-06-22,31,27,29.3,39.1,30.6,35,24.9,77.3,0,0,0,rain,0,0,25.2,25.9,283.7,1008.7,89.3,13.1,255,22,9,60,2022-06-22T05:57:04,2022-06-22T18:18:52,0.77,Partially cloudy,Partly cloudy throughout the day.,partly-cloudy-day,"VRMM,remote,43555099999"
"MalÃ©, Maldives",2022-06-23,31,26,29,37.8,26,34.4,25.1,80.1,11,100,4.17,rain,0,0,25.9,20.5,304.8,1009.7,81.5,11.8,272,23.5,9,60,2022-06-23T05:57:18,2022-06-23T18:19:05,0.8,"Rain, Partially cloudy",Partly cloudy throughout the day with late afternoon rain.,rain,"VRMM,43555099999"
"MalÃ©, Maldives",2022-06-24,31,27,29,37.8,30.6,34.8,25.2,80.1,0.9,100,4.17,rain,0,0,33.1,33.5,284.7,1009.6,87.7,10.6,252.2,21.8,9,30,2022-06-24T05:57:31,2022-06-24T18:19:18,0.83,"Rain, Partially cloudy",Partly cloudy throughout the day with afternoon rain.,rain,"VRMM,43555099999"
"MalÃ©, Maldives",2022-06-25,30,26.2,28.4,36.2,26.2,33,24.5,79.3,3,100,4.17,rain,0,0,37.1,46.4,285.5,1008.6,85.5,10.4,251.8,21.6,9,75,2022-06-25T05:57:44,2022-06-25T18:19:30,0.87,"Rain, Partially cloudy",Partly cloudy throughout the day with morning rain.,rain,"VRMM,43555099999"
"MalÃ©, Maldives",2022-06-26,30,27,29,37.5,30.1,35,25.4,81.2,3,100,4.17,rain,0,0,31.3,28.1,269.9,1008.2,88.8,11.7,249.8,21.6,8,60,2022-06-26T05:57:58,2022-06-26T18:19:42,0.9,"Rain, Partially cloudy",Partly cloudy throughout the day with morning rain.,rain,"VRMM,remote,43555099999"
"MalÃ©, Maldives",2022-06-27,31,26,29.3,39.1,26,35.3,25.2,78.7,0,0,0,rain,0,0,33.1,29.5,276,1009.1,88.3,10.9,275.3,23.9,9,60,2022-06-27T05:58:11,2022-06-27T18:19:53,0.94,Partially cloudy,Partly cloudy throughout the day.,partly-cloudy-day,"VRMM,43555099999"
"MalÃ©, Maldives",2022-06-28,31,25.9,29,39.1,25.9,34.7,25.1,79.6,0.4,100,4.17,rain,0,0,23.4,29.5,275.9,1009.1,87.8,11.5,264.7,22.9,9,60,2022-06-28T05:58:24,2022-06-28T18:20:05,0.97,"Rain, Partially cloudy",Partly cloudy throughout the day with early morning rain.,rain,"VRMM,remote,43555099999"
"MalÃ©, Maldives",2022-06-29,32,25.7,29.5,40.7,25.7,35.9,25.6,80.1,10,100,8.33,rain,0,0,19.1,48.2,262.4,1008.1,69.5,10.9,284,24.5,9,30,2022-06-29T05:58:37,2022-06-29T18:20:16,0,"Rain, Partially cloudy",Partly cloudy throughout the day with rain.,rain,"VRMM,43555099999"
"MalÃ©, Maldives",2022-06-30,31,27,29.1,38.3,30.1,34.8,25,78.6,2.7,100,4.17,rain,0,0,40,33.5,315.2,1007.8,94.6,10.5,189.5,16.5,7,30,2022-06-30T05:58:51,2022-06-30T18:20:26,0.04,"Rain, Overcast",Cloudy skies throughout the day with early morning rain.,rain,"VRMM,remote,43555099999"
"MalÃ©, Maldives",2022-07-01,31,26,28.9,39.1,26,34.2,25,80.1,5,100,4.17,rain,0,0,40.3,57.6,297,1008,84,11.2,257.5,22.2,9,60,2022-07-01T05:59:04,2022-07-01T18:20:37,0.07,"Rain, Partially cloudy",Partly cloudy throughout the day with morning rain.,rain,"VRMM,remote,43555099999"
"MalÃ©, Maldives",2022-07-02,29.1,25,27.9,35.6,25,31.8,24.7,83.1,42,100,8.33,rain,0,0,59.4,46.4,272.8,1007.8,96,9.2,93,8,5,60,2022-07-02T05:59:17,2022-07-02T18:20:46,0.11,"Rain, Overcast",Cloudy skies throughout the day with rain.,rain,"VRMM,remote,43555099999"
"MalÃ©, Maldives",2022-07-03,30,24.4,27.5,37.5,24.4,31.1,24.6,84.7,20,100,8.33,rain,0,0,40,35.3,289.7,1007.8,96.1,9.5,88.6,7.6,7,30,2022-07-03T05:59:30,2022-07-03T18:20:56,0.14,"Rain, Overcast",Cloudy skies throughout the day with rain in the morning and afternoon.,rain,"VRMM,remote,43555099999"
"MalÃ©, Maldives",2022-07-04,31,28,29.4,39.1,32.7,35.8,25.6,80.3,0.7,100,4.17,rain,0,0,37.1,29.5,296.3,1007.3,91.5,11.8,174.4,15.1,5,60,2022-07-04T05:59:42,2022-07-04T18:21:05,0.18,"Rain, Overcast",Cloudy skies throughout the day with late afternoon rain.,rain,"VRMM,43555099999"
"MalÃ©, Maldives",2022-07-05,31,26.9,29.1,40.7,30.2,35,25.3,80.3,13,100,4.17,rain,0,0,33.1,38.9,301.7,1006.9,94.3,11.4,225.1,19.4,8,60,2022-07-05T05:59:55,2022-07-05T18:21:13,0.21,"Rain, Overcast",Cloudy skies throughout the day with afternoon rain.,rain,"VRMM,remote,43555099999"
"MalÃ©, Maldives",2022-07-06,31,28,29.3,40.7,32.9,36.4,26.2,83.9,0.3,100,4.17,rain,0,0,32.8,25.9,303.5,1007.3,88.7,11.2,178.3,15.3,7,75,2022-07-06T06:00:07,2022-07-06T18:21:21,0.24,"Rain, Partially cloudy",Partly cloudy throughout the day with morning rain.,rain,"VRMM,remote,43555099999"
"MalÃ©, Maldives",2022-07-07,31,28,29.3,39.1,31.8,36.3,26,82.3,1.3,100,4.17,rain,0,0,29.5,24.1,317.1,1009.1,92.8,11.3,122.3,10.5,5,60,2022-07-07T06:00:19,2022-07-07T18:21:29,0.25,"Rain, Overcast",Cloudy skies throughout the day with early morning rain.,rain,"VRMM,remote,43555099999"
"MalÃ©, Maldives",2022-07-08,31,27,28.8,39.1,30.1,34.7,25.3,81.5,9,100,8.33,rain,0,0,31.7,57.6,310.6,1009.4,91.5,10.5,251.4,21.8,9,60,2022-07-08T06:00:31,2022-07-08T18:21:36,0.31,"Rain, Overcast",Cloudy skies throughout the day with rain in the morning and afternoon.,rain,"VRMM,remote,43555099999"
"MalÃ©, Maldives",2022-07-09,30,28,29,37.5,32.6,34.6,25.1,79.6,0,0,0,rain,0,0,31,35.3,296,1008.5,89.3,11.4,262.7,22.6,8,30,2022-07-09T06:00:43,2022-07-09T18:21:42,0.35,Partially cloudy,Partly cloudy throughout the day.,partly-cloudy-day,"VRMM,43555099999"
"MalÃ©, Maldives",2022-07-10,31.1,26,28,39.4,26,32.5,25,83.6,0,0,0,rain,0,0,28.8,29.5,292.1,1009.5,89.7,10.9,254.4,22,9,30,2022-07-10T06:00:54,2022-07-10T18:21:48,0.38,Partially cloudy,Partly cloudy throughout the day.,partly-cloudy-day,"VRMM,43555099999"
"MalÃ©, Maldives",2022-07-11,31,28,29.3,39.2,32.7,35.4,25.4,79.9,0,0,0,,0,0,24.1,13,308.5,1011.3,87.9,11.1,256.9,22.2,9,30,2022-07-11T06:01:05,2022-07-11T18:21:54,0.42,Partially cloudy,Partly cloudy throughout the day.,partly-cloudy-day,"VRMM,43555099999"
"MalÃ©, Maldives",2022-07-12,32,27,29.2,39.2,30.6,34.8,25.1,78.8,0,0,0,,0,0,15.8,16.6,228.4,1011.5,78.2,11.5,278.1,24.1,9,10,2022-07-12T06:01:16,2022-07-12T18:21:58,0.45,Partially cloudy,Partly cloudy throughout the day.,partly-cloudy-day,"VRMM,43555099999"
"MalÃ©, Maldives",2022-07-13,32.7,28,30,41.5,32,36.6,25.4,76.7,0,0,0,rain,0,0,24.1,24.1,203.5,1009.7,59.5,12.3,285.4,24.6,9,30,2022-07-13T06:01:27,2022-07-13T18:22:03,0.5,Partially cloudy,Partly cloudy throughout the day.,partly-cloudy-day,"VRMM,43555099999"
"MalÃ©, Maldives",2022-07-14,32.1,27,30.1,41.1,30.1,37.2,25.8,77.8,0.1,100,4.17,rain,0,0,27.7,27.7,203.3,1007.9,59.7,11.9,288.8,25,9,30,2022-07-14T06:01:37,2022-07-14T18:22:06,0.52,"Rain, Partially cloudy",Partly cloudy throughout the day with morning rain.,rain,"VRMM,43555099999"
"MalÃ©, Maldives",2022-07-15,32,28.9,30,40.7,34.4,36.9,25.5,77,0,0,0,rain,0,0,27,25.9,204.4,1007.5,85.7,11.8,261.1,22.5,9,30,2022-07-15T06:01:46,2022-07-15T18:22:09,0.55,Partially cloudy,Partly cloudy throughout the day.,partly-cloudy-day,"VRMM,43555099999"
"MalÃ©, Maldives",2022-07-16,32.7,26.2,29.7,42.3,26.2,36.7,26,81.1,0.5,100,4.17,rain,0,0,16.2,16.6,169.9,1007.9,80,10.7,287,24.9,9,30,2022-07-16T06:01:56,2022-07-16T18:22:11,0.58,"Rain, Partially cloudy",Partly cloudy throughout the day with early morning rain.,rain,"VRMM,43555099999"
"MalÃ©, Maldives",2022-07-17,30.3,24.7,27.4,38,24.7,31,25.2,88.4,75.8,100,8.33,rain,0,0,38.2,50,280,1008.8,91.5,8.6,276.2,24.1,9,30,2022-07-17T06:02:05,2022-07-17T18:22:13,0.62,"Rain, Overcast",Cloudy skies throughout the day with rain.,rain,"VRMM,remote,43555099999"
"MalÃ©, Maldives",2022-07-18,30,26,27.9,37.5,26,32.1,24.6,82.2,4.2,100,8.33,rain,0,0,46.1,46.4,297.9,1009,94.2,9.1,42.8,3.7,3,30,2022-07-18T06:02:13,2022-07-18T18:22:14,0.65,"Rain, Overcast",Cloudy skies throughout the day with rain.,rain,"VRMM,43555099999"
"MalÃ©, Maldives",2022-07-19,31,27,28.8,39.1,30,34.3,25.2,80.9,0,0,0,rain,0,0,35.3,31.7,316.5,1008.9,86.3,10.2,216.6,18.6,9,60,2022-07-19T06:02:21,2022-07-19T18:22:15,0.68,Partially cloudy,Partly cloudy throughout the day.,partly-cloudy-day,"VRMM,43555099999"
"MalÃ©, Maldives",2022-07-20,29,26.8,27.6,34.6,29.7,31.5,24.4,82.6,0.7,100,4.17,rain,0,0,31.3,42.5,321,1009.7,99.1,10.4,135.3,11.7,8,30,2022-07-20T06:02:29,2022-07-20T18:22:14,0.75,"Rain, Overcast",Cloudy skies throughout the day with early morning rain.,rain,"VRMM,remote,43555099999"
"MalÃ©, Maldives",2022-07-21,29,25,27.4,35.6,25,30.8,24.1,82,0.4,100,4.17,rain,0,0,38.9,38.9,301.4,1009.5,95.8,10.1,29.8,2.7,1,30,2022-07-21T06:02:36,2022-07-21T18:22:13,0.75,"Rain, Overcast",Cloudy skies throughout the day with early morning rain.,rain,"VRMM,remote,43555099999"
"MalÃ©, Maldives",2022-07-22,30,28,29,36.2,32.7,34.2,24.7,77.8,1.3,100,4.17,rain,0,0,41.4,42.5,301.5,1010,90.1,10.3,119.6,10.1,5,60,2022-07-22T06:02:43,2022-07-22T18:22:12,0.78,"Rain, Overcast",Cloudy skies throughout the day with early morning rain.,rain,"VRMM,43555099999"
"MalÃ©, Maldives",2022-07-23,30,28,29.1,37.5,32.7,34.8,25.2,79.5,0,0,0,rain,0,0,33.8,27.7,294.1,1009.8,84.8,10.8,251,21.6,9,30,2022-07-23T06:02:49,2022-07-23T18:22:09,0.82,Partially cloudy,Partly cloudy throughout the day.,partly-cloudy-day,"VRMM,43555099999"
"MalÃ©, Maldives",2022-07-24,31,28,29.3,37.8,32,34.8,24.7,76.4,0,0,0,rain,0,0,26.3,18.4,306.9,1009.1,77.1,11,284.2,24.6,9,30,2022-07-24T06:02:55,2022-07-24T18:22:06,0.85,Partially cloudy,Partly cloudy throughout the day.,partly-cloudy-day,"VRMM,43555099999"
"MalÃ©, Maldives",2022-07-25,31,27.2,28.8,37.8,30,33.9,24.7,79,4.7,100,12.5,rain,0,0,27.4,22.7,325.3,1009.4,81.2,10.9,285.5,24.8,9,30,2022-07-25T06:03:00,2022-07-25T18:22:03,0.88,"Rain, Partially cloudy",Partly cloudy throughout the day with rain.,rain,"VRMM,remote,43555099999"
"MalÃ©, Maldives",2022-07-26,31,27,28.7,37.8,30.1,33.7,24.7,79.1,0.9,100,8.33,rain,0,0,39.2,37.1,340.1,1009.5,79.6,12,257.3,22.3,9,30,2022-07-26T06:03:05,2022-07-26T18:21:58,0.92,"Rain, Partially cloudy",Partly cloudy throughout the day with early morning rain.,rain,"VRMM,remote,43555099999"
"MalÃ©, Maldives",2022-07-27,30,27,28.5,36.2,29.7,33.2,24.5,79.1,0,0,0,rain,0,0,35.3,48.2,308.7,1009.3,88.7,11.8,243.5,21,9,30,2022-07-27T06:03:09,2022-07-27T18:21:53,0.95,Partially cloudy,Partly cloudy throughout the day.,partly-cloudy-day,"VRMM,remote,43555099999"
"MalÃ©, Maldives",2022-07-28,30,27.2,28.8,36.4,29.5,33.6,24.5,77.6,0,0,0,rain,0,0,33.8,31.7,325.8,1009.1,87.6,10.8,211.4,18.2,9,30,2022-07-28T06:03:13,2022-07-28T18:21:47,0,Partially cloudy,Partly cloudy throughout the day.,partly-cloudy-day,"VRMM,43555099999"
"MalÃ©, Maldives",2022-07-29,30.9,25.7,28.1,38.8,25.7,32.5,24.7,82.1,14,100,4.17,rain,0,0,29.5,31.7,322.8,1008.9,89,13,248,21.5,8,30,2022-07-29T06:03:17,2022-07-29T18:21:41,0.02,"Rain, Partially cloudy",Partly cloudy throughout the day with late afternoon rain.,rain,"VRMM,remote,43555099999"
"MalÃ©, Maldives",2022-07-30,29,25.7,27,35.4,25.7,29.7,24.5,86.4,0,0,0,rain,0,0,37.4,35.3,309.7,1008.7,94.1,9.5,124.5,10.8,6,30,2022-07-30T06:03:19,2022-07-30T18:21:34,0.05,Overcast,Cloudy skies throughout the day.,cloudy,"VRMM,remote,43555099999"
"MalÃ©, Maldives",2022-07-31,29,25.7,27.1,34.6,25.7,29.9,24.1,83.6,6.4,100,8.33,rain,0,0,58,51.8,283.8,1008.3,96.4,9.1,64.9,5.5,3,10,2022-07-31T06:03:22,2022-07-31T18:21:26,0.09,"Rain, Overcast",Cloudy skies throughout the day with rain.,rain,"VRMM,remote,43555099999"
"MalÃ©, Maldives",2022-08-01,29,27,28.2,35.6,29.9,32.8,24.5,80.3,1,100,4.17,rain,0,0,56.2,42.5,287,1009,98.6,10.7,129.4,11.1,5,10,2022-08-01T06:03:23,2022-08-01T18:21:17,0.12,"Rain, Overcast",Cloudy skies throughout the day with morning rain.,rain,"VRMM,remote,43555099999"
"MalÃ©, Maldives",2022-08-02,30.2,26,28.7,36.2,26,33.7,24.7,78.8,0.1,100,4.17,rain,0,0,46.4,42.5,270,1008.5,90.5,10.7,284.8,24.6,10,30,2022-08-02T06:03:25,2022-08-02T18:21:08,0.16,"Rain, Overcast",Cloudy skies throughout the day with late afternoon rain.,rain,"VRMM,43555099999"
"MalÃ©, Maldives",2022-08-03,30.2,26,28.9,37.5,26,34.1,25,79.7,0,0,0,rain,0,0,46.1,38.9,270,1008,89.3,11,284.5,24.6,10,30,2022-08-03T06:03:25,2022-08-03T18:20:58,0.19,Partially cloudy,Partly cloudy throughout the day.,partly-cloudy-day,"VRMM,43555099999"
"MalÃ©, Maldives",2022-08-04,30,27.2,28.5,37.5,30.1,33.6,24.9,81.1,0.5,100,4.17,rain,0,0,45.4,46.4,261.4,1008.8,89.9,11.4,238.1,20.6,8,30,2022-08-04T06:03:25,2022-08-04T18:20:48,0.23,"Rain, Partially cloudy",Partly cloudy throughout the day with morning rain.,rain,"VRMM,remote,43555099999"
"MalÃ©, Maldives",2022-08-05,30,25.7,28.3,37.5,25.7,33.3,25.2,83.3,0.1,100,4.17,rain,0,0,37.4,33.5,247.8,1009,93.3,10.3,199.5,17.3,9,30,2022-08-05T06:03:25,2022-08-05T18:20:36,0.25,"Rain, Overcast",Cloudy skies throughout the day with afternoon rain.,rain,"VRMM,43555099999"
"MalÃ©, Maldives",2022-08-06,30,27,28.3,37.5,30.6,33.5,25.2,83.1,2,100,4.17,rain,0,0,36.7,38.9,264.5,1008.4,89.3,10.5,187.7,16.2,8,60,2022-08-06T06:03:24,2022-08-06T18:20:24,0.3,"Rain, Partially cloudy",Partly cloudy throughout the day with morning rain.,rain,"VRMM,43555099999"
"MalÃ©, Maldives",2022-08-07,31.2,28,29,39.5,32.7,35.2,25.8,83,1,100,4.17,rain,0,0,33.8,29.5,271.1,1008.1,89.2,11,276.8,24,10,30,2022-08-07T06:03:23,2022-08-07T18:20:12,0.33,"Rain, Partially cloudy",Partly cloudy throughout the day with afternoon rain.,rain,"VRMM,43555099999"
"MalÃ©, Maldives",2022-08-08,31,26,28.6,39.1,26,34,25.4,83.2,0.1,100,4.17,rain,0,0,31.3,35.3,262,1008.1,88.6,11.4,255.1,22.1,9,30,2022-08-08T06:03:21,2022-08-08T18:19:59,0.37,"Rain, Partially cloudy",Partly cloudy throughout the day with early morning rain.,rain,"VRMM,43555099999"
"MalÃ©, Maldives",2022-08-09,30.1,26,28.5,37.5,26,34,25.5,83.8,0,0,0,rain,0,0,31,27.7,266.8,1008,89.7,12.2,270.2,23.3,10,30,2022-08-09T06:03:18,2022-08-09T18:19:45,0.4,Partially cloudy,Partly cloudy throughout the day.,partly-cloudy-day,"VRMM,remote,43555099999"
"MalÃ©, Maldives",2022-08-10,31,27,28.5,39.1,30.3,33.8,25.4,84,1.4,100,16.67,rain,0,0,23,16.6,297.4,1007.2,87.3,11.9,269.7,23.3,9,30,2022-08-10T06:03:15,2022-08-10T18:19:30,0.44,"Rain, Partially cloudy",Partly cloudy throughout the day with late afternoon rain.,rain,"VRMM,remote,43555099999"
"MalÃ©, Maldives",2022-08-11,30,24,27.4,37.5,24,31.1,25.3,88.4,50,100,8.33,rain,0,0,21.6,37.1,268.6,1008.3,78,10.3,296.1,25.6,10,30,2022-08-11T06:03:12,2022-08-11T18:19:15,0.47,"Rain, Partially cloudy",Partly cloudy throughout the day with rain.,rain,"VRMM,remote,43555099999"
"MalÃ©, Maldives",2022-08-12,31,26,28.1,39.1,26,32.3,25,83.2,0,0,0,rain,0,0,21.6,18.4,220.1,1008.6,69.6,10.9,293.4,25.2,9,30,2022-08-12T06:03:08,2022-08-12T18:18:59,0.5,Partially cloudy,Clearing in the afternoon.,partly-cloudy-day,"VRMM,43555099999"
"MalÃ©, Maldives",2022-08-13,30.7,26,28.1,38.4,26,32.7,25.1,83.8,0,0,0,,0,0,11.2,18.4,172,1008.7,85.7,12.7,283.5,24.3,9,30,2022-08-13T06:03:03,2022-08-13T18:18:43,0.54,Partially cloudy,Partly cloudy throughout the day.,partly-cloudy-day,"VRMM,43555099999"
"MalÃ©, Maldives",2022-08-14,31.1,19,28.7,39.1,19,34.3,25.2,80.5,0,0,0,,0,0,18.7,13,342.6,1009.4,76.7,13,270.1,23.4,9,30,2022-08-14T06:02:58,2022-08-14T18:18:26,0.57,Partially cloudy,Partly cloudy throughout the day.,partly-cloudy-day,"VRMM,43555099999"
"MalÃ©, Maldives",2022-08-15,32,27,29.3,39.2,30.6,34.7,24.9,77.5,0,0,0,,0,0,19.4,18.4,13.1,1009.6,75.2,13.8,295.8,25.5,10,30,2022-08-15T06:02:53,2022-08-15T18:18:08,0.61,Partially cloudy,Partly cloudy throughout the day.,partly-cloudy-day,"VRMM,43555099999"
"MalÃ©, Maldives",2022-08-16,31,26,28.7,37.8,26,33.1,24.3,77.3,0,0,0,rain,0,0,13,18.4,97.7,1009.6,48.6,14,304.7,26.3,10,30,2022-08-16T06:02:47,2022-08-16T18:17:50,0.64,Partially cloudy,Partly cloudy throughout the day.,partly-cloudy-day,"VRMM,remote,43555099999"
"MalÃ©, Maldives",2022-08-17,31.4,26.9,28.8,37.1,28.9,32.8,23.5,73.6,0,0,0,rain,0,0,9.7,11.2,183.5,1010.4,80.9,15.3,299.4,25.7,10,10,2022-08-17T06:02:41,2022-08-17T18:17:31,0.67,Partially cloudy,Partly cloudy throughout the day.,partly-cloudy-day,"VRMM,remote,43555099999"
"MalÃ©, Maldives",2022-08-18,31.7,27,29.4,38.5,30.1,34.4,24.2,74,0,0,0,,0,0,10.1,13,225.6,1009.9,51.3,12.9,303.8,26.2,10,10,2022-08-18T06:02:34,2022-08-18T18:17:12,0.7,Partially cloudy,Partly cloudy throughout the day.,partly-cloudy-day,"VRMM,43555099999"
"MalÃ©, Maldives",2022-08-19,31.1,27.9,29.2,37.8,31.8,34.6,24.8,77.4,0,0,0,,0,0,11.2,14.8,255,1009.8,88.3,12.9,290.8,25.1,10,30,2022-08-19T06:02:26,2022-08-19T18:16:52,0.75,Partially cloudy,Partly cloudy throughout the day.,partly-cloudy-day,"VRMM,43555099999"
"MalÃ©, Maldives",2022-08-20,31,26.7,29.2,37.8,28.8,34.4,24.6,76.4,0,0,0,,0,0,17.6,14.8,271.7,1010,89,12.7,208.1,17.9,8,30,2022-08-20T06:02:19,2022-08-20T18:16:32,0.77,Partially cloudy,Partly cloudy throughout the day.,partly-cloudy-day,"VRMM,43555099999"
"MalÃ©, Maldives",2022-08-21,32,26.9,29.3,39.2,29.7,34.6,24.7,76.6,0,0,0,rain,0,0,27.7,25.9,236.4,1010.5,60.3,12.1,286.5,24.6,10,30,2022-08-21T06:02:10,2022-08-21T18:16:11,0.8,Partially cloudy,Partly cloudy throughout the day.,partly-cloudy-day,"VRMM,43555099999"
"MalÃ©, Maldives",2022-08-22,31.2,27,28.9,39.1,30.5,33.9,24.6,78.2,1,100,4.17,rain,0,0,27.7,29.5,246.9,1010.4,67.3,12.5,284.1,24.4,10,30,2022-08-22T06:02:02,2022-08-22T18:15:49,0.83,"Rain, Partially cloudy",Partly cloudy throughout the day with late afternoon rain.,rain,"VRMM,43555099999"
"MalÃ©, Maldives",2022-08-23,31,26.8,28.5,37.8,29.9,33.2,24.6,79.4,0.9,100,8.33,rain,0,0,34.2,31.7,256.6,1010.4,83.9,11.2,292.7,25.2,10,30,2022-08-23T06:01:53,2022-08-23T18:15:27,0.87,"Rain, Partially cloudy",Partly cloudy throughout the day with rain.,rain,"VRMM,43555099999"
"MalÃ©, Maldives",2022-08-24,32,24.2,28.7,40.7,24.2,33.4,24.8,80.2,22,100,4.17,rain,0,0,27.4,37.1,267.7,1010.7,88.1,10.5,175.3,15.2,8,30,2022-08-24T06:01:43,2022-08-24T18:15:05,0.9,"Rain, Partially cloudy",Partly cloudy throughout the day with late afternoon rain.,rain,"VRMM,43555099999"
"MalÃ©, Maldives",2022-08-25,29.2,27,28.2,34.6,29.7,32.3,24.1,78.7,0,0,0,rain,0,0,37.1,29.5,322.1,1009.8,92.4,10.8,73.2,6.3,3,30,2022-08-25T06:01:33,2022-08-25T18:14:42,0.93,Overcast,Cloudy skies throughout the day.,cloudy,"VRMM,43555099999"
"MalÃ©, Maldives",2022-08-26,29,24,26.9,33.8,24,29,23.5,82.3,6,100,8.33,rain,0,0,32.4,44.6,281.2,1009.9,91.5,10.1,164.5,14.2,8,30,2022-08-26T06:01:23,2022-08-26T18:14:19,0.97,"Rain, Overcast",Cloudy skies throughout the day with rain.,rain,"VRMM,remote,43555099999"
"MalÃ©, Maldives",2022-08-27,30,26,28,36.2,26,31.9,24.3,80.8,0,0,0,rain,0,0,27.7,31.7,265.6,1009.8,89,11.4,292.9,25.5,10,30,2022-08-27T06:01:13,2022-08-27T18:13:55,0,Partially cloudy,Partly cloudy throughout the day.,partly-cloudy-day,"VRMM,43555099999"
"MalÃ©, Maldives",2022-08-28,28,24.8,26.7,32,24.8,28.8,24.1,85.6,15,100,8.33,rain,0,0,37.8,40.7,281.9,1009.5,88.6,11.8,159.3,13.8,10,30,2022-08-28T06:01:02,2022-08-28T18:13:31,0.03,"Rain, Partially cloudy",Partly cloudy throughout the day with rain in the morning and afternoon.,rain,"VRMM,remote,43555099999"
"MalÃ©, Maldives",2022-08-29,28,25,26.5,32.7,25,27.9,24.2,87.7,22,100,8.33,rain,0,0,41.4,44.6,276.7,1010,98.2,8.5,154.3,13.4,7,30,2022-08-29T06:00:51,2022-08-29T18:13:07,0.07,"Rain, Overcast",Cloudy skies throughout the day with rain in the morning and afternoon.,rain,"VRMM,remote,43555099999"
"MalÃ©, Maldives",2022-08-30,29,25.8,27.1,33.6,25.8,29.7,24.1,83.9,24,100,12.5,rain,0,0,40.3,46.4,272.9,1009.6,94.8,10.3,237.6,20.3,8,60,2022-08-30T06:00:39,2022-08-30T18:12:42,0.1,"Rain, Overcast",Cloudy skies throughout the day with rain.,rain,"VRMM,remote,43555099999"
"MalÃ©, Maldives",2022-08-31,28,24.9,26.6,32,24.9,28.3,23.8,85,2.5,100,8.33,rain,0,0,40.3,48.2,272.3,1009.1,98.2,9,50.1,4.4,2,30,2022-08-31T06:00:27,2022-08-31T18:12:17,0.14,"Rain, Overcast",Cloudy skies throughout the day with rain.,rain,"VRMM,remote,43555099999"
"MalÃ©, Maldives",2022-09-01,30,24.9,27.4,36.2,24.9,30.4,24.1,82,8,100,8.33,rain,0,0,41,259.6,269.5,1009.2,90.1,11.5,280.3,24.1,10,30,2022-09-01T06:00:15,2022-09-01T18:11:52,0.18,"Rain, Overcast",Cloudy skies throughout the day with rain.,rain,"VRMM,remote,43555099999"
"MalÃ©, Maldives",2022-09-02,30,26,28.1,36.3,26,32.2,24.4,80.5,6,100,8.33,rain,0,0,42.1,38.9,267.5,1009.6,71.4,11,287.6,25,10,30,2022-09-02T06:00:03,2022-09-02T18:11:26,0.21,"Rain, Partially cloudy",Partly cloudy throughout the day with rain.,rain,"VRMM,remote,43555099999"
"MalÃ©, Maldives",2022-09-03,29,26,27.4,35.3,26,31,24.8,85.7,3.4,100,8.33,rain,0,0,39.6,44.6,268.8,1009.7,86.4,10.3,298.7,25.7,10,30,2022-09-03T05:59:50,2022-09-03T18:11:00,0.25,"Rain, Partially cloudy",Partly cloudy throughout the day with rain.,rain,"VRMM,43555099999"
"MalÃ©, Maldives",2022-09-04,29,24.9,26.4,34.6,24.9,28.1,24.1,87.4,71,100,8.33,rain,0,0,51.1,42.5,273,1010.2,98.5,8.9,248.2,21.4,8,30,2022-09-04T05:59:37,2022-09-04T18:10:33,0.28,"Rain, Overcast",Cloudy skies throughout the day with rain.,rain,"VRMM,remote,43555099999"
"MalÃ©, Maldives",2022-09-05,28,23.9,26.7,32.7,23.9,28.7,24.3,86.9,18,100,12.5,rain,0,0,60.5,44.6,284.4,1010.7,98.6,8.8,86.6,7.6,4,30,2022-09-05T05:59:24,2022-09-05T18:10:07,0.32,"Rain, Overcast",Cloudy skies throughout the day with rain.,rain,"VRMM,43555099999"
"MalÃ©, Maldives",2022-09-06,29.7,26.7,27.7,35.9,29.4,31.9,24.7,83.3,4,100,4.17,rain,0,0,38.5,38.9,275,1010.1,90.6,10.7,231.4,20,9,30,2022-09-06T05:59:10,2022-09-06T18:09:40,0.35,"Rain, Overcast",Cloudy skies throughout the day with afternoon rain.,rain,"VRMM,43555099999"
"MalÃ©, Maldives",2022-09-07,30,26.7,28.4,36.2,26.7,33,24.8,80.9,0,0,0,rain,0,0,37.1,29.5,287.8,1010.5,84.8,13.1,296.4,25.7,10,30,2022-09-07T05:58:57,2022-09-07T18:09:13,0.39,Partially cloudy,Partly cloudy throughout the day.,partly-cloudy-day,"VRMM,remote,43555099999"
"MalÃ©, Maldives",2022-09-08,30.1,27.8,28.6,36.4,31.7,33.6,24.7,79.7,0,0,0,rain,0,0,35.6,27.7,293.1,1010.1,91.5,11.4,266,22.9,9,60,2022-09-08T05:58:43,2022-09-08T18:08:45,0.42,Overcast,Cloudy skies throughout the day.,cloudy,"VRMM,43555099999"
"MalÃ©, Maldives",2022-09-09,29.8,27.8,28.4,35.6,32,33.4,24.9,81.5,0,0,0,rain,0,0,33.1,27.7,285.7,1010.1,91.5,11.2,290,25,9,60,2022-09-09T05:58:29,2022-09-09T18:08:18,0.46,Overcast,Cloudy skies throughout the day.,cloudy,"VRMM,43555099999"
"MalÃ©, Maldives",2022-09-10,30.1,27.8,28.7,37.5,31.6,34.2,25.1,81.1,0,0,0,rain,0,0,31.3,25.9,276.5,1010.3,72.8,11.6,290.5,25.3,10,30,2022-09-10T05:58:15,2022-09-10T18:07:50,0.5,Partially cloudy,Partly cloudy throughout the day.,partly-cloudy-day,"VRMM,43555099999"
"MalÃ©, Maldives",2022-09-11,30.2,27.7,28.7,37.5,31.9,33.8,24.9,80,0,0,0,rain,0,0,30.2,25.9,271.8,1009.9,68.7,11.7,291.1,25,10,30,2022-09-11T05:58:01,2022-09-11T18:07:23,0.53,Partially cloudy,Partly cloudy throughout the day.,partly-cloudy-day,"VRMM,43555099999"
"MalÃ©, Maldives",2022-09-12,30.7,27,28.6,38.3,30.6,33.6,24.9,80.8,0,0,0,rain,0,0,25.6,24.1,271.6,1009.2,70,12.2,307.9,26.7,10,30,2022-09-12T05:57:47,2022-09-12T18:06:55,0.56,Partially cloudy,Partly cloudy throughout the day.,partly-cloudy-day,"VRMM,43555099999"
"MalÃ©, Maldives",2022-09-13,31,26,28.6,38,26,33.5,24.9,80.3,0,0,0,rain,0,0,17.3,14.8,276.3,1010.4,44.8,12.6,311.6,27.1,10,30,2022-09-13T05:57:32,2022-09-13T18:06:27,0.59,Partially cloudy,Partly cloudy throughout the day.,partly-cloudy-day,"VRMM,remote,43555099999"
"MalÃ©, Maldives",2022-09-14,31,26.8,28.7,37.8,29.9,33.6,24.8,80.1,0,0,0,,0,0,7.9,11.2,191,1011.8,37.7,12,309.6,26.7,10,30,2022-09-14T05:57:18,2022-09-14T18:05:58,0.63,Partially cloudy,Partly cloudy throughout the day.,partly-cloudy-day,"VRMM,43555099999"
"MalÃ©, Maldives",2022-09-15,31,27,28.8,37.8,30.1,33.4,24.3,76.9,0,0,0,,0,0,10.4,11.2,239.1,1012.3,30.7,13,312.3,27,10,10,2022-09-15T05:57:03,2022-09-15T18:05:30,0.66,Partially cloudy,Partly cloudy throughout the day.,partly-cloudy-day,"VRMM,43555099999"
"MalÃ©, Maldives",2022-09-16,30.8,26.7,28.5,36,26.7,32.3,23.5,74.5,0,0,0,rain,0,0,14,11.2,325.2,1011.3,20.4,15.4,313.8,27.1,10,10,2022-09-16T05:56:49,2022-09-16T18:05:02,0.69,Partially cloudy,Partly cloudy throughout the day.,partly-cloudy-day,"VRMM,remote,43555099999"
"MalÃ©, Maldives",2022-09-17,30.6,26.9,27.9,36.1,29.4,30.9,22.6,73.2,0.1,100,4.17,rain,0,0,12.6,12.2,257.4,1011,19.7,22.7,313.2,27.1,10,10,2022-09-17T05:56:34,2022-09-17T18:04:34,0.72,Rain,Clear conditions throughout the day with early morning rain.,rain,"VRMM,remote,43555099999"
"MalÃ©, Maldives",2022-09-18,32,27,28.9,39.2,30.1,33.7,24.3,76.1,0,0,0,rain,0,0,14,14.8,242.2,1011.1,36,12.4,295.6,25.7,10,10,2022-09-18T05:56:20,2022-09-18T18:04:06,0.75,Partially cloudy,Partly cloudy throughout the day.,partly-cloudy-day,"VRMM,43555099999"
"MalÃ©, Maldives",2022-09-19,32,27.7,29.4,39.2,31.3,34.6,24.5,75.2,0,0,0,,0,0,18.7,18.4,240.3,1011.1,64.3,13,270.7,23.2,9,30,2022-09-19T05:56:05,2022-09-19T18:03:37,0.79,Partially cloudy,Partly cloudy throughout the day.,partly-cloudy-day,"VRMM,43555099999"
"MalÃ©, Maldives",2022-09-20,32,27.8,29.1,39.2,32.1,34.4,24.8,78,0.5,100,4.17,rain,0,0,18.7,20.5,272.3,1010.6,67.1,12.1,288.9,25.2,9,30,2022-09-20T05:55:50,2022-09-20T18:03:09,0.82,"Rain, Partially cloudy",Partly cloudy throughout the day with afternoon rain.,rain,"VRMM,43555099999"
"MalÃ©, Maldives",2022-09-21,31.1,26,28.6,37.9,26,33.2,24.9,80.7,0.4,100,4.17,rain,0,0,17.6,20.5,302.7,1010.6,45.5,12.7,304.4,26.2,10,30,2022-09-21T05:55:36,2022-09-21T18:02:41,0.85,"Rain, Partially cloudy",Becoming cloudy in the afternoon with late afternoon rain.,rain,"VRMM,remote,43555099999"
"MalÃ©, Maldives",2022-09-22,31.7,25.3,28.7,38.5,25.3,33.3,24.6,79.1,0.2,100,4.17,rain,0,0,15.1,18.4,277.7,1010.8,38.6,12.9,300.3,25.9,10,10,2022-09-22T05:55:22,2022-09-22T18:02:13,0.88,"Rain, Partially cloudy",Partly cloudy throughout the day with early morning rain.,rain,"VRMM,43555099999"
"MalÃ©, Maldives",2022-09-23,31,27,28.8,37.8,30.6,33.7,24.5,77.7,0,0,0,rain,0,0,18,22.3,261.9,1011.2,44.8,12.8,305.8,26.3,10,30,2022-09-23T05:55:07,2022-09-23T18:01:45,0.92,Partially cloudy,Partly cloudy throughout the day.,partly-cloudy-day,"VRMM,43555099999"
"MalÃ©, Maldives",2022-09-24,32,28,29.2,39.2,32,34.4,24.6,76.4,0,0,0,rain,0,0,25.6,24.1,327.9,1010.4,72.4,12.3,289.1,25,10,30,2022-09-24T05:54:53,2022-09-24T18:01:17,0.95,Partially cloudy,Partly cloudy throughout the day.,partly-cloudy-day,"VRMM,43555099999"
"MalÃ©, Maldives",2022-09-25,31,28,29.3,37.8,32,34.8,24.8,77,0,0,0,rain,0,0,29.5,33.5,302.9,1009.2,70.6,12.4,299.5,25.8,10,30,2022-09-25T05:54:39,2022-09-25T18:00:49,0.98,Partially cloudy,Partly cloudy throughout the day.,partly-cloudy-day,"VRMM,43555099999"
"MalÃ©, Maldives",2022-09-26,30,26,28.2,36.4,26,32.5,24.7,81.8,1.7,100,4.17,rain,0,0,27.4,33.5,275.9,1010.5,89.1,11,303.7,26.3,10,30,2022-09-26T05:54:25,2022-09-26T18:00:22,0,"Rain, Partially cloudy",Partly cloudy throughout the day with early morning rain.,rain,"VRMM,remote,43555099999"
"MalÃ©, Maldives",2022-09-27,31,27,28.8,37.8,30.5,33.5,24.5,78.1,0.4,100,4.17,rain,0,0,31,38.9,291.6,1010.1,76.1,12,306.6,26.5,10,30,2022-09-27T05:54:11,2022-09-27T17:59:55,0.05,"Rain, Partially cloudy",Partly cloudy throughout the day with early morning rain.,rain,"VRMM,43555099999"
"MalÃ©, Maldives",2022-09-28,30,26,28.1,36.3,26,32.1,24.5,81.1,0.7,100,4.17,rain,0,0,31,40.7,277,1009.7,84,10.3,297.7,25.7,10,30,2022-09-28T05:53:58,2022-09-28T17:59:27,0.09,"Rain, Partially cloudy",Partly cloudy throughout the day with early morning rain.,rain,"VRMM,43555099999"
"MalÃ©, Maldives",2022-09-29,30,26,27.6,36.2,26,30.9,24.5,83.5,0.9,100,4.17,rain,0,0,31.7,38.9,265.1,1009.2,76.3,10.3,301,26,10,30,2022-09-29T05:53:44,2022-09-29T17:59:01,0.12,"Rain, Partially cloudy",Partly cloudy throughout the day with early morning rain.,rain,"VRMM,remote,43555099999"
"MalÃ©, Maldives",2022-09-30,29,25,26.7,33.6,25,28.8,23.7,83.8,4.5,100,4.17,rain,0,0,45.4,48.4,265.4,1011,100,7.8,50.3,4.3,2,10,2022-09-30T05:53:31,2022-09-30T17:58:34,0.16,"Rain, Overcast",Cloudy skies throughout the day with early morning rain.,rain,"VRMM,remote,43555099999"
"MalÃ©, Maldives",2022-10-01,30,27,28.4,37.5,30.1,33.3,24.8,81.2,0.5,100,4.17,rain,0,0,38.5,42.5,275.1,1010.9,93.7,10.3,245.6,21.1,9,60,2022-10-01T05:53:18,2022-10-01T17:58:08,0.19,"Rain, Overcast",Cloudy skies throughout the day with early morning rain.,rain,"VRMM,43555099999"
"MalÃ©, Maldives",2022-10-02,30,24,27.6,36.2,24,31,24.2,82.1,2.5,100,4.17,rain,0,0,37.8,37.1,274.1,1010.8,91,10.1,236.8,20.5,8,30,2022-10-02T05:53:06,2022-10-02T17:57:41,0.23,"Rain, Overcast",Cloudy skies throughout the day with early morning rain.,rain,"VRMM,remote,43555099999"
"MalÃ©, Maldives",2022-10-03,30,26,28.6,36.2,26,33.2,24.5,78.5,0.1,100,4.17,rain,0,0,39.2,42.5,275.3,1010,88.9,10.7,178,15.4,10,30,2022-10-03T05:52:53,2022-10-03T17:57:16,0.25,"Rain, Partially cloudy",Partly cloudy throughout the day with early morning rain.,rain,"VRMM,43555099999"
"MalÃ©, Maldives",2022-10-04,31,25,28.4,39.1,25,33.3,24.6,79.9,0,0,0,rain,0,0,35.6,27.7,296.5,1009.8,88.9,10,153,13.1,8,60,2022-10-04T05:52:41,2022-10-04T17:56:50,0.3,Partially cloudy,Partly cloudy throughout the day.,partly-cloudy-day,"VRMM,43555099999"
"MalÃ©, Maldives",2022-10-05,30.1,27.6,28.9,36.4,30.9,33.9,24.6,77.7,0,0,0,rain,0,0,34.6,31.7,290.5,1009.8,89.4,11.4,237.5,20.6,8,30,2022-10-05T05:52:30,2022-10-05T17:56:25,0.34,Partially cloudy,Partly cloudy throughout the day.,partly-cloudy-day,"VRMM,remote,43555099999"
"MalÃ©, Maldives",2022-10-06,31.1,27.7,29,39.1,31.9,34.8,25.2,79.9,0,0,0,rain,0,0,36.7,29.5,288.7,1009.2,85.8,11.3,274.8,24,10,30,2022-10-06T05:52:18,2022-10-06T17:56:00,0.37,Partially cloudy,Partly cloudy throughout the day.,partly-cloudy-day,"VRMM,43555099999"
"MalÃ©, Maldives",2022-10-07,31,28,29.2,37.8,31.8,34,24.2,74.9,0,0,0,rain,0,0,35.6,29.5,296,1009.5,76.4,11.5,304.3,26.2,10,30,2022-10-07T05:52:07,2022-10-07T17:55:36,0.41,Partially cloudy,Partly cloudy throughout the day.,partly-cloudy-day,"VRMM,43555099999"
"MalÃ©, Maldives",2022-10-08,30.2,27.9,28.9,36.5,31.7,33.5,24.1,75.6,0,0,0,rain,0,0,32.4,25.9,301,1009.3,79.5,12,284.8,24.6,10,30,2022-10-08T05:51:57,2022-10-08T17:55:12,0.44,Partially cloudy,Partly cloudy throughout the day.,partly-cloudy-day,"VRMM,43555099999"
"MalÃ©, Maldives",2022-10-09,30.3,27.8,28.9,36.2,30.8,33.5,24,74.8,0,0,0,rain,0,0,29.2,22.3,299.6,1009.9,52.4,11.8,308.4,26.8,10,30,2022-10-09T05:51:46,2022-10-09T17:54:49,0.48,Partially cloudy,Partly cloudy throughout the day.,partly-cloudy-day,"VRMM,43555099999"
"MalÃ©, Maldives",2022-10-10,31,25,27.8,39,25,31.8,24.9,84.6,25,100,8.33,rain,0,0,34.9,27.7,281.3,1010.8,61.7,10.2,298.3,25.8,10,30,2022-10-10T05:51:37,2022-10-10T17:54:26,0.5,"Rain, Partially cloudy",Partly cloudy throughout the day with rain.,rain,"VRMM,43555099999"
"MalÃ©, Maldives",2022-10-11,30.8,25,26.9,38.3,25,29.1,24.3,86.4,36,100,8.33,rain,0,0,41.4,44.6,270.8,1010.8,91,8.6,162.4,14.1,8,30,2022-10-11T05:51:27,2022-10-11T17:54:03,0.55,"Rain, Overcast",Cloudy skies throughout the day with rain.,rain,"VRMM,remote,43555099999"
"MalÃ©, Maldives",2022-10-12,29,25.7,27.7,34.6,25.7,31.9,24.9,84.8,11,100,8.33,rain,0,0,38.9,40.7,272.5,1010.3,86.9,9.8,240,20.6,8,30,2022-10-12T05:51:18,2022-10-12T17:53:42,0.58,"Rain, Partially cloudy",Partly cloudy throughout the day with rain.,rain,"VRMM,43555099999"
"MalÃ©, Maldives",2022-10-13,28,24.9,26.4,32,24.9,27.8,24.1,87.7,15,100,12.5,rain,0,0,42.8,38.9,265.4,1010.9,93.8,9.9,147.7,12.8,7,30,2022-10-13T05:51:10,2022-10-13T17:53:20,0.61,"Rain, Overcast",Cloudy skies throughout the day with rain.,rain,"VRMM,remote,43555099999"
"MalÃ©, Maldives",2022-10-14,29.2,25,27.1,35.1,25,30,24.5,85.9,3.4,100,8.33,rain,0,0,44.6,46.4,262.3,1010,91.7,9.4,129.5,11.2,9,30,2022-10-14T05:51:02,2022-10-14T17:52:59,0.64,"Rain, Overcast",Cloudy skies throughout the day with rain.,rain,"VRMM,43555099999"
"MalÃ©, Maldives",2022-10-15,29.7,26,27.4,36.8,26,30.7,24.5,84.3,5,100,4.17,rain,0,0,38.9,40.7,256.8,1008.9,89.6,12.1,195.1,17,9,30,2022-10-15T05:50:55,2022-10-15T17:52:39,0.67,"Rain, Partially cloudy",Partly cloudy throughout the day with late afternoon rain.,rain,"VRMM,remote,43555099999"
"MalÃ©, Maldives",2022-10-16,29,25.8,27.1,34.6,25.8,30,24.7,86.6,19,100,12.5,rain,0,0,40.3,40.7,239.7,1009.9,88.2,9.8,250.3,21.6,10,30,2022-10-16T05:50:48,2022-10-16T17:52:19,0.71,"Rain, Partially cloudy",Partly cloudy throughout the day with rain.,rain,"VRMM,remote,43555099999"
"MalÃ©, Maldives",2022-10-17,31,24,27.5,37.8,24,30.5,24.4,83.5,15,100,4.17,rain,0,0,37.1,40.7,224.4,1011.8,92.1,9.4,294.6,25.4,10,30,2022-10-17T05:50:41,2022-10-17T17:52:00,0.75,"Rain, Overcast",Cloudy skies throughout the day with morning rain.,rain,"VRMM,43555099999"
"MalÃ©, Maldives",2022-10-18,30,27,28.5,37.5,30,33.2,24.5,79,0,0,0,rain,0,0,33.8,33.5,244.4,1012,72.2,11.2,246,21.4,9,10,2022-10-18T05:50:36,2022-10-18T17:51:42,0.77,Partially cloudy,Partly cloudy throughout the day.,partly-cloudy-day,"VRMM,43555099999"
"MalÃ©, Maldives",2022-10-19,30,27,28.6,36.3,30.1,33.3,24.5,79,0,0,0,rain,0,0,34.2,29.5,267.2,1012.1,89.1,12.4,278,23.8,10,30,2022-10-19T05:50:30,2022-10-19T17:51:24,0.8,Partially cloudy,Partly cloudy throughout the day.,partly-cloudy-day,"VRMM,remote,43555099999"
"MalÃ©, Maldives",2022-10-20,31,27.8,29,39.1,32,34.5,25.1,79.7,0,0,0,rain,0,0,31.7,29.5,258.8,1011.8,76.9,12,286.6,24.8,10,30,2022-10-20T05:50:26,2022-10-20T17:51:07,0.83,Partially cloudy,Partly cloudy throughout the day.,partly-cloudy-day,"VRMM,43555099999"
"MalÃ©, Maldives",2022-10-21,30,27.7,28.4,36.4,31.1,33.3,24.9,81.1,3,100,4.17,rain,0,0,26.3,29.5,258.5,1011.9,88.5,11.3,268.3,23.3,10,30,2022-10-21T05:50:22,2022-10-21T17:50:50,0.87,"Rain, Partially cloudy",Partly cloudy throughout the day with morning rain.,rain,"VRMM,remote,43555099999"
"MalÃ©, Maldives",2022-10-22,30,26,27.7,36.2,26,31.7,25.1,85.7,1.8,100,8.33,rain,0,0,29.5,25.9,247.6,1012.2,88.6,9.7,111.3,9.5,5,30,2022-10-22T05:50:18,2022-10-22T17:50:34,0.9,"Rain, Partially cloudy",Partly cloudy throughout the day with rain.,rain,"VRMM,remote,43555099999"
"MalÃ©, Maldives",2022-10-23,29,25.8,27.5,34.9,25.8,31.2,24.8,85.3,4,100,4.17,rain,0,0,33.8,33.5,245.1,1012.2,91.4,10.8,270.1,23.4,10,30,2022-10-23T05:50:16,2022-10-23T17:50:19,0.93,"Rain, Overcast",Cloudy skies throughout the day with morning rain.,rain,"VRMM,remote,43555099999"
"MalÃ©, Maldives",2022-10-24,30,25,27.7,37.5,25,31.8,25,85.5,4,100,4.17,rain,0,0,33.8,35.3,240.9,1011,89.1,10.6,275,23.7,10,60,2022-10-24T05:50:14,2022-10-24T17:50:05,0.96,"Rain, Partially cloudy",Partly cloudy throughout the day with afternoon rain.,rain,"VRMM,43555099999"
"MalÃ©, Maldives",2022-10-25,31.1,26,28.4,39.3,26,33.7,25.6,84.8,0.6,100,4.17,rain,0,0,29.9,31.7,257.8,1010.9,60.1,11.1,293.1,25.4,10,30,2022-10-25T05:50:12,2022-10-25T17:49:52,0,"Rain, Partially cloudy",Partly cloudy throughout the day with afternoon rain.,rain,"VRMM,43555099999"
"MalÃ©, Maldives",2022-10-26,31,27,28.7,39.1,30.1,34.3,25.4,82.7,0,0,0,,0,0,20.9,25.9,278.3,1011.4,44.1,12,294.1,25.4,10,30,2022-10-26T05:50:12,2022-10-26T17:49:39,0.03,Partially cloudy,Partly cloudy throughout the day.,partly-cloudy-day,"VRMM,43555099999"
"MalÃ©, Maldives",2022-10-27,31,27,28.5,38.3,30.6,33.5,25,81.3,0.3,100,4.17,rain,0,0,13,25.9,256.4,1010.8,55.2,12.6,296.3,25.5,10,30,2022-10-27T05:50:12,2022-10-27T17:49:27,0.07,"Rain, Partially cloudy",Partly cloudy throughout the day with late afternoon rain.,rain,"VRMM,remote,43555099999"
"MalÃ©, Maldives",2022-10-28,30,27,28.1,36.2,30.1,32.4,24.6,81.7,0,0,0,rain,0,0,14,16.6,207.7,1009.2,77.3,11.9,292,25.3,10,10,2022-10-28T05:50:12,2022-10-28T17:49:16,0.1,Partially cloudy,Partly cloudy throughout the day.,partly-cloudy-day,"VRMM,43555099999"
"MalÃ©, Maldives",2022-10-29,30,26.7,28.3,36.2,29.5,32.9,24.6,80.5,0,0,0,rain,0,0,15.5,11.2,18.8,1009.1,88.7,12,268.5,23.3,9,10,2022-10-29T05:50:14,2022-10-29T17:49:05,0.14,Partially cloudy,Partly cloudy throughout the day.,partly-cloudy-day,"VRMM,43555099999"
"MalÃ©, Maldives",2022-10-30,31,27.7,28.9,37.8,31.8,34,24.8,78.7,0,0,0,rain,0,0,11.9,11.2,348.1,1009.8,76.6,11.8,294.9,25.5,10,10,2022-10-30T05:50:16,2022-10-30T17:48:56,0.17,Partially cloudy,Partly cloudy throughout the day.,partly-cloudy-day,"VRMM,43555099999"
"MalÃ©, Maldives",2022-10-31,31,27,28.7,36.6,29.5,33,23.9,75.6,0,0,0,,0,0,18,20.5,298,1010.3,87.8,11.5,284.7,24.4,10,10,2022-10-31T05:50:19,2022-10-31T17:48:47,0.21,Partially cloudy,Partly cloudy throughout the day.,partly-cloudy-day,"VRMM,remote,43555099999"
"MalÃ©, Maldives",2022-11-01,31,27,28.9,36.6,30.1,33.3,24.1,75.7,0,0,0,,0,0,25.9,22.3,270.9,1011,81.9,11.7,279.9,24.1,10,10,2022-11-01T05:50:22,2022-11-01T17:48:39,0.25,Partially cloudy,Partly cloudy throughout the day.,partly-cloudy-day,"VRMM,43555099999"
"MalÃ©, Maldives",2022-11-02,31,27.5,29,37.8,30,33.9,24.4,76.6,0,0,0,rain,0,0,27,24.1,276.2,1010.7,82.7,12.5,266.1,22.9,9,30,2022-11-02T05:50:27,2022-11-02T17:48:32,0.28,Partially cloudy,Partly cloudy throughout the day.,partly-cloudy-day,"VRMM,remote,43555099999"
"MalÃ©, Maldives",2022-11-03,31,27.2,28.8,37.8,31.2,33.7,24.7,79.1,0,0,0,rain,0,0,25.9,24.1,273.2,1010,82.5,11,293.7,25.4,10,30,2022-11-03T05:50:32,2022-11-03T17:48:26,0.32,Partially cloudy,Partly cloudy throughout the day.,partly-cloudy-day,"VRMM,43555099999"
"MalÃ©, Maldives",2022-11-04,31.7,27,28.8,39,30.1,33.9,24.9,79.8,0,0,0,rain,0,0,21.2,18.4,266.4,1010.8,71.8,11,291.6,25.3,10,30,2022-11-04T05:50:38,2022-11-04T17:48:21,0.35,Partially cloudy,Partly cloudy throughout the day.,partly-cloudy-day,"VRMM,43555099999"
"MalÃ©, Maldives",2022-11-05,29,26,27.9,35.6,26,32.3,25,84.3,8,100,4.17,rain,0,0,18.4,22.3,251.6,1012.1,86.7,10.6,264,22.9,9,10,2022-11-05T05:50:44,2022-11-05T17:48:17,0.39,"Rain, Partially cloudy",Partly cloudy throughout the day with morning rain.,rain,"VRMM,43555099999"
"MalÃ©, Maldives",2022-11-06,29,26,27.3,34.6,26,30.6,24.3,84,2,100,4.17,rain,0,0,22.7,31.7,265.1,1012.6,88.9,10.4,271.2,23.5,10,10,2022-11-06T05:50:52,2022-11-06T17:48:14,0.42,"Rain, Partially cloudy",Partly cloudy throughout the day with morning rain.,rain,"VRMM,43555099999"
"MalÃ©, Maldives",2022-11-07,31,27,28.8,39.1,30.6,33.9,24.8,79.2,0,0,0,rain,0,0,20.2,18.4,316.8,1012,84,11.5,289.3,25,10,30,2022-11-07T05:51:00,2022-11-07T17:48:11,0.46,Partially cloudy,Partly cloudy throughout the day.,partly-cloudy-day,"VRMM,43555099999"
"MalÃ©, Maldives",2022-11-08,30,27.8,28.7,37.5,31.8,33.9,24.8,79.6,0,0,0,rain,0,0,24.1,18.4,312,1011.3,75,11.5,287.3,24.8,10,30,2022-11-08T05:51:09,2022-11-08T17:48:10,0.5,Partially cloudy,Partly cloudy throughout the day.,partly-cloudy-day,"VRMM,43555099999"
"MalÃ©, Maldives",2022-11-09,30,25.6,28.1,36.2,25.6,32.1,24.8,82.6,25.4,100,8.33,rain,0,0,28.4,22.3,317.4,1010.9,89.1,10.9,245.8,21.2,9,30,2022-11-09T05:51:19,2022-11-09T17:48:09,0.53,"Rain, Partially cloudy",Partly cloudy throughout the day with rain.,rain,"VRMM,remote,43555099999"
"MalÃ©, Maldives",2022-11-10,28,26,27.2,32.7,26,30.5,24.5,85.4,0,0,0,rain,0,0,16.6,25.9,262.7,1010.7,90.8,10.7,231.6,19.9,8,10,2022-11-10T05:51:29,2022-11-10T17:48:09,0.56,Overcast,Cloudy skies throughout the day.,cloudy,"VRMM,43555099999"
"MalÃ©, Maldives",2022-11-11,31,26,28,36.6,26,31.8,24.1,79.3,0,0,0,rain,0,0,15.1,25.9,208.3,1010.7,90.1,11.3,238.2,20.4,9,10,2022-11-11T05:51:41,2022-11-11T17:48:11,0.59,Overcast,Cloudy skies throughout the day.,cloudy,"VRMM,remote,43555099999"
"MalÃ©, Maldives",2022-11-12,30,26,27.9,36.2,26,31.6,24.5,81.9,2,100,4.17,rain,0,0,35.6,35.3,270.7,1010.4,89.9,11.4,52.2,4.5,3,30,2022-11-12T05:51:53,2022-11-12T17:48:13,0.62,"Rain, Partially cloudy",Partly cloudy throughout the day with late afternoon rain.,rain,"VRMM,43555099999"
"MalÃ©, Maldives",2022-11-13,31,26.7,28.6,39.1,26.7,33.6,24.9,80.5,1.4,100,4.17,rain,0,0,26.3,24.1,280.8,1010.2,89.3,11.7,242.4,21,9,30,2022-11-13T05:52:06,2022-11-13T17:48:16,0.66,"Rain, Partially cloudy",Partly cloudy throughout the day with early morning rain.,rain,"VRMM,remote,43555099999"
"MalÃ©, Maldives",2022-11-14,28.2,26,27.3,32.9,26,30.6,24.7,85.5,4,100,4.17,rain,0,0,42.1,40.7,261.6,1011.4,91.9,10.7,69.8,6.1,3,30,2022-11-14T05:52:19,2022-11-14T17:48:20,0.69,"Rain, Overcast",Cloudy skies throughout the day with morning rain.,rain,"VRMM,43555099999"
"MalÃ©, Maldives",2022-11-15,30,27,28.4,36.2,30.1,33.2,24.8,81.1,0,0,0,rain,0,0,26.6,27.7,285.4,1011.9,89.2,11.2,240.8,20.7,9,30,2022-11-15T05:52:34,2022-11-15T17:48:25,0.72,Partially cloudy,Partly cloudy throughout the day.,partly-cloudy-day,"VRMM,43555099999"
"MalÃ©, Maldives",2022-11-16,30,24.7,27.3,36.2,24.7,30.2,24.3,84.1,7,100,4.17,rain,0,0,19.8,20.5,251,1010.9,89.1,12,265.7,23,9,30,2022-11-16T05:52:49,2022-11-16T17:48:31,0.75,"Rain, Partially cloudy",Partly cloudy throughout the day with afternoon rain.,rain,"VRMM,remote,43555099999"
"MalÃ©, Maldives",2022-11-17,28,25,26.7,32.7,25,29.3,24.6,88.5,0.6,100,4.17,rain,0,0,22.7,25.9,258.3,1010.3,90.2,10.1,261.9,22.6,9,30,2022-11-17T05:53:05,2022-11-17T17:48:38,0.78,"Rain, Overcast",Cloudy skies throughout the day with morning rain.,rain,"VRMM,43555099999"
"MalÃ©, Maldives",2022-11-18,28,25.7,27,32.7,25.7,30,24.5,85.9,9,100,4.17,rain,0,0,30.2,37.1,260.8,1010.3,93,10.5,148.3,12.8,6,30,2022-11-18T05:53:22,2022-11-18T17:48:46,0.82,"Rain, Overcast",Cloudy skies throughout the day with morning rain.,rain,"VRMM,remote,43555099999"
"MalÃ©, Maldives",2022-11-19,31,26.8,28.2,39.1,29.5,32.9,24.8,82.1,0.5,100,4.17,rain,0,0,33.1,27.7,290.8,1010,75.9,11.2,265.8,22.8,9,30,2022-11-19T05:53:39,2022-11-19T17:48:55,0.85,"Rain, Partially cloudy",Partly cloudy throughout the day with afternoon rain.,rain,"VRMM,43555099999"
"MalÃ©, Maldives",2022-11-20,28.8,24.8,26.7,34,24.8,28.8,24.2,86.2,11,100,4.17,rain,0,0,31.3,27.7,282.1,1009.4,90.8,9.7,264.2,22.9,9,30,2022-11-20T05:53:58,2022-11-20T17:49:05,0.88,"Rain, Overcast",Cloudy skies throughout the day with afternoon rain.,rain,"VRMM,remote,43555099999"
"MalÃ©, Maldives",2022-11-21,30,27,28.7,36.2,30.1,33.4,24.5,78.3,0,0,0,rain,0,0,45,35.3,281.8,1009.2,89.6,10.7,242.9,20.9,9,60,2022-11-21T05:54:16,2022-11-21T17:49:15,0.91,Partially cloudy,Partly cloudy throughout the day.,partly-cloudy-day,"VRMM,43555099999"
"MalÃ©, Maldives",2022-11-22,31,27.8,28.9,36.6,31,33.2,23.8,74.6,0,0,0,,0,0,27.7,16.6,297.5,1010.1,44.6,9.5,282.5,24.6,9,10,2022-11-22T05:54:36,2022-11-22T17:49:27,0.95,Partially cloudy,Partly cloudy throughout the day.,partly-cloudy-day,"VRMM,43555099999"
"MalÃ©, Maldives",2022-11-23,31,27,28.6,37.8,29.5,33.4,24.6,79.1,0.4,100,4.17,rain,0,0,30.6,25.9,275.6,1010.9,60.8,11.1,284,24.7,9,30,2022-11-23T05:54:56,2022-11-23T17:49:39,0.98,"Rain, Partially cloudy",Partly cloudy throughout the day with late afternoon rain.,rain,"VRMM,remote,43555099999"
"MalÃ©, Maldives",2022-11-24,30.7,25.9,27.8,37.5,25.9,31.8,24.8,83.6,8,100,8.33,rain,0,0,31,27,282.3,1010.9,79.1,11.2,269.7,23.2,9,10,2022-11-24T05:55:17,2022-11-24T17:49:53,0,"Rain, Partially cloudy",Partly cloudy throughout the day with rain in the morning and afternoon.,rain,"VRMM,remote,43555099999"
"MalÃ©, Maldives",2022-11-25,31,26,28.2,39.1,26,32.5,24.6,81.2,0,0,0,rain,0,0,20.9,14.8,288.7,1010.6,69,11.4,279.9,24.1,9,10,2022-11-25T05:55:39,2022-11-25T17:50:07,0.05,Partially cloudy,Partly cloudy throughout the day.,partly-cloudy-day,"VRMM,43555099999"
"MalÃ©, Maldives",2022-11-26,30,25.9,27.8,35.1,25.9,31,24,80.1,0,0,0,,0,0,14.4,9.4,226.5,1010,59.4,11.4,284.5,24.6,10,10,2022-11-26T05:56:01,2022-11-26T17:50:22,0.08,Partially cloudy,Partly cloudy throughout the day.,partly-cloudy-day,"VRMM,43555099999"
"MalÃ©, Maldives",2022-11-27,31,26.9,28.5,36.6,29.7,32.8,24.1,77,0.4,100,4.17,rain,0,0,11.5,14.8,224,1008.4,54.2,10.5,281.1,24.3,9,10,2022-11-27T05:56:24,2022-11-27T17:50:38,0.12,"Rain, Partially cloudy",Partly cloudy throughout the day with early morning rain.,rain,"VRMM,43555099999"
"MalÃ©, Maldives",2022-11-28,31,26,28.3,36.6,26,32.2,24.1,78.2,0,0,0,,0,0,11.9,11.2,235.1,1008.6,35.3,10.4,279,24.2,9,10,2022-11-28T05:56:48,2022-11-28T17:50:55,0.15,Partially cloudy,Partly cloudy throughout the day.,partly-cloudy-day,"VRMM,43555099999"
"MalÃ©, Maldives",2022-11-29,31,26,28.2,36.6,26,31.7,23.5,76,0,0,0,,0,0,7.6,9.4,269.7,1009.6,29.3,11.3,283.4,24.7,9,10,2022-11-29T05:57:12,2022-11-29T17:51:12,0.19,Partially cloudy,Partly cloudy throughout the day.,partly-cloudy-day,"VRMM,43555099999"
"MalÃ©, Maldives",2022-11-30,31.2,25,28.3,37.8,25,31.9,23.9,77.5,0,0,0,,0,0,9.4,9.4,26.2,1009.9,73.1,11.8,277.4,24.2,9,10,2022-11-30T05:57:36,2022-11-30T17:51:31,0.25,Partially cloudy,Partly cloudy throughout the day.,partly-cloudy-day,"VRMM,43555099999"
"MalÃ©, Maldives",2022-12-01,30,25,27.7,36.2,25,31.2,24.1,80.9,23,100,8.33,rain,0,0,35.3,16.6,357.8,1009.5,85.6,8.7,278.7,24,9,30,2022-12-01T05:58:01,2022-12-01T17:51:50,0.26,"Rain, Partially cloudy",Partly cloudy throughout the day with rain.,rain,"VRMM,remote,43555099999"
"MalÃ©, Maldives",2022-12-02,30,26.6,27.5,36.2,26.6,31.1,24.3,83.2,14.3,100,8.33,rain,0,0,16.2,16.6,303,1009.2,78.7,9.7,277.4,24,9,30,2022-12-02T05:58:27,2022-12-02T17:52:10,0.29,"Rain, Partially cloudy",Partly cloudy throughout the day with rain.,rain,"VRMM,remote,43555099999"
"MalÃ©, Maldives",2022-12-03,30,25,27.4,36.2,25,30.5,24.7,85.5,1.5,100,8.33,rain,0,0,14.4,20.5,305.6,1009.5,88.1,8,256.9,22.3,9,30,2022-12-03T05:58:53,2022-12-03T17:52:31,0.33,"Rain, Partially cloudy",Partly cloudy throughout the day with rain.,rain,"VRMM,43555099999"
"MalÃ©, Maldives",2022-12-04,29,26.2,27.3,34.6,26.2,30.8,24.5,84.6,0.5,100,4.17,rain,0,0,18.4,14,316.6,1010.1,91.2,9.9,35.4,3,2,10,2022-12-04T05:59:20,2022-12-04T17:52:52,0.36,"Rain, Overcast",Cloudy skies throughout the day with morning rain.,rain,"VRMM,remote,43555099999"
"MalÃ©, Maldives",2022-12-05,30.1,26,28.1,36.4,26,32,24.4,80.9,1,100,4.17,rain,0,0,16.2,16.6,353.8,1010.3,89.2,11.2,250.6,21.6,8,10,2022-12-05T05:59:47,2022-12-05T17:53:14,0.4,"Rain, Partially cloudy",Partly cloudy throughout the day with afternoon rain.,rain,"VRMM,43555099999"
"MalÃ©, Maldives",2022-12-06,32,27,29.2,39.2,30.6,34.4,24.5,76.2,0,0,0,rain,0,0,11.2,14.8,202.7,1009.6,82.9,10.9,255,22,9,30,2022-12-06T06:00:14,2022-12-06T17:53:37,0.43,Partially cloudy,Partly cloudy throughout the day.,partly-cloudy-day,"VRMM,43555099999"
"MalÃ©, Maldives",2022-12-07,29,25.4,27.6,34.6,25.4,31.3,24.6,83.9,37,100,8.33,rain,0,0,20.9,31.7,248.3,1009.6,90.1,10.5,249.2,21.3,9,30,2022-12-07T06:00:42,2022-12-07T17:54:00,0.47,"Rain, Overcast",Cloudy skies throughout the day with rain.,rain,"VRMM,remote,43555099999"
"MalÃ©, Maldives",2022-12-08,31,27,28,39.1,30.1,32.3,24.8,83.2,0.5,100,4.17,rain,0,0,29.5,35.3,267.2,1009.5,85.6,11,265,22.9,9,30,2022-12-08T06:01:10,2022-12-08T17:54:25,0.5,"Rain, Partially cloudy",Partly cloudy throughout the day with early morning rain.,rain,"VRMM,43555099999"
"MalÃ©, Maldives",2022-12-09,29.1,26,27.5,35.6,26,31.2,24.9,86.1,3,100,4.17,rain,0,0,34.9,31.7,270.1,1008.7,93.2,10,180,15.6,7,30,2022-12-09T06:01:39,2022-12-09T17:54:49,0.54,"Rain, Overcast",Cloudy skies throughout the day with afternoon rain.,rain,"VRMM,43555099999"
"MalÃ©, Maldives",2022-12-10,30,26.8,28.1,36.2,29.5,32.4,24.4,80.2,1.3,100,12.5,rain,0,0,61.2,46.4,270.3,1008.5,90.9,10.8,270,23.3,9,60,2022-12-10T06:02:08,2022-12-10T17:55:14,0.57,"Rain, Overcast",Cloudy skies throughout the day with rain.,rain,"VRMM,remote,43555099999"
"MalÃ©, Maldives",2022-12-11,30.1,25,28.1,37.5,25,32.4,24.7,81.8,23,100,4.17,rain,0,0,37.8,38.9,281.1,1009.7,86.8,11,259.2,22.3,9,60,2022-12-11T06:02:37,2022-12-11T17:55:40,0.6,"Rain, Partially cloudy",Partly cloudy throughout the day with late afternoon rain.,rain,"VRMM,remote,43555099999"
"MalÃ©, Maldives",2022-12-12,31,27,28.1,37.8,29.9,32.3,24.2,79.6,2,100,4.17,rain,0,0,37.8,51.8,276.3,1009.9,92.6,11.1,226.8,19.6,9,60,2022-12-12T06:03:06,2022-12-12T17:56:06,0.63,"Rain, Overcast",Cloudy skies throughout the day with afternoon rain.,rain,"VRMM,remote,43555099999"
"MalÃ©, Maldives",2022-12-13,30.7,25,28.3,37.4,25,32.7,24.7,81.3,0.8,100,8.33,rain,0,0,68.4,46.4,272,1009.8,87,10.5,208.8,18,9,60,2022-12-13T06:03:35,2022-12-13T17:56:33,0.67,"Rain, Partially cloudy",Partly cloudy throughout the day with rain.,rain,"VRMM,43555099999"
"MalÃ©, Maldives",2022-12-14,31,27,29,37.8,30.5,34.2,24.9,78.8,1,100,4.17,rain,0,0,22.7,20.5,248,1010,82.4,11.6,275.8,23.8,9,30,2022-12-14T06:04:05,2022-12-14T17:57:01,0.7,"Rain, Partially cloudy",Partly cloudy throughout the day with late afternoon rain.,rain,"VRMM,43555099999"
"MalÃ©, Maldives",2022-12-15,30,24.7,27.4,35.6,24.7,30.5,24.4,83.9,24,100,4.17,rain,0,0,17.6,27.7,239.3,1009,74,10.5,261,22.5,9,30,2022-12-15T06:04:35,2022-12-15T17:57:28,0.73,"Rain, Partially cloudy",Partly cloudy throughout the day with morning rain.,rain,"VRMM,43555099999"
"MalÃ©, Maldives",2022-12-16,31,26,27.5,37.8,26,30.7,24.5,83.7,29,100,8.33,rain,0,0,10.4,9.4,36,1009,45.6,10.7,272.8,23.6,9,10,2022-12-16T06:05:05,2022-12-16T17:57:56,0.75,"Rain, Partially cloudy",Partly cloudy throughout the day with rain.,rain,"VRMM,43555099999"
"MalÃ©, Maldives",2022-12-17,30,25,27.9,36.2,25,31.2,24.2,80.5,7,100,4.17,rain,0,0,25.2,25.9,56.2,1009.2,66.2,10.7,260.9,22.5,9,10,2022-12-17T06:05:35,2022-12-17T17:58:25,0.8,"Rain, Partially cloudy",Partly cloudy throughout the day with morning rain.,rain,"VRMM,43555099999"
"MalÃ©, Maldives",2022-12-18,30.3,25,28.2,36.2,25,31.9,24,78.4,0.2,100,4.17,rain,0,0,21.6,18.4,1.5,1008.6,87.3,10.2,260.9,22.4,9,10,2022-12-18T06:06:05,2022-12-18T17:58:53,0.83,"Rain, Partially cloudy",Partly cloudy throughout the day with early morning rain.,rain,"VRMM,43555099999"
"MalÃ©, Maldives",2022-12-19,29,25.6,27.6,34.6,25.6,30.7,23.8,80,1.5,100,8.33,rain,0,0,24.8,16.6,332.6,1008.3,79.6,9.3,96.5,8.2,5,10,2022-12-19T06:06:35,2022-12-19T17:59:23,0.86,"Rain, Partially cloudy",Partly cloudy throughout the day with early morning rain.,rain,"VRMM,remote,43555099999"
"MalÃ©, Maldives",2022-12-20,31,26.1,28,36.6,26.1,31.6,23.9,78.8,0,0,0,rain,0,0,19.4,29.5,71.4,1007.6,89.1,7.2,100.3,8.9,7,10,2022-12-20T06:07:05,2022-12-20T17:59:52,0.9,Partially cloudy,Partly cloudy throughout the day.,partly-cloudy-day,"VRMM,43555099999"
"MalÃ©, Maldives",2022-12-21,29,24,26.6,33.6,24,28.7,24.2,87.3,3.5,100,8.33,rain,0,0,38.9,31.7,59.6,1008,95.1,8,52.5,4.5,3,30,2022-12-21T06:07:35,2022-12-21T18:00:21,0.93,"Rain, Overcast",Cloudy skies throughout the day with rain.,rain,"VRMM,43555099999"
"MalÃ©, Maldives",2022-12-22,29,26,27.5,35.6,26,31.4,25,86.1,0.2,100,4.17,rain,0,0,20.5,25.9,285.2,1008.8,92.8,9.3,222.6,19.1,8,10,2022-12-22T06:08:04,2022-12-22T18:00:51,0.96,"Rain, Overcast",Cloudy skies throughout the day with late afternoon rain.,rain,"VRMM,43555099999"
"MalÃ©, Maldives",2022-12-23,30,26,28,36.2,26,32.3,24.9,83.2,13,100,4.17,rain,0,0,19.8,24.1,288.2,1008.8,87.8,10.2,257.5,22.3,9,30,2022-12-23T06:08:34,2022-12-23T18:01:21,0,"Rain, Partially cloudy",Partly cloudy throughout the day with afternoon rain.,rain,"VRMM,remote,43555099999"
"MalÃ©, Maldives",2022-12-24,30,26,28.1,36.2,26,32,24.2,79.8,0.4,100,4.17,rain,0,0,21.6,18.4,349.9,1009.6,84.2,8.9,271.8,23.5,9,10,2022-12-24T06:09:04,2022-12-24T18:01:51,0.03,"Rain, Partially cloudy",Partly cloudy throughout the day with early morning rain.,rain,"VRMM,43555099999"
"MalÃ©, Maldives",2022-12-25,30,26.8,28.2,36.2,28.8,32.3,23.8,77.3,0,0,0,,0,0,24.5,20.5,307.7,1010.2,59.4,9.7,282,24.3,9,10,2022-12-25T06:09:33,2022-12-25T18:02:21,0.06,Partially cloudy,Partly cloudy throughout the day.,partly-cloudy-day,"VRMM,43555099999"
"MalÃ©, Maldives",2022-12-26,30,27,28.4,36.2,30.1,33.1,24.5,79.6,0,0,0,rain,0,0,27,33.5,293.1,1010.8,88.9,8.6,266.4,23.1,9,30,2022-12-26T06:10:02,2022-12-26T18:02:52,0.1,Partially cloudy,Partly cloudy throughout the day.,partly-cloudy-day,"VRMM,43555099999"
"MalÃ©, Maldives",2022-12-27,30.7,27.2,28.6,36.5,30.6,33.7,24.8,80,0,0,0,rain,0,0,23.8,24.1,293.7,1011.7,50,8.5,271.4,23.4,9,30,2022-12-27T06:10:31,2022-12-27T18:03:22,0.13,Partially cloudy,Partly cloudy throughout the day.,partly-cloudy-day,"VRMM,43555099999"
"MalÃ©, Maldives",2022-12-28,31,25.7,28.5,37.8,25.7,32.4,24.2,78.3,0,0,0,rain,0,0,11.5,11.2,124.9,1012.8,66.7,9.5,262.9,22.7,9,30,2022-12-28T06:10:59,2022-12-28T18:03:52,0.17,Partially cloudy,Partly cloudy throughout the day.,partly-cloudy-day,"VRMM,43555099999"
"MalÃ©, Maldives",2022-12-29,31,26,28.4,37.8,26,32.3,24.2,78.4,1,100,4.17,rain,0,0,20.2,18.4,103.2,1013.9,61.6,10,261.1,22.6,9,30,2022-12-29T06:11:28,2022-12-29T18:04:23,0.2,"Rain, Partially cloudy",Partly cloudy throughout the day with afternoon rain.,rain,"VRMM,43555099999"
"MalÃ©, Maldives",2022-12-30,31,27.2,28.9,38.5,30.6,33.8,24.4,76.9,0,0,0,rain,0,0,46.4,29.5,93.8,1014.5,51,10.6,278.5,24,9,30,2022-12-30T06:11:55,2022-12-30T18:04:53,0.25,Partially cloudy,Partly cloudy throughout the day.,partly-cloudy-day,"VRMM,43555099999"
"MalÃ©, Maldives",2022-12-31,31,27,28.8,37.8,30.1,33.3,24.1,75.9,0,0,0,rain,0,0,31.3,29.5,80.9,1014.5,54.1,10.4,260.6,22.4,9,30,2022-12-31T06:12:23,2022-12-31T18:05:23,0.27,Partially cloudy,Partly cloudy throughout the day.,partly-cloudy-day,"VRMM,43555099999"
