name,datetime,tempmax,tempmin,temp,feelslikemax,feelslikemin,feelslike,dew,humidity,precip,precipprob,precipcover,preciptype,snow,snowdepth,windgust,windspeed,winddir,sealevelpressure,cloudcover,visibility,solarradiation,solarenergy,uvindex,severerisk,sunrise,sunset,moonphase,conditions,description,icon,stations
manzhouli,2022-01-01,-13.9,-22.1,-18.2,-25.6,-32.4,-28.9,-21.7,75.2,0,0,0,,,,,39.6,320.4,,43.7,,60.3,5.3,3,,2022-01-01T08:06:53,2022-01-01T16:20:27,0.94,Partially cloudy,Clearing in the afternoon.,partly-cloudy-day,remote
manzhouli,2022-01-02,-16.4,-24.7,-21.3,-24,-36,-30.7,-22.4,89.6,0,0,0,,,,,18.7,288.7,,34.1,,59.9,5.3,3,,2022-01-02T08:06:50,2022-01-02T16:21:28,0.98,Partially cloudy,Partly cloudy throughout the day.,partly-cloudy-day,remote
manzhouli,2022-01-03,-16.2,-22.8,-20.4,-23.9,-32.9,-29.5,-21.5,90.8,0,0,0,,,,,23.4,309.4,,22.8,,65.8,5.7,3,,2022-01-03T08:06:43,2022-01-03T16:22:31,0,Partially cloudy,Partly cloudy throughout the day.,partly-cloudy-day,remote
manzhouli,2022-01-04,-15.4,-24.5,-20.5,-22.8,-33.8,-28.9,-20.4,96,0,0,0,,,,,15.1,237,,32.9,,56.7,5,3,,2022-01-04T08:06:33,2022-01-04T16:23:36,0.05,Partially cloudy,Partly cloudy throughout the day.,partly-cloudy-day,remote
manzhouli,2022-01-05,-15.4,-22.5,-19.6,-21.8,-31.6,-27,-20,94,0,0,0,,,,,15.5,339.1,,36.1,,63.3,5.4,3,,2022-01-05T08:06:21,2022-01-05T16:24:44,0.08,Partially cloudy,Partly cloudy throughout the day.,partly-cloudy-day,remote
manzhouli,2022-01-06,-14.9,-23.3,-19.1,-15.5,-31.5,-24.4,-18.7,98.2,0,0,0,,,,,10.8,183.7,,33,,53.6,4.6,3,,2022-01-06T08:06:05,2022-01-06T16:25:54,0.11,Partially cloudy,Partly cloudy throughout the day.,partly-cloudy-day,remote
manzhouli,2022-01-07,-13.7,-21.2,-17.6,-17.3,-27.2,-23.4,-18.6,91.2,0,0,0,,,,,13.7,350.8,,88.8,,48.3,4.2,2,,2022-01-07T08:05:46,2022-01-07T16:27:06,0.14,Partially cloudy,Partly cloudy throughout the day.,partly-cloudy-day,remote
manzhouli,2022-01-08,-10.3,-18.7,-15.8,-17.6,-28.6,-23.5,-16.9,91.1,0,0,0,,,,,19.1,315.2,,36.5,,55,4.8,3,,2022-01-08T08:05:24,2022-01-08T16:28:20,0.18,Partially cloudy,Clearing in the afternoon.,partly-cloudy-day,remote
manzhouli,2022-01-09,-14.7,-22.3,-18.9,-24.5,-32.7,-28.7,-20.4,88.1,0,0,0,,,,,24.8,343.1,,68.3,,46.2,3.9,2,,2022-01-09T08:04:59,2022-01-09T16:29:36,0.21,Partially cloudy,Partly cloudy throughout the day.,partly-cloudy-day,remote
manzhouli,2022-01-10,-18.6,-26.9,-23.1,-27.5,-37.9,-32.5,-25.7,79.6,0,0,0,,0,3.4,11.5,15.8,332,1032.5,13.5,24.1,71.9,6.3,3,10,2022-01-10T08:04:31,2022-01-10T16:30:54,0.25,Clear,Clear conditions throughout the day.,clear-day,remote
manzhouli,2022-01-11,-18.6,-25.5,-22.2,-27.7,-33.8,-30.9,-26.5,68.1,0,0,0,,0,3.4,47.2,20.5,290.9,1029.1,20.4,24.1,60.9,5.3,2,10,2022-01-11T08:04:00,2022-01-11T16:32:14,0.28,Partially cloudy,Becoming cloudy in the afternoon.,partly-cloudy-day,remote
manzhouli,2022-01-12,-16.1,-21.6,-18.8,-26.3,-30.8,-29.1,-22.4,73.6,0,0,0,,0,3.4,58,27.4,301.3,1025.5,40.9,23.2,51.5,4.4,2,10,2022-01-12T08:03:27,2022-01-12T16:33:36,0.31,Partially cloudy,Partly cloudy throughout the day.,partly-cloudy-day,remote
manzhouli,2022-01-13,-14.8,-23.7,-20.1,-19.1,-31.1,-25.7,-23.6,73.8,0,0,0,,0,3.4,19.4,11.9,229.8,1024,44.5,22.7,55.6,4.7,2,10,2022-01-13T08:02:50,2022-01-13T16:34:59,0.34,Partially cloudy,Becoming cloudy in the afternoon.,partly-cloudy-day,remote
manzhouli,2022-01-14,-14,-22.2,-18.4,-19.5,-27.4,-24.1,-21.6,75.8,0,0,0,snow,0,3.5,18.7,11.2,10.3,1020.4,99.8,21.7,34.4,3,1,10,2022-01-14T08:02:11,2022-01-14T16:36:24,0.37,Overcast,Cloudy skies throughout the day.,cloudy,remote
manzhouli,2022-01-15,-18.1,-24.6,-22.1,-26.7,-33,-30.4,-26,70.6,0,0,0,,0,3.4,29.5,16.2,299.1,1029.8,7.4,24.1,64.3,5.6,2,10,2022-01-15T08:01:28,2022-01-15T16:37:50,0.41,Clear,Clear conditions throughout the day.,clear-day,remote
manzhouli,2022-01-16,-17.3,-25.3,-21.9,-23.2,-32.9,-28.1,-25.1,75.5,0.3,100,12.5,snow,0.2,3.8,14,10.1,302.6,1031,73.9,13.4,37.7,3.2,1,10,2022-01-16T08:00:43,2022-01-16T16:39:18,0.44,"Snow, Partially cloudy",Partly cloudy throughout the day with snow in the morning and afternoon.,snow,remote
manzhouli,2022-01-17,-20.1,-27.6,-24.4,-20.1,-35,-28.5,-28.1,71.9,0,0,0,,0,4,8.3,9.4,298.6,1035.7,34.4,21.4,67.7,5.8,2,10,2022-01-17T07:59:56,2022-01-17T16:40:47,0.47,Partially cloudy,Becoming cloudy in the afternoon.,partly-cloudy-day,remote
manzhouli,2022-01-18,-19.6,-26.9,-24.5,-21.3,-33.6,-26.1,-28.1,72.5,0,0,0,,0,3.8,9.7,6.8,352.5,1038.9,59.1,21.6,59.8,5.1,2,10,2022-01-18T07:59:05,2022-01-18T16:42:18,0.5,Partially cloudy,Partly cloudy throughout the day.,partly-cloudy-day,remote
manzhouli,2022-01-19,-18.8,-27.9,-24.3,-21.4,-34.8,-29.3,-28,71.6,0,0,0,,0,3.8,7.9,7.6,251.8,1041.3,32.5,23.1,69.6,5.8,2,10,2022-01-19T07:58:12,2022-01-19T16:43:50,0.54,Partially cloudy,Becoming cloudy in the afternoon.,partly-cloudy-day,remote
manzhouli,2022-01-20,-18.9,-26.2,-22.5,-19.7,-27.3,-24.2,-25.9,74.4,0.3,100,8.33,snow,0.6,3.8,6.8,6.1,154.2,1038.3,75.9,17.9,53.3,4.5,2,10,2022-01-20T07:57:16,2022-01-20T16:45:22,0.58,"Snow, Partially cloudy",Partly cloudy throughout the day with late afternoon snow.,snow,remote
manzhouli,2022-01-21,-14.5,-21.4,-18.3,-14.5,-22.4,-18.4,-20.6,81.6,0.7,100,29.17,snow,0.9,5.3,5.4,5,21.9,1035.3,91.9,2,50.1,4.3,2,10,2022-01-21T07:56:18,2022-01-21T16:46:56,0.61,"Snow, Overcast",Cloudy skies throughout the day with a chance of snow throughout the day.,snow,remote
manzhouli,2022-01-22,-14,-22.2,-18.5,-18.2,-28.4,-23.8,-21.1,80.1,0.2,100,8.33,snow,0.3,6.2,7.9,8.3,294.2,1035.4,41.6,14.9,67.8,5.9,2,10,2022-01-22T07:55:18,2022-01-22T16:48:31,0.65,"Snow, Partially cloudy",Clearing in the afternoon with early morning snow.,snow,remote
manzhouli,2022-01-23,-16.2,-23.5,-20.4,-18.9,-28.5,-22.6,-22.9,80,0,0,0,,0,5.6,6.8,6.8,194.1,1037.9,74.1,15.6,51.4,4.6,2,10,2022-01-23T07:54:14,2022-01-23T16:50:07,0.68,Partially cloudy,Partly cloudy throughout the day.,partly-cloudy-day,remote
manzhouli,2022-01-24,-14.6,-20.8,-18,-14.6,-22.1,-18.4,-20.3,82.4,0.6,100,25,snow,0.9,6.2,5,5.8,27.4,1030.5,99.9,3.1,48.4,4.2,2,10,2022-01-24T07:53:09,2022-01-24T16:51:43,0.72,"Snow, Overcast",Cloudy skies throughout the day with snow.,snow,remote
manzhouli,2022-01-25,-13.8,-19.5,-16.9,-18,-24.9,-21.9,-19.2,82.3,0.4,100,16.67,snow,0.5,7.6,10.4,8.3,291.5,1027.1,90.2,2.1,51.4,4.3,2,10,2022-01-25T07:52:01,2022-01-25T16:53:21,0.75,"Snow, Overcast",Cloudy skies throughout the day with a chance of snow throughout the day.,snow,remote
manzhouli,2022-01-26,-15.1,-23.7,-18.8,-21.5,-31,-25.5,-21.5,79.3,0.3,100,12.5,snow,1.2,7.6,16.6,11.2,288,1032.1,37.7,17.6,77.6,6.7,3,10,2022-01-26T07:50:51,2022-01-26T16:54:59,0.79,"Snow, Partially cloudy",Clearing in the afternoon with snow.,snow,remote
manzhouli,2022-01-27,-17.3,-25.4,-22.3,-24,-32.8,-29.7,-25.4,75.7,0,0,0,,0,7.2,21.6,12.2,286.5,1035.8,8.3,24.1,80.4,6.8,3,10,2022-01-27T07:49:38,2022-01-27T16:56:37,0.82,Clear,Clear conditions throughout the day.,clear-day,remote
manzhouli,2022-01-28,-17.5,-24.6,-22,-25.2,-33.6,-30.7,-25.6,72.4,0,0,0,,0,7.2,27.4,14.4,288.4,1033.5,17.8,24.1,83,7,3,10,2022-01-28T07:48:23,2022-01-28T16:58:17,0.86,Clear,Clear conditions throughout the day.,clear-day,remote
manzhouli,2022-01-29,-15.7,-21.9,-19.8,-23.8,-31.6,-28.7,-23.9,69.7,0,0,0,,0,7.2,43.2,17.6,286.4,1029.3,3.7,24.1,88.3,7.6,3,10,2022-01-29T07:47:06,2022-01-29T16:59:56,0.89,Clear,Clear conditions throughout the day.,clear-day,remote
manzhouli,2022-01-30,-15.3,-26.1,-22.1,-15.3,-33.1,-28.1,-25.6,72.8,0,0,0,,0,7.1,11.5,11.5,302.3,1031,4.7,24.1,91,7.9,3,10,2022-01-30T07:45:47,2022-01-30T17:01:37,0.93,Clear,Clear conditions throughout the day.,clear-day,remote
manzhouli,2022-01-31,-17.3,-26,-22.8,-24.1,-34.3,-30.7,-26.5,71.9,0,0,0,,0,7.1,15.8,11.5,289.6,1033.3,4.4,24.1,93.4,8.1,3,10,2022-01-31T07:44:26,2022-01-31T17:03:17,0.96,Clear,Clear conditions throughout the day.,clear-day,remote
manzhouli,2022-02-01,-19.4,-27,-24.2,-27.3,-35.6,-32.7,-27.6,73,0,0,0,,0,7.1,21.2,13,290.9,1033.6,5,24.1,94.7,8.2,3,10,2022-02-01T07:43:03,2022-02-01T17:04:58,0,Clear,Clear conditions throughout the day.,clear-day,remote
manzhouli,2022-02-02,-18.3,-26.7,-23.9,-25.8,-36.1,-32.6,-27.7,70.8,0,0,0,,0,7.1,22.3,12.2,292.9,1033.5,15.5,24.1,95.9,8.3,3,10,2022-02-02T07:41:38,2022-02-02T17:06:40,0.03,Clear,Clear conditions throughout the day.,clear-day,remote
manzhouli,2022-02-03,-18.3,-27.3,-24.1,-26.1,-36.9,-33,-28.2,69.2,0,0,0,,0,7.1,20.9,13,294.3,1034.5,8.5,24.1,99.6,8.5,3,10,2022-02-03T07:40:11,2022-02-03T17:08:21,0.06,Clear,Clear conditions throughout the day.,clear-day,remote
manzhouli,2022-02-04,-18.8,-27,-23.6,-28.3,-36.8,-33.1,-27.9,68.1,0,0,0,,0,7.1,34.6,19.4,296.1,1033.8,4.3,24.1,103.4,8.9,3,10,2022-02-04T07:38:42,2022-02-04T17:10:03,0.09,Clear,Clear conditions throughout the day.,clear-day,remote
manzhouli,2022-02-05,-14.5,-23.6,-19.2,-23.6,-33.1,-28.2,-23.1,71.5,0,0,0,,0,7,39.6,21.2,295.7,1029.9,76.5,24.1,74.4,6.5,3,10,2022-02-05T07:37:11,2022-02-05T17:11:45,0.13,Partially cloudy,Partly cloudy throughout the day.,partly-cloudy-day,remote
manzhouli,2022-02-06,-14.1,-21.6,-19,-21.7,-30.1,-27,-22.4,74.6,0,0,0,,0,6.9,31,15.5,288,1030.1,58.6,24,101.7,8.6,3,10,2022-02-06T07:35:39,2022-02-06T17:13:27,0.16,Partially cloudy,Partly cloudy throughout the day.,partly-cloudy-day,remote
manzhouli,2022-02-07,-11.1,-20.2,-16.8,-18,-27.2,-23.6,-19.2,81.6,0,0,0,,0,7,37.8,16.9,291.6,1027,29.7,19.8,105.8,9.1,3,10,2022-02-07T07:34:05,2022-02-07T17:15:10,0.19,Partially cloudy,Partly cloudy throughout the day.,partly-cloudy-day,remote
manzhouli,2022-02-08,-9.8,-21.9,-16.5,-10.8,-25,-19.9,-18.8,82.7,0,0,0,,0,7,22.7,11.2,231.8,1023.7,75.7,16.1,74.6,6.4,2,10,2022-02-08T07:32:29,2022-02-08T17:16:52,0.25,Partially cloudy,Partly cloudy throughout the day.,partly-cloudy-day,remote
manzhouli,2022-02-09,-12.5,-19.4,-16.3,-17.4,-26.1,-21.8,-18.8,81.5,0,0,0,,0,7,34.2,17.6,332.4,1024.6,75.8,19.8,95.6,8.6,3,10,2022-02-09T07:30:52,2022-02-09T17:18:34,0.26,Partially cloudy,Partly cloudy throughout the day.,partly-cloudy-day,remote
manzhouli,2022-02-10,-13.6,-19.5,-17.4,-19.2,-25.3,-21.6,-20.2,79.1,0.1,100,4.17,snow,0,7,14.8,12.2,25.4,1029.2,100,21.3,72.6,6.3,2,10,2022-02-10T07:29:12,2022-02-10T17:20:16,0.29,"Snow, Overcast",Cloudy skies throughout the day with morning snow.,snow,remote
manzhouli,2022-02-11,-16.6,-24.2,-20.8,-24.6,-32.6,-28.7,-23.8,76.6,0,0,0,,0,7,23,16.2,301.1,1035.7,44,21.5,98.3,8.6,3,10,2022-02-11T07:27:32,2022-02-11T17:21:59,0.32,Partially cloudy,Partly cloudy throughout the day.,partly-cloudy-day,remote
manzhouli,2022-02-12,-17.9,-27.5,-23.5,-24.4,-34.8,-30.9,-26.9,73.9,0,0,0,,0,7,13.7,11.2,296.9,1039.5,29.3,22.9,118.8,10.3,4,10,2022-02-12T07:25:50,2022-02-12T17:23:41,0.35,Partially cloudy,Partly cloudy throughout the day.,partly-cloudy-day,remote
manzhouli,2022-02-13,-19.9,-29,-25.2,-23,-35.5,-29.2,-28.3,75,0.1,100,4.17,snow,0,7,10.4,8.6,10,1040.2,81.2,9.1,110.2,9.6,3,10,2022-02-13T07:24:06,2022-02-13T17:25:23,0.39,"Snow, Partially cloudy",Partly cloudy throughout the day with afternoon snow.,snow,remote
manzhouli,2022-02-14,-19.8,-29.5,-25.8,-26.9,-37.6,-33.4,-29.3,72.4,0,0,0,,0,7,14,11.5,298.3,1039.2,59,23.3,117,10.1,4,10,2022-02-14T07:22:21,2022-02-14T17:27:05,0.42,Partially cloudy,Partly cloudy throughout the day.,partly-cloudy-day,remote
manzhouli,2022-02-15,-19.2,-28.8,-25.2,-21.9,-36.8,-31.8,-28.7,73.1,0,0,0,,0,7,10.8,9.7,290.2,1035.3,67,18.6,120.5,10.4,4,10,2022-02-15T07:20:35,2022-02-15T17:28:46,0.45,Partially cloudy,Partly cloudy throughout the day.,partly-cloudy-day,remote
manzhouli,2022-02-16,-17.8,-28,-24.2,-18.7,-34.9,-28.3,-27.6,73.3,0,0,0,,0,7,9.7,7.9,278.8,1035.1,46.9,24,127.6,11.2,4,10,2022-02-16T07:18:48,2022-02-16T17:30:28,0.48,Partially cloudy,Partly cloudy throughout the day.,partly-cloudy-day,remote
manzhouli,2022-02-17,-19.3,-30,-23.7,-26.8,-36.3,-29.8,-26.6,77,1,100,29.17,snow,1.4,7.5,33.1,15.8,79.4,1033.8,95.2,3.7,82.6,7.2,3,10,2022-02-17T07:16:59,2022-02-17T17:32:09,0.5,"Snow, Overcast",Cloudy skies throughout the day with snow.,snow,remote
manzhouli,2022-02-18,-14.4,-24.1,-19,-23.3,-33.1,-27.1,-22.3,75,0.7,100,20.83,snow,0.6,9.6,32,19.8,326.8,1031,78.7,16.5,97.9,8.5,3,10,2022-02-18T07:15:09,2022-02-18T17:33:51,0.55,"Snow, Partially cloudy",Partly cloudy throughout the day with snow clearing later.,snow,remote
manzhouli,2022-02-19,-16.9,-26.8,-23.1,-23.9,-35.8,-31.3,-26.5,73.8,0,0,0,,0,8.9,15.5,12.2,295.9,1033.5,14.7,23.8,140.5,12.3,4,10,2022-02-19T07:13:17,2022-02-19T17:35:32,0.59,Clear,Clear conditions throughout the day.,clear-day,remote
manzhouli,2022-02-20,-17.4,-27.6,-23.8,-24.6,-35.9,-31.7,-27.4,72.2,0,0,0,,0,8.6,18.4,14.4,304.8,1030.9,52.1,23.8,127.1,11.4,4,10,2022-02-20T07:11:25,2022-02-20T17:37:12,0.62,Partially cloudy,Partly cloudy throughout the day.,partly-cloudy-day,remote
manzhouli,2022-02-21,-17.5,-27,-23,-26.6,-36.5,-32,-26.9,70.5,0,0,0,,0,8.5,31,17.6,302.6,1034.4,41.1,24.1,141.4,12.5,4,10,2022-02-21T07:09:32,2022-02-21T17:38:53,0.66,Partially cloudy,Partly cloudy throughout the day.,partly-cloudy-day,remote
manzhouli,2022-02-22,-14.6,-25.6,-21.4,-19.5,-34.5,-28.8,-24.8,73.7,0,0,0,,0,8.4,27.4,13.3,287.9,1035.6,6.9,23.8,149.3,12.9,4,10,2022-02-22T07:07:37,2022-02-22T17:40:33,0.69,Clear,Clear conditions throughout the day.,clear-day,remote
manzhouli,2022-02-23,-8.9,-23.4,-17.5,-14.5,-30.2,-23.4,-20.4,78.3,0,0,0,,0,8.4,21.2,11.9,268.7,1032,10,23.6,148.9,12.8,4,10,2022-02-23T07:05:42,2022-02-23T17:42:13,0.73,Clear,Clear conditions throughout the day.,clear-day,remote
manzhouli,2022-02-24,-6.4,-20.5,-15.1,-9.1,-25.7,-19.3,-17.7,80.5,0,0,0,,0,8.3,8.6,9.4,255.4,1023.5,25.2,22.7,153.2,13.5,4,10,2022-02-24T07:03:45,2022-02-24T17:43:53,0.75,Partially cloudy,Partly cloudy throughout the day.,partly-cloudy-day,remote
manzhouli,2022-02-25,-7.2,-17.7,-10.9,-17,-23.7,-19.5,-13.5,81.1,0,0,0,,0,8.1,65.2,42.1,298.4,1015.7,50.4,24.1,149.6,13.2,4,10,2022-02-25T07:01:48,2022-02-25T17:45:32,0.8,Partially cloudy,Clearing in the afternoon.,partly-cloudy-day,remote
manzhouli,2022-02-26,-8.6,-16.2,-12.2,-16.3,-24.7,-20.1,-14.7,81.8,0,0,0,,0,8,45.7,24.5,288.3,1015,22.2,23.2,160.7,14.1,4,10,2022-02-26T06:59:49,2022-02-26T17:47:12,0.84,Partially cloudy,Becoming cloudy in the afternoon.,partly-cloudy-day,remote
manzhouli,2022-02-27,-6.2,-13.7,-10.5,-14.4,-22.7,-18.6,-12.9,82.5,0,0,0,,0,7.9,51.1,32.4,292,1015.1,32.5,23.9,157.7,13.7,5,10,2022-02-27T06:57:50,2022-02-27T17:48:51,0.87,Partially cloudy,Partly cloudy throughout the day.,partly-cloudy-day,remote
manzhouli,2022-02-28,-8.3,-14.7,-11.9,-17.6,-23.8,-20.7,-14.7,79.6,0,0,0,,0,7.8,52.9,33.8,291.5,1019.5,18.9,24.1,163.9,14.5,5,10,2022-02-28T06:55:50,2022-02-28T17:50:29,0.91,Clear,Clear conditions throughout the day.,clear-day,remote
manzhouli,2022-03-01,-4.2,-16,-9.6,-10.9,-22.6,-16.2,-12.5,79.3,0,0,0,,0,7.6,54.4,27.4,280.9,1011.7,79.2,24,138.1,10.6,5,10,2022-03-01T06:53:49,2022-03-01T17:52:08,0.94,Partially cloudy,Partly cloudy throughout the day.,partly-cloudy-day,remote
manzhouli,2022-03-02,-6.9,-15.6,-11.1,-14.5,-24.3,-18.6,-16.4,65.6,0,0,0,,0,4.3,63,33.8,296.9,1015.4,3.1,24.1,172.6,12.3,5,10,2022-03-02T06:51:48,2022-03-02T17:53:46,0.98,Clear,Clear conditions throughout the day.,clear-day,remote
manzhouli,2022-03-03,-5.4,-15.8,-10.1,-5.7,-21.3,-15.4,-15,67.8,0,0,0,,0,2.7,60.5,34.9,286.4,1006.6,76.3,24.1,105.8,7.6,3,10,2022-03-03T06:49:46,2022-03-03T17:55:23,0,Partially cloudy,Partly cloudy throughout the day.,partly-cloudy-day,remote
manzhouli,2022-03-04,-8.6,-13.9,-11.2,-18.7,-24.6,-22.1,-15.6,70.2,0.2,100,8.33,snow,0.2,2.8,68.8,45.4,309.3,1008,53.5,20.2,146.1,10.5,5,10,2022-03-04T06:47:43,2022-03-04T17:57:01,0.05,"Snow, Partially cloudy",Partly cloudy throughout the day with morning snow.,snow,remote
manzhouli,2022-03-05,-9.6,-16.6,-13.9,-19,-27,-22.7,-20.9,56.1,0,0,0,,0,2.7,53.3,30.2,303.6,1020.9,4,24.1,183.7,13.3,5,10,2022-03-05T06:45:39,2022-03-05T17:58:38,0.08,Clear,Clear conditions throughout the day.,clear-day,remote
manzhouli,2022-03-06,-6.6,-16.3,-11.7,-6.6,-21.6,-15.8,-18.3,58.7,0,0,0,,0,2.5,24.5,15.1,157.1,1020.1,75,23.9,105.8,7.5,3,10,2022-03-06T06:43:35,2022-03-06T18:00:15,0.11,Partially cloudy,Partly cloudy throughout the day.,partly-cloudy-day,remote
manzhouli,2022-03-07,1.4,-12.9,-6.1,-4,-18.9,-10.6,-11.7,66.5,0,0,0,,0,2.3,33.8,24.5,223.4,1014.8,52.9,23.4,149,11.4,5,10,2022-03-07T06:41:31,2022-03-07T18:01:52,0.14,Partially cloudy,Partly cloudy throughout the day.,partly-cloudy-day,remote
manzhouli,2022-03-08,3.8,-7.9,-2.1,1.1,-13.1,-6.1,-7.8,66.2,0,0,0,,0,1.9,41.8,14,252.6,1014.7,56.4,23.9,171.2,14.9,5,10,2022-03-08T06:39:25,2022-03-08T18:03:28,0.17,Partially cloudy,Clearing in the afternoon.,partly-cloudy-day,remote
manzhouli,2022-03-09,8.8,-3.1,2,5.8,-7.8,-2.9,-5.2,60.5,0,0,0,,0,1,66.6,37.4,248.8,1006.2,47.2,24.1,179.5,15.5,5,10,2022-03-09T06:37:20,2022-03-09T18:05:04,0.21,Partially cloudy,Partly cloudy throughout the day.,partly-cloudy-day,remote
manzhouli,2022-03-10,-0.7,-6.6,-4.1,-8.3,-16.1,-13.2,-14.8,44,0,0,0,,0,0.5,77.4,50.4,296.5,1015.3,0.2,24.1,197,17.1,5,10,2022-03-10T06:35:14,2022-03-10T18:06:40,0.25,Clear,Clear conditions throughout the day.,wind,remote
manzhouli,2022-03-11,-3.6,-11.2,-6.7,-4.2,-20.3,-12.9,-16.8,45.9,0.1,100,4.17,snow,0.1,0.7,60.5,35.3,307.7,1022.7,47.1,22.8,174.2,15.1,5,10,2022-03-11T06:33:07,2022-03-11T18:08:16,0.27,"Snow, Partially cloudy",Becoming cloudy in the afternoon with late afternoon snow.,snow,remote
manzhouli,2022-03-12,-4.2,-10.3,-6.7,-10.2,-17.4,-13.9,-11,73.6,3.3,100,45.83,snow,3.4,2.8,50,34.2,53.5,1013.8,94.9,10.8,85.7,7.3,3,10,2022-03-12T06:31:00,2022-03-12T18:09:51,0.3,"Snow, Overcast",Cloudy skies throughout the day with a chance of snow throughout the day.,snow,remote
manzhouli,2022-03-13,-3.5,-13.8,-7.9,-3.6,-18.9,-9.8,-11.8,75.1,0.1,100,4.17,snow,0.1,3,10.4,9.4,288.8,1021.2,87.7,18.2,153.4,13.2,4,10,2022-03-13T06:28:53,2022-03-13T18:11:26,0.34,"Snow, Partially cloudy",Partly cloudy throughout the day with early morning snow.,snow,remote
manzhouli,2022-03-14,-1.2,-8.1,-5.1,-5.7,-10.9,-8.1,-8.8,76.1,1,100,25,snow,0.9,2,23.4,16.2,265.9,1015.5,96.8,16.4,154.5,13.3,4,10,2022-03-14T06:26:45,2022-03-14T18:13:01,0.37,"Snow, Overcast",Cloudy skies throughout the day with snow.,snow,remote
manzhouli,2022-03-15,-5,-17.5,-10,-10.3,-25.3,-18.2,-14,73.5,3,100,25,snow,3.5,6.8,53.3,34.9,335.4,1016.3,42.2,17.1,208.7,18.1,6,10,2022-03-15T06:24:37,2022-03-15T18:14:36,0.4,"Snow, Partially cloudy",Clearing in the afternoon with snow clearing later.,snow,remote
manzhouli,2022-03-16,-12.4,-20.5,-17.2,-22.1,-28.8,-25.8,-22.2,65.9,0,0,0,,0,6.8,45.4,32,303.9,1031.8,5.7,23.9,221.3,19,6,10,2022-03-16T06:22:29,2022-03-16T18:16:11,0.43,Clear,Clear conditions throughout the day.,clear-day,remote
manzhouli,2022-03-17,-7,-21.4,-14.8,-12.4,-27.9,-19.8,-20.3,63.9,0,0,0,,0,6.2,18,15.5,210,1029.9,9.4,24.1,220.2,18.9,6,10,2022-03-17T06:20:21,2022-03-17T18:17:45,0.46,Clear,Clear conditions throughout the day.,clear-day,remote
manzhouli,2022-03-18,-7.4,-21.7,-15.1,-8.8,-23.3,-17.1,-19.3,71.4,0,0,0,,0,5.6,9,9.7,323.4,1025.1,14.8,23.8,222.3,19.1,6,10,2022-03-18T06:18:12,2022-03-18T18:19:19,0.5,Clear,Clear conditions throughout the day.,clear-day,remote
manzhouli,2022-03-19,-5,-19,-12.4,-9.4,-25.2,-17,-16.4,73.5,0.1,100,4.17,snow,0,5.5,20.5,13.7,253.7,1021.7,72.4,24.1,193.1,16.6,5,10,2022-03-19T06:16:03,2022-03-19T18:20:54,0.53,"Snow, Partially cloudy",Partly cloudy throughout the day with afternoon snow.,snow,remote
manzhouli,2022-03-20,-6.4,-15.9,-11.4,-12.7,-22.8,-17.6,-15.4,72.8,0.3,100,12.5,snow,0.5,5.9,37.4,25.2,297.6,1021.2,60.2,21.4,227.8,19.6,6,10,2022-03-20T06:13:54,2022-03-20T18:22:27,0.57,"Snow, Partially cloudy",Partly cloudy throughout the day with morning snow.,snow,remote
manzhouli,2022-03-21,-4.3,-16,-10.3,-11.2,-22.5,-17.5,-14.4,72.4,0,0,0,,0,5.5,49,28.1,279.2,1023.6,19,24.1,231.2,19.9,6,10,2022-03-21T06:11:45,2022-03-21T18:24:01,0.6,Clear,Clear conditions throughout the day.,clear-day,remote
manzhouli,2022-03-22,1,-13.5,-6.8,-3,-19.5,-10.7,-11.6,70.2,0,0,0,,0,4.1,25.2,15.1,269.6,1016.8,5.8,24.1,207.8,18,7,10,2022-03-22T06:09:36,2022-03-22T18:25:35,0.64,Clear,Clear conditions throughout the day.,clear-day,remote
manzhouli,2022-03-23,0,-13.2,-6.9,-2.5,-17.7,-9.3,-11.5,70.9,0.1,100,4.17,"rain,snow",0,2.8,14.8,12.6,292.9,1010,27.8,24.1,208.7,17.9,7,10,2022-03-23T06:07:27,2022-03-23T18:27:08,0.67,"Snow, Rain, Partially cloudy",Partly cloudy throughout the day with afternoon rain or snow.,rain,remote
manzhouli,2022-03-24,-1.7,-10.7,-5.6,-7.9,-13.8,-10.4,-10.5,68.6,0.1,100,4.17,snow,0,2.8,40,25.2,69.9,1007.6,72.3,24.1,139.3,12.1,5,10,2022-03-24T06:05:18,2022-03-24T18:28:42,0.71,"Snow, Partially cloudy",Partly cloudy throughout the day with afternoon snow.,snow,remote
manzhouli,2022-03-25,2.9,-9.7,-3.3,-0.1,-15.4,-7.2,-9.7,63.5,0.6,100,8.33,snow,0.4,2.3,29.2,14.4,276,1012.3,84.9,21.8,203.9,17.7,7,10,2022-03-25T06:03:09,2022-03-25T18:30:15,0.75,"Snow, Partially cloudy",Partly cloudy throughout the day with snow.,snow,remote
manzhouli,2022-03-26,-0.1,-9.7,-5.1,-6.6,-16,-11.4,-12.5,58.9,0,0,0,,0,1.8,49.7,33.8,289.6,1012.8,64.2,24.1,230.6,19.7,8,10,2022-03-26T06:01:00,2022-03-26T18:31:48,0.78,Partially cloudy,Partly cloudy throughout the day.,partly-cloudy-day,remote
manzhouli,2022-03-27,1.5,-8.8,-3.8,-1.6,-16.4,-9.4,-13.7,48.7,0,0,0,,0,1.2,56.9,30.2,285.9,1013.6,27.8,24.1,233.1,20.2,8,10,2022-03-27T05:58:51,2022-03-27T18:33:21,0.82,Partially cloudy,Becoming cloudy in the afternoon.,partly-cloudy-day,remote
manzhouli,2022-03-28,3,-6.2,-2,-1.5,-10.5,-6.2,-14.5,38.3,0,0,0,,0,0.9,39.2,27.7,312.4,1009.7,88.7,24.1,194.3,17,7,10,2022-03-28T05:56:42,2022-03-28T18:34:54,0.85,Partially cloudy,Partly cloudy throughout the day.,partly-cloudy-day,remote
manzhouli,2022-03-29,-0.1,-10,-4.9,-6.5,-16.4,-10.7,-21.2,30.8,0,0,0,,0,0.2,39.2,29.9,314.7,1021.8,14.2,24.1,243.5,21,8,10,2022-03-29T05:54:33,2022-03-29T18:36:27,0.89,Clear,Clear conditions throughout the day.,clear-day,remote
manzhouli,2022-03-30,0.6,-8.5,-3.8,-2.6,-10.6,-6.2,-19.3,30.9,0.3,100,12.5,"rain,snow",0.1,0,36.4,22,296.8,1029.3,78.3,23,184.3,16,6,10,2022-03-30T05:52:24,2022-03-30T18:38:00,0.92,"Snow, Rain, Partially cloudy",Partly cloudy throughout the day with rain or snow.,snow,remote
manzhouli,2022-03-31,3.5,-8.3,-2.3,-1.6,-13.9,-7.4,-17.7,31.3,0,0,0,,0,0.1,29.9,26.6,297.7,1034.6,6.7,24.1,243.2,21.2,8,10,2022-03-31T05:50:16,2022-03-31T18:39:32,0.96,Clear,Clear conditions throughout the day.,clear-day,remote
manzhouli,2022-04-01,8.3,-5.9,1.1,4.6,-9.8,-2.6,-15,30,0,0,0,,0,0,32.8,26.3,295.8,1028,34.6,24.1,239.7,20.7,8,10,2022-04-01T05:48:08,2022-04-01T18:41:05,0,Partially cloudy,Clearing in the afternoon.,partly-cloudy-day,remote
manzhouli,2022-04-02,11.5,-2.1,4.8,11.5,-6.2,2,-8.5,41.1,0,0,0,,0,0,33.1,26.3,265.9,1019.3,45.3,24.1,200.5,17.6,6,10,2022-04-02T05:46:00,2022-04-02T18:42:38,0.03,Partially cloudy,Partly cloudy throughout the day.,partly-cloudy-day,remote
manzhouli,2022-04-03,16,1.5,8.8,16,-1.5,7.2,-10.2,26.5,0,0,0,,0,0,57.2,36.7,287.3,1008.2,34.4,24.1,246.5,21.2,8,10,2022-04-03T05:43:52,2022-04-03T18:44:10,0.06,Partially cloudy,Partly cloudy throughout the day.,partly-cloudy-day,remote
manzhouli,2022-04-04,4.6,-6.4,-0.4,0,-12.3,-5.3,-10.1,52.5,2.7,100,33.33,snow,2.3,0.7,57.2,32.4,338.4,1016.9,90.6,17,124.9,10.6,5,10,2022-04-04T05:41:45,2022-04-04T18:45:43,0.09,"Snow, Overcast",Cloudy skies throughout the day with snow.,snow,remote
manzhouli,2022-04-05,-1,-7.7,-4.7,-8.4,-16.4,-11.6,-20.3,33.4,0,0,0,,0,0.9,52.9,40.7,324.7,1025,68.9,24.1,233.4,20.1,8,10,2022-04-05T05:39:38,2022-04-05T18:47:15,0.13,Partially cloudy,Becoming cloudy in the afternoon.,partly-cloudy-day,remote
manzhouli,2022-04-06,1.3,-8,-3.3,-3,-12.3,-7.4,-19.3,28.4,0,0,0,,0,0,24.5,19.8,300.7,1021.8,63.6,24.1,231.1,19.9,8,10,2022-04-06T05:37:32,2022-04-06T18:48:48,0.16,Partially cloudy,Partly cloudy throughout the day.,partly-cloudy-day,remote
manzhouli,2022-04-07,12,-6.8,2.5,12,-10.2,0,-10.6,37.8,0,0,0,,0,0,40.3,27.7,230.3,1010,67.4,24.1,246.4,21.2,8,10,2022-04-07T05:35:25,2022-04-07T18:50:20,0.19,Partially cloudy,Partly cloudy throughout the day.,partly-cloudy-day,remote
manzhouli,2022-04-08,12.4,4.8,8.5,12.4,-0.3,5.5,-6.2,38.1,0,0,0,,0,0,65.9,41.8,306.3,1000.3,25.5,24.1,259.3,22.5,8,10,2022-04-08T05:33:20,2022-04-08T18:51:53,0.22,Partially cloudy,Partly cloudy throughout the day.,partly-cloudy-day,remote
manzhouli,2022-04-09,10.3,-0.4,5.7,10.3,-1.1,3.3,-8.1,39,0.4,100,12.5,rain,0,0,62.3,40.3,107.7,1001.1,81.2,24.1,173.1,15,7,10,2022-04-09T05:31:15,2022-04-09T18:53:25,0.25,"Rain, Partially cloudy",Partly cloudy throughout the day with rain.,rain,remote
manzhouli,2022-04-10,7.5,-0.2,3.6,3,-4.1,-1.4,-3.4,62.9,0.8,100,12.5,"rain,snow",0,0,51.1,39.2,335.6,1001,65.7,22.9,173.9,15.1,6,10,2022-04-10T05:29:10,2022-04-10T18:54:58,0.29,"Snow, Rain, Partially cloudy",Partly cloudy throughout the day with rain or snow.,rain,remote
manzhouli,2022-04-11,6,-3.1,1.3,2.6,-5.9,-2,-7.3,54.5,0.6,100,20.83,"rain,snow",0,0,33.8,29.2,321.1,1018,68.1,22.7,196.3,17,6,10,2022-04-11T05:27:06,2022-04-11T18:56:30,0.32,"Snow, Rain, Partially cloudy",Partly cloudy throughout the day with rain or snow.,rain,remote
manzhouli,2022-04-12,5.6,-3.3,1.6,1.7,-6.9,-2,-8.6,50.8,0.1,100,4.17,snow,0,0,25.6,22,300.5,1022.1,68.3,23.5,201,17.3,6,10,2022-04-12T05:25:02,2022-04-12T18:58:02,0.35,"Snow, Partially cloudy",Partly cloudy throughout the day with morning snow.,rain,remote
manzhouli,2022-04-13,7.1,-3.1,2.4,4.5,-6.4,-0.8,-11.6,40,0,0,0,,0,0,33.8,18.7,12.1,1023.5,40.3,24.1,241.5,20.6,8,10,2022-04-13T05:22:59,2022-04-13T18:59:35,0.38,Partially cloudy,Becoming cloudy in the afternoon.,partly-cloudy-day,remote
manzhouli,2022-04-14,8,-2.6,3.3,4.3,-5.5,-0.1,-12.7,32.7,0,0,0,,0,0,45.7,28.1,310.5,1028.7,54.2,24.1,267.6,23.1,8,10,2022-04-14T05:20:57,2022-04-14T19:01:07,0.42,Partially cloudy,Partly cloudy throughout the day.,partly-cloudy-day,remote
manzhouli,2022-04-15,11.5,-0.5,5.4,11.5,-7.2,1.1,-8,38.5,0,0,0,,0,0,58,43.9,302.1,1018.9,44,24.1,264.2,23.2,8,10,2022-04-15T05:18:55,2022-04-15T19:02:40,0.45,Partially cloudy,Partly cloudy throughout the day.,partly-cloudy-day,remote
manzhouli,2022-04-16,9,0.8,5,6.2,-3.1,1.8,-6.1,46.2,0,0,0,,0,0,40,23.8,315.9,1015.6,77.5,24.1,201.3,17.5,7,10,2022-04-16T05:16:54,2022-04-16T19:04:12,0.48,Partially cloudy,Partly cloudy throughout the day.,partly-cloudy-day,remote
manzhouli,2022-04-17,8.5,-1.4,3.8,5.1,-4.5,0.9,-12.4,32.2,0,0,0,,0,0,34.2,27.4,344.3,1018,54.4,24.1,261.2,22.6,8,10,2022-04-17T05:14:54,2022-04-17T19:05:44,0.5,Partially cloudy,Partly cloudy throughout the day.,partly-cloudy-day,remote
manzhouli,2022-04-18,18.7,2.2,10.9,18.7,-0.9,9.6,-4.8,34.4,0,0,0,,0,0,46.1,32.4,274.3,1008.8,75.1,24.1,239.6,21,8,10,2022-04-18T05:12:55,2022-04-18T19:07:16,0.55,Partially cloudy,Partly cloudy throughout the day.,partly-cloudy-day,remote
manzhouli,2022-04-19,21.1,8.3,14.6,21.1,6.8,14.3,-2.9,31.4,0.1,100,4.17,rain,0,0,45.4,32,265.3,996,79.3,24.1,244,21.2,8,10,2022-04-19T05:10:56,2022-04-19T19:08:49,0.58,"Rain, Partially cloudy",Partly cloudy throughout the day with morning rain.,rain,remote
manzhouli,2022-04-20,11.7,2.2,7.3,11.7,-0.5,4.1,-6.2,42,0.8,100,12.5,"rain,snow",0,0,45,30.6,344.7,996.6,93,23.7,133.5,11.4,5,10,2022-04-20T05:08:59,2022-04-20T19:10:21,0.62,"Snow, Rain, Overcast",Cloudy skies throughout the day with rain or snow in the morning and afternoon.,rain,remote
manzhouli,2022-04-21,8.9,-1.6,4,8,-5.9,1.2,-14.7,25.5,0,0,0,,0,0,27.7,25.2,314.5,1006.4,36.1,24.1,298.6,25.7,9,10,2022-04-21T05:07:02,2022-04-21T19:11:53,0.66,Partially cloudy,Partly cloudy throughout the day.,partly-cloudy-day,remote
manzhouli,2022-04-22,9.5,0,5,7,-3.6,2,-9.7,34.6,0,0,0,,0,0,34.6,28.1,275.7,1004.1,93.9,24.1,250.9,21.7,7,10,2022-04-22T05:05:06,2022-04-22T19:13:25,0.69,Overcast,Cloudy skies throughout the day.,cloudy,remote
manzhouli,2022-04-23,6.3,0.2,3,3.3,-6.4,-1.4,-3.9,62.6,2.9,100,33.33,"rain,snow",0.9,0.4,46.8,31,4.6,998.8,94.2,18.4,169.9,14.8,6,10,2022-04-23T05:03:11,2022-04-23T19:14:57,0.75,"Snow, Rain, Overcast",Cloudy skies throughout the day with rain or snow.,snow,remote
manzhouli,2022-04-24,8.5,-0.9,4,4.7,-5,0.5,-7.1,47.1,0,0,0,,0,0.1,36.4,31,287.8,1006.9,74.2,24.1,248.3,21.5,7,10,2022-04-24T05:01:17,2022-04-24T19:16:28,0.76,Partially cloudy,Partly cloudy throughout the day.,partly-cloudy-day,remote
manzhouli,2022-04-25,6.6,0.3,2.5,1.8,-6.3,-1.9,-8.2,52.2,9.7,100,45.83,snow,4.2,1,51.5,38.5,34.7,1003.8,100,12.3,156.4,13.6,6,10,2022-04-25T04:59:24,2022-04-25T19:18:00,0.8,"Snow, Overcast",Cloudy skies throughout the day with snow.,snow,remote
manzhouli,2022-04-26,6.7,-0.1,2.3,1.8,-7.2,-3.2,-6,62.5,5.4,100,29.17,"rain,snow",2.4,3.1,56.2,37.1,335.6,1011.1,57.3,17.9,290.3,25.1,9,10,2022-04-26T04:57:32,2022-04-26T19:19:32,0.83,"Snow, Rain, Partially cloudy",Partly cloudy throughout the day with rain or snow clearing later.,snow,remote
manzhouli,2022-04-27,7.8,-1.7,3,4.4,-6.7,-1,-12.1,33.6,0,0,0,,0,0.4,43.9,25.6,295.8,1018.3,38.4,24.1,283.7,24.6,8,10,2022-04-27T04:55:42,2022-04-27T19:21:03,0.87,Partially cloudy,Partly cloudy throughout the day.,partly-cloudy-day,remote
manzhouli,2022-04-28,10.4,-0.5,4.8,10.4,-2.9,2.9,-10.3,33.1,0.1,100,4.17,rain,0,0.4,31.7,29.5,230.2,1018.8,66.4,24.1,273.8,23.6,9,10,2022-04-28T04:53:52,2022-04-28T19:22:34,0.9,"Rain, Partially cloudy",Partly cloudy throughout the day with late afternoon rain.,rain,remote
manzhouli,2022-04-29,7.1,-0.7,3.5,4.6,-5.1,-0.9,-8.9,40.6,0.3,100,12.5,"rain,snow",0,0,48.2,39.2,350.8,1018.7,65,22.4,238,20.6,8,10,2022-04-29T04:52:04,2022-04-29T19:24:05,0.94,"Snow, Rain, Partially cloudy",Partly cloudy throughout the day with afternoon rain or snow.,rain,remote
manzhouli,2022-04-30,10.4,-1,5,10.4,-5.1,1.9,-11.9,30.5,0,0,0,,0,0,38.5,27.7,323.9,1018,82.7,24.1,269.9,23.2,8,10,2022-04-30T04:50:17,2022-04-30T19:25:36,0.98,Partially cloudy,Partly cloudy throughout the day.,partly-cloudy-day,remote
manzhouli,2022-05-01,11.4,1.3,6.6,11.4,1.2,5.5,-8.9,32.6,0,0,0,,0,0,23.4,19.1,179.6,1014.5,84.7,24.1,275.8,23.7,9,10,2022-05-01T04:48:31,2022-05-01T19:27:06,0,Partially cloudy,Partly cloudy throughout the day.,partly-cloudy-day,remote
manzhouli,2022-05-02,22.7,5.1,14,22.7,1.8,12.9,-1.6,37.1,0,0,0,rain,0,0,48.6,36.7,273.1,1004.9,95.3,24.1,251.4,21.8,8,10,2022-05-02T04:46:47,2022-05-02T19:28:37,0.04,Overcast,Cloudy skies throughout the day.,cloudy,remote
manzhouli,2022-05-03,22.8,7.7,14.9,22.8,5.4,14.5,0.8,40.1,0,0,0,,0,0,36.4,25.9,90.3,998,92,24.1,272.8,23.4,8,10,2022-05-03T04:45:03,2022-05-03T19:30:07,0.08,Overcast,Cloudy skies throughout the day.,cloudy,remote
manzhouli,2022-05-04,19.8,8.9,14.8,19.8,7.4,14.6,-1.2,36.1,0,0,0,,0,0,51.5,34.6,351.2,996.9,80.7,24.1,248,21.4,7,10,2022-05-04T04:43:22,2022-05-04T19:31:36,0.11,Partially cloudy,Partly cloudy throughout the day.,partly-cloudy-day,remote
manzhouli,2022-05-05,12.4,4.6,9.3,12.4,0.6,7.4,-9,28.6,0.1,100,4.17,rain,0,0,44.3,35.3,0.5,1008.8,93.3,24.1,170,14.8,7,10,2022-05-05T04:41:42,2022-05-05T19:33:05,0.14,"Rain, Overcast",Cloudy skies throughout the day with morning rain.,rain,remote
manzhouli,2022-05-06,8,1.9,5.1,3.9,-2.4,1.2,-15.8,22,0,0,0,,0,0,43.6,32.8,333.3,1020.8,55.6,24.1,248.1,21.5,8,10,2022-05-06T04:40:03,2022-05-06T19:34:34,0.17,Partially cloudy,Partly cloudy throughout the day.,partly-cloudy-day,remote
manzhouli,2022-05-07,16.6,1.8,10,16.6,-2.7,8.4,-13.7,18.7,0,0,0,,0,0,50.4,32,268.7,1020.6,32.9,24.1,324.5,28.2,9,10,2022-05-07T04:38:26,2022-05-07T19:36:02,0.21,Partially cloudy,Partly cloudy throughout the day.,partly-cloudy-day,remote
manzhouli,2022-05-08,20.7,4.2,13.2,20.7,3,12.7,-6.8,26.4,0,0,0,,0,0,52.9,29.5,209.5,1014.1,3.1,24.1,327,28,9,10,2022-05-08T04:36:50,2022-05-08T19:37:30,0.24,Clear,Clear conditions throughout the day.,clear-day,remote
manzhouli,2022-05-09,23.7,6.1,13.2,23.7,1.2,11.5,-4.5,32.7,0,0,0,,0,0,68.8,51.8,245.1,1003.2,74.4,24.1,283.2,24.4,9,10,2022-05-09T04:35:16,2022-05-09T19:38:58,0.25,Partially cloudy,Partly cloudy throughout the day.,wind,remote
manzhouli,2022-05-10,7.8,-0.1,4.1,3.7,-6.4,-0.9,-8.5,40.7,0,0,0,,0,0,51.1,38.2,289.5,1011.6,60,24.1,296.2,25.3,9,10,2022-05-10T04:33:43,2022-05-10T19:40:24,0.3,Partially cloudy,Partly cloudy throughout the day.,partly-cloudy-day,remote
manzhouli,2022-05-11,6.5,-0.1,3.4,2.3,-3.9,-0.8,-9.4,39.7,0.8,100,16.67,"rain,snow",0,0,34.9,28.8,323,1014,99.6,23,221.8,19,6,10,2022-05-11T04:32:13,2022-05-11T19:41:51,0.34,"Snow, Rain, Overcast",Cloudy skies throughout the day with rain or snow in the morning and afternoon.,rain,remote
manzhouli,2022-05-12,7.3,-0.2,3.5,4.3,-5.5,0,-7.8,44.8,0.5,100,16.67,"rain,snow",0,0,35.3,23,326.4,1011.8,98.7,22.6,245,21,7,10,2022-05-12T04:30:44,2022-05-12T19:43:16,0.37,"Snow, Rain, Overcast",Cloudy skies throughout the day with rain or snow.,rain,remote
manzhouli,2022-05-13,10.5,-0.7,5.7,10.5,-5.6,2.6,-7.1,43,0,0,0,,0,0,37.8,23,356.7,1012,76.5,24.1,284.9,24.5,9,10,2022-05-13T04:29:17,2022-05-13T19:44:41,0.4,Partially cloudy,Partly cloudy throughout the day.,partly-cloudy-day,remote
manzhouli,2022-05-14,16.2,1.9,10,16.2,-1.5,8.7,-2.5,45.6,0.2,100,4.17,rain,0,0,33.5,29.9,339.2,1012.8,68.7,24,267,23.1,8,10,2022-05-14T04:27:52,2022-05-14T19:46:05,0.43,"Rain, Partially cloudy",Partly cloudy throughout the day with late afternoon rain.,rain,remote
manzhouli,2022-05-15,16,7.7,12.1,16,5.6,11.5,-4.9,31,0,0,0,,0,0,38.2,25.9,350.3,1008.7,58.1,24.1,292.4,25.5,9,10,2022-05-15T04:26:28,2022-05-15T19:47:29,0.47,Partially cloudy,Becoming cloudy in the afternoon.,partly-cloudy-day,remote
manzhouli,2022-05-16,18.7,7,13.6,18.7,5.1,13.1,-5,28.6,0,0,0,,0,0,42.8,24.1,304.8,1002.8,39.7,24.1,331.9,28.6,9,10,2022-05-16T04:25:07,2022-05-16T19:48:51,0.5,Partially cloudy,Partly cloudy throughout the day.,partly-cloudy-day,remote
manzhouli,2022-05-17,20.1,8.9,15.1,20.1,7.3,14.8,-5,26,0,0,0,,0,0,37.8,23.4,320.7,1004,45.2,24.1,322.8,27.8,9,10,2022-05-17T04:23:47,2022-05-17T19:50:13,0.53,Partially cloudy,Partly cloudy throughout the day.,partly-cloudy-day,remote
manzhouli,2022-05-18,21.4,10.3,16,21.4,10.3,16,1.3,39.2,0.9,100,20.83,rain,0,0,45,34.9,291,1006.8,66.7,23.4,258.2,22.1,7,10,2022-05-18T04:22:30,2022-05-18T19:51:33,0.57,"Rain, Partially cloudy",Partly cloudy throughout the day with rain.,rain,remote
manzhouli,2022-05-19,24.6,9.8,17.9,24.6,8,17.7,1.1,38,0,0,0,,0,0,28.8,25.9,297.6,1008.6,22.6,24.1,338,29.2,9,10,2022-05-19T04:21:14,2022-05-19T19:52:53,0.6,Partially cloudy,Partly cloudy throughout the day.,partly-cloudy-day,remote
manzhouli,2022-05-20,24.7,14.8,19.7,24.7,14.8,19.7,-0.6,27,0.1,100,4.17,rain,0,0,50.4,37.1,319.6,1003.7,43.1,24.1,322.8,27.9,9,10,2022-05-20T04:20:01,2022-05-20T19:54:11,0.64,"Rain, Partially cloudy",Partly cloudy throughout the day with morning rain.,rain,remote
manzhouli,2022-05-21,23.3,11.3,17.6,23.3,11.3,17.6,-4.5,22.5,0,0,0,,0,0,39.6,27,357.1,1006.8,40.2,24.1,342.2,29.5,9,10,2022-05-21T04:18:50,2022-05-21T19:55:29,0.67,Partially cloudy,Becoming cloudy in the afternoon.,partly-cloudy-day,remote
manzhouli,2022-05-22,23,11.8,17.7,23,11.8,17.7,-0.6,29.9,0.3,100,8.33,rain,0,0,46.1,31,269.3,1003.2,47.5,24.1,276.3,23.9,9,10,2022-05-22T04:17:41,2022-05-22T19:56:45,0.71,"Rain, Partially cloudy",Partly cloudy throughout the day with rain in the morning and afternoon.,rain,remote
manzhouli,2022-05-23,20.8,10.9,15.7,20.8,10.9,15.7,2.9,43.2,0.9,100,16.67,rain,0,0,54.4,43.2,307.1,1004.3,91,23.6,246.3,21.3,9,10,2022-05-23T04:16:34,2022-05-23T19:58:00,0.75,"Rain, Overcast",Cloudy skies throughout the day with rain in the morning and afternoon.,rain,remote
manzhouli,2022-05-24,20.7,7.7,14.9,20.7,5.4,14.4,-2.9,33,0,0,0,,0,0,41.4,34.2,27.3,1014.4,66.3,24.1,333.9,28.8,9,10,2022-05-24T04:15:30,2022-05-24T19:59:14,0.78,Partially cloudy,Partly cloudy throughout the day.,partly-cloudy-day,remote
manzhouli,2022-05-25,23.9,10.8,17.8,23.9,10.8,17.8,-2.9,24.9,0,0,0,,0,0,21.2,15.5,13.4,1013.8,22,24.1,346,29.9,9,10,2022-05-25T04:14:28,2022-05-25T20:00:27,0.81,Partially cloudy,Partly cloudy throughout the day.,partly-cloudy-day,remote
manzhouli,2022-05-26,26.2,12.9,20.1,26.2,12.9,20.1,-3.1,22.3,0,0,0,,0,0,27,26.3,297.1,1003.2,16.4,24.1,353,30.6,9,10,2022-05-26T04:13:28,2022-05-26T20:01:38,0.85,Clear,Clear conditions throughout the day.,clear-day,remote
manzhouli,2022-05-27,21.5,9.7,16.1,21.5,8.6,16.1,-1.3,32,1.6,100,8.33,rain,0,0,54.4,45,302.1,993.6,58.6,23.7,226,19.6,8,10,2022-05-27T04:12:31,2022-05-27T20:02:47,0.88,"Rain, Partially cloudy",Partly cloudy throughout the day with afternoon rain.,rain,remote
manzhouli,2022-05-28,16.4,6.3,11.9,16.4,3.7,11,-4.3,34.1,0,0,0,,0,0,40,29.5,304.7,996.9,57.3,24.1,332.9,29,9,10,2022-05-28T04:11:36,2022-05-28T20:03:55,0.92,Partially cloudy,Becoming cloudy in the afternoon.,partly-cloudy-day,remote
manzhouli,2022-05-29,15.2,7.2,11.6,15.2,4,10.9,-6.1,28.9,0,0,0,,0,0,39.2,27,312.4,998.2,82,24.1,296.5,25.5,8,10,2022-05-29T04:10:43,2022-05-29T20:05:02,0.95,Partially cloudy,Partly cloudy throughout the day.,partly-cloudy-day,remote
manzhouli,2022-05-30,13.8,3.5,9.4,13.8,-0.2,7.9,-0.8,51.1,0.1,100,4.17,rain,0,0,34.6,30.6,305.9,997.6,47.6,23.5,257.3,22.3,8,10,2022-05-30T04:09:54,2022-05-30T20:06:06,0,"Rain, Partially cloudy",Partly cloudy throughout the day with morning rain.,rain,remote
manzhouli,2022-05-31,17.7,5.6,12.4,17.7,3.3,11.6,0.7,47.4,0,0,0,,0,0,36,29.5,331.2,999.8,83.1,24.1,227.3,19.7,7,10,2022-05-31T04:09:06,2022-05-31T20:07:09,0.02,Partially cloudy,Partly cloudy throughout the day.,partly-cloudy-day,remote
manzhouli,2022-06-01,20.6,8.1,15,20.6,5.4,14.6,0.8,40.8,0,0,0,,0,0,40,24.5,315.3,999.7,53.3,24.1,291.9,25.2,9,10,2022-06-01T04:08:21,2022-06-01T20:08:11,0.06,Partially cloudy,Partly cloudy throughout the day.,partly-cloudy-day,remote
manzhouli,2022-06-02,22,10.1,17,22,10.1,17,0.1,33.2,0,0,0,,0,0,42.1,20.5,18.6,1000.5,80.7,24.1,309.5,26.6,9,10,2022-06-02T04:07:39,2022-06-02T20:09:10,0.09,Partially cloudy,Partly cloudy throughout the day.,partly-cloudy-day,remote
manzhouli,2022-06-03,20.4,11.6,14.2,20.4,11.6,14.2,7.2,66.1,17.7,100,45.83,rain,0,0,57.6,39.6,51.2,1002.2,100,20.1,95.1,8.2,5,10,2022-06-03T04:07:00,2022-06-03T20:10:08,0.12,"Rain, Overcast",Cloudy skies throughout the day with a chance of rain throughout the day.,rain,remote
manzhouli,2022-06-04,19.2,11,13.7,19.2,11,13.7,10,79.8,6.7,100,37.5,rain,0,0,51.8,33.5,85.5,1005.1,96.4,20.5,84.5,7.1,6,10,2022-06-04T04:06:23,2022-06-04T20:11:03,0.16,"Rain, Overcast",Cloudy skies throughout the day with rain.,rain,remote
manzhouli,2022-06-05,21.2,11.6,15.5,21.2,11.6,15.5,4.6,52.8,2,100,20.83,rain,0,0,49,36,82.2,1009.5,69.7,23.5,319.4,27.7,9,10,2022-06-05T04:05:48,2022-06-05T20:11:57,0.19,"Rain, Partially cloudy",Partly cloudy throughout the day with early morning rain.,rain,remote
manzhouli,2022-06-06,21.6,9,15.8,21.6,9,15.8,1.4,40.1,0,0,0,,0,0,27.4,21.2,65,1012.8,1.2,24.1,359.4,31,9,10,2022-06-06T04:05:17,2022-06-06T20:12:48,0.22,Clear,Clear conditions throughout the day.,clear-day,remote
manzhouli,2022-06-07,23.6,10.8,18,23.6,10.8,18,1.5,34.3,0,0,0,,0,0,24.8,20.2,95.9,1009.9,50,24.1,310.7,26.8,9,10,2022-06-07T04:04:48,2022-06-07T20:13:37,0.25,Partially cloudy,Partly cloudy throughout the day.,partly-cloudy-day,remote
manzhouli,2022-06-08,24.1,10.9,18.4,24.1,10.9,18.4,4.1,40.8,0,0,0,,0,0,18.4,21.6,185.9,1009.8,15.1,24.1,351,30.4,9,10,2022-06-08T04:04:22,2022-06-08T20:14:24,0.29,Clear,Clear conditions throughout the day.,clear-day,remote
manzhouli,2022-06-09,26.6,13.5,20.4,26.6,13.5,20.4,3.3,34.1,0,0,0,,0,0,38.5,20.9,137.8,1008.1,25.2,24.1,353.4,30.6,9,10,2022-06-09T04:03:59,2022-06-09T20:15:09,0.32,Partially cloudy,Partly cloudy throughout the day.,partly-cloudy-day,remote
manzhouli,2022-06-10,25.5,12.1,19.3,25.5,12.1,19.3,7.8,51.7,0.8,100,16.67,rain,0,0,34.6,23.4,110.9,1009.8,47.3,23.9,318.2,27.6,9,10,2022-06-10T04:03:38,2022-06-10T20:15:51,0.36,"Rain, Partially cloudy",Partly cloudy throughout the day with rain clearing later.,rain,remote
manzhouli,2022-06-11,23.8,12,17.8,23.8,12,17.8,8.2,56.7,2.4,100,25,rain,0,0,51.8,28.4,144.1,1008.8,75.8,22.8,260,22.6,9,10,2022-06-11T04:03:21,2022-06-11T20:16:31,0.39,"Rain, Partially cloudy",Partly cloudy throughout the day with rain.,rain,remote
manzhouli,2022-06-12,20.5,12.9,15.7,20.5,12.9,15.7,11.4,76.5,11.5,100,70.83,rain,0,0,36,27.7,80.7,1001.5,88.8,19.6,194.7,16.7,9,10,2022-06-12T04:03:06,2022-06-12T20:17:09,0.42,"Rain, Partially cloudy",Partly cloudy throughout the day with a chance of rain throughout the day.,rain,remote
manzhouli,2022-06-13,19.9,12.2,15.6,19.9,12.2,15.6,11.4,77.2,5.4,100,50,rain,0,0,37.4,19.4,38.7,1003,78.7,21.4,185.8,16,7,10,2022-06-13T04:02:54,2022-06-13T20:17:44,0.46,"Rain, Partially cloudy",Partly cloudy throughout the day with a chance of rain throughout the day.,rain,remote
manzhouli,2022-06-14,23.3,12.3,17.4,23.3,12.3,17.4,11.6,70.7,1.7,100,45.83,rain,0,0,15.5,11.9,17.9,1005.7,34.3,23.7,255.5,22.1,9,10,2022-06-14T04:02:44,2022-06-14T20:18:17,0.5,"Rain, Partially cloudy",Partly cloudy throughout the day with a chance of rain throughout the day.,rain,remote
manzhouli,2022-06-15,25.3,14,18.7,25.3,14,18.7,10.4,61.7,1.8,100,25,rain,0,0,29.5,26.6,264.5,1003.3,43.4,23.6,240.4,20.9,8,10,2022-06-15T04:02:38,2022-06-15T20:18:47,0.52,"Rain, Partially cloudy",Partly cloudy throughout the day with rain.,rain,remote
manzhouli,2022-06-16,23.9,12.1,19,23.9,12.1,19,10.4,59.6,0.3,100,8.33,rain,0,0,15.1,13.3,70.2,1001.7,40.2,24.1,245.3,21.3,9,10,2022-06-16T04:02:34,2022-06-16T20:19:15,0.56,"Rain, Partially cloudy",Partly cloudy throughout the day with early morning rain.,rain,remote
manzhouli,2022-06-17,26,14.4,20.8,26,14.4,20.8,10.1,53.3,1.1,100,12.5,rain,0,0,15.1,15.8,64.7,1002.9,35.3,24.1,317.6,27.4,9,10,2022-06-17T04:02:33,2022-06-17T20:19:40,0.59,"Rain, Partially cloudy",Becoming cloudy in the afternoon with early morning rain.,rain,remote
manzhouli,2022-06-18,27.6,16.2,21,26.9,16.2,21,10.7,52.4,0.5,100,16.67,rain,0,0,21.2,17.6,322,1003.9,77.6,24.1,195.3,16.9,9,10,2022-06-18T04:02:35,2022-06-18T20:20:02,0.63,"Rain, Partially cloudy",Partly cloudy throughout the day with rain.,rain,remote
manzhouli,2022-06-19,25.8,16.6,20.2,25.8,16.6,20.2,11.4,57.7,1.3,100,29.17,rain,0,0,30.6,20.5,129.3,1002.2,99.4,22.8,147.7,12.7,7,10,2022-06-19T04:02:40,2022-06-19T20:20:21,0.66,"Rain, Overcast",Cloudy skies throughout the day with rain.,rain,remote
manzhouli,2022-06-20,23.7,14.8,17.7,23.7,14.8,17.7,12.7,73.7,5.3,100,33.33,rain,0,0,84.6,59.4,287.9,991.8,84.8,23.3,177.9,15.3,9,10,2022-06-20T04:02:47,2022-06-20T20:20:38,0.69,"Rain, Partially cloudy",Partly cloudy throughout the day with rain.,rain,remote
manzhouli,2022-06-21,26,12.7,19.9,26,12.7,19.9,8.8,51.4,0,0,0,,0,0,47.9,33.1,294.9,996.8,19.8,24.1,355.3,30.7,9,10,2022-06-21T04:02:57,2022-06-21T20:20:52,0.75,Clear,Clear conditions throughout the day.,clear-day,remote
manzhouli,2022-06-22,28.2,15.8,22.3,27,15.8,22.1,7.7,40.7,0,0,0,,0,0,30.2,27,303.7,998.1,20.6,24.1,348.4,30.1,9,10,2022-06-22T04:03:10,2022-06-22T20:21:04,0.76,Partially cloudy,Partly cloudy throughout the day.,partly-cloudy-day,remote
manzhouli,2022-06-23,21.5,14.5,18.2,21.5,14.5,18.2,10.6,62,4.4,100,45.83,rain,0,0,22,22.3,49.4,998.5,99.6,21.8,108.2,9.3,5,10,2022-06-23T04:03:26,2022-06-23T20:21:12,0.8,"Rain, Overcast",Cloudy skies throughout the day with a chance of rain throughout the day.,rain,remote
manzhouli,2022-06-24,23.8,13.6,18.5,23.8,13.6,18.5,10.8,62.5,0.6,100,12.5,rain,0,0,36.4,24.5,4.3,995.8,95,24.1,278.9,24.1,8,10,2022-06-24T04:03:44,2022-06-24T20:21:18,0.83,"Rain, Overcast",Cloudy skies throughout the day with rain.,rain,remote
manzhouli,2022-06-25,25.5,14.7,19.8,25.5,14.7,19.8,12.8,65.9,1.9,100,29.17,rain,0,0,25.6,15.5,9.8,998.5,85.1,22.7,236,20.5,9,10,2022-06-25T04:04:05,2022-06-25T20:21:21,0.86,"Rain, Partially cloudy",Partly cloudy throughout the day with a chance of rain throughout the day.,rain,remote
manzhouli,2022-06-26,27.5,16,22,27.1,16,21.9,13.7,61.7,0.4,100,16.67,rain,0,0,30.6,15.5,267.3,1002.8,82.7,23.6,245.6,21.3,8,10,2022-06-26T04:04:29,2022-06-26T20:21:21,0.9,"Rain, Partially cloudy",Partly cloudy throughout the day with rain.,rain,remote
manzhouli,2022-06-27,29,17.4,23.5,27.7,17.4,23.1,11.5,51.1,0.1,100,4.17,rain,0,0,13.7,10.4,324.8,1002.6,58.2,24.1,340.1,29.3,9,10,2022-06-27T04:04:55,2022-06-27T20:21:18,0.93,"Rain, Partially cloudy",Clearing in the afternoon with early morning rain.,rain,remote
manzhouli,2022-06-28,31.6,18.1,25,29.8,18.1,24.5,10.3,41.2,0,0,0,,0,0,20.9,17.6,335.9,1000.5,10.7,24.1,342.3,29.5,9,10,2022-06-28T04:05:23,2022-06-28T20:21:12,0.97,Clear,Clear conditions throughout the day.,clear-day,remote
manzhouli,2022-06-29,32.7,19.6,26.7,30.9,19.6,26,10.5,38.2,0,0,0,,0,0,15.5,13,40.8,1002.3,20.8,24.1,314.6,27.2,9,10,2022-06-29T04:05:54,2022-06-29T20:21:04,0,Partially cloudy,Becoming cloudy in the afternoon.,partly-cloudy-day,remote
manzhouli,2022-06-30,32.5,19.9,26.2,30.9,19.9,25.7,11,40,0,0,0,,0,0,15.5,14,100.2,1005.4,18.9,24.1,288.2,24.8,9,10,2022-06-30T04:06:28,2022-06-30T20:20:53,0.04,Clear,Clear conditions throughout the day.,clear-day,remote
manzhouli,2022-07-01,31.2,18,24.8,29.9,18,24.4,11.6,45.7,0,0,0,,0,0,16.9,15.5,138.1,1005.6,22.8,24.1,344.3,29.7,9,10,2022-07-01T04:07:04,2022-07-01T20:20:38,0.07,Partially cloudy,Partly cloudy throughout the day.,partly-cloudy-day,remote
manzhouli,2022-07-02,34.7,17.5,26,33,17.5,25.5,13,48.8,1,100,16.67,rain,0,0,25.9,20.2,167.2,1001.6,52.4,23.6,338.1,29.2,9,10,2022-07-02T04:07:42,2022-07-02T20:20:21,0.1,"Rain, Partially cloudy",Partly cloudy throughout the day with rain.,rain,remote
manzhouli,2022-07-03,34.7,21.6,27.9,33.2,21.6,27.3,12.9,42.2,0.9,100,12.5,rain,0,0,34.9,19.1,126.6,998.6,84.4,23.5,295.4,25.4,8,10,2022-07-03T04:08:23,2022-07-03T20:20:01,0.14,"Rain, Partially cloudy",Partly cloudy throughout the day with late afternoon rain.,rain,remote
manzhouli,2022-07-04,32.4,19.4,25.2,31.5,19.4,24.9,15.1,56.8,1.8,100,20.83,rain,0,0,47.9,33.8,165.5,997,80.3,23.6,289.9,25,9,10,2022-07-04T04:09:06,2022-07-04T20:19:39,0.17,"Rain, Partially cloudy",Partly cloudy throughout the day with late afternoon rain.,rain,remote
manzhouli,2022-07-05,29,17.9,23,28.1,17.9,22.8,15.1,65.3,2.4,100,25,rain,0,0,27,17.6,239.9,999.3,72.9,23.3,302.6,26.1,9,10,2022-07-05T04:09:51,2022-07-05T20:19:13,0.21,"Rain, Partially cloudy",Partly cloudy throughout the day with rain.,rain,remote
manzhouli,2022-07-06,22.1,16.1,18.6,22.1,16.1,18.6,14.7,79.1,15.3,100,58.33,rain,0,0,29.9,18.7,332.9,999.5,83.2,18.1,157.3,13.7,7,10,2022-07-06T04:10:38,2022-07-06T20:18:45,0.24,"Rain, Partially cloudy",Partly cloudy throughout the day with a chance of rain throughout the day.,rain,remote
manzhouli,2022-07-07,27,14.2,20.3,26.6,14.2,20.3,11,58.1,0.5,100,12.5,rain,0,0,42.1,32.8,238.1,998.5,61,23.6,234.3,19.9,8,10,2022-07-07T04:11:27,2022-07-07T20:18:14,0.25,"Rain, Partially cloudy",Partly cloudy throughout the day with late afternoon rain.,rain,remote
manzhouli,2022-07-08,16.2,12.4,14.4,16.2,12.4,14.4,12.7,89.8,9.4,100,66.67,rain,0,0,50,37.8,317.8,994.7,89.8,17.6,48.8,3.9,2,10,2022-07-08T04:12:19,2022-07-08T20:17:40,0.31,"Rain, Partially cloudy",Partly cloudy throughout the day with a chance of rain throughout the day.,rain,remote
manzhouli,2022-07-09,19.2,12.1,15.7,19.2,12.1,15.7,9.6,68.7,0.4,100,16.67,rain,0,0,77,45.4,308.6,998.2,98.4,24.1,133.3,11.4,7,10,2022-07-09T04:13:12,2022-07-09T20:17:03,0.34,"Rain, Overcast",Cloudy skies throughout the day with a chance of rain throughout the day.,rain,remote
manzhouli,2022-07-10,24.7,12.2,18.6,24.7,12.2,18.6,9.3,58,0,0,0,,0,0,36,26.6,287.8,1001.2,15.5,24.1,346.2,29.8,9,10,2022-07-10T04:14:07,2022-07-10T20:16:24,0.38,Clear,Clear conditions throughout the day.,clear-day,remote
manzhouli,2022-07-11,24.2,13,17.1,24.2,13,17.1,9.7,64.7,1.9,100,16.67,rain,0,0,30.2,27.7,279.1,1005.2,74,23.4,192.5,16.6,8,10,2022-07-11T04:15:04,2022-07-11T20:15:42,0.41,"Rain, Partially cloudy",Partly cloudy throughout the day with rain.,rain,remote
manzhouli,2022-07-12,21.1,14.6,16.8,21.1,14.6,16.8,14.8,88.2,11.1,100,79.17,rain,0,0,33.5,17.3,114,1003.5,98.5,17.7,109,9.2,5,10,2022-07-12T04:16:03,2022-07-12T20:14:58,0.45,"Rain, Overcast",Cloudy skies throughout the day with a chance of rain throughout the day.,rain,remote
manzhouli,2022-07-13,22.4,13.7,18.1,22.4,13.7,18.1,14.5,80.4,5.8,100,45.83,rain,0,0,26.6,19.8,345,1002.5,87.2,19.6,277.8,24,9,10,2022-07-13T04:17:04,2022-07-13T20:14:11,0.48,"Rain, Partially cloudy",Partly cloudy throughout the day with a chance of rain throughout the day.,rain,remote
manzhouli,2022-07-14,22.9,14.8,18.5,22.9,14.8,18.5,14.4,78.4,3.2,100,29.17,rain,0,0,28.8,21.6,11.2,1004.7,99.9,21.9,193.6,16.5,6,10,2022-07-14T04:18:06,2022-07-14T20:13:21,0.5,"Rain, Overcast",Cloudy skies throughout the day with rain in the morning and afternoon.,rain,remote
manzhouli,2022-07-15,25.1,15.9,19,25.1,15.9,19,15.7,83.1,4.9,100,50,rain,0,0,24.8,18.4,47.7,1006.5,90,22.3,168.7,14.6,7,10,2022-07-15T04:19:10,2022-07-15T20:12:29,0.55,"Rain, Partially cloudy",Partly cloudy throughout the day with a chance of rain throughout the day.,rain,remote
manzhouli,2022-07-16,23.8,16,19.6,23.8,16,19.6,16.4,83,16.1,100,79.17,rain,0,0,9.7,8.3,75.6,1002.6,94.6,14.3,189.5,16.4,7,10,2022-07-16T04:20:15,2022-07-16T20:11:34,0.58,"Rain, Overcast",Cloudy skies throughout the day with a chance of rain throughout the day.,rain,remote
manzhouli,2022-07-17,21.1,15.5,17.6,21.1,15.5,17.6,16,90.8,6.7,100,62.5,rain,0,0,29.2,17.6,327.9,1002.3,98,19.7,98.3,8.6,5,10,2022-07-17T04:21:22,2022-07-17T20:10:37,0.61,"Rain, Overcast",Cloudy skies throughout the day with a chance of rain throughout the day.,rain,remote
manzhouli,2022-07-18,25.6,15.2,19.7,25.6,15.2,19.7,14,71.9,2.8,100,29.17,rain,0,0,27.4,20.2,325.2,1001.9,83.7,23.2,225.7,19.2,7,10,2022-07-18T04:22:30,2022-07-18T20:09:37,0.65,"Rain, Partially cloudy",Partly cloudy throughout the day with rain clearing later.,rain,remote
manzhouli,2022-07-19,28.2,15.9,22.3,27.1,15.9,22,8.9,45.2,0,0,0,,0,0,15.8,11.9,327.2,1003,38.8,24.1,329.4,28.5,9,10,2022-07-19T04:23:40,2022-07-19T20:08:35,0.68,Partially cloudy,Clearing in the afternoon.,partly-cloudy-day,remote
manzhouli,2022-07-20,29.3,16.7,23.3,28,16.7,22.9,9,41.1,0.1,100,4.17,rain,0,0,12.6,11.9,162.3,1004.4,17.5,23.9,332.1,28.8,9,10,2022-07-20T04:24:51,2022-07-20T20:07:30,0.75,Rain,Clear conditions throughout the day with late afternoon rain.,rain,remote
manzhouli,2022-07-21,30.5,17.6,23.9,29.5,17.6,23.7,13.1,52.3,0.1,100,4.17,rain,0,0,13,9.4,266.2,1007.3,37.1,24.1,291,25,9,30,2022-07-21T04:26:03,2022-07-21T20:06:24,0.75,"Rain, Partially cloudy",Partly cloudy throughout the day with afternoon rain.,rain,remote
manzhouli,2022-07-22,31.4,18.1,24.8,30.2,18.1,24.5,14.5,56,0.1,100,4.17,rain,0,0,45,23.4,105.1,1006.7,34.7,23.9,318.6,27.6,9,10,2022-07-22T04:27:16,2022-07-22T20:05:15,0.78,"Rain, Partially cloudy",Becoming cloudy in the afternoon with late afternoon rain.,rain,remote
manzhouli,2022-07-23,24.5,16.8,20.5,24.5,16.8,20.5,14.1,68.3,2.2,100,20.83,rain,0,0,27.4,24.8,162.2,1002.9,81.2,22.4,205.3,17.7,6,10,2022-07-23T04:28:31,2022-07-23T20:04:03,0.81,"Rain, Partially cloudy",Partly cloudy throughout the day with rain clearing later.,rain,remote
manzhouli,2022-07-24,22.9,15.7,18.4,22.9,15.7,18.4,14.7,79.5,2.2,100,33.33,rain,0,0,25.2,13.7,76.9,1003.2,99.7,22.3,122.4,10.5,5,10,2022-07-24T04:29:46,2022-07-24T20:02:50,0.85,"Rain, Overcast",Cloudy skies throughout the day with a chance of rain throughout the day.,rain,remote
manzhouli,2022-07-25,26.2,14.9,20.2,26.2,14.9,20.2,14.8,73.1,1.8,100,29.17,rain,0,0,43.6,19.1,102.9,1002.3,66,23.7,196.3,17,6,30,2022-07-25T04:31:03,2022-07-25T20:01:35,0.88,"Rain, Partially cloudy",Partly cloudy throughout the day with rain.,rain,remote
manzhouli,2022-07-26,28.4,16.3,19.9,28.5,16.3,19.9,16.5,82.8,19,100,54.17,rain,0,0,54.7,34.9,139.1,1000.4,80.1,21.4,220.8,19.2,8,30,2022-07-26T04:32:20,2022-07-26T20:00:17,0.91,"Rain, Partially cloudy",Partly cloudy throughout the day with a chance of rain throughout the day.,rain,remote
manzhouli,2022-07-27,27.8,13.9,20.5,27.2,13.9,20.4,12.7,64.8,0,0,0,,0,0,45.4,29.5,192,1002.1,10.6,24.1,321.8,27.8,9,10,2022-07-27T04:33:38,2022-07-27T19:58:57,0.95,Clear,Clear conditions throughout the day.,clear-day,remote
manzhouli,2022-07-28,25.6,14,19.4,25.6,14,19.4,11.6,62.8,0.2,100,8.33,rain,0,0,15.5,14,302.1,1006.2,34.6,24.1,287.5,24.8,9,10,2022-07-28T04:34:58,2022-07-28T19:57:36,0.98,"Rain, Partially cloudy",Partly cloudy throughout the day with early morning rain.,rain,remote
manzhouli,2022-07-29,29.1,13.9,20.3,28.8,13.9,20.3,11.8,60.2,2.8,100,20.83,rain,0,0,33.5,27,74.6,1006,42.1,23,289.1,25.1,9,30,2022-07-29T04:36:18,2022-07-29T19:56:12,0,"Rain, Partially cloudy",Partly cloudy throughout the day with rain.,rain,remote
manzhouli,2022-07-30,29.9,15,21.8,29.1,15,21.6,14.7,68.6,2.5,100,25,rain,0,0,43.2,28.8,166.4,1002.3,72.3,22.7,284,24.5,8,30,2022-07-30T04:37:38,2022-07-30T19:54:46,0.05,"Rain, Partially cloudy",Partly cloudy throughout the day with rain.,rain,remote
manzhouli,2022-07-31,27,16.1,20.9,27.1,16.1,20.9,14.1,67.4,5.7,100,41.67,rain,0,0,29.5,15.5,172.2,1001.5,58.7,22.3,229.1,20,8,30,2022-07-31T04:39:00,2022-07-31T19:53:19,0.08,"Rain, Partially cloudy",Partly cloudy throughout the day with a chance of rain throughout the day.,rain,remote
manzhouli,2022-08-01,29.8,16.6,22.9,28.6,16.6,22.6,11,49.4,0.1,100,4.17,rain,0,0,35.6,31,282.1,1002.5,8.8,24.1,303.8,26.2,9,10,2022-08-01T04:40:22,2022-08-01T19:51:50,0.12,Rain,Clear conditions throughout the day with early morning rain.,rain,remote
manzhouli,2022-08-02,31.4,17,24.5,30.1,17,24.1,12.3,48.5,0,0,0,,0,0,20.9,19.4,220.5,1004.4,7.7,24.1,291.3,25.2,9,10,2022-08-02T04:41:44,2022-08-02T19:50:19,0.15,Clear,Clear conditions throughout the day.,clear-day,remote
manzhouli,2022-08-03,32.5,19.1,25.3,31.8,19.1,25.1,14.9,54.9,0,0,0,,0,0,25.9,23,178.4,1004.5,50.6,24.1,296.6,25.7,8,30,2022-08-03T04:43:07,2022-08-03T19:48:46,0.19,Partially cloudy,Partly cloudy throughout the day.,partly-cloudy-day,remote
manzhouli,2022-08-04,25.1,16.4,20.7,25.1,16.4,20.7,16,74.8,3.4,100,25,rain,0,0,55.1,34.2,284.4,999.5,64.3,23.4,154.3,13.4,6,30,2022-08-04T04:44:31,2022-08-04T19:47:12,0.22,"Rain, Partially cloudy",Partly cloudy throughout the day with rain in the morning and afternoon.,rain,remote
manzhouli,2022-08-05,26.7,15.3,20.6,26.7,15.3,20.6,10.4,54.8,0,0,0,,0,0,64.4,35.3,305.7,1000.2,21.5,24.1,302.1,26.1,8,10,2022-08-05T04:45:55,2022-08-05T19:45:36,0.25,Partially cloudy,Partly cloudy throughout the day.,partly-cloudy-day,remote
manzhouli,2022-08-06,23.6,14.2,18.6,23.6,14.2,18.6,8,52.5,0,0,0,rain,0,0,40.3,27,288.9,1002.9,77.5,24.1,209.1,18.2,7,10,2022-08-06T04:47:20,2022-08-06T19:43:58,0.29,Partially cloudy,Partly cloudy throughout the day.,partly-cloudy-day,remote
manzhouli,2022-08-07,21.1,11.3,16.5,21.1,11.3,16.5,5,47.9,0,0,0,,0,0,50.8,34.9,305.8,1005.8,30.7,24.1,290.7,24.9,9,10,2022-08-07T04:48:45,2022-08-07T19:42:19,0.33,Partially cloudy,Clearing in the afternoon.,partly-cloudy-day,remote
manzhouli,2022-08-08,22.1,10.7,16.3,22.1,10.7,16.3,4.6,47.6,0,0,0,,0,0,55.4,37.4,296.3,1005.8,6.2,24.1,308.4,26.5,9,10,2022-08-08T04:50:10,2022-08-08T19:40:38,0.36,Clear,Clear conditions throughout the day.,clear-day,remote
manzhouli,2022-08-09,23.7,10.8,17,23.7,10.8,17,5,47.6,0,0,0,,0,0,49.3,36.7,302.3,1003.2,4,24.1,303.8,26,9,10,2022-08-09T04:51:36,2022-08-09T19:38:56,0.4,Clear,Clear conditions throughout the day.,clear-day,remote
manzhouli,2022-08-10,20.7,11.3,16.2,20.7,11.3,16.2,5.9,51.3,0,0,0,,0,0,52.2,28.8,318.6,1002.5,51.3,24.1,204.3,17.7,7,10,2022-08-10T04:53:02,2022-08-10T19:37:12,0.43,Partially cloudy,Partly cloudy throughout the day.,partly-cloudy-day,remote
manzhouli,2022-08-11,24.6,11.1,17.9,24.6,11.1,17.9,7.8,53.9,0,0,0,,0,0,29.5,22.3,344.5,1004.4,78.3,24.1,228.7,20,8,10,2022-08-11T04:54:28,2022-08-11T19:35:27,0.47,Partially cloudy,Partly cloudy throughout the day.,partly-cloudy-day,remote
manzhouli,2022-08-12,24.6,12.2,17.3,24.6,12.2,17.3,8.8,60.7,1.5,100,12.5,rain,0,0,37.1,32.4,284.6,1004.5,39.3,24.1,163.5,14,7,10,2022-08-12T04:55:54,2022-08-12T19:33:41,0.5,"Rain, Partially cloudy",Partly cloudy throughout the day with rain.,rain,remote
manzhouli,2022-08-13,25.6,11.2,18.3,25.6,11.2,18.3,8.8,58,0,0,0,,0,0,18.7,13.7,344.8,1005.8,38.5,24.1,279.6,24.1,8,10,2022-08-13T04:57:21,2022-08-13T19:31:53,0.54,Partially cloudy,Becoming cloudy in the afternoon.,partly-cloudy-day,remote
manzhouli,2022-08-14,25.5,13.4,18.7,25.5,13.4,18.7,9.9,58.7,0,0,0,,0,0,29.9,22.7,152,1003.9,99,24.1,207.7,17.9,7,10,2022-08-14T04:58:48,2022-08-14T19:30:04,0.57,Overcast,Cloudy skies throughout the day.,cloudy,remote
manzhouli,2022-08-15,27,11.7,20.4,26.7,11.7,20.4,8.3,49.2,0,0,0,,0,0,29.2,17.6,122.7,1004.5,41.3,24.1,274.9,23.6,8,10,2022-08-15T05:00:15,2022-08-15T19:28:14,0.6,Partially cloudy,Partly cloudy throughout the day.,partly-cloudy-day,remote
manzhouli,2022-08-16,29.2,15.6,22.1,27.8,15.6,21.8,8.7,44.5,0.4,100,16.67,rain,0,0,56.9,34.9,213,1003,59.4,24.1,215.4,18.5,8,10,2022-08-16T05:01:42,2022-08-16T19:26:23,0.63,"Rain, Partially cloudy",Partly cloudy throughout the day with late afternoon rain.,rain,remote
manzhouli,2022-08-17,25,11.7,17.9,25,11.7,17.9,12.5,72.2,3.2,100,33.33,rain,0,0,40,24.5,292.1,1001.3,77,22.4,154.2,13,7,10,2022-08-17T05:03:09,2022-08-17T19:24:30,0.67,"Rain, Partially cloudy",Partly cloudy throughout the day with a chance of rain throughout the day.,rain,remote
manzhouli,2022-08-18,20.5,9.5,14.7,20.5,7.5,14.5,2.9,48.3,0,0,0,,0,0,35.3,25.9,299.9,1004.4,78.4,24.1,199.3,17.3,7,10,2022-08-18T05:04:37,2022-08-18T19:22:37,0.7,Partially cloudy,Partly cloudy throughout the day.,partly-cloudy-day,remote
manzhouli,2022-08-19,20.3,7.5,13.8,20.3,5.1,12.9,3.3,52.8,0,0,0,,0,0,42.1,34.6,291,1004.2,18.2,24.1,277.1,24,8,10,2022-08-19T05:06:04,2022-08-19T19:20:42,0.75,Clear,Clear conditions throughout the day.,clear-day,remote
manzhouli,2022-08-20,20.1,7.6,13.6,20.1,4.7,12.8,0.1,42.3,0,0,0,,0,0,50,26.6,290.5,1004.7,72.9,24.1,230.4,20,7,10,2022-08-20T05:07:32,2022-08-20T19:18:46,0.77,Partially cloudy,Partly cloudy throughout the day.,partly-cloudy-day,remote
manzhouli,2022-08-21,20.9,8.3,14.2,20.9,6.8,13.7,3.7,53.1,0,0,0,,0,0,43.9,23,278.8,1002.5,95.6,24.1,188,16.2,7,10,2022-08-21T05:09:00,2022-08-21T19:16:50,0.8,Overcast,Cloudy skies throughout the day.,cloudy,remote
manzhouli,2022-08-22,21,6.5,13.6,21,3.3,12.9,3.5,54.6,0,0,0,,0,0,45.7,34.2,316.5,1005.6,48.3,24.1,236,20.5,7,10,2022-08-22T05:10:27,2022-08-22T19:14:52,0.83,Partially cloudy,Partly cloudy throughout the day.,partly-cloudy-day,remote
manzhouli,2022-08-23,22.7,7.2,14.8,22.7,4.7,14.2,2.8,48.5,0,0,0,,0,0,37.1,15.1,301.7,1012.5,30.9,24.1,275,24,8,10,2022-08-23T05:11:55,2022-08-23T19:12:54,0.86,Partially cloudy,Becoming cloudy in the afternoon.,partly-cloudy-day,remote
manzhouli,2022-08-24,21.4,9,15,21.4,5.7,14.6,3.2,46.5,0.1,100,4.17,rain,0,0,56.2,42.8,295,1007.1,79.5,24.1,182,15.8,7,10,2022-08-24T05:13:23,2022-08-24T19:10:54,0.9,"Rain, Partially cloudy",Partly cloudy throughout the day with afternoon rain.,rain,remote
manzhouli,2022-08-25,17.1,5.2,10.7,17.1,0.7,8.9,0.1,50.2,0,0,0,,0,0,51.5,33.1,297.7,1006,42.7,24.1,249.5,21.6,8,10,2022-08-25T05:14:50,2022-08-25T19:08:54,0.93,Partially cloudy,Becoming cloudy in the afternoon.,partly-cloudy-day,remote
manzhouli,2022-08-26,19.8,5.3,12,19.8,2,10.6,0.9,50.4,0.8,100,8.33,rain,0,0,47.2,29.9,329.8,1008.1,36.1,23.7,252.5,21.7,8,10,2022-08-26T05:16:18,2022-08-26T19:06:53,0.96,"Rain, Partially cloudy",Clearing in the afternoon with morning rain.,rain,remote
manzhouli,2022-08-27,23,6.7,14.4,23,3.9,13.7,2.5,48.2,0,0,0,,0,0,32,20.5,283,1010,6.8,24.1,266.6,23,8,10,2022-08-27T05:17:46,2022-08-27T19:04:51,0,Clear,Clear conditions throughout the day.,clear-day,remote
manzhouli,2022-08-28,23.3,7.9,15.7,23.3,7.9,15.7,2.4,44.7,0,0,0,,0,0,14.8,15.1,165.4,1006.6,18.3,24.1,262.6,22.7,8,10,2022-08-28T05:19:14,2022-08-28T19:02:49,0.03,Clear,Clear conditions throughout the day.,clear-day,remote
manzhouli,2022-08-29,23.8,9.1,15.8,23.8,8,15.6,5,50.8,0.1,100,4.17,rain,0,0,35.3,38.2,292,1008.2,63.8,24.1,213,18.5,7,10,2022-08-29T05:20:41,2022-08-29T19:00:45,0.06,"Rain, Partially cloudy",Partly cloudy throughout the day with morning rain.,rain,remote
manzhouli,2022-08-30,21,8,14.5,21,5.7,14.2,-2.5,33.1,0,0,0,,0,0,41.4,25.6,290.8,1011.1,27,24.1,264.2,22.9,8,10,2022-08-30T05:22:09,2022-08-30T18:58:42,0.1,Partially cloudy,Partly cloudy throughout the day.,partly-cloudy-day,remote
manzhouli,2022-08-31,17.3,6.8,12,17.3,5.1,11,-4,36.1,0.1,100,4.17,rain,0,0,51.5,37.8,308.5,1012.2,58,24.1,214,18.5,8,10,2022-08-31T05:23:37,2022-08-31T18:56:37,0.14,"Rain, Partially cloudy",Clearing in the afternoon with early morning rain.,rain,remote
manzhouli,2022-09-01,25.2,6.4,15.8,25.2,3.5,15.1,-2.1,30.9,0,0,0,,0,0,45.7,28.4,263,1012.6,31.3,24.1,253.4,21.7,8,10,2022-09-01T05:25:05,2022-09-01T18:54:32,0.17,Partially cloudy,Clearing in the afternoon.,partly-cloudy-day,remote
manzhouli,2022-09-02,27,11.3,19,26.2,11.3,18.8,3,37.5,0.1,100,4.17,rain,0,0,28.4,24.1,281.4,1010.6,47,24.1,241.3,20.7,8,10,2022-09-02T05:26:32,2022-09-02T18:52:26,0.21,"Rain, Partially cloudy",Partly cloudy throughout the day with early morning rain.,rain,remote
manzhouli,2022-09-03,25.6,12.7,19.3,25.6,12.7,19.3,4.6,40.2,0.2,100,8.33,rain,0,0,32.8,23,197.3,1006.9,94.9,24.1,162,14.2,6,10,2022-09-03T05:28:00,2022-09-03T18:50:20,0.24,"Rain, Overcast",Cloudy skies throughout the day with rain.,rain,remote
manzhouli,2022-09-04,21.9,8.9,14.9,21.9,7,14.6,8.1,66.3,4.1,100,25,rain,0,0,34.9,26.6,252.2,999.3,93.9,22.4,124.8,10.8,6,10,2022-09-04T05:29:28,2022-09-04T18:48:13,0.25,"Rain, Overcast",Cloudy skies throughout the day with rain.,rain,remote
manzhouli,2022-09-05,9.8,3.4,6.2,8.2,-0.4,2.9,2.3,77.8,0.8,100,29.17,rain,0,0,29.2,24.1,194.6,1001,77.7,19.8,107.4,9.5,5,10,2022-09-05T05:30:55,2022-09-05T18:46:06,0.31,"Rain, Partially cloudy",Partly cloudy throughout the day with a chance of rain throughout the day.,rain,remote
manzhouli,2022-09-06,14.4,2.4,7.8,14.4,-0.7,6.9,4.8,82.3,2.5,100,41.67,rain,0,0,24.5,23.4,286.3,1005.5,86.5,23.1,90.1,7.8,6,10,2022-09-06T05:32:23,2022-09-06T18:43:58,0.35,"Rain, Partially cloudy",Partly cloudy throughout the day with rain.,rain,remote
manzhouli,2022-09-07,26.4,6.8,15.8,26.4,3.8,14.9,5.7,56.6,0.1,100,4.17,rain,0,0,57.2,38.2,287.3,1007,41.7,24.1,228.8,19.6,7,10,2022-09-07T05:33:51,2022-09-07T18:41:50,0.38,"Rain, Partially cloudy",Partly cloudy throughout the day with late afternoon rain.,rain,remote
manzhouli,2022-09-08,24,10.1,16.7,24,10.1,16.7,5.2,51.2,0,0,0,,0,0,24.1,18.7,304.8,1013.9,50.9,24.1,226.4,19.5,7,10,2022-09-08T05:35:18,2022-09-08T18:39:42,0.42,Partially cloudy,Partly cloudy throughout the day.,partly-cloudy-day,remote
manzhouli,2022-09-09,31.6,12.7,21.1,29.4,12.7,20.6,4.4,37.2,0,0,0,,0,0,37.8,29.2,199.9,1013.7,2.4,24.1,232,20.1,7,10,2022-09-09T05:36:46,2022-09-09T18:37:33,0.46,Clear,Clear conditions throughout the day.,clear-day,remote
manzhouli,2022-09-10,33.4,14.6,23.1,30.9,14.6,22.3,3.4,32.7,0,0,0,,0,0,49.3,37.4,249.4,1009.4,53.3,24.1,214.3,18.4,6,10,2022-09-10T05:38:14,2022-09-10T18:35:23,0.5,Partially cloudy,Partly cloudy throughout the day.,partly-cloudy-day,remote
manzhouli,2022-09-11,24.2,9.1,16.7,24.2,7.3,16.6,10.2,67.7,0.5,100,8.33,rain,0,0,40,32.8,29.3,1011.6,63.1,24.1,174.9,15.1,7,10,2022-09-11T05:39:41,2022-09-11T18:33:14,0.52,"Rain, Partially cloudy",Partly cloudy throughout the day with rain.,rain,remote
manzhouli,2022-09-12,20,5.8,12.4,20,3.5,11.7,0.3,50.5,0,0,0,,0,0,23.8,19.1,25.2,1018.5,26.2,24.1,225.1,19.5,7,10,2022-09-12T05:41:09,2022-09-12T18:31:04,0.56,Partially cloudy,Becoming cloudy in the afternoon.,partly-cloudy-day,remote
manzhouli,2022-09-13,29.1,7.3,17.2,27.4,5.6,16.5,-0.6,32.5,0,0,0,,0,0,45.7,36,198,1018.4,33.7,24.1,220.5,18.8,7,10,2022-09-13T05:42:37,2022-09-13T18:28:54,0.59,Partially cloudy,Becoming cloudy in the afternoon.,partly-cloudy-day,remote
manzhouli,2022-09-14,25.5,13.5,18.8,25.5,13.5,18.8,6.2,45.1,0,0,0,,0,0,28.4,17.3,33.9,1018.3,100,24.1,179.1,15.4,6,10,2022-09-14T05:44:05,2022-09-14T18:26:44,0.62,Overcast,Cloudy skies throughout the day.,cloudy,remote
manzhouli,2022-09-15,25.5,10.1,17.4,25.5,10.1,17.4,4.8,45,0,0,0,,0,0,14.8,13,44.6,1012.3,52.7,24.1,212.3,18.4,7,10,2022-09-15T05:45:33,2022-09-15T18:24:34,0.65,Partially cloudy,Partly cloudy throughout the day.,partly-cloudy-day,remote
manzhouli,2022-09-16,25.3,10.5,16.7,25.3,10.5,16.7,8.2,60.8,0.2,100,8.33,rain,0,0,51.1,27.7,81.2,1007.2,84.3,23.7,189.6,16.5,7,10,2022-09-16T05:47:01,2022-09-16T18:22:23,0.69,"Rain, Partially cloudy",Partly cloudy throughout the day with rain clearing later.,rain,remote
manzhouli,2022-09-17,14.8,4.1,9.4,14.8,-1.9,6.8,4.8,73.9,1.2,100,16.67,rain,0,0,62.3,42.1,256.4,1001.2,77,22.1,124.8,10.8,5,10,2022-09-17T05:48:29,2022-09-17T18:20:13,0.72,"Rain, Partially cloudy",Partly cloudy throughout the day with rain.,rain,remote
manzhouli,2022-09-18,14.5,4.9,8.9,14.5,-0.9,6.1,-2.2,49.5,0,0,0,,0,0,62.3,43.2,317.9,1013.8,54.2,24.1,209,18.2,7,10,2022-09-18T05:49:57,2022-09-18T18:18:02,0.75,Partially cloudy,Partly cloudy throughout the day.,partly-cloudy-day,remote
manzhouli,2022-09-19,11.2,0.7,6,11.2,-5,3,-10.2,33.4,0,0,0,,0,0,52.6,28.8,326.8,1022.8,34.3,24.1,211,18.1,7,10,2022-09-19T05:51:25,2022-09-19T18:15:51,0.78,Partially cloudy,Becoming cloudy in the afternoon.,partly-cloudy-day,remote
manzhouli,2022-09-20,16.7,3.1,10.6,16.7,1.7,9.8,-3.4,39.3,0,0,0,rain,0,0,32.8,27.7,272,1010.4,63.6,24.1,198.7,17.3,7,10,2022-09-20T05:52:53,2022-09-20T18:13:41,0.81,Partially cloudy,Partly cloudy throughout the day.,partly-cloudy-day,remote
manzhouli,2022-09-21,14.4,4.7,9.4,14.4,2.9,7.6,0.1,54.1,0,0,0,,0,0,45.7,31.7,299.7,1003.8,68.9,24.1,132.1,11.3,4,10,2022-09-21T05:54:22,2022-09-21T18:11:30,0.85,Partially cloudy,Partly cloudy throughout the day.,partly-cloudy-day,remote
manzhouli,2022-09-22,15.2,1.9,8.5,15.2,-1.8,6.5,0,59,0.3,100,8.33,rain,0,0,45.7,27,338.6,1010.1,29.4,23.5,164.7,14.4,7,10,2022-09-22T05:55:50,2022-09-22T18:09:19,0.88,"Rain, Partially cloudy",Becoming cloudy in the afternoon with rain in the morning and afternoon.,rain,remote
manzhouli,2022-09-23,16,3,9.2,16,-0.4,7.8,-1.9,50.7,0,0,0,,0,0,28.8,20.9,294.4,1012.8,33.8,24.1,199.7,17.1,7,10,2022-09-23T05:57:19,2022-09-23T18:07:08,0.91,Partially cloudy,Clearing in the afternoon.,partly-cloudy-day,remote
manzhouli,2022-09-24,21.5,6.3,12.3,21.5,4.2,11,1.8,53.3,0.3,100,8.33,rain,0,0,55.1,41.8,279.3,1005.8,70.6,24.1,162.2,13.9,6,10,2022-09-24T05:58:47,2022-09-24T18:04:58,0.94,"Rain, Partially cloudy",Partly cloudy throughout the day with late afternoon rain.,rain,remote
manzhouli,2022-09-25,11.6,1.5,6.7,11.6,-1.9,4.1,-4.2,49.9,0,0,0,,0,0,54.4,40.3,294,1011.3,39.1,24.1,184.2,15.9,7,10,2022-09-25T06:00:16,2022-09-25T18:02:47,0.98,Partially cloudy,Partly cloudy throughout the day.,partly-cloudy-day,remote
manzhouli,2022-09-26,12.8,1.7,5.5,12.8,-1.3,3.7,-5,51,1.4,100,16.67,"rain,snow",0.1,0,33.5,21.2,222.6,1015.7,58.1,22.8,167.8,14.4,7,10,2022-09-26T06:01:46,2022-09-26T18:00:37,0,"Snow, Rain, Partially cloudy",Clearing in the afternoon with rain or snow clearing later.,snow,remote
manzhouli,2022-09-27,18.6,0.9,9.7,18.6,-1.6,8.4,-3.1,45.1,0,0,0,,0,0,48.6,29.9,335.5,1007.4,73.6,24.1,168.7,14.7,6,10,2022-09-27T06:03:15,2022-09-27T17:58:27,0.04,Partially cloudy,Partly cloudy throughout the day.,partly-cloudy-day,remote
manzhouli,2022-09-28,15.8,3.6,10.1,15.8,1.5,9.6,-6.5,31.7,0,0,0,,0,0,51.8,22,88.4,1010.2,75,24.1,163.2,14.1,6,10,2022-09-28T06:04:44,2022-09-28T17:56:17,0.08,Partially cloudy,Partly cloudy throughout the day.,partly-cloudy-day,remote
manzhouli,2022-09-29,13,5.3,8.7,13,2,6.8,-0.7,53.7,1,100,12.5,rain,0,0,51.5,42.5,314.5,1005.8,60.3,23,176,15.3,6,10,2022-09-29T06:06:14,2022-09-29T17:54:07,0.12,"Rain, Partially cloudy",Partly cloudy throughout the day with early morning rain.,rain,remote
manzhouli,2022-09-30,8.4,2.3,4.6,6.3,-1.2,2.1,-0.2,72.6,3.5,100,37.5,"rain,snow",0.1,0,32,19.1,50.6,1012.7,77.5,19,96.5,8.2,5,10,2022-09-30T06:07:44,2022-09-30T17:51:58,0.15,"Snow, Rain, Partially cloudy",Partly cloudy throughout the day with a chance of rain or snow throughout the day.,snow,remote
manzhouli,2022-10-01,14.5,1.1,6.8,14.5,-2,4.8,0.8,69,0.1,100,4.17,rain,0,0,50.4,31.7,56.5,1013.8,97.2,24.1,115.2,10,5,10,2022-10-01T06:09:14,2022-10-01T17:49:49,0.19,"Rain, Overcast",Cloudy skies throughout the day with late afternoon rain.,rain,remote
manzhouli,2022-10-02,6.1,-0.4,3,1.6,-6.1,-2.2,-9.8,40.3,0.1,100,4.17,"rain,snow",0,0,53.3,34.2,325.2,1022.4,93.9,23.7,116.3,10,4,10,2022-10-02T06:10:44,2022-10-02T17:47:40,0.22,"Snow, Rain, Overcast",Cloudy skies throughout the day with afternoon rain or snow.,rain,remote
manzhouli,2022-10-03,2.9,-4.2,-1.3,-3,-11.4,-7.1,-14.9,37.3,0,0,0,,0,0,50.4,34.9,309.8,1030.2,28.5,24.1,164.1,14.3,6,10,2022-10-03T06:12:15,2022-10-03T17:45:31,0.25,Partially cloudy,Becoming cloudy in the afternoon.,partly-cloudy-day,remote
manzhouli,2022-10-04,4.2,-5.8,-1,-0.3,-11.6,-5.8,-11.4,47.9,0,0,0,,0,0,38.2,25.2,296.9,1029.9,45.7,24.1,163,14.1,6,10,2022-10-04T06:13:46,2022-10-04T17:43:23,0.3,Partially cloudy,Becoming cloudy in the afternoon.,partly-cloudy-day,remote
manzhouli,2022-10-05,4.5,-4.8,-0.1,0.9,-9.5,-4.1,-12.4,40.4,0,0,0,,0,0,26.3,20.9,297.7,1027.3,42.1,24.1,169.1,14.5,6,10,2022-10-05T06:15:17,2022-10-05T17:41:16,0.33,Partially cloudy,Becoming cloudy in the afternoon.,partly-cloudy-day,remote
manzhouli,2022-10-06,5.1,-4.3,-0.3,1.8,-8.4,-3.8,-11.3,44.8,0,0,0,,0,0,20.9,16.2,289.4,1023.5,40.1,24.1,164.1,14.4,6,10,2022-10-06T06:16:48,2022-10-06T17:39:09,0.37,Partially cloudy,Partly cloudy throughout the day.,partly-cloudy-day,remote
manzhouli,2022-10-07,6.5,-6,-0.1,4.7,-7.8,-2,-10.5,47.4,0,0,0,,0,0,19.4,15.8,296,1022.5,63.8,24.1,135.1,11.6,6,10,2022-10-07T06:18:19,2022-10-07T17:37:02,0.4,Partially cloudy,Partly cloudy throughout the day.,partly-cloudy-day,remote
manzhouli,2022-10-08,5.5,-4.6,0.4,1.9,-8,-3,-9.9,48.2,0,0,0,,0,0,37.1,19.4,21.3,1025.6,39.8,24.1,157.8,13.8,6,10,2022-10-08T06:19:51,2022-10-08T17:34:56,0.44,Partially cloudy,Becoming cloudy in the afternoon.,partly-cloudy-day,remote
manzhouli,2022-10-09,6.1,-3.7,0.8,3.6,-7.5,-2.4,-9,50.6,0,0,0,,0,0,20.5,13.7,339.4,1029.4,18.3,24.1,159.2,13.8,6,10,2022-10-09T06:21:23,2022-10-09T17:32:50,0.47,Clear,Clear conditions throughout the day.,clear-day,remote
manzhouli,2022-10-10,10.2,-3.6,2.7,10.2,-6.8,0.1,-11.7,36.1,0,0,0,,0,0,19.4,16.6,261.4,1023.2,12.5,24.1,157.2,13.6,6,10,2022-10-10T06:22:56,2022-10-10T17:30:45,0.5,Clear,Clear conditions throughout the day.,clear-day,remote
manzhouli,2022-10-11,11.3,-1,4.9,11.3,-2.8,3.8,-12.4,27.9,0,0,0,,0,0,9.4,10.1,147.4,1017.1,73.2,24.1,139.4,12,5,10,2022-10-11T06:24:29,2022-10-11T17:28:41,0.54,Partially cloudy,Partly cloudy throughout the day.,partly-cloudy-day,remote
manzhouli,2022-10-12,10.6,0.8,5.1,10.6,-1,2.6,-7.5,40.4,0,0,0,,0,0,34.2,25.9,301.9,1017.9,62.1,24.1,125.8,10.8,5,10,2022-10-12T06:26:02,2022-10-12T17:26:37,0.57,Partially cloudy,Partly cloudy throughout the day.,partly-cloudy-day,remote
manzhouli,2022-10-13,13.5,1.4,6.7,13.5,-1.5,4.9,-5.7,43.7,0,0,0,,0,0,30.6,24.8,232.8,1019,11.6,24.1,149,12.9,5,10,2022-10-13T06:27:35,2022-10-13T17:24:35,0.61,Clear,Clear conditions throughout the day.,clear-day,remote
manzhouli,2022-10-14,12,2.2,5.6,12,-3.3,3.4,-5.7,45.5,0,0,0,,0,0,53.3,37.1,294.6,1014.5,33.8,24.1,145.3,12.4,5,10,2022-10-14T06:29:08,2022-10-14T17:22:32,0.64,Partially cloudy,Clearing in the afternoon.,partly-cloudy-day,remote
manzhouli,2022-10-15,5.4,-1.4,2.1,-0.3,-8.3,-4,-10.4,41.5,0,0,0,,0,0,55.1,43.9,291.2,1020.1,38.2,24.1,145.7,12.4,5,10,2022-10-15T06:30:42,2022-10-15T17:20:31,0.67,Partially cloudy,Becoming cloudy in the afternoon.,partly-cloudy-day,remote
manzhouli,2022-10-16,5.5,-1.8,1.5,0.9,-9,-4,-8.5,49.3,0,0,0,,0,0,51.8,32.4,324,1024.5,68.7,24.1,133.3,11.4,5,10,2022-10-16T06:32:17,2022-10-16T17:18:30,0.7,Partially cloudy,Partly cloudy throughout the day.,partly-cloudy-day,remote
manzhouli,2022-10-17,4.5,-4.4,-0.3,1.2,-9.2,-4.3,-13,38.6,0,0,0,,0,0,34.6,16.9,309.3,1026.3,12.3,24.1,142,12.3,5,10,2022-10-17T06:33:51,2022-10-17T17:16:31,0.73,Clear,Clear conditions throughout the day.,clear-day,remote
manzhouli,2022-10-18,7.1,-4.8,0.7,4.4,-8,-2.1,-12.1,39.3,0,0,0,,0,0,21.2,15.1,230,1020.6,45.7,24.1,139,12.1,5,10,2022-10-18T06:35:26,2022-10-18T17:14:32,0.75,Partially cloudy,Becoming cloudy in the afternoon.,partly-cloudy-day,remote
manzhouli,2022-10-19,10.7,-0.9,4.3,10.7,-3.3,1.7,-9.9,36.1,0,0,0,,0,0,42.1,33.1,287.7,1013.4,52,24.1,135,11.6,5,10,2022-10-19T06:37:01,2022-10-19T17:12:34,0.8,Partially cloudy,Clearing in the afternoon.,partly-cloudy-day,remote
manzhouli,2022-10-20,8,2.6,4.7,6.2,-1.2,2.4,-4.8,51.3,0.3,100,12.5,rain,0,0,34.6,24.8,19.7,1017.5,99.8,24.1,55.3,4.9,3,10,2022-10-20T06:38:37,2022-10-20T17:10:37,0.83,"Rain, Overcast",Cloudy skies throughout the day with rain in the morning and afternoon.,rain,remote
manzhouli,2022-10-21,7.6,0.4,3.4,4.7,-3.2,0.3,-7.8,45.4,0,0,0,,0,0,33.8,21.6,323,1021.3,61.7,24.1,127.4,11.1,5,10,2022-10-21T06:40:12,2022-10-21T17:08:41,0.86,Partially cloudy,Becoming cloudy in the afternoon.,partly-cloudy-day,remote
manzhouli,2022-10-22,5.9,-1.8,1.4,2.6,-5.4,-2.2,-7.4,55.6,0,0,0,,0,0,25.6,18.4,307.1,1024.3,50.3,24.1,118,10.2,5,10,2022-10-22T06:41:48,2022-10-22T17:06:46,0.89,Partially cloudy,Partly cloudy throughout the day.,partly-cloudy-day,remote
manzhouli,2022-10-23,5.8,-4.1,0.3,2.7,-8.4,-2.7,-8.2,55,0,0,0,,0,0,18.7,15.5,284.5,1024.8,26,24.1,126.2,11,5,10,2022-10-23T06:43:25,2022-10-23T17:04:52,0.93,Partially cloudy,Partly cloudy throughout the day.,partly-cloudy-day,remote
manzhouli,2022-10-24,9.6,-2.1,3,6.6,-5.5,0,-5.9,54.8,0,0,0,,0,0,39.6,25.9,169.8,1016.3,18.7,24.1,121.4,10.3,5,10,2022-10-24T06:45:01,2022-10-24T17:02:59,0.96,Clear,Clear conditions throughout the day.,clear-day,remote
manzhouli,2022-10-25,8.4,-0.2,3.6,4.6,-5.1,-0.1,-4.6,56.3,1.8,100,33.33,"rain,snow",0.6,0.1,40.3,30.2,328.6,1014.9,83.3,20.5,89.2,7.8,4,10,2022-10-25T06:46:38,2022-10-25T17:01:08,0,"Snow, Rain, Partially cloudy",Partly cloudy throughout the day with rain or snow.,snow,remote
manzhouli,2022-10-26,4.3,-3.8,0.1,-0.1,-9.8,-4.7,-14.3,34.6,0.4,100,12.5,"rain,snow",0.2,0.2,45.4,23.8,319.6,1030.6,14.7,22.4,122.5,10.5,5,10,2022-10-26T06:48:15,2022-10-26T16:59:18,0.03,"Snow, Rain",Clear conditions throughout the day with early morning snow or rain.,snow,remote
manzhouli,2022-10-27,4.5,-5.8,-0.9,1.2,-8,-3.5,-13.4,39.4,0,0,0,,0,0,18.4,14.8,209.5,1034.6,34.8,24.1,118.9,10.3,5,10,2022-10-27T06:49:52,2022-10-27T16:57:29,0.06,Partially cloudy,Becoming cloudy in the afternoon.,partly-cloudy-day,remote
manzhouli,2022-10-28,5,-5.2,-0.5,1.9,-7.9,-2.8,-12.4,42.3,0,0,0,,0,0,17.6,15.1,177.9,1030.4,47.9,24.1,108.8,9.4,5,10,2022-10-28T06:51:30,2022-10-28T16:55:41,0.1,Partially cloudy,Becoming cloudy in the afternoon.,partly-cloudy-day,remote
manzhouli,2022-10-29,6.1,-4.6,0.9,3.4,-7.2,-1.3,-12.9,37.2,0.1,100,4.17,snow,0,0,17.3,12.6,111.8,1026.8,51.8,24.1,110.9,9.7,4,10,2022-10-29T06:53:08,2022-10-29T16:53:55,0.13,"Snow, Partially cloudy",Partly cloudy throughout the day with late afternoon snow.,rain,remote
manzhouli,2022-10-30,7,0.6,2.4,4.8,-3.8,-0.1,-3.6,67.2,4.6,100,20.83,rain,0.2,0,29.5,17.6,325.9,1015.3,90,22.1,31.5,2.7,2,10,2022-10-30T06:54:46,2022-10-30T16:52:10,0.17,"Rain, Partially cloudy",Partly cloudy throughout the day with morning rain or snow.,snow,remote
manzhouli,2022-10-31,0.1,-5.4,-2.2,-4.4,-14.7,-9.7,-5.7,77.6,1.8,100,25,"rain,snow",1.4,1.1,64.1,40.3,303.3,1014.9,86.9,16.4,60,5.3,3,10,2022-10-31T06:56:24,2022-10-31T16:50:26,0.2,"Snow, Rain, Partially cloudy",Partly cloudy throughout the day with rain or snow clearing later.,snow,remote
manzhouli,2022-11-01,-4.2,-10.2,-7.2,-12.2,-17.8,-15.6,-15.2,53.5,0,0,0,,0,1.7,65.2,39.6,302.8,1023.4,1,24.1,111.5,9.5,5,10,2022-11-01T06:58:02,2022-11-01T16:48:44,0.25,Clear,Clear conditions throughout the day.,clear-day,remote
manzhouli,2022-11-02,-5.7,-13.4,-10,-13.8,-21.4,-18.3,-19,48.5,0,0,0,,0,1.9,60.1,34.6,310.2,1029.3,0.5,24.1,110.7,9.5,5,10,2022-11-02T06:59:40,2022-11-02T16:47:03,0.28,Clear,Clear conditions throughout the day.,clear-day,remote
manzhouli,2022-11-03,-1.8,-13.9,-9.3,-8.1,-21.1,-15.6,-14.4,67.2,0,0,0,,0,2.2,36.7,24.5,293.9,1027.9,16.2,24.1,105.6,9.2,4,10,2022-11-03T07:01:18,2022-11-03T16:45:24,0.31,Clear,Clear conditions throughout the day.,clear-day,remote
manzhouli,2022-11-04,0.7,-10.8,-5.9,-5,-16.2,-11.4,-10.7,70.1,0,0,0,,0,3.1,44.6,24.8,287.3,1022,57.8,24.1,98.4,8.5,4,10,2022-11-04T07:02:57,2022-11-04T16:43:47,0.35,Partially cloudy,Partly cloudy throughout the day.,partly-cloudy-day,remote
manzhouli,2022-11-05,0.7,-11.6,-6.6,-3.8,-16.5,-11.2,-9.5,80.4,0.1,100,4.17,snow,0,3.2,31.7,17.3,273.2,1022,50.4,22.2,66.8,5.7,3,10,2022-11-05T07:04:35,2022-11-05T16:42:11,0.38,"Snow, Partially cloudy",Partly cloudy throughout the day with morning snow.,rain,remote
manzhouli,2022-11-06,0.6,-9.2,-5.9,-4.6,-14.1,-10.7,-8.6,81.2,0,0,0,,0,2.8,29.9,22.3,285.7,1021.1,18.6,24.1,97.1,8.4,4,10,2022-11-06T07:06:14,2022-11-06T16:40:37,0.42,Clear,Clear conditions throughout the day.,clear-day,remote
manzhouli,2022-11-07,1,-9.8,-5.2,-2.9,-15.1,-9.4,-8,81.1,0,0,0,,0,2.5,28.4,16.2,264.4,1020.8,46.3,24.1,93,7.9,4,10,2022-11-07T07:07:52,2022-11-07T16:39:05,0.45,Partially cloudy,Becoming cloudy in the afternoon.,partly-cloudy-day,remote
manzhouli,2022-11-08,2.8,-8.9,-3.8,0.5,-9.8,-5.9,-7.5,76.2,0,0,0,,0,2.1,24.5,12.2,258.2,1015.4,55,24.1,80,6.8,4,10,2022-11-08T07:09:30,2022-11-08T16:37:35,0.5,Partially cloudy,Partly cloudy throughout the day.,partly-cloudy-day,remote
manzhouli,2022-11-09,-0.4,-6.1,-3.8,-5.2,-13.1,-9,-9.2,67,0,0,0,,0,2,56.2,27,308.1,1022.3,70,24.1,76.1,6.6,3,10,2022-11-09T07:11:08,2022-11-09T16:36:06,0.52,Partially cloudy,Partly cloudy throughout the day.,partly-cloudy-day,remote
manzhouli,2022-11-10,-3.5,-6.5,-5.1,-5,-9.5,-7.4,-7.7,82.2,0.8,100,16.67,snow,0.6,2.5,18,10.1,70.7,1025.8,100,18,40.8,3.5,2,10,2022-11-10T07:12:46,2022-11-10T16:34:40,0.56,"Snow, Overcast",Cloudy skies throughout the day with snow in the morning and afternoon.,snow,remote
manzhouli,2022-11-11,-2.9,-10.2,-5.5,-7.6,-15.7,-11.9,-9.3,75.9,0.7,100,16.67,snow,0.6,3.3,52.9,32.8,309.8,1024.9,49.7,20.7,78.1,6.8,3,10,2022-11-11T07:14:24,2022-11-11T16:33:15,0.59,"Snow, Partially cloudy",Partly cloudy throughout the day with early morning snow.,snow,remote
manzhouli,2022-11-12,-4,-12.1,-9.5,-9.9,-18.5,-15.2,-12.6,78.8,0,0,0,,0,3.2,31,21.2,284,1030.9,19.3,24.1,89.6,7.7,4,10,2022-11-12T07:16:01,2022-11-12T16:31:53,0.62,Clear,Clear conditions throughout the day.,clear-day,remote
manzhouli,2022-11-13,-3.9,-13.6,-9.9,-4.4,-18.2,-12.1,-13.2,76.9,0,0,0,,0,3.2,9.7,9,260.8,1022.5,26.1,24.1,87,7.5,4,10,2022-11-13T07:17:38,2022-11-13T16:30:32,0.65,Partially cloudy,Partly cloudy throughout the day.,partly-cloudy-day,remote
manzhouli,2022-11-14,-3.8,-14.4,-10.8,-7.7,-19.1,-15.4,-14.3,76.9,0,0,0,,0,3.1,14.4,9.7,282,1017.9,3.6,24.1,85.8,7.3,4,10,2022-11-14T07:19:15,2022-11-14T16:29:14,0.68,Clear,Clear conditions throughout the day.,clear-day,remote
manzhouli,2022-11-15,-1.6,-14,-8.6,-7.8,-19.3,-14.1,-12.3,75.3,0,0,0,,0,3,41.4,23.4,271.9,1014.6,10.8,24.1,80.1,6.8,4,10,2022-11-15T07:20:51,2022-11-15T16:27:57,0.72,Clear,Clear conditions throughout the day.,clear-day,remote
manzhouli,2022-11-16,-3.6,-11.4,-8.7,-6.6,-16,-11.9,-10.9,84.8,0,0,0,,0,2.9,10.1,11.2,347.4,1014.9,63.6,21,71.9,6.1,3,10,2022-11-16T07:22:27,2022-11-16T16:26:43,0.75,Partially cloudy,Partly cloudy throughout the day.,partly-cloudy-day,remote
manzhouli,2022-11-17,-1,-13,-7,-7.7,-18.6,-12.5,-9.3,83.3,0,0,0,,0,2.9,57.6,30.6,301.3,1016,32.1,22.9,77.6,6.8,3,10,2022-11-17T07:24:02,2022-11-17T16:25:31,0.78,Partially cloudy,Partly cloudy throughout the day.,partly-cloudy-day,remote
manzhouli,2022-11-18,-0.4,-9.8,-6.1,-4.4,-13.8,-9.8,-9.1,80.2,0.3,100,4.17,snow,0.3,2.9,34.9,15.5,167.4,1022.5,74.7,22.5,50.2,4.3,3,10,2022-11-18T07:25:37,2022-11-18T16:24:22,0.81,"Snow, Partially cloudy",Partly cloudy throughout the day with late afternoon snow.,snow,remote
manzhouli,2022-11-19,-4.2,-11.1,-6.5,-8.4,-22.4,-13.6,-8.5,86.2,4,100,41.67,snow,4,6.2,69.8,47.5,313.5,1009.3,98.3,8.9,39.8,3.4,2,10,2022-11-19T07:27:10,2022-11-19T16:23:15,0.85,"Snow, Overcast",Cloudy skies throughout the day with a chance of snow throughout the day.,snow,remote
manzhouli,2022-11-20,-11.6,-18.6,-14.6,-21.1,-25.6,-23.8,-17.7,77.5,0,0,0,,0,7.2,64.8,39.6,286,1022.3,6.7,24.1,80,6.9,4,10,2022-11-20T07:28:44,2022-11-20T16:22:10,0.88,Clear,Clear conditions throughout the day.,clear-day,remote
manzhouli,2022-11-21,-11,-19.5,-16.9,-17.1,-26.8,-23.2,-20,76.9,0,0,0,,0,7.1,36.4,15.5,283.6,1027,19.7,24.1,78,6.9,4,10,2022-11-21T07:30:16,2022-11-21T16:21:08,0.91,Clear,Clear conditions throughout the day.,clear-day,remote
manzhouli,2022-11-22,-11.1,-20.4,-16.4,-14.7,-25.9,-20.4,-19.1,80,0,0,0,,0,7.1,9.4,10.8,1.1,1025.5,64,23.7,69,5.9,3,10,2022-11-22T07:31:47,2022-11-22T16:20:08,0.94,Partially cloudy,Partly cloudy throughout the day.,partly-cloudy-day,remote
manzhouli,2022-11-23,-12,-21.7,-18,-14.9,-27.5,-22.2,-20.7,79,0,0,0,,0,7.1,10.1,10.4,300.6,1027.5,32,20,75.1,6.4,3,10,2022-11-23T07:33:18,2022-11-23T16:19:11,0.97,Partially cloudy,Becoming cloudy in the afternoon.,partly-cloudy-day,remote
manzhouli,2022-11-24,-10.2,-18.6,-13.8,-15.3,-24.7,-19.6,-15.6,86.3,2.1,100,33.33,snow,3,8.2,19.4,11.2,52.7,1014,99.2,10.3,38.1,3.3,2,10,2022-11-24T07:34:47,2022-11-24T16:18:16,0,"Snow, Overcast",Cloudy skies throughout the day with snow.,snow,remote
manzhouli,2022-11-25,-11.3,-17.5,-13.2,-17.5,-29.6,-22.6,-15.5,82.4,0.8,100,33.33,snow,1.3,11.3,60.1,37.4,309.7,1012.6,75.9,10.9,54.7,4.7,3,10,2022-11-25T07:36:16,2022-11-25T16:17:24,0.04,"Snow, Partially cloudy",Partly cloudy throughout the day with snow clearing later.,snow,remote
manzhouli,2022-11-26,-16.2,-24.1,-20.2,-18,-33.1,-27.2,-23.9,72.2,0,0,0,,0,10.3,55.8,29.9,289.3,1020.4,40.7,24.1,73.4,6.3,3,10,2022-11-26T07:37:43,2022-11-26T16:16:35,0.08,Partially cloudy,Becoming cloudy in the afternoon.,partly-cloudy-day,remote
manzhouli,2022-11-27,-14.2,-24.3,-19,-20.9,-31.9,-26.5,-22.1,76,0.1,100,4.17,snow,0,10,35.6,14.8,21.6,1021.8,79.6,17.9,45.5,4,2,10,2022-11-27T07:39:09,2022-11-27T16:15:48,0.11,"Snow, Partially cloudy",Partly cloudy throughout the day with morning snow.,snow,remote
manzhouli,2022-11-28,-15.8,-22.7,-18.2,-18.8,-31,-25.5,-20.7,80.4,1,100,37.5,snow,1.2,11.4,45,27.7,320.4,1029.2,100,3.4,45.2,3.9,2,10,2022-11-28T07:40:34,2022-11-28T16:15:05,0.15,"Snow, Overcast",Cloudy skies throughout the day with a chance of snow throughout the day.,snow,remote
manzhouli,2022-11-29,-19.6,-26,-23.5,-32.1,-40.9,-36.7,-27.5,69.2,0.1,100,4.17,snow,0,10.9,61.2,35.3,302.2,1031.2,60.3,20.6,69,6,3,10,2022-11-29T07:41:57,2022-11-29T16:14:24,0.18,"Snow, Partially cloudy",Clearing in the afternoon with early morning snow.,snow,remote
manzhouli,2022-11-30,-22.3,-26.8,-24.3,-35,-39,-36.8,-29,65.3,0,0,0,,0,10,53.6,28.1,301.9,1030.8,14.2,23.4,70,6.1,3,10,2022-11-30T07:43:19,2022-11-30T16:13:46,0.25,Clear,Clear conditions throughout the day.,clear-day,remote
manzhouli,2022-12-01,-18.4,-26.3,-22.3,-26.9,-37.9,-32.9,-26.4,69.3,0.1,100,4.17,snow,0.1,10,53.6,24.8,267.1,1025.8,56.8,22.2,55,4.9,2,10,2022-12-01T07:44:39,2022-12-01T16:13:10,0.25,"Snow, Partially cloudy",Partly cloudy throughout the day with late afternoon snow.,snow,remote
manzhouli,2022-12-02,-16.2,-25.7,-19.8,-25.2,-35.4,-29.9,-23.4,73.3,0.1,100,4.17,snow,0,10.1,54,28.8,284.5,1018.6,65.9,19.1,55.7,5,3,10,2022-12-02T07:45:57,2022-12-02T16:12:38,0.29,"Snow, Partially cloudy",Partly cloudy throughout the day with afternoon snow.,snow,remote
manzhouli,2022-12-03,-18.9,-24,-21.9,-31.1,-36.5,-33.7,-26,69.3,0,0,0,,0,10.1,53.6,30.2,289.5,1027.3,44.2,23.7,58.7,5.2,3,10,2022-12-03T07:47:14,2022-12-03T16:12:09,0.32,Partially cloudy,Partly cloudy throughout the day.,partly-cloudy-day,remote
manzhouli,2022-12-04,-17.5,-23.4,-20,-28.9,-33.5,-30.7,-23.7,72.5,0,0,0,,0,10,57.6,28.8,290.9,1030.6,6.3,24.1,63.7,5.6,3,10,2022-12-04T07:48:29,2022-12-04T16:11:42,0.36,Clear,Clear conditions throughout the day.,clear-day,remote
manzhouli,2022-12-05,-14.9,-21.1,-17.8,-25.7,-31.2,-28.3,-21.5,72.9,0,0,0,,0,10,64.1,31,277.6,1024,14.6,24.1,63.4,5.6,3,10,2022-12-05T07:49:42,2022-12-05T16:11:19,0.39,Clear,Clear conditions throughout the day.,clear-day,remote
manzhouli,2022-12-06,-9.2,-14.9,-11.8,-19,-26.8,-22.4,-15.5,74.1,0,0,0,,0,9.8,67.3,37.1,290.7,1011.4,80.2,24.1,45.4,3.8,2,10,2022-12-06T07:50:54,2022-12-06T16:10:59,0.43,Partially cloudy,Partly cloudy throughout the day.,partly-cloudy-day,remote
manzhouli,2022-12-07,-11.3,-17.5,-13.9,-21.1,-25.1,-22.8,-16.7,79.4,0,0,0,,0,9.7,60.1,29.2,294,1019.6,8.5,24.1,61.2,5.6,3,10,2022-12-07T07:52:03,2022-12-07T16:10:42,0.46,Clear,Clear conditions throughout the day.,clear-day,remote
manzhouli,2022-12-08,-12.7,-17.7,-15.1,-22,-25.3,-23.8,-18.1,77.9,0,0,0,,0,9.8,54.4,25.2,282.3,1023,42.8,24.1,59,5,3,10,2022-12-08T07:53:10,2022-12-08T16:10:28,0.5,Partially cloudy,Becoming cloudy in the afternoon.,partly-cloudy-day,remote
manzhouli,2022-12-09,-13.1,-17.3,-15,-23.1,-26.1,-24.4,-17.9,78.6,0,0,0,,0,9.8,54.7,27.4,296.3,1022.7,50.5,24.1,59,5.1,3,10,2022-12-09T07:54:15,2022-12-09T16:10:17,0.53,Partially cloudy,Partly cloudy throughout the day.,partly-cloudy-day,remote
manzhouli,2022-12-10,-11.8,-17.1,-14.9,-20.6,-26.6,-23.9,-18.2,75.6,0,0,0,,0,9.8,57.6,24.8,284.1,1026.5,5.1,24.1,59.2,5,3,10,2022-12-10T07:55:18,2022-12-10T16:10:09,0.57,Clear,Clear conditions throughout the day.,clear-day,remote
manzhouli,2022-12-11,-12.7,-21.1,-16.4,-15.3,-27.9,-21.8,-19.8,75.2,0.1,100,4.17,snow,0,9.9,30.2,14,257.9,1022,58.9,20.4,48.7,4.1,2,10,2022-12-11T07:56:18,2022-12-11T16:10:04,0.6,"Snow, Partially cloudy",Partly cloudy throughout the day with late afternoon snow.,snow,remote
manzhouli,2022-12-12,-13.3,-22.1,-17.8,-16.9,-36.1,-29.1,-21.8,71.4,0.2,100,8.33,snow,0.1,10.3,67.7,47.2,307.4,1012,72.9,16.7,45.7,4,2,10,2022-12-12T07:57:16,2022-12-12T16:10:02,0.63,"Snow, Partially cloudy",Partly cloudy throughout the day with snow clearing later.,snow,remote
manzhouli,2022-12-13,-21,-26.7,-23.5,-34.4,-38,-36.7,-28.5,63.9,0.1,100,4.17,snow,0,10.1,63.7,37.4,310.5,1021.9,57.2,19.7,55.3,4.8,3,10,2022-12-13T07:58:12,2022-12-13T16:10:04,0.66,"Snow, Partially cloudy",Partly cloudy throughout the day with early morning snow.,snow,remote
manzhouli,2022-12-14,-25.9,-32.4,-29.8,-34.4,-42.9,-39.7,-35.1,59.7,0,0,0,,0,10,33.5,15.1,293.6,1030,2.5,24.1,61.1,5.4,3,10,2022-12-14T07:59:05,2022-12-14T16:10:09,0.7,Clear,Clear conditions throughout the day.,clear-day,remote
manzhouli,2022-12-15,-20.7,-30.7,-25.6,-29.7,-41.5,-36.2,-29.6,68.9,0,0,0,,0,9.9,49.3,22.7,294.9,1032.1,26.7,24.1,58.9,5.1,3,10,2022-12-15T07:59:55,2022-12-15T16:10:16,0.73,Partially cloudy,Partly cloudy throughout the day.,partly-cloudy-day,remote
manzhouli,2022-12-16,-20.5,-25.1,-22.7,-29.3,-37.8,-32.6,-26.4,71.7,0,0,0,,0,10,51.5,25.9,304.6,1034.2,71.8,22,44,3.8,2,10,2022-12-16T08:00:43,2022-12-16T16:10:27,0.75,Partially cloudy,Partly cloudy throughout the day.,partly-cloudy-day,remote
manzhouli,2022-12-17,-23.1,-30.5,-27.2,-31.9,-40.6,-37.5,-31.5,66.3,0,0,0,,0,10,48.6,22.7,297.9,1032.2,3.8,24.1,58.7,5.1,3,10,2022-12-17T08:01:28,2022-12-17T16:10:42,0.79,Clear,Clear conditions throughout the day.,clear-day,remote
manzhouli,2022-12-18,-23.4,-31.6,-29,-29.8,-40.9,-37.6,-33.5,65.1,0,0,0,,0,10,12.6,11.5,288.7,1028.2,25.8,24.1,59.2,5.2,3,10,2022-12-18T08:02:10,2022-12-18T16:10:59,0.83,Partially cloudy,Clearing in the afternoon.,partly-cloudy-day,remote
manzhouli,2022-12-19,-19.2,-30,-26.1,-21.6,-39,-33,-29.3,74.3,0,0,0,,0,10,11.5,10.8,280.2,1026,31.3,22.2,56,4.9,3,10,2022-12-19T08:02:50,2022-12-19T16:11:19,0.86,Partially cloudy,Becoming cloudy in the afternoon.,partly-cloudy-day,remote
manzhouli,2022-12-20,-17.3,-26.9,-22.4,-24.6,-34.7,-29.4,-25.4,76.5,0,0,0,,0,10.1,30.2,12.2,281.3,1023,78,20.9,38.8,3.4,2,10,2022-12-20T08:03:27,2022-12-20T16:11:43,0.89,Partially cloudy,Partly cloudy throughout the day.,partly-cloudy-day,remote
manzhouli,2022-12-21,-22.6,-30.3,-27.6,-22.6,-40.3,-33.3,-30.8,74,0,0,0,,0,10.1,9.7,11.5,326.6,1026.3,33.7,18.6,54,4.7,3,10,2022-12-21T08:04:01,2022-12-21T16:12:09,0.93,Partially cloudy,Partly cloudy throughout the day.,partly-cloudy-day,remote
manzhouli,2022-12-22,-22,-30.3,-28,-29.5,-40.3,-37.3,-32.5,65.4,0,0,0,,0,10,16.9,12.2,300.5,1033.2,4.2,24.1,57.7,5.1,3,10,2022-12-22T08:04:32,2022-12-22T16:12:39,0.96,Clear,Clear conditions throughout the day.,clear-day,remote
manzhouli,2022-12-23,-21.7,-29.5,-27.3,-28.5,-38.7,-35.9,-32.1,63.7,0,0,0,,0,10,13.3,12.2,290.1,1039.4,1.9,24.1,57.2,5.1,3,10,2022-12-23T08:04:59,2022-12-23T16:13:11,0,Clear,Clear conditions throughout the day.,clear-day,remote
manzhouli,2022-12-24,-21.1,-29.8,-27.3,-21.1,-38,-33.2,-32,64.7,0,0,0,,0,10,11.2,11.5,290.3,1042,4,24.1,59.1,5.2,3,10,2022-12-24T08:05:24,2022-12-24T16:13:47,0.03,Clear,Clear conditions throughout the day.,clear-day,remote
manzhouli,2022-12-25,-21,-29.8,-26.8,-21,-35.6,-28.5,-31.5,64.5,0,0,0,,0,10,5.4,6.1,339.9,1040.5,57.8,24.1,56.1,4.8,3,10,2022-12-25T08:05:46,2022-12-25T16:14:25,0.06,Partially cloudy,Partly cloudy throughout the day.,partly-cloudy-day,remote
manzhouli,2022-12-26,-16.8,-27.9,-22.3,-17.5,-35,-26.2,-25.2,77.3,1.4,100,41.67,snow,2.7,11,12.6,7.6,355.7,1033.8,94.6,11.2,31.3,2.7,1,10,2022-12-26T08:06:05,2022-12-26T16:15:07,0.09,"Snow, Overcast",Cloudy skies throughout the day with snow.,snow,remote
manzhouli,2022-12-27,-18.2,-25.7,-21.9,-18.2,-33.1,-24.1,-24.5,79.4,0.3,100,12.5,snow,0.1,12.7,7.6,8.6,321.9,1034.1,96.1,7.7,44,3.9,2,10,2022-12-27T08:06:21,2022-12-27T16:15:51,0.13,"Snow, Overcast",Cloudy skies throughout the day with a chance of snow throughout the day.,snow,remote
manzhouli,2022-12-28,-18.2,-27.4,-23.9,-24.1,-35.5,-31.6,-26.9,75.8,0,0,0,,0,12.1,18.7,11.9,282.5,1033.5,63.5,22.3,44,3.9,2,10,2022-12-28T08:06:34,2022-12-28T16:16:38,0.16,Partially cloudy,Partly cloudy throughout the day.,partly-cloudy-day,remote
manzhouli,2022-12-29,-18.1,-25.9,-23.3,-23.9,-34.3,-29.8,-26.3,76,0,0,0,,0,11.8,20.2,11.9,274.2,1032.8,8.6,24.1,58.3,5,3,10,2022-12-29T08:06:44,2022-12-29T16:17:28,0.2,Clear,Clear conditions throughout the day.,clear-day,remote
manzhouli,2022-12-30,-15.2,-25.1,-19.7,-21.8,-30.1,-25.7,-22.9,75.9,0,0,0,,0,11.7,60.8,22.7,284.2,1027,49.4,22.8,57.1,5,3,10,2022-12-30T08:06:50,2022-12-30T16:18:20,0.25,Partially cloudy,Partly cloudy throughout the day.,partly-cloudy-day,remote
manzhouli,2022-12-31,-16.6,-20.9,-19,-27.4,-31.8,-29.6,-22.4,74.8,0,0,0,,0,11.8,60.8,26.3,297.8,1032.3,5,24.1,60.3,5.2,3,10,2022-12-31T08:06:54,2022-12-31T16:19:15,0.27,Clear,Clear conditions throughout the day.,clear-day,remote
