name,datetime,tempmax,tempmin,temp,feelslikemax,feelslikemin,feelslike,dew,humidity,precip,precipprob,precipcover,preciptype,snow,snowdepth,windgust,windspeed,winddir,sealevelpressure,cloudcover,visibility,solarradiation,solarenergy,uvindex,severerisk,sunrise,sunset,moonphase,conditions,description,icon,stations
Potosí,2022-01-01,24.1,6.4,15.1,24.1,4.3,14.7,4.5,57.6,0,0,0,,,,,16.2,280.1,,45.9,,391.2,33.7,10,,2022-01-01T05:48:06,2022-01-01T19:05:14,0.96,Partially cloudy,Partly cloudy throughout the day.,partly-cloudy-day,remote
Potosí,2022-01-02,22.8,7.4,14.9,22.8,5.7,14.6,4.5,57.2,0,0,0,,,,,20.9,87.7,,28.9,,383.9,33,10,,2022-01-02T05:48:43,2022-01-02T19:05:32,0,Partially cloudy,Partly cloudy throughout the day.,partly-cloudy-day,remote
Potosí,2022-01-03,19.5,5,11.4,19.5,5,11.1,5.4,70.4,0.5,100,20.83,rain,0,0,,22.3,53.1,1039.3,42.8,12.3,317.5,27.6,10,,2022-01-03T05:49:20,2022-01-03T19:05:49,0.03,"Rain, Partially cloudy",Partly cloudy throughout the day with rain.,rain,"85293099999,remote,SLPO"
Potosí,2022-01-04,20,4,11.2,20,4,10.8,6.5,76.2,2.5,100,62.5,rain,0,0,,27.7,77.3,1034.5,62.2,12.3,322.4,27.9,10,,2022-01-04T05:49:58,2022-01-04T19:06:06,0.06,"Rain, Partially cloudy",Partly cloudy throughout the day with rain.,rain,"85293099999,remote,SLPO"
Potosí,2022-01-05,17.9,5.2,9.3,17.9,3.2,7.8,5.6,79.5,11,100,100,rain,0,0,,27.7,71.2,1035.3,75.8,12.1,353.6,30.5,10,,2022-01-05T05:50:36,2022-01-05T19:06:21,0.1,"Rain, Partially cloudy",Partly cloudy throughout the day with a chance of rain throughout the day.,rain,"85293099999,remote,SLPO"
Potosí,2022-01-06,20,2.7,9.4,20,1.4,8.4,4.7,76.2,1.9,100,33.33,rain,0,0,,26.6,65,1036.3,71.9,9.9,366.9,31.7,10,,2022-01-06T05:51:15,2022-01-06T19:06:35,0.13,"Rain, Partially cloudy",Partly cloudy throughout the day with rain clearing later.,rain,"85293099999,remote,SLPO"
Potosí,2022-01-07,17.4,6.2,10.4,17.4,5,9.9,7,81.2,0,0,0,,0,0,,27.7,53,1036.4,78.4,11.2,250.3,21.5,8,,2022-01-07T05:51:53,2022-01-07T19:06:47,0.16,Partially cloudy,Partly cloudy throughout the day.,partly-cloudy-day,"85293099999,remote,SLPO"
Potosí,2022-01-08,17.4,5.8,10,17.4,3.9,9,5.9,77.8,1,100,29.17,rain,,,,20.9,60.1,,90.6,,202.7,17.5,8,,2022-01-08T05:52:32,2022-01-08T19:06:59,0.19,"Rain, Overcast",Cloudy skies throughout the day with rain.,rain,remote
Potosí,2022-01-09,18.1,4.1,10,18.1,1.8,9,5.6,76.8,10.4,100,91.67,rain,,,,16.6,29,,87.1,,226,19.6,9,,2022-01-09T05:53:12,2022-01-09T19:07:09,0.25,"Rain, Partially cloudy",Partly cloudy throughout the day with a chance of rain throughout the day.,rain,remote
Potosí,2022-01-10,13,5,9.4,13,1.3,8.6,5.1,76,18.4,100,100,rain,0,0,14,18.4,56.2,1025.1,85.7,17,220.2,19.3,7,10,2022-01-10T05:53:51,2022-01-10T19:07:18,0.26,"Rain, Partially cloudy",Partly cloudy throughout the day with a chance of rain throughout the day.,rain,"85293099999,remote,SLPO"
Potosí,2022-01-11,11.7,6,9.1,11.7,6,8.4,4.9,75.8,4.2,100,91.67,rain,0,0,15.1,18.4,76.1,1023.5,86.5,17,197.1,17.2,8,10,2022-01-11T05:54:31,2022-01-11T19:07:25,0.29,"Rain, Partially cloudy",Partly cloudy throughout the day with a chance of rain throughout the day.,rain,"85293099999,remote,SLPO"
Potosí,2022-01-12,13.6,5,8.7,13.6,4,7.6,2.8,69.6,0.7,100,25,rain,0,0,31,33.5,101.3,1024.5,50,19.7,367.4,32.3,10,10,2022-01-12T05:55:10,2022-01-12T19:07:32,0.33,"Rain, Partially cloudy",Partly cloudy throughout the day with a chance of rain throughout the day.,rain,"85293099999,remote,SLPO"
Potosí,2022-01-13,14,1,8,14,1,7.2,1.3,64.6,0.3,100,12.5,rain,0,0,29.2,28.4,101.9,1025.7,38.3,20.3,389.5,33.9,10,10,2022-01-13T05:55:50,2022-01-13T19:07:37,0.36,"Rain, Partially cloudy",Partly cloudy throughout the day with rain.,rain,"85293099999,remote,SLPO"
Potosí,2022-01-14,14,2,8.1,14,2,7.2,0.7,62.6,0.5,100,16.67,rain,0,0,22.3,28.4,84.5,1024,53.8,20.2,396,34.6,10,10,2022-01-14T05:56:29,2022-01-14T19:07:41,0.39,"Rain, Partially cloudy",Partly cloudy throughout the day with rain.,rain,"85293099999,remote,SLPO"
Potosí,2022-01-15,15.4,5.3,9.4,15.4,4.1,8.8,2.5,63.8,4,100,41.67,rain,0,0,19.8,25.6,19.7,1015.8,25.8,21.5,346.3,30.5,10,10,2022-01-15T05:57:09,2022-01-15T19:07:44,0.42,"Rain, Partially cloudy",Becoming cloudy in the afternoon with a chance of rain throughout the day.,rain,remote
Potosí,2022-01-16,15.8,5.7,9.6,15.8,3.4,9.2,3.8,69.5,15.5,100,66.67,rain,0,0,20.9,23.8,20.2,1013.5,77.7,20.2,229.8,20.3,9,10,2022-01-16T05:57:49,2022-01-16T19:07:45,0.46,"Rain, Partially cloudy",Partly cloudy throughout the day with a chance of rain throughout the day.,rain,remote
Potosí,2022-01-17,16,5,9.3,16,2.7,8.6,4.6,74.3,10.8,100,45.83,rain,0,0,25.2,27.7,59.9,1018.9,88,17.3,286.2,25,9,10,2022-01-17T05:58:28,2022-01-17T19:07:45,0.5,"Rain, Partially cloudy",Partly cloudy throughout the day with a chance of rain throughout the day.,rain,"85293099999,remote,SLPO"
Potosí,2022-01-18,14,5,9.3,14,3.9,8.8,4.5,73.5,10.9,100,70.83,rain,0,0,20.5,22.3,26.9,1021.8,87.4,17.5,286.3,25.2,9,10,2022-01-18T05:59:08,2022-01-18T19:07:44,0.52,"Rain, Partially cloudy",Partly cloudy throughout the day with a chance of rain throughout the day.,rain,"85293099999,remote,SLPO"
Potosí,2022-01-19,15,6.6,9.7,15,5.7,9.5,4.9,72.9,6.7,100,62.5,rain,0,0,13.3,18.4,51.6,1023.5,88.5,14.8,323.9,28.5,9,10,2022-01-19T05:59:47,2022-01-19T19:07:41,0.56,"Rain, Partially cloudy",Partly cloudy throughout the day with a chance of rain throughout the day.,rain,"85293099999,remote,SLPO"
Potosí,2022-01-20,15.6,5,9.8,15.6,5,9.2,4.4,71.1,1.9,100,50,rain,0,0,21.2,28.1,53.2,1024,47.5,18.4,378.1,33,10,10,2022-01-20T06:00:26,2022-01-20T19:07:37,0.59,"Rain, Partially cloudy",Partly cloudy throughout the day with a chance of rain throughout the day.,rain,"85293099999,remote,SLPO"
Potosí,2022-01-21,14,4,9.3,14,4,8.9,4.7,73.9,3.5,100,37.5,rain,0,0,14.8,18.4,53.6,1021.5,64.9,17.4,303.1,26.4,9,10,2022-01-21T06:01:05,2022-01-21T19:07:32,0.63,"Rain, Partially cloudy",Partly cloudy throughout the day with a chance of rain throughout the day.,rain,"85293099999,remote,SLPO"
Potosí,2022-01-22,15.4,6.7,9.5,15.4,5.1,9,3.9,69.5,4.8,100,41.67,rain,0,0,17.3,17.6,352.9,1012.6,83.8,22.5,223.9,19.8,9,10,2022-01-22T06:01:44,2022-01-22T19:07:26,0.66,"Rain, Partially cloudy",Partly cloudy throughout the day with rain.,rain,remote
Potosí,2022-01-23,13.5,3.9,8.8,13.5,1.8,8.1,4,73.1,20.2,100,75,rain,0,0,14.8,14.8,57.5,1014.2,97.6,13.7,228.3,20,9,10,2022-01-23T06:02:22,2022-01-23T19:07:18,0.7,"Rain, Overcast",Cloudy skies throughout the day with a chance of rain throughout the day.,rain,remote
Potosí,2022-01-24,12.9,3.9,8.4,12.9,2,7.4,4.7,78.2,7,100,83.33,rain,0,0,22,20.5,43.8,1022.7,97.7,16.3,215,18.9,7,10,2022-01-24T06:03:00,2022-01-24T19:07:09,0.73,"Rain, Overcast",Cloudy skies throughout the day with a chance of rain throughout the day.,rain,"85293099999,remote,SLPO"
Potosí,2022-01-25,14.8,5,10,14.8,3.3,9.5,5.3,73.7,8.2,100,79.17,rain,0,0,19.8,22.3,53.4,1021.5,80.2,16,299.6,26.2,9,10,2022-01-25T06:03:38,2022-01-25T19:06:59,0.75,"Rain, Partially cloudy",Partly cloudy throughout the day with a chance of rain throughout the day.,rain,"85293099999,remote,SLPO"
Potosí,2022-01-26,14,7,10.1,14,7,9.8,5.8,75.7,14.4,100,79.17,rain,0,0,15.1,14.8,54.9,1021.3,90.6,14,305.2,26.7,9,10,2022-01-26T06:04:16,2022-01-26T19:06:47,0.8,"Rain, Overcast",Cloudy skies throughout the day with a chance of rain throughout the day.,rain,"85293099999,remote,SLPO"
Potosí,2022-01-27,12,5,8.9,12,2.4,7.9,4.5,75.1,7,100,75,rain,0,0,12.6,18.4,67.9,1022.7,95.2,15.1,194.3,16.9,7,10,2022-01-27T06:04:53,2022-01-27T19:06:34,0.84,"Rain, Overcast",Cloudy skies throughout the day with a chance of rain throughout the day.,rain,"85293099999,remote,SLPO"
Potosí,2022-01-28,13,5,8.9,13,2.4,8.1,5.6,81.1,5.5,100,83.33,rain,0,0,11.9,18.4,58.1,1019.5,92.7,15.6,158.8,14.1,9,10,2022-01-28T06:05:30,2022-01-28T19:06:20,0.87,"Rain, Overcast",Cloudy skies throughout the day with a chance of rain throughout the day.,rain,"85293099999,remote,SLPO"
Potosí,2022-01-29,11.8,6.4,8.6,11.8,4.9,7.9,5.6,82.3,14.6,100,62.5,rain,0,0,10.8,9.7,16.2,1012.6,86.8,14.2,180.8,15.7,8,10,2022-01-29T06:06:06,2022-01-29T19:06:05,0.91,"Rain, Partially cloudy",Partly cloudy throughout the day with a chance of rain throughout the day.,rain,remote
Potosí,2022-01-30,14.9,5.8,8.6,14.9,4.3,7.8,4,74.9,16.1,100,62.5,rain,0,0,21.2,19.8,358.4,1013.1,94.1,20.6,232.8,20.5,9,10,2022-01-30T06:06:42,2022-01-30T19:05:48,0.94,"Rain, Overcast",Cloudy skies throughout the day with a chance of rain throughout the day.,rain,remote
Potosí,2022-01-31,12,5,7.6,12,4.1,6.9,4.5,81.6,11.6,100,66.67,rain,0,0,17.3,18.4,18.3,1021,88.5,15.5,138.2,12.2,5,10,2022-01-31T06:07:18,2022-01-31T19:05:30,0.98,"Rain, Partially cloudy",Partly cloudy throughout the day with a chance of rain throughout the day.,rain,"85293099999,remote,SLPO"
Potosí,2022-02-01,10.1,4,6.8,10.1,0.6,4.7,3.7,81.2,3.4,100,70.83,rain,0,0,15.8,22.3,47.3,1022.1,89.7,17.4,227.1,19.6,8,10,2022-02-01T06:07:53,2022-02-01T19:05:11,0,"Rain, Partially cloudy",Partly cloudy throughout the day with a chance of rain throughout the day.,rain,"85293099999,remote,SLPO"
Potosí,2022-02-02,12.3,5,8.2,12.3,3.3,7.2,4.4,77.2,7.7,100,45.83,rain,0,0,12.6,18.4,56.7,1021.2,86.1,16.3,321.7,28.1,9,10,2022-02-02T06:08:28,2022-02-02T19:04:51,0.05,"Rain, Partially cloudy",Partly cloudy throughout the day with a chance of rain throughout the day.,rain,"85293099999,remote,SLPO"
Potosí,2022-02-03,12.3,3.3,7.7,12.3,0.4,7.2,4.5,81.1,20.2,100,58.33,rain,0,0,16.2,15.1,34.5,1021.4,94.5,14.6,205.6,18,7,10,2022-02-03T06:09:02,2022-02-03T19:04:30,0.08,"Rain, Overcast",Cloudy skies throughout the day with a chance of rain throughout the day.,rain,"85293099999,remote,SLPO"
Potosí,2022-02-04,13.6,4,8.6,13.6,0.1,7.7,4.7,77.6,7.7,100,54.17,rain,0,0,14,18.4,186.1,1020.4,75,15.5,279.6,24.5,9,10,2022-02-04T06:09:36,2022-02-04T19:04:07,0.11,"Rain, Partially cloudy",Partly cloudy throughout the day with rain.,rain,"85293099999,remote,SLPO"
Potosí,2022-02-05,16.5,6.8,10.6,16.5,5.4,10.2,1.7,59.2,3.8,100,41.67,rain,0,0,23.8,24.8,27.4,1012.2,84.5,22.6,379.4,33.2,10,10,2022-02-05T06:10:10,2022-02-05T19:03:44,0.14,"Rain, Partially cloudy",Partly cloudy throughout the day with a chance of rain throughout the day.,rain,remote
Potosí,2022-02-06,12.4,6.5,8,12.4,4.8,6.6,3.9,75.6,3.3,100,58.33,rain,0,0,18.4,18.7,38,1017,86.3,22.1,158.9,13.8,5,10,2022-02-06T06:10:43,2022-02-06T19:03:19,0.18,"Rain, Partially cloudy",Partly cloudy throughout the day with a chance of rain throughout the day.,rain,remote
Potosí,2022-02-07,14,5,9.1,14,3.3,8.4,4.3,73.3,0.6,100,25,rain,0,0,12.6,22.3,45.4,1024,58.2,19.9,215.5,19.1,6,10,2022-02-07T06:11:15,2022-02-07T19:02:53,0.21,"Rain, Partially cloudy",Partly cloudy throughout the day with rain.,rain,"85293099999,remote,SLPO"
Potosí,2022-02-08,14,5,8.7,14,3.5,7.8,4.6,77.1,10.9,100,58.33,rain,0,0,18.7,22.3,49,1022.8,71.3,16.6,238,20.8,7,10,2022-02-08T06:11:47,2022-02-08T19:02:26,0.25,"Rain, Partially cloudy",Partly cloudy throughout the day with a chance of rain throughout the day.,rain,"85293099999,remote,SLPO"
Potosí,2022-02-09,13,4.9,7.6,13,3.1,6.4,4.6,81.9,9.5,100,66.67,rain,0,0,13.7,18.4,52,1021.4,80.9,16.1,180.8,15.7,8,10,2022-02-09T06:12:19,2022-02-09T19:01:58,0.27,"Rain, Partially cloudy",Partly cloudy throughout the day with a chance of rain throughout the day.,rain,"85293099999,remote,SLPO"
Potosí,2022-02-10,14,4,8.6,14,3.2,8.2,4.4,76.5,5.6,100,58.33,rain,0,0,14,14.4,41.6,1018.8,53.5,19.6,286.9,25.1,9,10,2022-02-10T06:12:49,2022-02-10T19:01:29,0.3,"Rain, Partially cloudy",Partly cloudy throughout the day with a chance of rain throughout the day.,rain,"85293099999,remote,SLPO"
Potosí,2022-02-11,17.1,3,9.7,17.1,3,9.3,4.6,73.3,6.8,100,50,rain,0,0,19.1,24.8,48,1018.2,52.5,16.4,375.3,32.8,10,10,2022-02-11T06:13:20,2022-02-11T19:00:58,0.34,"Rain, Partially cloudy",Becoming cloudy in the afternoon with a chance of rain throughout the day.,rain,"85293099999,remote,SLPO"
Potosí,2022-02-12,11.7,6,8.4,11.7,5.5,7.9,4.1,74.7,9.4,100,66.67,rain,0,0,16.9,16.6,37.2,1015.3,94.3,17.2,267.6,23.3,7,10,2022-02-12T06:13:50,2022-02-12T19:00:27,0.37,"Rain, Overcast",Cloudy skies throughout the day with a chance of rain throughout the day.,rain,remote
Potosí,2022-02-13,11.2,6.1,8.4,11.2,4.4,7.7,3.8,73.5,3.7,100,50,rain,0,0,11.2,13.7,39.6,1015.5,84.9,22.4,169.7,14.8,6,10,2022-02-13T06:14:19,2022-02-13T18:59:55,0.4,"Rain, Partially cloudy",Partly cloudy throughout the day with a chance of rain throughout the day.,rain,remote
Potosí,2022-02-14,16,4,9.9,16,4,9.5,4.9,73.6,2,100,29.17,rain,0,0,17.3,21.2,44.9,1021.3,57.2,18.6,316.6,27.5,9,10,2022-02-14T06:14:48,2022-02-14T18:59:22,0.43,"Rain, Partially cloudy",Partly cloudy throughout the day with rain.,rain,"85293099999,remote,SLPO"
Potosí,2022-02-15,14,4,9.2,14,0.6,8.2,4.4,73.3,0.8,100,20.83,rain,0,0,14.8,22.3,60.4,1024.4,56.5,18.9,314.7,27.5,10,10,2022-02-15T06:15:16,2022-02-15T18:58:48,0.47,"Rain, Partially cloudy",Partly cloudy throughout the day with rain.,rain,"85293099999,remote,SLPO"
Potosí,2022-02-16,16.3,5,10.2,16.3,5,10,4.8,71.3,0.5,100,20.83,rain,0,0,18.7,22.3,45.1,1024.6,50.3,19.8,381.4,33.3,10,10,2022-02-16T06:15:44,2022-02-16T18:58:13,0.5,"Rain, Partially cloudy",Partly cloudy throughout the day with a chance of rain throughout the day.,rain,"85293099999,remote,SLPO"
Potosí,2022-02-17,16,5,10.5,16,5,10.2,4.9,70.4,6.1,100,50,rain,0,0,23,24.8,54.6,1024,67.5,17.3,282,24.6,9,10,2022-02-17T06:16:11,2022-02-17T18:57:37,0.53,"Rain, Partially cloudy",Partly cloudy throughout the day with rain.,rain,"85293099999,remote,SLPO"
Potosí,2022-02-18,16.1,5,10.5,16.1,5,10.1,4.2,68.2,2.5,100,37.5,rain,0,0,18.7,23.4,68.8,1019.4,50.4,20.2,339,29.6,10,10,2022-02-18T06:16:38,2022-02-18T18:57:00,0.57,"Rain, Partially cloudy",Partly cloudy throughout the day with rain.,rain,"85293099999,remote,SLPO"
Potosí,2022-02-19,17.7,6.4,9.7,17.7,3.6,8.9,3.9,69.8,4.5,100,37.5,rain,0,0,23,22,22.6,1012,87,20.9,292,25.7,9,10,2022-02-19T06:17:04,2022-02-19T18:56:22,0.61,"Rain, Partially cloudy",Partly cloudy throughout the day with rain.,rain,remote
Potosí,2022-02-20,16.7,5.7,9,16.7,3.8,8,2.8,67.1,4.4,100,37.5,rain,0,0,21.2,20.2,53,1013.1,58.9,23.8,273.6,23.7,9,10,2022-02-20T06:17:30,2022-02-20T18:55:43,0.64,"Rain, Partially cloudy",Becoming cloudy in the afternoon with rain.,rain,remote
Potosí,2022-02-21,15,3,8,15,2.9,7.6,4.1,78.1,31.6,100,45.83,rain,0,0,20.9,21.6,35.4,1021.2,67.6,15.8,284,24.8,9,10,2022-02-21T06:17:55,2022-02-21T18:55:04,0.68,"Rain, Partially cloudy",Partly cloudy throughout the day with a chance of rain throughout the day.,rain,"85293099999,remote,SLPO"
Potosí,2022-02-22,14.2,4,8.9,14.2,4,8.7,4.3,74,3.2,100,50,rain,0,0,17.6,22.3,49.5,1023.7,84,17.6,282,24.5,8,10,2022-02-22T06:18:20,2022-02-22T18:54:24,0.71,"Rain, Partially cloudy",Partly cloudy throughout the day with rain.,rain,"85293099999,remote,SLPO"
Potosí,2022-02-23,14.6,5,9.5,14.6,5,8.7,5.1,75.3,2.6,100,50,rain,0,0,13.7,18.4,42.3,1022.3,74.4,19.2,221.6,19.3,8,10,2022-02-23T06:18:44,2022-02-23T18:53:43,0.75,"Rain, Partially cloudy",Partly cloudy throughout the day with a chance of rain throughout the day.,rain,"85293099999,remote,SLPO"
Potosí,2022-02-24,16.4,5,10.8,16.4,5,10.7,5.6,72.1,3,100,37.5,rain,0,0,22.3,22.3,55.4,1018.6,84.9,21.2,328.4,28.6,9,30,2022-02-24T06:19:08,2022-02-24T18:53:01,0.78,"Rain, Partially cloudy",Partly cloudy throughout the day with a chance of rain throughout the day.,rain,"85293099999,remote,SLPO"
Potosí,2022-02-25,16,5,10.9,16,5,10.5,5,69.7,0.1,100,4.17,rain,0,0,16.9,22.3,58,1024.5,56.4,20,372.5,32.4,10,10,2022-02-25T06:19:32,2022-02-25T18:52:19,0.82,"Rain, Partially cloudy",Partly cloudy throughout the day with afternoon rain.,rain,"85293099999,remote,SLPO"
Potosí,2022-02-26,17.2,6.9,11.2,17.2,5.9,10.8,4.7,67,0.1,100,4.17,rain,0,0,14.4,20.9,45.3,1017,84.7,24.1,349.3,30.2,10,10,2022-02-26T06:19:55,2022-02-26T18:51:36,0.86,"Rain, Partially cloudy",Partly cloudy throughout the day with early morning rain.,rain,remote
Potosí,2022-02-27,18.6,7.4,12.3,18.6,7.4,12.3,3.1,56.9,0,0,0,,0,0,16.2,23,50.2,1014,66.9,24.1,352.5,30.5,9,10,2022-02-27T06:20:17,2022-02-27T18:50:52,0.89,Partially cloudy,Partly cloudy throughout the day.,partly-cloudy-day,remote
Potosí,2022-02-28,17.7,5,11.8,17.7,5,11.8,3.4,59.9,0.1,100,4.17,rain,0,0,19.1,23,61,1021.4,62.8,19.8,396.1,33.2,10,10,2022-02-28T06:20:39,2022-02-28T18:50:08,0.93,"Rain, Partially cloudy",Partly cloudy throughout the day with late afternoon rain.,rain,"85293099999,remote,SLPO"
Potosí,2022-03-01,15.3,5,10.2,15.3,1.3,9.6,4.4,69.1,0.4,100,16.67,rain,0,0,19.1,19.4,36.3,1023.3,73.3,19.4,301,21.7,9,10,2022-03-01T06:21:01,2022-03-01T18:49:23,0.96,"Rain, Partially cloudy",Partly cloudy throughout the day with rain.,rain,"85293099999,remote,SLPO"
Potosí,2022-03-02,17.1,6,11.1,17.1,6,10.9,5.1,68.5,2.8,100,50,rain,0,0,20.9,25.9,51.1,1021.4,63.2,18.8,360.2,26,10,10,2022-03-02T06:21:22,2022-03-02T18:48:37,0,"Rain, Partially cloudy",Partly cloudy throughout the day with a chance of rain throughout the day.,rain,"85293099999,remote,SLPO"
Potosí,2022-03-03,16.2,6,10.3,16.2,3.7,9.8,5.2,72.6,2.3,100,62.5,rain,0,0,13,18.4,62.9,1022.2,72.4,17.3,284.5,20.4,10,10,2022-03-03T06:21:43,2022-03-03T18:47:51,0.03,"Rain, Partially cloudy",Partly cloudy throughout the day with a chance of rain throughout the day.,rain,"85293099999,remote,SLPO"
Potosí,2022-03-04,17.3,5,11.1,17.3,5,10.9,5,69.8,0.2,100,8.33,rain,0,0,16.6,25.9,66.9,1021.2,43.3,20.1,366.9,26.4,10,10,2022-03-04T06:22:03,2022-03-04T18:47:05,0.06,"Rain, Partially cloudy",Partly cloudy throughout the day with late afternoon rain.,rain,"85293099999,remote,SLPO"
Potosí,2022-03-05,16.9,7.2,11.5,16.9,6.1,11.1,4.2,64.2,0.5,100,16.67,rain,0,0,13.3,18.4,59.1,1015.7,34.1,22.8,363,26.1,10,10,2022-03-05T06:22:23,2022-03-05T18:46:18,0.09,"Rain, Partially cloudy",Partly cloudy throughout the day with rain clearing later.,rain,"85293099999,remote,SLPO"
Potosí,2022-03-06,17.6,6.7,11.4,17.6,6.4,11.2,3.7,62.7,0.7,100,20.83,rain,0,0,16.2,25.6,35.8,1011.8,33.2,24.1,365.5,26.2,10,10,2022-03-06T06:22:43,2022-03-06T18:45:30,0.13,"Rain, Partially cloudy",Partly cloudy throughout the day with rain.,rain,remote
Potosí,2022-03-07,17,5,11.6,17,5,11.5,4.9,65.7,2.8,100,58.33,rain,0,0,25.2,28.1,74.6,1017.9,85,20.1,346.5,28.8,9,10,2022-03-07T06:23:02,2022-03-07T18:44:42,0.16,"Rain, Partially cloudy",Partly cloudy throughout the day with a chance of rain throughout the day.,rain,"85293099999,remote,SLPO"
Potosí,2022-03-08,12.9,5,8.8,12.9,0.8,7.4,3.9,73.2,4.2,100,58.33,rain,0,0,13.7,22.3,56.4,1021.8,76.1,17.9,213.5,18.6,6,10,2022-03-08T06:23:21,2022-03-08T18:43:54,0.19,"Rain, Partially cloudy",Partly cloudy throughout the day with a chance of rain throughout the day.,rain,"85293099999,remote,SLPO"
Potosí,2022-03-09,14,3,9.7,14,3,9.3,4.6,72.7,1.8,100,41.67,rain,0,0,11.9,22.3,66.1,1020.6,40.4,20.1,310.9,26.9,8,10,2022-03-09T06:23:39,2022-03-09T18:43:05,0.22,"Rain, Partially cloudy",Partly cloudy throughout the day with rain.,rain,"85293099999,remote,SLPO"
Potosí,2022-03-10,15,4,10,15,4,9.7,4.9,72.1,1.5,100,37.5,rain,0,0,14,22.3,68.8,1019.6,63.3,19.8,329.3,28.6,9,10,2022-03-10T06:23:58,2022-03-10T18:42:16,0.25,"Rain, Partially cloudy",Partly cloudy throughout the day with a chance of rain throughout the day.,rain,"85293099999,remote,SLPO"
Potosí,2022-03-11,13.2,6,9,13.2,5.1,7.9,4.9,76.7,5.2,100,50,rain,0,0,18.7,18.4,54.6,1020.5,82.8,17.1,231.9,20,8,10,2022-03-11T06:24:16,2022-03-11T18:41:26,0.29,"Rain, Partially cloudy",Partly cloudy throughout the day with a chance of rain throughout the day.,rain,"85293099999,remote,SLPO"
Potosí,2022-03-12,13.2,4.7,8,13.2,2.5,6.6,3.7,76,5.9,100,62.5,rain,0,0,21.6,17.6,6.9,1014.4,81,21.3,228.6,19.7,7,10,2022-03-12T06:24:34,2022-03-12T18:40:36,0.32,"Rain, Partially cloudy",Partly cloudy throughout the day with a chance of rain throughout the day.,rain,remote
Potosí,2022-03-13,14.2,4.8,7.9,14.2,3.9,6.9,3.2,74,6.4,100,41.67,rain,0,0,16.9,20.5,27.7,1015.5,54.4,19,257.1,22,9,10,2022-03-13T06:24:51,2022-03-13T18:39:46,0.35,"Rain, Partially cloudy",Partly cloudy throughout the day with rain.,rain,remote
Potosí,2022-03-14,10.8,4.7,7.5,10.8,2.8,6.2,3.2,75.8,7.1,100,54.17,rain,0,0,14.4,27.7,58,1023,86.6,15.6,156.7,13.6,5,10,2022-03-14T06:25:08,2022-03-14T18:38:56,0.38,"Rain, Partially cloudy",Partly cloudy throughout the day with a chance of rain throughout the day.,rain,"85293099999,remote,SLPO"
Potosí,2022-03-15,10,2,6.2,8.1,2,4.5,0.2,68,2.3,100,50,rain,0,0,22,26.3,44.2,1026.1,85.4,17.4,250.7,21.5,7,10,2022-03-15T06:25:25,2022-03-15T18:38:05,0.42,"Rain, Partially cloudy",Partly cloudy throughout the day with a chance of rain throughout the day.,rain,"85293099999,remote,SLPO"
Potosí,2022-03-16,13,2,7.3,13,2,7,1,66.3,1.2,100,20.83,"rain,snow",0,0,19.4,22,12.1,1023.7,89.1,18,250,21.6,8,10,2022-03-16T06:25:42,2022-03-16T18:37:14,0.45,"Snow, Rain, Partially cloudy",Partly cloudy throughout the day with rain or snow.,rain,"85293099999,remote,SLPO"
Potosí,2022-03-17,14.1,4,9,14.1,3.5,8.7,3.3,69.2,1.9,100,41.67,rain,0,0,17.6,18.7,344.2,1020.4,37,19.5,300.9,25.9,8,10,2022-03-17T06:25:59,2022-03-17T18:36:23,0.48,"Rain, Partially cloudy",Partly cloudy throughout the day with a chance of rain throughout the day.,rain,"85293099999,remote,SLPO"
Potosí,2022-03-18,15,2,9.2,15,2,8.9,2.8,65.8,5.6,100,37.5,rain,0,0,15.8,17.6,52.6,1023.1,57.4,17.8,310.4,26.8,9,10,2022-03-18T06:26:15,2022-03-18T18:35:32,0.5,"Rain, Partially cloudy",Partly cloudy throughout the day with rain.,rain,"85293099999,remote,SLPO"
Potosí,2022-03-19,9.5,5.9,7.3,7.5,4.8,6,4,79.7,0.9,100,37.5,rain,0,0,13,13.3,38.5,1019.4,77.1,24.1,132.3,11.5,5,10,2022-03-19T06:26:31,2022-03-19T18:34:40,0.55,"Rain, Partially cloudy",Partly cloudy throughout the day with a chance of rain throughout the day.,rain,remote
Potosí,2022-03-20,14.5,4.8,9,14.5,4.8,8.7,3.6,70.1,4,100,37.5,rain,0,0,19.1,22.7,23.6,1016.7,75.1,22.6,301.7,25.9,9,10,2022-03-20T06:26:47,2022-03-20T18:33:49,0.58,"Rain, Partially cloudy",Partly cloudy throughout the day with rain.,rain,remote
Potosí,2022-03-21,18,5.4,9.8,18,2.3,9,5.4,76.9,25.3,100,54.17,rain,0,0,15.8,18.4,23.9,1021.9,72.7,15.9,265.5,22.8,10,10,2022-03-21T06:27:03,2022-03-21T18:32:57,0.62,"Rain, Partially cloudy",Partly cloudy throughout the day with a chance of rain throughout the day.,rain,"85293099999,remote,SLPO"
Potosí,2022-03-22,16.6,4,9.6,16.6,4,9.1,5,74.8,10,100,45.83,rain,0,0,21.2,25.2,22.1,1020,78.3,17.5,257.7,22.2,10,10,2022-03-22T06:27:19,2022-03-22T18:32:06,0.66,"Rain, Partially cloudy",Partly cloudy throughout the day with a chance of rain throughout the day.,rain,"85293099999,remote,SLPO"
Potosí,2022-03-23,17.9,5,11.5,17.9,4,11.5,3.4,61,0.9,100,16.67,rain,0,0,24.5,22,261,1016.3,63.3,20.7,243.8,21.2,10,10,2022-03-23T06:27:35,2022-03-23T18:31:14,0.69,"Rain, Partially cloudy",Partly cloudy throughout the day with a chance of rain throughout the day.,rain,"85293099999,remote,SLPO"
Potosí,2022-03-24,17,2,10.3,17,2,10.1,0.6,54.8,0.6,100,25,rain,0,0,22.3,29.2,14.2,1018.7,61.7,19.8,335.2,29,10,10,2022-03-24T06:27:50,2022-03-24T18:30:23,0.73,"Rain, Partially cloudy",Partly cloudy throughout the day with rain.,rain,"85293099999,remote,SLPO"
Potosí,2022-03-25,14,6.1,8.8,14,3.9,7.9,5.4,80.1,9.2,100,50,rain,0,0,20.2,22.3,46.1,1019.2,70.7,14.6,239.8,20.8,10,10,2022-03-25T06:28:06,2022-03-25T18:29:31,0.75,"Rain, Partially cloudy",Partly cloudy throughout the day with a chance of rain throughout the day.,rain,"85293099999,remote,SLPO"
Potosí,2022-03-26,16.6,5.9,10.4,16.6,5.1,9.9,1.5,59.4,2.1,100,33.33,rain,0,0,23,9.7,346.8,1011.8,67.7,24,314.1,27.2,10,10,2022-03-26T06:28:21,2022-03-26T18:28:39,0.8,"Rain, Partially cloudy",Partly cloudy throughout the day with rain.,rain,remote
Potosí,2022-03-27,14.6,5.7,9.9,14.6,5.2,9.7,-0.1,53.6,0,0,0,,0,0,16.2,26.6,72.9,1016,34.2,24.1,323,27.9,10,10,2022-03-27T06:28:36,2022-03-27T18:27:48,0.84,Partially cloudy,Partly cloudy throughout the day.,partly-cloudy-day,remote
Potosí,2022-03-28,16.2,0,9.5,16.2,0,9.4,-1,54.3,0,0,0,,0,0,15.1,18,41.4,1025.1,12.1,19.8,329.2,28.4,10,10,2022-03-28T06:28:52,2022-03-28T18:26:56,0.87,Clear,Clear conditions throughout the day.,clear-day,"85293099999,remote,SLPO"
Potosí,2022-03-29,18.1,0,10.5,18.1,0,10.4,-3.3,41.7,0,0,0,,0,0,14.4,19.1,54.2,1021.4,21.2,20.2,330.7,28.5,10,10,2022-03-29T06:29:07,2022-03-29T18:26:05,0.91,Partially cloudy,Partly cloudy throughout the day.,partly-cloudy-day,"85293099999,remote,SLPO"
Potosí,2022-03-30,15,1,9.5,15,1,9.2,0,53.6,0,0,0,,0,0,19.8,22.7,30.3,1019.4,22.7,20.8,326.3,28.2,10,10,2022-03-30T06:29:22,2022-03-30T18:25:14,0.94,Partially cloudy,Partly cloudy throughout the day.,partly-cloudy-day,"85293099999,remote,SLPO"
Potosí,2022-03-31,17,3,9.3,17,0.5,8.3,3.5,70.8,1.1,100,20.83,rain,0,0,21.2,19.4,30.3,1019.8,66.1,18.2,281.4,24.3,10,10,2022-03-31T06:29:38,2022-03-31T18:24:23,0.98,"Rain, Partially cloudy",Partly cloudy throughout the day with rain.,rain,"85293099999,remote,SLPO"
Potosí,2022-04-01,17,5,8.8,17,4,7.7,3.8,73,4.3,100,16.67,rain,0,0,16.9,15.5,33.3,1022.3,63.1,19.1,279.1,24,10,10,2022-04-01T06:29:53,2022-04-01T18:23:32,0,"Rain, Partially cloudy",Partly cloudy throughout the day with rain.,rain,"85293099999,remote,SLPO"
Potosí,2022-04-02,15.1,5.5,9.1,15.1,3.8,8.1,3,67.8,4.5,100,66.67,rain,0,0,23.8,22.3,322.5,1014.1,78.4,23.4,264.2,22.8,10,10,2022-04-02T06:30:08,2022-04-02T18:22:42,0.05,"Rain, Partially cloudy",Partly cloudy throughout the day with a chance of rain throughout the day.,rain,remote
Potosí,2022-04-03,14.9,5.6,9.6,14.9,4.6,9.1,1.1,58.6,1.7,100,29.17,rain,0,0,20.5,23.4,1.8,1013.6,46.3,23.5,289.6,24.9,10,10,2022-04-03T06:30:24,2022-04-03T18:21:51,0.08,"Rain, Partially cloudy",Partly cloudy throughout the day with rain.,rain,remote
Potosí,2022-04-04,12.5,6,9.1,12.5,5.4,8.4,4.5,73.5,8.9,100,50,rain,0,0,18.4,22.3,35.6,1021.3,48.4,16.3,251.4,21.7,10,10,2022-04-04T06:30:39,2022-04-04T18:21:01,0.11,"Rain, Partially cloudy",Partly cloudy throughout the day with a chance of rain throughout the day.,rain,"85293099999,remote,SLPO"
Potosí,2022-04-05,15,5.9,9.3,15,4.9,9,5,76.5,11.1,100,54.17,rain,0,0,13.7,12.2,21.4,1024.3,61.8,17,274.6,23.7,10,10,2022-04-05T06:30:55,2022-04-05T18:20:11,0.14,"Rain, Partially cloudy",Partly cloudy throughout the day with a chance of rain throughout the day.,rain,"85293099999,remote,SLPO"
Potosí,2022-04-06,16,6.2,10.3,16,5.4,10.1,4.8,70.9,3,100,41.67,rain,0,0,21.2,19.8,18.6,1023.5,58.4,20,296.3,25.5,10,10,2022-04-06T06:31:10,2022-04-06T18:19:22,0.17,"Rain, Partially cloudy",Partly cloudy throughout the day with a chance of rain throughout the day.,rain,"85293099999,remote,SLPO"
Potosí,2022-04-07,17,5,10,17,5,9.8,4.7,71.5,2.9,100,41.67,rain,0,0,16.6,18.4,42.5,1021,55.2,18.9,250.2,21.7,10,10,2022-04-07T06:31:26,2022-04-07T18:18:33,0.21,"Rain, Partially cloudy",Partly cloudy throughout the day with a chance of rain throughout the day.,rain,"85293099999,remote,SLPO"
Potosí,2022-04-08,15,4,10,15,1.6,9.5,4.6,70.5,7.8,100,66.67,rain,0,0,18.7,22.7,48.8,1022.2,75,17.9,268,23,10,30,2022-04-08T06:31:42,2022-04-08T18:17:44,0.24,"Rain, Partially cloudy",Partly cloudy throughout the day with a chance of rain throughout the day.,rain,"85293099999,remote,SLPO"
Potosí,2022-04-09,15.8,7.1,9.7,15.8,5.8,9,3.9,68.8,13.5,100,66.67,rain,0,0,18,19.4,35.1,1014.8,85.9,21,231.3,19.7,9,10,2022-04-09T06:31:57,2022-04-09T18:16:56,0.25,"Rain, Partially cloudy",Partly cloudy throughout the day with a chance of rain throughout the day.,rain,remote
Potosí,2022-04-10,16.9,6.2,11.1,16.9,5.3,10.9,0.5,51.5,22.4,100,16.67,rain,0,0,29.2,24.5,301.2,1010.9,70.9,24.1,257,22.2,10,10,2022-04-10T06:32:13,2022-04-10T18:16:07,0.3,"Rain, Partially cloudy",Partly cloudy throughout the day with a chance of rain throughout the day.,rain,remote
Potosí,2022-04-11,16.4,1,9.7,16.4,1,9.2,-7.1,35,0,0,0,,0,0,34.2,27.7,273.1,1018.4,16.6,20.2,304.6,26.3,10,10,2022-04-11T06:32:30,2022-04-11T18:15:20,0.34,Clear,Clear conditions throughout the day.,clear-day,"85293099999,remote,SLPO"
Potosí,2022-04-12,15.9,4.1,9.3,15.9,2.5,8.8,-13,20.9,0,0,0,,0,0,42.5,33.8,287.2,1012.2,5.6,24.1,312.7,27.1,10,10,2022-04-12T06:32:46,2022-04-12T18:14:33,0.37,Clear,Clear conditions throughout the day.,clear-day,remote
Potosí,2022-04-13,15.3,-2,7.6,15.3,-5.5,6.9,-9,35.4,0,0,0,,0,0,34.6,29.5,278.4,1021.1,8.2,20.2,312,27,10,10,2022-04-13T06:33:02,2022-04-13T18:13:46,0.4,Clear,Clear conditions throughout the day.,clear-day,"85293099999,remote,SLPO"
Potosí,2022-04-14,16.1,3,8.2,16.1,2.4,7.4,-0.2,64.9,0.2,100,8.33,rain,0,0,34.9,27,351.5,1022.7,14,18.8,296.1,25.6,10,10,2022-04-14T06:33:19,2022-04-14T18:13:00,0.43,Rain,Clear conditions throughout the day with rain.,rain,"85293099999,remote,SLPO"
Potosí,2022-04-15,16.7,0,8.1,16.7,0,7.6,-4.5,51.4,0,0,0,,0,0,40.3,35.3,309.3,1020.7,6.7,20.2,304.5,26.2,10,10,2022-04-15T06:33:36,2022-04-15T18:12:14,0.46,Clear,Clear conditions throughout the day.,clear-day,"85293099999,remote,SLPO"
Potosí,2022-04-16,16.8,2.5,8.9,16.8,0.8,8.1,-12.2,25.2,0,0,0,,0,0,38.5,33.1,285.7,1012.8,0.5,24.1,305.8,26.4,10,10,2022-04-16T06:33:53,2022-04-16T18:11:29,0.5,Clear,Clear conditions throughout the day.,clear-day,remote
Potosí,2022-04-17,16.2,0.3,7.3,16.2,0.2,6.5,-5.3,53.5,0,0,0,,0,0,36.7,24.1,311.2,1015.5,1.7,24.1,301.2,25.9,10,10,2022-04-17T06:34:10,2022-04-17T18:10:45,0.53,Clear,Clear conditions throughout the day.,clear-day,remote
Potosí,2022-04-18,14.6,1,7,14.6,1,6.6,-1.3,62,0,0,0,,0,0,14.8,14.8,47.3,1023.3,15.3,19.1,295.4,25.5,10,10,2022-04-18T06:34:27,2022-04-18T18:10:01,0.57,Clear,Clear conditions throughout the day.,clear-day,"85293099999,remote,SLPO"
Potosí,2022-04-19,17.9,0,9.4,17.9,0,9.1,-3.6,48,0.1,100,4.17,rain,0,0,26.3,20.9,292.1,1020.4,24.3,20.2,296.3,25.5,10,10,2022-04-19T06:34:45,2022-04-19T18:09:17,0.6,"Rain, Partially cloudy",Partly cloudy throughout the day with late afternoon rain.,rain,"85293099999,remote,SLPO"
Potosí,2022-04-20,19,0,10.1,19,0,9.6,-4.9,39.7,0,0,0,,0,0,20.2,14.8,297.1,1021,28.4,20.2,292.6,25.3,10,10,2022-04-20T06:35:03,2022-04-20T18:08:34,0.64,Partially cloudy,Becoming cloudy in the afternoon.,partly-cloudy-day,"85293099999,remote,SLPO"
Potosí,2022-04-21,18,2,10.5,18,2,10.5,-3.4,44,0.1,100,4.17,rain,0,0,28.8,25.6,295.8,1020,13,20.8,288.5,24.8,10,10,2022-04-21T06:35:21,2022-04-21T18:07:52,0.67,Rain,Clear conditions throughout the day with afternoon rain.,rain,"85293099999,remote,SLPO"
Potosí,2022-04-22,15.9,2,9,15.9,2,8.1,-10.6,26.8,0,0,0,,0,0,55.1,42.8,244.8,1019.4,63.4,20.2,275.9,23.9,10,10,2022-04-22T06:35:39,2022-04-22T18:07:11,0.71,Partially cloudy,Partly cloudy throughout the day.,partly-cloudy-day,"85293099999,remote,SLPO"
Potosí,2022-04-23,15.1,2.1,8.3,15.1,2.1,8,-13.1,22,0,0,0,,0,0,31.7,29.2,303,1013.2,2.2,24.1,289.2,24.9,10,10,2022-04-23T06:35:57,2022-04-23T18:06:30,0.75,Clear,Clear conditions throughout the day.,clear-day,remote
Potosí,2022-04-24,15.6,3.6,9.1,15.6,3,8.5,-9.5,31.8,0,0,0,,0,0,29.2,24.8,293,1013.8,3.9,24.1,287.2,24.7,10,10,2022-04-24T06:36:16,2022-04-24T18:05:50,0.78,Clear,Clear conditions throughout the day.,clear-day,remote
Potosí,2022-04-25,16.5,-1,9,16.5,-1,8.3,-9.4,31.1,0,0,0,,0,0,10.8,22.3,230,1021,39.6,19.8,289.5,25,10,10,2022-04-25T06:36:35,2022-04-25T18:05:10,0.82,Partially cloudy,Partly cloudy throughout the day.,partly-cloudy-day,"85293099999,remote,SLPO"
Potosí,2022-04-26,18,2.1,10.4,18,-1.1,9.9,-9.4,27.7,0,0,0,,0,0,11.2,18.4,241.8,1018.7,47.2,20.2,274.4,23.7,9,10,2022-04-26T06:36:54,2022-04-26T18:04:32,0.85,Partially cloudy,Partly cloudy throughout the day.,partly-cloudy-day,"85293099999,remote,SLPO"
Potosí,2022-04-27,17.8,2,10.2,17.8,-2.5,9.2,-11.2,25.1,0,0,0,,0,0,10.1,18.4,236.5,1019.1,35.7,20.8,274.6,23.8,10,10,2022-04-27T06:37:13,2022-04-27T18:03:54,0.89,Partially cloudy,Partly cloudy throughout the day.,partly-cloudy-day,"85293099999,remote,SLPO"
Potosí,2022-04-28,19,2,9.9,19,-1.2,9.4,-2.8,44.8,0.1,100,4.17,rain,0,0,18.4,22.3,47.9,1023,10.4,20.2,278.8,24.2,10,10,2022-04-28T06:37:33,2022-04-28T18:03:17,0.92,Rain,Clear conditions throughout the day with late afternoon rain.,rain,"85293099999,remote,SLPO"
Potosí,2022-04-29,15,3,8.7,15,3,8.2,3.1,71.3,0.1,100,4.17,rain,0,0,15.8,22.3,36.3,1025,84.9,20.7,236.3,20.5,9,10,2022-04-29T06:37:53,2022-04-29T18:02:41,0.96,"Rain, Partially cloudy",Partly cloudy throughout the day with late afternoon rain.,rain,"85293099999,remote,SLPO"
Potosí,2022-04-30,17.4,6,10.5,17.4,5,10.1,1.4,61.1,0.5,100,20.83,rain,0,0,18.7,8.6,347.5,1014.2,29.4,23.3,263.2,22.7,9,10,2022-04-30T06:38:13,2022-04-30T18:02:05,0,"Rain, Partially cloudy",Becoming cloudy in the afternoon with rain.,rain,remote
Potosí,2022-05-01,17.9,5.9,11.1,17.9,5.9,11.1,-5.2,38.3,0.1,100,4.17,rain,0,0,23,23,287,1010.9,3.6,24.1,271.2,23.4,9,10,2022-05-01T06:38:33,2022-05-01T18:01:30,0.03,Rain,Clear conditions throughout the day with late afternoon rain.,rain,remote
Potosí,2022-05-02,17.1,1,9.8,17.1,1,9.3,-5.9,35.7,0,0,0,,0,0,37.1,31.7,273.8,1018.8,18.5,20.2,269,23.2,9,10,2022-05-02T06:38:54,2022-05-02T18:00:57,0.06,Clear,Clear conditions throughout the day.,clear-day,"85293099999,remote,SLPO"
Potosí,2022-05-03,15.3,2,8.1,15.3,0.5,7.2,-2.7,54.4,0.1,100,4.17,rain,0,0,34.9,26.6,320.1,1021.8,13.2,20.1,266.9,23.1,9,10,2022-05-03T06:39:15,2022-05-03T18:00:24,0.09,Rain,Clear conditions throughout the day with afternoon rain.,rain,"85293099999,remote,SLPO"
Potosí,2022-05-04,14,-1,6.8,14,-1,6.2,-1.1,63.8,0,0,0,,0,0,16.2,16.6,41.4,1026,4.2,20.2,266.9,23.1,9,10,2022-05-04T06:39:36,2022-05-04T17:59:52,0.12,Clear,Clear conditions throughout the day.,clear-day,"85293099999,remote,SLPO"
Potosí,2022-05-05,16,-1,8,16,-4.3,7.1,-2.2,54.9,0,0,0,,0,0,13.3,18.4,340.7,1024.8,1.3,20.2,269.9,23.4,9,10,2022-05-05T06:39:57,2022-05-05T17:59:20,0.16,Clear,Clear conditions throughout the day.,clear-day,"85293099999,remote,SLPO"
Potosí,2022-05-06,18,1,8.8,18,1,8.5,-1.5,52.4,0,0,0,,0,0,15.5,21.2,29.8,1024.7,0,20.2,265.6,23,9,10,2022-05-06T06:40:18,2022-05-06T17:58:50,0.19,Clear,Clear conditions throughout the day.,clear-day,"85293099999,remote,SLPO"
Potosí,2022-05-07,13.9,2.8,7.6,13.9,2.8,7,-0.2,62.9,0,0,0,,0,0,15.8,18,19.6,1017.9,9.1,24.1,261.7,22.6,9,10,2022-05-07T06:40:40,2022-05-07T17:58:21,0.22,Clear,Clear conditions throughout the day.,clear-day,remote
Potosí,2022-05-08,16.1,2.6,8.2,16.1,1.3,7.5,-2,57.2,0,0,0,,0,0,46.1,33.5,283.1,1022.3,36.1,17.7,257.5,22.2,9,10,2022-05-08T06:41:02,2022-05-08T17:57:52,0.25,Partially cloudy,Partly cloudy throughout the day.,partly-cloudy-day,"85293099999,remote,SLPO"
Potosí,2022-05-09,14,0,6.5,14,0,6.1,-6.4,52,0,0,0,,0,0,39.2,32.8,288.6,1021.3,11.2,18.3,267.5,23.3,9,10,2022-05-09T06:41:24,2022-05-09T17:57:25,0.29,Clear,Clear conditions throughout the day.,clear-day,"85293099999,remote,SLPO"
Potosí,2022-05-10,14,-1,7.1,14,-1,6.5,-5.6,51.9,0.1,100,4.17,rain,0,0,23.4,15.1,229.5,1023.8,16.7,15.2,263.3,22.6,9,10,2022-05-10T06:41:46,2022-05-10T17:56:58,0.32,Rain,Clear conditions throughout the day with late afternoon rain.,rain,"85293099999,remote,SLPO"
Potosí,2022-05-11,15,-1,7.3,15,-1,6.7,-3.1,51.7,0.5,100,16.67,rain,0,0,25.6,18,11.5,1024.4,63,20.2,243.8,21.2,9,10,2022-05-11T06:42:09,2022-05-11T17:56:33,0.35,"Rain, Partially cloudy",Partly cloudy throughout the day with rain.,rain,"85293099999,remote,SLPO"
Potosí,2022-05-12,16,0,7.6,16,0,7.2,-3,54.4,0.1,100,4.17,rain,0,0,19.1,13,313.9,1022.8,2.7,19.8,257.5,22.1,9,10,2022-05-12T06:42:31,2022-05-12T17:56:08,0.39,Rain,Clear conditions throughout the day with late afternoon rain.,rain,"85293099999,remote,SLPO"
Potosí,2022-05-13,16,-1,7.6,16,-1,6.8,-8.4,38,0,0,0,,0,0,46.1,33.8,263,1020.9,1.8,20,258.8,22.2,9,10,2022-05-13T06:42:54,2022-05-13T17:55:44,0.42,Clear,Clear conditions throughout the day.,clear-day,"85293099999,remote,SLPO"
Potosí,2022-05-14,13.6,2.9,7.6,13.6,0,6.1,-12.9,22.5,0,0,0,,0,0,54,37.8,275,1015.8,25.4,24.1,240.9,20.8,9,10,2022-05-14T06:43:17,2022-05-14T17:55:22,0.45,Partially cloudy,Becoming cloudy in the afternoon.,partly-cloudy-day,remote
Potosí,2022-05-15,13.3,1.7,7.2,13.3,-1.2,5.8,-9.6,31,0,0,0,,0,0,46.1,34.2,268.7,1017,35.2,24.1,240.5,20.9,9,10,2022-05-15T06:43:40,2022-05-15T17:55:00,0.48,Partially cloudy,Becoming cloudy in the afternoon.,partly-cloudy-day,remote
Potosí,2022-05-16,15,-1,6.7,15,-2.9,5.6,-6.7,43.7,0,0,0,,0,0,37.4,30.2,273.5,1023,7.2,19.4,253.8,22,9,10,2022-05-16T06:44:03,2022-05-16T17:54:40,0.5,Clear,Clear conditions throughout the day.,clear-day,"85293099999,remote,SLPO"
Potosí,2022-05-17,16,-1,7,16,-4.8,5.8,-9.4,36.2,0,0,0,,0,0,31.3,26.6,258.1,1023,24.1,20.8,254.1,21.9,9,10,2022-05-17T06:44:27,2022-05-17T17:54:20,0.55,Partially cloudy,Partly cloudy throughout the day.,partly-cloudy-day,"85293099999,remote,SLPO"
Potosí,2022-05-18,13.2,-5,4.6,13.2,-5,3.7,-9,41,0,0,0,,0,0,18,18.4,20.7,1026.5,56.8,20.2,250.4,21.7,9,10,2022-05-18T06:44:50,2022-05-18T17:54:02,0.59,Partially cloudy,Partly cloudy throughout the day.,partly-cloudy-day,"85293099999,remote,SLPO"
Potosí,2022-05-19,14,1,6.7,14,-2.4,5.4,-9.4,33.2,0,0,0,,0,0,30.2,22.3,240.6,1023.9,48.7,20.2,229.7,20,8,10,2022-05-19T06:45:13,2022-05-19T17:53:44,0.62,Partially cloudy,Partly cloudy throughout the day.,partly-cloudy-day,"85293099999,remote,SLPO"
Potosí,2022-05-20,15,-2,5.9,15,-4,4.8,-10.3,34.5,0,0,0,,0,0,13,14.8,266.4,1024.4,30.6,20.2,248,21.5,9,10,2022-05-20T06:45:37,2022-05-20T17:53:27,0.66,Partially cloudy,Becoming cloudy in the afternoon.,partly-cloudy-day,"85293099999,remote,SLPO"
Potosí,2022-05-21,13.2,1,6.5,13.2,-0.6,6,-15.2,20.7,0,0,0,,0,0,31.3,24.5,275.5,1018.4,86.8,24.1,225.5,19.6,8,10,2022-05-21T06:46:00,2022-05-21T17:53:12,0.69,Partially cloudy,Partly cloudy throughout the day.,partly-cloudy-day,remote
Potosí,2022-05-22,11,0.6,5.6,11,-2.5,3.7,-15.6,21.8,0,0,0,,0,0,59.4,36.7,272.5,1018.9,4,24.1,247.8,21.5,9,10,2022-05-22T06:46:24,2022-05-22T17:52:58,0.75,Clear,Clear conditions throughout the day.,clear-day,remote
Potosí,2022-05-23,14,-3,4.7,14,-7.2,3.1,-12.5,33.2,0,0,0,,0,0,9.7,22.3,242.4,1023.4,0,20.2,251.4,21.8,9,10,2022-05-23T06:46:48,2022-05-23T17:52:44,0.76,Clear,Clear conditions throughout the day.,clear-day,"85293099999,remote,SLPO"
Potosí,2022-05-24,15,-3,6.2,15,-7.2,5.1,-12.8,28.7,0,0,0,,0,0,13.3,18.4,230.3,1021.2,0,20.2,249,21.6,9,10,2022-05-24T06:47:11,2022-05-24T17:52:32,0.8,Clear,Clear conditions throughout the day.,clear-day,"85293099999,remote,SLPO"
Potosí,2022-05-25,15,-3,6.3,15,-5.2,5.7,-10.3,33.8,0,0,0,,0,0,16.9,18.4,271.5,1023.2,35.5,19.9,243.8,21,9,10,2022-05-25T06:47:35,2022-05-25T17:52:20,0.83,Partially cloudy,Partly cloudy throughout the day.,partly-cloudy-day,"85293099999,remote,SLPO"
Potosí,2022-05-26,14,0,7.4,14,0,6.7,-8.6,37.4,0,0,0,,0,0,27.4,27,294.3,1023.9,37,20.8,216.9,18.8,8,10,2022-05-26T06:47:58,2022-05-26T17:52:10,0.87,Partially cloudy,Clearing in the afternoon.,partly-cloudy-day,"85293099999,remote,SLPO"
Potosí,2022-05-27,14,-1,6.3,14,-3.1,4.9,-12.5,28.5,0,0,0,,0,0,36,28.1,260,1023.1,3.5,20.2,242.6,21,9,10,2022-05-27T06:48:22,2022-05-27T17:52:01,0.9,Clear,Clear conditions throughout the day.,clear-day,"85293099999,remote,SLPO"
Potosí,2022-05-28,14,0.3,6.6,14,-2.5,5,-12.2,25.1,0,0,0,,0,0,47.9,33.5,239.7,1023,1.7,20,242,20.9,9,10,2022-05-28T06:48:45,2022-05-28T17:51:53,0.94,Clear,Clear conditions throughout the day.,clear-day,"85293099999,remote,SLPO"
Potosí,2022-05-29,13.2,1.8,6.9,13.2,-1.5,5.5,-13.6,22.5,0,0,0,,0,0,48.2,29.9,281.8,1013.7,29.6,24.1,229.2,19.6,8,10,2022-05-29T06:49:08,2022-05-29T17:51:46,0.97,Partially cloudy,Becoming cloudy in the afternoon.,partly-cloudy-day,remote
Potosí,2022-05-30,15,-1,6.4,15,-4.3,4.8,-12.1,28.5,0,0,0,,0,0,47.9,33.1,259.5,1019.6,44.5,19.8,227.3,19.7,9,10,2022-05-30T06:49:31,2022-05-30T17:51:39,0,Partially cloudy,Becoming cloudy in the afternoon.,partly-cloudy-day,"85293099999,remote,SLPO"
Potosí,2022-05-31,14,0,5.8,14,0,4.9,-10.9,31.2,0,0,0,,0,0,68.8,36.4,274.3,1018.1,67.9,20.8,218.2,18.9,8,10,2022-05-31T06:49:54,2022-05-31T17:51:34,0.04,Partially cloudy,Partly cloudy throughout the day.,partly-cloudy-day,"85293099999,remote,SLPO"
Potosí,2022-06-01,15,-1,5.5,15,-4.3,3.9,-7.2,41,0,0,0,,0,0,66.6,36.7,255.1,1021.3,50.4,19.4,185.5,16,8,10,2022-06-01T06:50:17,2022-06-01T17:51:30,0.07,Partially cloudy,Partly cloudy throughout the day.,partly-cloudy-day,"85293099999,remote,SLPO"
Potosí,2022-06-02,13,0,5.6,13,-3.7,3.8,-10,36.5,0,0,0,,0,0,41.8,24.1,253.6,1021.9,95.3,20.2,221,19.1,9,10,2022-06-02T06:50:39,2022-06-02T17:51:27,0.11,Overcast,Cloudy skies throughout the day.,cloudy,"85293099999,remote,SLPO"
Potosí,2022-06-03,15,-1,6.7,15,-1,6.1,-8.7,34.6,0,0,0,,0,0,24.8,16.9,255.7,1023.1,36.7,20.2,230.8,19.9,8,10,2022-06-03T06:51:01,2022-06-03T17:51:25,0.14,Partially cloudy,Partly cloudy throughout the day.,partly-cloudy-day,"85293099999,remote,SLPO"
Potosí,2022-06-04,14,3,7.9,14,2.3,7.5,-6.6,36,0,0,0,,0,0,18.4,11.9,272,1015.5,91.9,24.1,199.8,17.2,7,10,2022-06-04T06:51:23,2022-06-04T17:51:24,0.17,Overcast,Cloudy skies throughout the day.,cloudy,remote
Potosí,2022-06-05,13.4,3.8,8.4,13.4,1.7,7.7,-3.5,43.8,0.1,100,4.17,rain,0,0,30.6,25.6,301.9,1014.3,61.2,24.1,191.9,16.7,8,10,2022-06-05T06:51:45,2022-06-05T17:51:23,0.21,"Rain, Partially cloudy",Partly cloudy throughout the day with late afternoon rain.,rain,remote
Potosí,2022-06-06,13.9,3,7.8,13.9,-0.6,7.1,-3.6,48,0.1,100,4.17,rain,0,0,40.3,32.4,269.9,1019.6,46.2,20.2,223.5,19.3,8,10,2022-06-06T06:52:06,2022-06-06T17:51:24,0.24,"Rain, Partially cloudy",Partly cloudy throughout the day with late afternoon rain.,rain,"85293099999,remote,SLPO"
Potosí,2022-06-07,14,-1,5.8,14,-1,4.8,-9,42.1,0,0,0,,0,0,36,28.4,259.2,1021,2,20.2,234.4,20.3,8,10,2022-06-07T06:52:27,2022-06-07T17:51:26,0.25,Clear,Clear conditions throughout the day.,clear-day,"85293099999,remote,SLPO"
Potosí,2022-06-08,11.1,-2,3.8,11.1,-6.8,1.2,-14.9,30.4,0,0,0,,0,0,27.7,24.1,247.4,1022.3,0,20.2,239.3,20.8,9,10,2022-06-08T06:52:48,2022-06-08T17:51:28,0.31,Clear,Clear conditions throughout the day.,clear-day,"85293099999,remote,SLPO"
Potosí,2022-06-09,13,-4,3.4,13,-5.4,2,-14.4,31.9,0,0,0,,0,0,25.6,16.6,246,1023.4,0,20.2,238.6,20.7,8,10,2022-06-09T06:53:08,2022-06-09T17:51:32,0.34,Clear,Clear conditions throughout the day.,clear-day,"85293099999,remote,SLPO"
Potosí,2022-06-10,9,-5,2.3,8.5,-5,0.9,-9.2,46.4,0,0,0,,0,0,14.8,16.2,54.6,1027.7,46.7,20.2,203.3,17.4,8,10,2022-06-10T06:53:28,2022-06-10T17:51:36,0.37,Partially cloudy,Partly cloudy throughout the day.,partly-cloudy-day,"85293099999,remote,SLPO"
Potosí,2022-06-11,9.9,-2.4,3,9.9,-4,2,-8.9,51.6,0,0,0,,0,0,13.3,7.6,348.9,1020.5,16.7,24.1,233.6,20.1,8,10,2022-06-11T06:53:47,2022-06-11T17:51:42,0.41,Clear,Clear conditions throughout the day.,clear-day,remote
Potosí,2022-06-12,9,-2,3.1,9,-2,2.7,-14.6,33.3,0,0,0,,0,0,22.7,10.1,95.4,1020.6,0,24.1,235.5,20.3,8,10,2022-06-12T06:54:06,2022-06-12T17:51:48,0.44,Clear,Clear conditions throughout the day.,clear-day,remote
Potosí,2022-06-13,12,-6,2.5,12,-6,1.7,-15.6,33.7,0,0,0,,0,0,11.5,18.4,210.7,1026,0,20.4,238.1,20.7,8,10,2022-06-13T06:54:24,2022-06-13T17:51:55,0.47,Clear,Clear conditions throughout the day.,clear-day,"85293099999,remote,SLPO"
Potosí,2022-06-14,13.4,-4,5,13.4,-9.3,3.1,-17.2,24.6,0,0,0,,0,0,13,18.4,235.5,1019.8,0,20.8,237.8,20.6,8,10,2022-06-14T06:54:42,2022-06-14T17:52:03,0.5,Clear,Clear conditions throughout the day.,clear-day,"85293099999,remote,SLPO"
Potosí,2022-06-15,16,-3,5.8,16,-5.2,4.6,-15.2,27.1,0,0,0,,0,0,28.8,22.3,267.1,1020,0,20.2,236.3,20.4,8,10,2022-06-15T06:54:59,2022-06-15T17:52:11,0.54,Clear,Clear conditions throughout the day.,clear-day,"85293099999,remote,SLPO"
Potosí,2022-06-16,14,-2,5.8,14,-4,4,-13.1,29,0,0,0,,0,0,43.9,31,259.6,1020,1.8,20.2,231.7,20,8,10,2022-06-16T06:55:16,2022-06-16T17:52:21,0.57,Clear,Clear conditions throughout the day.,clear-day,"85293099999,remote,SLPO"
Potosí,2022-06-17,13,-1.2,3.8,13,-6.2,1,-14.4,29.3,0,0,0,,0,0,51.1,31.7,237.8,1025.9,0.3,18.8,234.9,20.2,8,10,2022-06-17T06:55:32,2022-06-17T17:52:31,0.61,Clear,Clear conditions throughout the day.,clear-day,"85293099999,remote,SLPO"
Potosí,2022-06-18,11.5,-2.5,3.1,11.5,-4.4,1.8,-22.7,14,0,0,0,,0,0,43.2,33.8,280.3,1017.9,0,24.1,236.3,20.4,8,10,2022-06-18T06:55:47,2022-06-18T17:52:42,0.64,Clear,Clear conditions throughout the day.,clear-day,remote
Potosí,2022-06-19,10.9,-2.6,3.6,10.9,-5.7,1.1,-25.2,10.8,0,0,0,,0,0,42.5,32.8,262.6,1019.2,0,24.1,236.5,20.4,8,10,2022-06-19T06:56:02,2022-06-19T17:52:54,0.68,Clear,Clear conditions throughout the day.,clear-day,remote
Potosí,2022-06-20,13,-5,4.1,13,-9.6,2.2,-14.9,27,0,0,0,,0,0,46.8,29.2,257,1023.1,1,20.2,228.9,19.9,8,10,2022-06-20T06:56:16,2022-06-20T17:53:06,0.75,Clear,Clear conditions throughout the day.,clear-day,"85293099999,remote,SLPO"
Potosí,2022-06-21,12,-0.3,4.8,12,-2.1,2.2,-12.3,30.5,0,0,0,,0,0,64.8,45.4,262.7,1022.2,50.5,20.2,201.9,17.6,7,10,2022-06-21T06:56:30,2022-06-21T17:53:19,0.75,Partially cloudy,Partly cloudy throughout the day.,partly-cloudy-day,"85293099999,remote,SLPO"
Potosí,2022-06-22,12,-2.3,4.5,12,-4.6,2.5,-14.9,24.1,0,0,0,,0,0,55.1,27.7,281.1,1024.3,22.7,19.2,233,20,8,10,2022-06-22T06:56:42,2022-06-22T17:53:33,0.78,Partially cloudy,Partly cloudy throughout the day.,partly-cloudy-day,"85293099999,remote,SLPO"
Potosí,2022-06-23,14,-3,5.1,14,-6.7,3.6,-10.9,32.3,0,0,0,,0,0,41,27.7,262.4,1025,31.4,19.2,224.7,19.5,8,10,2022-06-23T06:56:54,2022-06-23T17:53:47,0.81,Partially cloudy,Partly cloudy throughout the day.,partly-cloudy-day,"85293099999,remote,SLPO"
Potosí,2022-06-24,15,-2,6.6,15,-4,6.1,-8.2,36.4,0,0,0,,0,0,13.3,9.4,237.7,1025.1,56.2,20.2,222.1,19,8,10,2022-06-24T06:57:05,2022-06-24T17:54:02,0.85,Partially cloudy,Becoming cloudy in the afternoon.,partly-cloudy-day,"85293099999,remote,SLPO"
Potosí,2022-06-25,13.4,2,7.1,13.4,2,6.7,-3.2,51.8,0,0,0,,0,0,25.6,16.2,7.6,1019.4,34.9,24.1,222.9,19.4,8,10,2022-06-25T06:57:16,2022-06-25T17:54:18,0.88,Partially cloudy,Becoming cloudy in the afternoon.,partly-cloudy-day,remote
Potosí,2022-06-26,15.2,2,7.5,15.2,2,7.3,-6.7,43,0,0,0,,0,0,25.9,23.8,308.2,1017,29.7,24.1,226.3,19.6,8,10,2022-06-26T06:57:25,2022-06-26T17:54:34,0.92,Partially cloudy,Clearing in the afternoon.,partly-cloudy-day,remote
Potosí,2022-06-27,15,-1,7.7,15,-2.9,6.7,-8.9,34.8,0,0,0,,0,0,38.2,25.6,273.6,1022.9,10.5,20.2,229.1,19.7,8,10,2022-06-27T06:57:34,2022-06-27T17:54:50,0.95,Clear,Clear conditions throughout the day.,clear-day,"85293099999,remote,SLPO"
Potosí,2022-06-28,16,1,7.3,16,-0.7,6,-6.9,38.8,0,0,0,,0,0,42.8,29.5,255.1,1025,20.1,20.8,216.6,18.7,8,10,2022-06-28T06:57:41,2022-06-28T17:55:08,0,Partially cloudy,Partly cloudy throughout the day.,partly-cloudy-day,"85293099999,remote,SLPO"
Potosí,2022-06-29,14,-2,6.7,14,-2,6.1,-7.5,38.1,0,0,0,,0,0,10.4,10.1,104.8,1026.5,0,20.2,228.4,19.7,8,10,2022-06-29T06:57:48,2022-06-29T17:55:25,0.02,Clear,Clear conditions throughout the day.,clear-day,"85293099999,remote,SLPO"
Potosí,2022-06-30,15,-2,6.8,15,-5.5,5.7,-14.1,26.5,0,0,0,,0,0,10.8,14.8,256.2,1023.7,0.2,20.2,235.8,20.3,8,10,2022-06-30T06:57:54,2022-06-30T17:55:43,0.05,Clear,Clear conditions throughout the day.,clear-day,"85293099999,remote,SLPO"
Potosí,2022-07-01,16.1,0,6.8,16.1,-2.4,5.2,-16,21.5,0,0,0,,0,0,26.3,20.5,255.5,1022.2,23.3,20,228,19.7,8,10,2022-07-01T06:57:59,2022-07-01T17:56:02,0.09,Partially cloudy,Becoming cloudy in the afternoon.,partly-cloudy-day,"85293099999,remote,SLPO"
Potosí,2022-07-02,14.4,-0.3,6.6,14.4,-2.1,5.5,-23.9,10.2,0,0,0,,0,0,16.2,16.9,346.3,1016.8,23.8,24.1,238.7,20.8,9,10,2022-07-02T06:58:03,2022-07-02T17:56:21,0.12,Partially cloudy,Partly cloudy throughout the day.,partly-cloudy-day,remote
Potosí,2022-07-03,15.4,0.9,7.6,15.4,0.9,7.5,-14.4,20.7,0,0,0,,0,0,24.1,22.7,291.5,1016.7,19.1,24.1,230.7,19.9,8,10,2022-07-03T06:58:07,2022-07-03T17:56:40,0.16,Clear,Clear conditions throughout the day.,clear-day,remote
Potosí,2022-07-04,17,0,8.3,17,0,7.8,-9.7,29.9,0,0,0,,0,0,36,25.9,244.7,1026.7,76.5,20,214.3,18.5,8,10,2022-07-04T06:58:09,2022-07-04T17:56:59,0.19,Partially cloudy,Partly cloudy throughout the day.,partly-cloudy-day,"85293099999,remote,SLPO"
Potosí,2022-07-05,16.9,0,8.5,16.9,0,8,-8.9,30.3,0,0,0,,0,0,14.4,15.8,246.7,1025.9,78.8,20,202,17.5,8,10,2022-07-05T06:58:10,2022-07-05T17:57:19,0.22,Partially cloudy,Partly cloudy throughout the day.,partly-cloudy-day,"85293099999,remote,SLPO"
Potosí,2022-07-06,16,1,8.4,16,-2.4,7.4,-7.7,32.6,0,0,0,,0,0,22.3,19.8,240.9,1023.5,34,19.6,219.6,18.9,8,10,2022-07-06T06:58:10,2022-07-06T17:57:40,0.25,Partially cloudy,Partly cloudy throughout the day.,partly-cloudy-day,"85293099999,remote,SLPO"
Potosí,2022-07-07,16,0,7.5,16,-3.6,6.1,-5.8,40.5,0.2,100,8.33,rain,0,0,25.2,25.2,280,1025.5,28.1,20,208.5,18,8,10,2022-07-07T06:58:10,2022-07-07T17:58:00,0.29,"Rain, Partially cloudy",Becoming cloudy in the afternoon with late afternoon rain.,rain,"85293099999,remote,SLPO"
Potosí,2022-07-08,15,0,7.6,15,0,7.4,-2.8,53,0,0,0,,0,0,32.4,32.8,279,1024.9,45.4,20,219.5,18.9,8,10,2022-07-08T06:58:08,2022-07-08T17:58:21,0.33,Partially cloudy,Partly cloudy throughout the day.,partly-cloudy-day,"85293099999,remote,SLPO"
Potosí,2022-07-09,14.5,3.1,8.2,14.5,3.1,7.8,-6.6,37.8,0,0,0,,0,0,29.2,24.5,277.6,1016.9,49.5,24.1,227.5,19.6,8,10,2022-07-09T06:58:05,2022-07-09T17:58:42,0.36,Partially cloudy,Partly cloudy throughout the day.,partly-cloudy-day,remote
Potosí,2022-07-10,13.5,2,7.3,13.5,0.3,6,-9.2,30.6,0,0,0,,0,0,51.8,33.8,283.6,1015.9,64.5,24.1,217.2,18.7,8,10,2022-07-10T06:58:01,2022-07-10T17:59:03,0.39,Partially cloudy,Partly cloudy throughout the day.,partly-cloudy-day,remote
Potosí,2022-07-11,13,1.1,6.3,13,-3.4,4.3,-13.8,24.2,0,0,0,,0,0,59,33.5,239.4,1022.3,72.2,20,224.2,19.5,9,10,2022-07-11T06:57:56,2022-07-11T17:59:24,0.43,Partially cloudy,Partly cloudy throughout the day.,partly-cloudy-day,"85293099999,remote,SLPO"
Potosí,2022-07-12,13.2,-4,4.8,13.2,-4,3.7,-14.6,29.7,0,0,0,,0,0,34.9,29.9,258.3,1023.5,52.5,20,226.3,19.5,9,10,2022-07-12T06:57:51,2022-07-12T17:59:46,0.46,Partially cloudy,Partly cloudy throughout the day.,partly-cloudy-day,"85293099999,remote,SLPO"
Potosí,2022-07-13,16,-3,5.8,16,-7.2,4.4,-15.5,22.3,0,0,0,,0,0,52.2,33.5,260.2,1020.3,46.3,20.6,234,20.3,8,10,2022-07-13T06:57:44,2022-07-13T18:00:07,0.5,Partially cloudy,Partly cloudy throughout the day.,partly-cloudy-day,"85293099999,remote,SLPO"
Potosí,2022-07-14,13.8,-1.2,5.7,13.8,-4.7,3,-14.7,24,0,0,0,,0,0,74.2,55.4,256.2,1020.9,28.4,20,240.5,20.8,9,10,2022-07-14T06:57:36,2022-07-14T18:00:29,0.53,Partially cloudy,Partly cloudy throughout the day.,wind,"85293099999,remote,SLPO"
Potosí,2022-07-15,12.9,-0.6,4.7,12.9,-5.5,1.9,-12.7,29.9,0,0,0,,0,0,67,40,255.2,1021.1,31.5,20,241.9,20.9,9,10,2022-07-15T06:57:26,2022-07-15T18:00:50,0.56,Partially cloudy,Partly cloudy throughout the day.,partly-cloudy-day,"85293099999,remote,SLPO"
Potosí,2022-07-16,12,-2.7,4.2,12,-6.9,1.9,-26.2,10.4,0,0,0,,0,0,41,27.4,264.9,1017.5,0.2,24.1,249.7,21.4,9,10,2022-07-16T06:57:16,2022-07-16T18:01:12,0.6,Clear,Clear conditions throughout the day.,clear-day,remote
Potosí,2022-07-17,13.6,-1.6,5.4,13.6,-3.2,4.8,-19.9,15.1,0,0,0,,0,0,42.1,32.8,283.8,1017.6,7.5,24.1,239.6,20.6,9,10,2022-07-17T06:57:05,2022-07-17T18:01:34,0.63,Clear,Clear conditions throughout the day.,clear-day,remote
Potosí,2022-07-18,16,-2,6.8,16,-4,6.1,-9.2,35.6,0,0,0,,0,0,10.4,11.2,233.1,1027.9,76.6,20,230.2,19.9,9,10,2022-07-18T06:56:53,2022-07-18T18:01:56,0.66,Partially cloudy,Partly cloudy throughout the day.,partly-cloudy-day,"85293099999,remote,SLPO"
Potosí,2022-07-19,17.1,1,8.5,17.1,1,8.2,0,59.4,0.4,100,16.67,rain,0,0,22.7,17.3,19.6,1027.7,56.7,19.9,212.4,18.3,8,10,2022-07-19T06:56:39,2022-07-19T18:02:17,0.7,"Rain, Partially cloudy",Partly cloudy throughout the day with rain.,rain,"85293099999,remote,SLPO"
Potosí,2022-07-20,17,2,8.7,17,2,8.7,-3.1,51,0,0,0,,0,0,16.2,14.8,330.7,1024.4,46.4,20.6,229.8,19.8,8,10,2022-07-20T06:56:25,2022-07-20T18:02:39,0.75,Partially cloudy,Partly cloudy throughout the day.,partly-cloudy-day,"85293099999,remote,SLPO"
Potosí,2022-07-21,18,1,9.1,18,-0.6,8.9,-9.9,30.1,0,0,0,,0,0,20.2,17.6,359.5,1023,42.3,20,235,20.3,8,10,2022-07-21T06:56:09,2022-07-21T18:03:01,0.76,Partially cloudy,Partly cloudy throughout the day.,partly-cloudy-day,"85293099999,remote,SLPO"
Potosí,2022-07-22,17.1,1,8.9,17.1,-0.6,8.4,-11.2,25.5,0,0,0,,0,0,19.4,20.5,276.9,1020.6,2,20,247,21.3,9,10,2022-07-22T06:55:53,2022-07-22T18:03:22,0.8,Clear,Clear conditions throughout the day.,clear-day,"85293099999,remote,SLPO"
Potosí,2022-07-23,15.8,2.5,8.7,15.8,1.9,8.2,-13.3,20.6,0,0,0,,0,0,27.7,28.4,270.8,1013.8,8.3,24.1,243.3,21,9,10,2022-07-23T06:55:35,2022-07-23T18:03:44,0.83,Clear,Clear conditions throughout the day.,clear-day,remote
Potosí,2022-07-24,14.8,2.8,8.7,14.8,0.7,8,-12.5,22.4,0,0,0,,0,0,20.2,13,282,1015,14.9,24.1,239.3,20.9,9,10,2022-07-24T06:55:16,2022-07-24T18:04:05,0.86,Clear,Clear conditions throughout the day.,clear-day,remote
Potosí,2022-07-25,18,0,8.8,18,-1.7,8.5,-4.5,42,0,0,0,,0,0,23.8,14.8,53.2,1024.8,7.9,20,245,21.2,9,10,2022-07-25T06:54:56,2022-07-25T18:04:27,0.9,Clear,Clear conditions throughout the day.,clear-day,"85293099999,remote,SLPO"
Potosí,2022-07-26,17.1,1,9.2,17.1,1,9.1,-1.8,50.2,0,0,0,,0,0,19.4,20.9,43.9,1025.7,15.9,20,244.3,21.3,9,10,2022-07-26T06:54:36,2022-07-26T18:04:48,0.93,Clear,Clear conditions throughout the day.,clear-day,"85293099999,remote,SLPO"
Potosí,2022-07-27,18,1,9.6,18,-0.6,9.5,-4.6,43.5,0,0,0,,0,0,15.5,14,30.5,1026,9.8,20,249.6,21.4,9,10,2022-07-27T06:54:14,2022-07-27T18:05:09,0.96,Clear,Clear conditions throughout the day.,clear-day,"85293099999,remote,SLPO"
Potosí,2022-07-28,18.9,2,10.1,18.9,0.5,9.6,-6.9,32.7,0,0,0,,0,0,11.9,18.4,236.9,1022.2,35,20.2,251.4,21.5,9,10,2022-07-28T06:53:51,2022-07-28T18:05:30,0,Partially cloudy,Partly cloudy throughout the day.,partly-cloudy-day,"85293099999,remote,SLPO"
Potosí,2022-07-29,18.1,1,9.1,18.1,1,8.6,-2.2,50.9,0,0,0,,0,0,13.7,13,33.9,1023.6,17.2,20,251,21.5,9,10,2022-07-29T06:53:27,2022-07-29T18:05:50,0.03,Clear,Clear conditions throughout the day.,clear-day,"85293099999,remote,SLPO"
Potosí,2022-07-30,17.1,3.8,9.8,17.1,2.5,9.3,-8.6,34.4,0,0,0,,0,0,15.8,6.5,298,1013.7,20.9,23.3,256,22.2,9,10,2022-07-30T06:53:02,2022-07-30T18:06:11,0.07,Partially cloudy,Partly cloudy throughout the day.,partly-cloudy-day,remote
Potosí,2022-07-31,16.8,3.9,10,16.8,2.4,9.6,-15.9,17.5,0,0,0,,0,0,15.1,8.6,274.7,1013.1,4.7,24.1,259.1,22.5,9,10,2022-07-31T06:52:36,2022-07-31T18:06:31,0.1,Clear,Clear conditions throughout the day.,clear-day,remote
Potosí,2022-08-01,17.8,-1,9,17.8,-1,8.8,-5.9,40.6,0.1,100,4.17,rain,0,0,26.3,15.5,285.3,1020.7,6.9,19.5,254.6,22.1,9,10,2022-08-01T06:52:09,2022-08-01T18:06:51,0.14,Rain,Clear conditions throughout the day with afternoon rain.,rain,"85293099999,remote,SLPO"
Potosí,2022-08-02,17,0,8.9,17,-3.6,8.2,-4.5,44.6,0,0,0,,0,0,33.8,19.8,279.4,1019.8,7.4,20,256.7,22.1,9,10,2022-08-02T06:51:40,2022-08-02T18:07:11,0.17,Clear,Clear conditions throughout the day.,clear-day,"85293099999,remote,SLPO"
Potosí,2022-08-03,16.9,1,8.3,16.9,-2.4,7.5,-8.5,36.6,0.1,100,4.17,rain,0,0,41,36,266.4,1020.6,24.6,20,261.5,22.5,9,10,2022-08-03T06:51:11,2022-08-03T18:07:30,0.21,"Rain, Partially cloudy",Partly cloudy throughout the day with early morning rain.,rain,"85293099999,remote,SLPO"
Potosí,2022-08-04,16,-3,7.2,16,-5.2,6.2,-11.3,32.5,0,0,0,,0,0,37.1,25.9,284.8,1021.3,1.2,20,267.6,23,9,10,2022-08-04T06:50:41,2022-08-04T18:07:50,0.24,Clear,Clear conditions throughout the day.,clear-day,"85293099999,remote,SLPO"
Potosí,2022-08-05,16,2,7.8,16,0.4,7.1,-1.7,57.1,0.6,100,20.83,rain,0,0,40.3,31.3,313.4,1020.5,38.3,19.6,246.4,21.4,9,10,2022-08-05T06:50:10,2022-08-05T18:08:09,0.25,"Rain, Partially cloudy",Partly cloudy throughout the day with rain.,rain,"85293099999,remote,SLPO"
Potosí,2022-08-06,11.8,1.2,6.3,11.8,-1.5,4.6,-10.5,32.9,0,0,0,,0,0,68,42.8,275.4,1014.6,30.1,24.1,261.7,22.8,9,10,2022-08-06T06:49:39,2022-08-06T18:08:27,0.31,Partially cloudy,Partly cloudy throughout the day.,partly-cloudy-day,remote
Potosí,2022-08-07,11.8,-1.5,4.4,11.8,-3.4,3.2,-20.2,18.3,0,0,0,,0,0,62.6,32,279.3,1016.5,68,24.1,218,18.8,9,10,2022-08-07T06:49:06,2022-08-07T18:08:46,0.35,Partially cloudy,Partly cloudy throughout the day.,partly-cloudy-day,remote
Potosí,2022-08-08,13.1,-4,5.1,13.1,-8.4,3.7,-14.7,29.7,0,0,0,,0,0,74.2,48.6,280.1,1022,15.5,19.6,269.8,23.2,9,10,2022-08-08T06:48:32,2022-08-08T18:09:04,0.38,Clear,Clear conditions throughout the day.,wind,"85293099999,remote,SLPO"
Potosí,2022-08-09,13,-2,4.9,13,-4.5,3,-14.3,35.3,0,0,0,,0,0,34.6,27.7,221.2,1027,2,19.6,279.3,24.1,10,10,2022-08-09T06:47:57,2022-08-09T18:09:22,0.42,Clear,Clear conditions throughout the day.,clear-day,"85293099999,remote,SLPO"
Potosí,2022-08-10,16,-4,5.1,16,-7.2,4,-7.6,50.7,0,0,0,,0,0,12.6,11.9,295.3,1029.3,2.1,16.8,274.3,23.8,9,10,2022-08-10T06:47:22,2022-08-10T18:09:40,0.45,Clear,Clear conditions throughout the day.,clear-day,"85293099999,remote,SLPO"
Potosí,2022-08-11,17,-2,7.5,17,-6.8,6.2,-12.5,28.6,0,0,0,,0,0,26.3,23,290.4,1025.4,0,20,279.6,24.1,10,10,2022-08-11T06:46:45,2022-08-11T18:09:58,0.5,Clear,Clear conditions throughout the day.,clear-day,"85293099999,remote,SLPO"
Potosí,2022-08-12,17.2,1,8.9,17.2,1,8.5,-12,25.4,0,0,0,,0,0,24.8,24.8,288.6,1023.4,21.1,20,274.3,23.6,9,10,2022-08-12T06:46:08,2022-08-12T18:10:15,0.52,Partially cloudy,Becoming cloudy in the afternoon.,partly-cloudy-day,"85293099999,remote,SLPO"
Potosí,2022-08-13,16.8,2.4,8.9,16.8,0.5,8,-11.8,24.2,0,0,0,,0,0,32.8,26.6,342,1015.8,41.7,24.1,269.8,23.3,9,10,2022-08-13T06:45:30,2022-08-13T18:10:32,0.55,Partially cloudy,Partly cloudy throughout the day.,partly-cloudy-day,remote
Potosí,2022-08-14,16.9,2.4,8.8,16.9,0.8,8.2,-14.7,24.5,0,0,0,,0,0,43.9,27.7,264.7,1015,37.9,24.1,278.9,23.9,10,10,2022-08-14T06:44:51,2022-08-14T18:10:48,0.59,Partially cloudy,Partly cloudy throughout the day.,partly-cloudy-day,remote
Potosí,2022-08-15,16,-4,7.3,16,-7.9,6,-14,26,0,0,0,,0,0,49.3,37.1,272.8,1020.3,45.2,20.2,272.6,23.6,9,10,2022-08-15T06:44:11,2022-08-15T18:11:05,0.62,Partially cloudy,Partly cloudy throughout the day.,partly-cloudy-day,"85293099999,remote,SLPO"
Potosí,2022-08-16,13.9,-4,5.9,13.9,-4,4.4,-15.4,25.3,0,0,0,,0,0,43.2,33.5,249.6,1020.7,37.9,20.6,284.4,24.6,10,10,2022-08-16T06:43:31,2022-08-16T18:11:21,0.65,Partially cloudy,Clearing in the afternoon.,partly-cloudy-day,"85293099999,remote,SLPO"
Potosí,2022-08-17,13.8,-0.1,5.8,13.8,-3.7,3.1,-16.7,22,0,0,0,,0,0,55.4,37.1,247.1,1020.2,6.5,20,288.3,24.9,10,10,2022-08-17T06:42:49,2022-08-17T18:11:37,0.68,Clear,Clear conditions throughout the day.,clear-day,"85293099999,remote,SLPO"
Potosí,2022-08-18,12.1,-6,3.6,12.1,-12.5,0.7,-19.1,25.5,0,0,0,,0,0,17.6,22.3,234.7,1025.3,0,20,295.7,25.5,10,10,2022-08-18T06:42:07,2022-08-18T18:11:52,0.72,Clear,Clear conditions throughout the day.,clear-day,"85293099999,remote,SLPO"
Potosí,2022-08-19,12.1,-5,3.1,12.1,-5,1.7,-8.5,45.4,0.3,100,8.33,rain,0,0,33.8,27.7,56.2,1030,12.8,19.6,259.3,22.3,10,10,2022-08-19T06:41:25,2022-08-19T18:12:08,0.75,Rain,Clear conditions throughout the day with afternoon rain.,rain,"85293099999,remote,SLPO"
Potosí,2022-08-20,12.1,-2.5,4.4,12.1,-3.1,3.7,-15.5,27.6,0,0,0,,0,0,17.6,16.2,45.1,1020.7,0.2,24.1,290.6,25,10,10,2022-08-20T06:40:41,2022-08-20T18:12:23,0.78,Clear,Clear conditions throughout the day.,clear-day,remote
Potosí,2022-08-21,13.6,-1.3,5.5,13.6,-1.3,4.6,-15.7,22.8,0,0,0,,0,0,22.7,25.6,26.5,1019.2,0,24.1,292.3,25.4,10,10,2022-08-21T06:39:57,2022-08-21T18:12:38,0.81,Clear,Clear conditions throughout the day.,clear-day,remote
Potosí,2022-08-22,16.1,-4,6.3,16.1,-4,5.7,-9.1,38.9,0,0,0,,0,0,37.4,26.6,319.2,1023.4,14.9,20,282.2,24.4,10,10,2022-08-22T06:39:12,2022-08-22T18:12:52,0.85,Clear,Clear conditions throughout the day.,clear-day,"85293099999,remote,SLPO"
Potosí,2022-08-23,15.8,-4,6.4,15.8,-4,5.7,-13.3,32.3,0,0,0,,0,0,29.5,23.4,239.2,1024.4,38.9,20.6,291.5,25.2,10,10,2022-08-23T06:38:27,2022-08-23T18:13:07,0.88,Partially cloudy,Becoming cloudy in the afternoon.,partly-cloudy-day,"85293099999,remote,SLPO"
Potosí,2022-08-24,15.9,-3,6.8,15.9,-7.2,6,-14.4,31,0,0,0,,0,0,34.6,23.8,242.8,1026.4,48.8,20,295.7,25.5,10,10,2022-08-24T06:37:41,2022-08-24T18:13:21,0.91,Partially cloudy,Becoming cloudy in the afternoon.,partly-cloudy-day,"85293099999,remote,SLPO"
Potosí,2022-08-25,16.8,-5,6.9,16.8,-9.6,5.9,-15,27.3,0,0,0,,0,0,31.3,22.7,242.8,1025.9,27.4,20,300.3,25.9,10,10,2022-08-25T06:36:54,2022-08-25T18:13:35,0.95,Partially cloudy,Becoming cloudy in the afternoon.,partly-cloudy-day,"85293099999,remote,SLPO"
Potosí,2022-08-26,16.2,-2,7.6,16.2,-2,7.2,-5.7,47.4,0,0,0,,0,0,27.4,19.1,309.7,1024.8,0.6,20,302.3,26.2,10,10,2022-08-26T06:36:07,2022-08-26T18:13:48,0.98,Clear,Clear conditions throughout the day.,clear-day,"85293099999,remote,SLPO"
Potosí,2022-08-27,16.8,2.5,9.5,16.8,0.9,8.8,-13.1,25.5,0.3,100,4.17,rain,0,0,36,25.6,27.1,1014.8,30.2,24.1,281.3,24.3,10,10,2022-08-27T06:35:19,2022-08-27T18:14:02,0,"Rain, Partially cloudy",Becoming cloudy in the afternoon with late afternoon rain.,rain,remote
Potosí,2022-08-28,11,3.5,7,11,1.2,5.3,-0.7,59.4,0.7,100,12.5,rain,0,0,32,33.5,32.2,1020.4,80.6,23.1,256.5,22.2,9,10,2022-08-28T06:34:31,2022-08-28T18:14:15,0.05,"Rain, Partially cloudy",Partly cloudy throughout the day with rain.,rain,remote
Potosí,2022-08-29,15,2,7,15,0.5,5.8,0,63.3,3,100,37.5,"rain,snow",0,0,27.4,27.7,46,1028,76.8,18.4,222.5,19.2,10,10,2022-08-29T06:33:42,2022-08-29T18:14:28,0.08,"Snow, Rain, Partially cloudy",Partly cloudy throughout the day with rain or snow.,rain,"85293099999,remote,SLPO"
Potosí,2022-08-30,16.2,0,8.5,16.2,0,8.2,-2.9,53.1,0,0,0,,0,0,18,22.3,259.2,1024.2,5.7,19.8,297.8,25.6,10,10,2022-08-30T06:32:52,2022-08-30T18:14:41,0.12,Clear,Clear conditions throughout the day.,clear-day,"85293099999,remote,SLPO"
Potosí,2022-08-31,17.1,-1,8.7,17.1,-4.8,8.2,-7.2,40.2,0,0,0,,0,0,31.7,26.3,276.7,1022.6,0,20,305.8,26.3,10,10,2022-08-31T06:32:03,2022-08-31T18:14:54,0.15,Clear,Clear conditions throughout the day.,clear-day,"85293099999,remote,SLPO"
Potosí,2022-09-01,16.1,0,8.7,16.1,0,8.2,-10.5,28.7,0,0,0,,0,0,42.1,37.1,259.7,1020.8,0.9,20,307.9,26.7,10,10,2022-09-01T06:31:12,2022-09-01T18:15:06,0.19,Clear,Clear conditions throughout the day.,clear-day,"85293099999,remote,SLPO"
Potosí,2022-09-02,14.3,0,7.2,14.3,0,6,-2.1,55.7,1.9,100,33.33,rain,0,0,46.4,33.5,27.5,1022.4,24.4,19.9,286.1,24.8,10,10,2022-09-02T06:30:22,2022-09-02T18:15:19,0.22,"Rain, Partially cloudy",Partly cloudy throughout the day with rain.,rain,"85293099999,remote,SLPO"
Potosí,2022-09-03,14.9,3.1,8,14.9,0.3,6.7,-3.7,55.6,0.7,100,16.67,rain,0,0,51.1,42.8,313.6,1015.6,58.7,21.7,265.7,22.9,10,10,2022-09-03T06:29:30,2022-09-03T18:15:31,0.25,"Rain, Partially cloudy",Partly cloudy throughout the day with rain clearing later.,rain,remote
Potosí,2022-09-04,14.3,0.6,7.3,14.3,0.1,6.6,-9,42.5,0,0,0,,0,0,52.6,37.4,310,1016.1,12.3,24.1,311.2,26.9,10,10,2022-09-04T06:28:39,2022-09-04T18:15:43,0.3,Clear,Clear conditions throughout the day.,clear-day,remote
Potosí,2022-09-05,14.8,-4,5.6,14.8,-4,4.9,-9.4,44.9,0,0,0,,0,0,51.1,42.1,292.6,1024.4,1.8,19.3,317.8,27.4,10,10,2022-09-05T06:27:47,2022-09-05T18:15:55,0.33,Clear,Clear conditions throughout the day.,clear-day,"85293099999,remote,SLPO"
Potosí,2022-09-06,16.1,-4,5.9,16.1,-9.3,4.8,-7.7,45.6,0,0,0,,0,0,25.2,27.7,268.9,1026.3,0.8,18.5,326.2,28.3,10,10,2022-09-06T06:26:55,2022-09-06T18:16:07,0.37,Clear,Clear conditions throughout the day.,clear-day,"85293099999,remote,SLPO"
Potosí,2022-09-07,18.1,0,9.1,18.1,-4.3,7.9,-14.5,24.9,0,0,0,,0,0,35.6,33.5,265.4,1022,0.3,20,326.3,28.3,10,10,2022-09-07T06:26:02,2022-09-07T18:16:19,0.4,Clear,Clear conditions throughout the day.,clear-day,"85293099999,remote,SLPO"
Potosí,2022-09-08,18.1,1,9.5,18.1,-1.9,8.3,-12.1,25.1,0,0,0,,0,0,33.1,27.7,254.9,1020.3,11.5,20,317.5,27.5,10,10,2022-09-08T06:25:10,2022-09-08T18:16:30,0.44,Clear,Clear conditions throughout the day.,clear-day,"85293099999,remote,SLPO"
Potosí,2022-09-09,16.6,1,9.1,16.6,-0.6,8.3,-4.8,41.1,0,0,0,,0,0,46.4,41,29.4,1021.7,17.2,20,299.9,26,10,10,2022-09-09T06:24:16,2022-09-09T18:16:42,0.47,Clear,Clear conditions throughout the day.,clear-day,"85293099999,remote,SLPO"
Potosí,2022-09-10,18.5,4.8,10.3,18.5,3.2,9.5,-0.4,56.1,0.1,100,4.17,rain,0,0,36.7,29.2,331.9,1014.9,36.2,22,289.5,24.8,10,10,2022-09-10T06:23:23,2022-09-10T18:16:53,0.5,"Rain, Partially cloudy",Clearing in the afternoon with morning rain.,rain,remote
Potosí,2022-09-11,17.6,3.6,10.3,17.6,1.7,9.5,-10.4,24.9,0,0,0,,0,0,41.8,33.8,286.9,1014.3,9.1,24.1,320.1,27.6,10,10,2022-09-11T06:22:30,2022-09-11T18:17:05,0.54,Clear,Clear conditions throughout the day.,clear-day,remote
Potosí,2022-09-12,17.2,-2,8.6,17.2,-4,7.7,-10.2,32.1,0,0,0,,0,0,34.6,33.1,300.9,1020.6,30.5,20,328.1,28.3,10,10,2022-09-12T06:21:36,2022-09-12T18:17:17,0.57,Partially cloudy,Partly cloudy throughout the day.,partly-cloudy-day,"85293099999,remote,SLPO"
Potosí,2022-09-13,16.8,-2,7.8,16.8,-2.9,6.8,-9.1,38,0.1,100,4.17,rain,0,0,45.4,33.5,261,1020,38.4,19.3,327.6,28.4,10,10,2022-09-13T06:20:42,2022-09-13T18:17:28,0.6,"Rain, Partially cloudy",Partly cloudy throughout the day with late afternoon rain.,rain,"85293099999,remote,SLPO"
Potosí,2022-09-14,15.8,-2,6.2,15.8,-6,4.6,-12.5,34.8,0,0,0,,0,0,43.6,29.2,266.2,1023.5,54.2,20,315.6,27.3,10,10,2022-09-14T06:19:48,2022-09-14T18:17:39,0.64,Partially cloudy,Partly cloudy throughout the day.,partly-cloudy-day,"85293099999,remote,SLPO"
Potosí,2022-09-15,17,-2,6.4,17,-2,5.7,-5.7,50.9,0,0,0,,0,0,31.7,33.5,260.3,1025.4,10.2,20,333,28.6,10,10,2022-09-15T06:18:54,2022-09-15T18:17:51,0.67,Clear,Clear conditions throughout the day.,clear-day,"85293099999,remote,SLPO"
Potosí,2022-09-16,17.8,-1,8.5,17.8,-2.9,7.7,-4.8,46.5,0,0,0,,0,0,32,23.8,356.2,1024,13.9,20,332.4,28.7,10,10,2022-09-16T06:17:59,2022-09-16T18:18:03,0.7,Clear,Clear conditions throughout the day.,clear-day,"85293099999,remote,SLPO"
Potosí,2022-09-17,17.6,2.4,9.6,17.6,0.2,9,-14,22.1,0,0,0,,0,0,32.4,28.4,281.2,1013.3,1.5,24.1,332.7,28.7,10,10,2022-09-17T06:17:05,2022-09-17T18:18:14,0.75,Clear,Clear conditions throughout the day.,clear-day,remote
Potosí,2022-09-18,17.8,2.9,9.5,17.8,-0.2,8.1,-16.9,15.8,0,0,0,,0,0,46.4,35.6,271.9,1012.8,44.3,24.1,333.6,28.7,10,10,2022-09-18T06:16:11,2022-09-18T18:18:26,0.77,Partially cloudy,Partly cloudy throughout the day.,partly-cloudy-day,remote
Potosí,2022-09-19,19.8,0.9,9.3,19.8,-2.4,8,-12.4,27.8,0,0,0,,0,0,40.7,38.9,261.4,1020.9,27.2,20,343.1,29.7,10,10,2022-09-19T06:15:16,2022-09-19T18:18:37,0.8,Partially cloudy,Partly cloudy throughout the day.,partly-cloudy-day,"85293099999,remote,SLPO"
Potosí,2022-09-20,18.8,0,9.3,18.8,-4.3,8.3,-10.4,39.1,0,0,0,,0,0,58.3,45.4,272.8,1020.3,12.1,16.3,344.2,29.8,10,10,2022-09-20T06:14:22,2022-09-20T18:18:49,0.83,Clear,Clear conditions throughout the day.,clear-day,"85293099999,remote,SLPO"
Potosí,2022-09-21,18.3,0,9,18.3,-3.6,7.5,-19.8,16.7,0,0,0,,0,0,46.1,34.6,251.3,1020.1,27.1,20,344.5,29.8,10,10,2022-09-21T06:13:27,2022-09-21T18:19:01,0.86,Partially cloudy,Partly cloudy throughout the day.,partly-cloudy-day,"85293099999,remote,SLPO"
Potosí,2022-09-22,18.5,-1,8.8,18.5,-1.1,8.1,-16.5,23.7,0,0,0,,0,0,38.2,34.6,281.9,1020.9,55.8,20,346.6,30,10,10,2022-09-22T06:12:33,2022-09-22T18:19:13,0.9,Partially cloudy,Partly cloudy throughout the day.,partly-cloudy-day,"85293099999,remote,SLPO"
Potosí,2022-09-23,18.1,0,9.1,18.1,0,8.5,-9.9,38.1,0,0,0,,0,0,50.8,38.5,258.1,1021,62.2,18.3,320.4,27.5,10,10,2022-09-23T06:11:39,2022-09-23T18:19:25,0.93,Partially cloudy,Partly cloudy throughout the day.,partly-cloudy-day,"85293099999,remote,SLPO"
Potosí,2022-09-24,18,2.2,9.7,18,0,8.9,-17.9,13.8,0.3,100,8.33,rain,0,0,53.6,38.9,290.7,1011.5,51.5,24.1,324.6,28,10,10,2022-09-24T06:10:44,2022-09-24T18:19:38,0.96,"Rain, Partially cloudy",Partly cloudy throughout the day with late afternoon rain.,rain,remote
Potosí,2022-09-25,15,1.3,8.1,15,-2.7,6.5,-24.7,8.9,0,0,0,,0,0,47.9,31.3,277.1,1013.5,65.1,24.1,325,28,10,10,2022-09-25T06:09:50,2022-09-25T18:19:50,0,Partially cloudy,Partly cloudy throughout the day.,partly-cloudy-day,remote
Potosí,2022-09-26,16.6,-3,7.2,16.6,-3,6.3,-16.6,23.4,0,0,0,,0,0,49.7,45.4,306.3,1021,17,20,347.2,30,10,10,2022-09-26T06:08:56,2022-09-26T18:20:03,0.03,Clear,Clear conditions throughout the day.,clear-day,"85293099999,remote,SLPO"
Potosí,2022-09-27,18.1,-1,7.4,18.1,-2.4,6.5,-15,28.2,0,0,0,,0,0,51.8,38.9,272.5,1021.8,7.1,20,348.6,30.1,10,10,2022-09-27T06:08:03,2022-09-27T18:20:16,0.06,Clear,Clear conditions throughout the day.,clear-day,"85293099999,remote,SLPO"
Potosí,2022-09-28,16.9,-3,7.1,16.9,-3.2,6.2,-16.7,28.3,0,0,0,,0,0,55.4,44.6,304.9,1020.7,0.1,20,361.7,31.2,10,10,2022-09-28T06:07:09,2022-09-28T18:20:29,0.1,Clear,Clear conditions throughout the day.,clear-day,"85293099999,remote,SLPO"
Potosí,2022-09-29,16.3,-0.2,7.1,16.3,-2.3,6.2,-12.8,38.9,0,0,0,,0,0,52.2,42.5,276.1,1020.3,11.3,17.7,356.1,30.7,10,10,2022-09-29T06:06:16,2022-09-29T18:20:42,0.13,Clear,Clear conditions throughout the day.,clear-day,"85293099999,remote,SLPO"
Potosí,2022-09-30,17.1,-4,6.9,17.1,-4,5.7,-5.7,43.8,0,0,0,,0,0,28.8,28.8,40.4,1022.8,5.1,20,360.3,31.1,10,10,2022-09-30T06:05:23,2022-09-30T18:20:55,0.17,Clear,Clear conditions throughout the day.,clear-day,"85293099999,remote,SLPO"
Potosí,2022-10-01,18,1.7,8.6,18,1.7,8.1,-1.3,58.1,0.1,100,4.17,rain,0,0,36.4,38.5,25.9,1016.7,53.6,24.1,337.5,29.1,10,10,2022-10-01T06:04:30,2022-10-01T18:21:09,0.21,"Rain, Partially cloudy",Partly cloudy throughout the day with late afternoon rain.,rain,remote
Potosí,2022-10-02,17.7,3,8.3,17.7,3,7.6,1.4,66.2,5.5,100,33.33,rain,0,0,28.8,33.5,16.9,1017.3,47.3,22.6,293.4,25.4,10,10,2022-10-02T06:03:37,2022-10-02T18:21:23,0.25,"Rain, Partially cloudy",Partly cloudy throughout the day with rain.,rain,remote
Potosí,2022-10-03,19.1,0,10.1,19.1,0,10,-5.2,46.9,0.1,100,4.17,rain,0,0,34.2,33.8,243.5,1021.6,24.1,20.2,346.5,29.9,10,10,2022-10-03T06:02:45,2022-10-03T18:21:38,0.28,"Rain, Partially cloudy",Partly cloudy throughout the day with late afternoon rain.,rain,"85293099999,remote,SLPO"
Potosí,2022-10-04,18.1,-2,9.4,18.1,-2,8.7,-12.8,27,0.1,100,4.17,rain,0,0,34.6,31.7,279.8,1019.8,0,20,368.5,31.7,10,10,2022-10-04T06:01:53,2022-10-04T18:21:52,0.31,Rain,Clear conditions throughout the day with early morning rain.,rain,"85293099999,remote,SLPO"
Potosí,2022-10-05,16.8,0,8,16.8,-3.6,6.3,-18.1,20.2,0,0,0,,0,0,57.6,39.2,260.4,1020.3,11.1,20,367,31.7,10,10,2022-10-05T06:01:02,2022-10-05T18:22:07,0.35,Clear,Clear conditions throughout the day.,clear-day,"85293099999,remote,SLPO"
Potosí,2022-10-06,14.2,-3,6.5,14.2,-7.2,4.6,-21.4,18.3,0,0,0,,0,0,43.2,39.6,238.5,1022.9,9.2,20.2,374.8,32.4,10,10,2022-10-06T06:00:11,2022-10-06T18:22:23,0.39,Clear,Clear conditions throughout the day.,clear-day,"85293099999,remote,SLPO"
Potosí,2022-10-07,16.1,-4,7.2,16.1,-9.3,5.8,-14.6,27.4,0,0,0,,0,0,19.8,22.3,229.9,1023.5,0.3,20,376.1,32.5,10,10,2022-10-07T05:59:20,2022-10-07T18:22:38,0.42,Clear,Clear conditions throughout the day.,clear-day,"85293099999,remote,SLPO"
Potosí,2022-10-08,18.7,1,10.3,18.7,-1.3,9.5,-25.6,12,0,0,0,,0,0,40.3,28.8,249.8,1010.3,0,24.1,379,32.6,10,10,2022-10-08T05:58:30,2022-10-08T18:22:54,0.46,Clear,Clear conditions throughout the day.,clear-day,remote
Potosí,2022-10-09,17.9,2,8.7,17.9,-0.2,7.6,-2.9,50.9,0.4,100,12.5,rain,0,0,49,38.5,16.7,1012,14.3,22,338.8,29.2,10,10,2022-10-09T05:57:40,2022-10-09T18:23:11,0.5,Rain,Clear conditions throughout the day with rain.,rain,remote
Potosí,2022-10-10,18.1,2,9.4,18.1,-1.2,8.2,-13.5,30.3,0,0,0,,0,0,51.1,43.2,247.9,1020.1,0.3,20,374.4,32.3,10,10,2022-10-10T05:56:51,2022-10-10T18:23:27,0.53,Clear,Clear conditions throughout the day.,clear-day,"85293099999,remote,SLPO"
Potosí,2022-10-11,18,-2,8.2,18,-6,6.7,-20.3,17.6,0,0,0,,0,0,57.6,49,252.5,1021.5,0.5,20,379.3,32.6,10,10,2022-10-11T05:56:02,2022-10-11T18:23:44,0.56,Clear,Clear conditions throughout the day.,wind,"85293099999,remote,SLPO"
Potosí,2022-10-12,16.1,-1,7,16.1,-4.8,5.7,-14.9,27.3,0,0,0,,0,0,36.7,32.4,266.7,1020.9,0,19.6,381,32.8,10,10,2022-10-12T05:55:14,2022-10-12T18:24:02,0.59,Clear,Clear conditions throughout the day.,clear-day,"85293099999,remote,SLPO"
Potosí,2022-10-13,14.1,-4,5.8,14.1,-8.4,4,-14.9,31.5,0.1,100,4.17,rain,0,0,44.6,33.5,248.1,1022.7,1.4,20,383.2,33,10,10,2022-10-13T05:54:27,2022-10-13T18:24:20,0.62,Rain,Clear conditions throughout the day with late afternoon rain.,rain,"85293099999,remote,SLPO"
Potosí,2022-10-14,13.9,1.8,6.5,13.9,-0.6,4.7,-0.1,65.2,0.9,100,33.33,"rain,snow",0,0,32.8,33.1,34.8,1025.8,81.8,19.6,318.5,27.4,10,10,2022-10-14T05:53:40,2022-10-14T18:24:39,0.65,"Snow, Rain, Partially cloudy",Partly cloudy throughout the day with a chance of rain or snow throughout the day.,rain,"85293099999,remote,SLPO"
Potosí,2022-10-15,16.5,4.1,8.6,16.5,1.8,7.3,-0.2,58,2.3,100,33.33,rain,0,0,36.7,33.5,22.9,1017.7,69.6,22.3,320.5,27.5,10,10,2022-10-15T05:52:54,2022-10-15T18:24:57,0.69,"Rain, Partially cloudy",Partly cloudy throughout the day with rain.,rain,remote
Potosí,2022-10-16,15.1,4.2,7.4,15.1,1.6,5.5,1.2,67.2,9.5,100,41.67,rain,0,0,28.1,32,18.1,1017.2,77.1,21.3,296.1,25.5,10,10,2022-10-16T05:52:08,2022-10-16T18:25:17,0.72,"Rain, Partially cloudy",Partly cloudy throughout the day with rain.,rain,remote
Potosí,2022-10-17,17,1,9.4,17,1,8.4,0,57.9,1,100,41.67,"rain,snow",0,0,44.6,36,345.7,1020.3,44.5,20.5,342.5,29.6,10,10,2022-10-17T05:51:23,2022-10-17T18:25:37,0.75,"Snow, Rain, Partially cloudy",Partly cloudy throughout the day with a chance of rain or snow throughout the day.,rain,"85293099999,remote,SLPO"
Potosí,2022-10-18,18.1,2,10.7,18.1,2,10.3,-2.2,50.9,0.3,100,12.5,rain,0,0,40.7,29.2,0.7,1020.5,16.4,19.9,370.9,31.8,10,10,2022-10-18T05:50:39,2022-10-18T18:25:57,0.78,Rain,Clear conditions throughout the day with rain.,rain,"85293099999,remote,SLPO"
Potosí,2022-10-19,18,0,10.8,18,0,10.6,-9.4,37.5,0.1,100,4.17,rain,0,0,50.4,40.3,257.6,1020.6,2.8,20,377,32.8,10,10,2022-10-19T05:49:56,2022-10-19T18:26:18,0.81,Rain,Clear conditions throughout the day with early morning rain.,rain,"85293099999,remote,SLPO"
Potosí,2022-10-20,17.9,0,9.8,17.9,-4.3,8.8,-14.5,22.2,0,0,0,,0,0,49.7,33.8,265.4,1020,36.8,20,383.2,32.9,10,10,2022-10-20T05:49:13,2022-10-20T18:26:39,0.85,Partially cloudy,Partly cloudy throughout the day.,partly-cloudy-day,"85293099999,remote,SLPO"
Potosí,2022-10-21,17.6,-2,9.6,17.6,-6,8.6,-12.9,27.5,0,0,0,,0,0,34.9,33.5,257.4,1020,14.2,20,390.1,33.7,10,10,2022-10-21T05:48:31,2022-10-21T18:27:01,0.88,Clear,Clear conditions throughout the day.,clear-day,"85293099999,remote,SLPO"
Potosí,2022-10-22,16.6,3.6,8.8,16.6,3.1,7.8,-1.3,55.8,0.4,100,16.67,rain,0,0,38.9,31.7,25.2,1015,20.4,23.3,373.8,32.3,10,10,2022-10-22T05:47:50,2022-10-22T18:27:23,0.91,"Rain, Partially cloudy",Clearing in the afternoon with rain.,rain,remote
Potosí,2022-10-23,16.2,4,9.1,16.2,3,8.2,-1.1,52.8,0.5,100,16.67,rain,0,0,28.1,24.5,48,1016.9,48.1,23.2,367.9,31.8,10,10,2022-10-23T05:47:10,2022-10-23T18:27:46,0.94,"Rain, Partially cloudy",Partly cloudy throughout the day with rain.,rain,remote
Potosí,2022-10-24,19.8,1,10.4,19.8,1,9.8,0.8,55.3,0.4,100,16.67,rain,0,0,33.5,32.4,39.6,1024.5,15.5,19.6,372.7,32.2,10,10,2022-10-24T05:46:31,2022-10-24T18:28:10,0.97,Rain,Clear conditions throughout the day with rain.,rain,"85293099999,remote,SLPO"
Potosí,2022-10-25,19,2,10.9,19,2,10.6,1.7,56.3,0.9,100,20.83,rain,0,0,34.6,34.2,36.6,1021.5,17.8,19.6,342.9,29.6,10,10,2022-10-25T05:45:52,2022-10-25T18:28:34,0,Rain,Clear conditions throughout the day with rain.,rain,"85293099999,remote,SLPO"
Potosí,2022-10-26,20.1,2,12.3,20.1,-2.5,11.6,-6.3,36.3,0.1,100,4.17,rain,0,0,28.4,21.6,289.6,1019.5,0.2,20,396.6,34.2,10,10,2022-10-26T05:45:15,2022-10-26T18:28:58,0.04,Rain,Clear conditions throughout the day with late afternoon rain.,rain,"85293099999,remote,SLPO"
Potosí,2022-10-27,20.1,2,12.4,20.1,2,12.1,-4.6,42.5,1,100,33.33,rain,0,0,36.4,37.8,289.6,1019.6,20.1,19.9,392.8,34,10,10,2022-10-27T05:44:38,2022-10-27T18:29:23,0.08,"Rain, Partially cloudy",Partly cloudy throughout the day with rain.,rain,"85293099999,remote,SLPO"
Potosí,2022-10-28,19,1,11.1,19,-3.1,10.5,-9,36.3,0.1,100,4.17,rain,0,0,37.1,37.1,259,1020.4,10.7,20,395.5,34.2,10,10,2022-10-28T05:44:02,2022-10-28T18:29:49,0.11,Rain,Clear conditions throughout the day with late afternoon rain.,rain,"85293099999,remote,SLPO"
Potosí,2022-10-29,19,6.4,12.2,19,5.1,12,-15.5,19.4,0,0,0,,0,0,35.3,33.1,283.9,1009.4,5.1,24.1,390.5,33.8,10,10,2022-10-29T05:43:28,2022-10-29T18:30:15,0.15,Clear,Clear conditions throughout the day.,clear-day,remote
Potosí,2022-10-30,19.1,5,12.1,19.1,3.1,11.7,-22.6,8.7,0,0,0,,0,0,38.9,33.8,284,1008,5.3,24.1,394.6,34.1,10,10,2022-10-30T05:42:54,2022-10-30T18:30:42,0.19,Clear,Clear conditions throughout the day.,clear-day,remote
Potosí,2022-10-31,19.1,5,10.6,19.1,2.5,9.8,-5.5,41,0.2,100,8.33,rain,0,0,55.4,47.9,311.7,1019.1,29.5,19.9,392.7,34,10,10,2022-10-31T05:42:22,2022-10-31T18:31:09,0.22,"Rain, Partially cloudy",Partly cloudy throughout the day with early morning rain.,rain,"85293099999,remote,SLPO"
Potosí,2022-11-01,18.1,1,8.4,18.1,-1.9,7,-0.8,57.4,0,0,0,,0,0,29.5,27.7,49.3,1023.9,47.5,19.1,378.5,32.9,10,10,2022-11-01T05:41:50,2022-11-01T18:31:37,0.25,Partially cloudy,Partly cloudy throughout the day.,partly-cloudy-day,"85293099999,remote,SLPO"
Potosí,2022-11-02,16.9,-3,7.8,16.9,-3,6.9,-4.6,45.4,0,0,0,,0,0,19.4,27.7,53.8,1028.1,23.7,20,386.8,33.7,10,10,2022-11-02T05:41:20,2022-11-02T18:32:05,0.29,Partially cloudy,Partly cloudy throughout the day.,partly-cloudy-day,"85293099999,remote,SLPO"
Potosí,2022-11-03,18,0,8.9,18,0,8.6,-8.7,29.7,0,0,0,,0,0,32.4,31,46.1,1027.1,30.3,20,382.1,33,10,10,2022-11-03T05:40:50,2022-11-03T18:32:34,0.33,Partially cloudy,Clearing in the afternoon.,partly-cloudy-day,"85293099999,remote,SLPO"
Potosí,2022-11-04,18.2,0,9.2,18.2,0,8.6,-8,30.4,0,0,0,,0,0,35.6,23.4,30.1,1023.4,0.4,20,393.4,33.8,10,10,2022-11-04T05:40:22,2022-11-04T18:33:03,0.36,Clear,Clear conditions throughout the day.,clear-day,"85293099999,remote,SLPO"
Potosí,2022-11-05,17.1,2.6,9,17.1,2.6,8.2,-10.8,27.9,0,0,0,,0,0,28.1,34.9,45.6,1014.3,8.2,24.1,390.5,33.7,10,10,2022-11-05T05:39:55,2022-11-05T18:33:33,0.4,Clear,Clear conditions throughout the day.,clear-day,remote
Potosí,2022-11-06,15.9,2.5,7.8,15.9,1.8,6.6,-5.5,42.2,0.1,100,4.17,rain,0,0,31.3,36,36.5,1016.8,19.5,24.1,349.3,30.2,10,10,2022-11-06T05:39:29,2022-11-06T18:34:04,0.44,Rain,Clear conditions throughout the day with afternoon rain.,rain,remote
Potosí,2022-11-07,18,0,7.1,18,0,6.1,-0.3,62.2,4.6,100,20.83,rain,0,0,29.5,33.5,42.9,1026.6,30.3,17.5,304.9,26.3,10,10,2022-11-07T05:39:04,2022-11-07T18:34:35,0.47,"Rain, Partially cloudy",Becoming cloudy in the afternoon with rain.,rain,"85293099999,remote,SLPO"
Potosí,2022-11-08,15,0,8,15,0,6.5,0.4,60.2,4.6,100,29.17,rain,0,0,28.8,27.7,38.3,1024,43.9,15.9,338.5,29.1,10,10,2022-11-08T05:38:41,2022-11-08T18:35:06,0.5,"Rain, Partially cloudy",Becoming cloudy in the afternoon with rain.,rain,"85293099999,remote,SLPO"
Potosí,2022-11-09,16,1,10.1,16,-2.4,9.5,-1.2,49.7,0.6,100,20.83,rain,0,0,29.5,27.7,348.8,1022.7,31,18.7,364,31.5,10,10,2022-11-09T05:38:18,2022-11-09T18:35:38,0.54,"Rain, Partially cloudy",Becoming cloudy in the afternoon with rain.,rain,"85293099999,remote,SLPO"
Potosí,2022-11-10,18,1,10.5,18,-2.4,9.4,-5.9,34.3,0.7,100,12.5,rain,0,0,55.4,33.5,247.6,1024,15.9,18,402.1,34.7,10,10,2022-11-10T05:37:57,2022-11-10T18:36:11,0.57,Rain,Clear conditions throughout the day with rain.,rain,"85293099999,remote,SLPO"
Potosí,2022-11-11,18,2,11.3,18,2,11,-10.6,28.5,0.6,100,16.67,rain,0,0,36.7,34.6,280,1019.2,41.2,18.3,395.4,34.3,10,10,2022-11-11T05:37:37,2022-11-11T18:36:44,0.6,"Rain, Partially cloudy",Partly cloudy throughout the day with rain.,rain,"85293099999,remote,SLPO"
Potosí,2022-11-12,16.7,5.2,10.7,16.7,3.5,10,-17.6,17.3,0,0,0,,0,0,45.4,35.6,275.1,1011,0.6,24.1,405.5,35.1,10,10,2022-11-12T05:37:19,2022-11-12T18:37:17,0.64,Clear,Clear conditions throughout the day.,clear-day,remote
Potosí,2022-11-13,18,2.7,10.6,18,0.5,9.5,-22.6,9.9,0,0,0,,0,0,61.9,42.8,256.2,1010.9,3.7,24.1,410,35.4,10,10,2022-11-13T05:37:01,2022-11-13T18:37:51,0.67,Clear,Clear conditions throughout the day.,clear-day,remote
Potosí,2022-11-14,19.1,0,10.6,19.1,-4.3,10,-6.6,34.6,0.1,100,4.17,rain,0,0,31,43.9,39.5,1020.8,11,19.9,405.8,34.9,10,10,2022-11-14T05:36:45,2022-11-14T18:38:26,0.7,Rain,Clear conditions throughout the day with late afternoon rain.,rain,"85293099999,remote,SLPO"
Potosí,2022-11-15,20,4,11.8,20,4,11.5,3,58.8,0.3,100,12.5,rain,0,0,22.3,24.8,44.6,1024.8,20.8,19.6,388.3,33.5,10,10,2022-11-15T05:36:30,2022-11-15T18:39:00,0.73,"Rain, Partially cloudy",Partly cloudy throughout the day with rain.,rain,"85293099999,remote,SLPO"
Potosí,2022-11-16,19,2,11.7,19,2,11.4,1.3,53.2,0.1,100,4.17,rain,0,0,27,35.3,46.3,1027.4,39.4,19.2,382.1,33,10,10,2022-11-16T05:36:17,2022-11-16T18:39:36,0.75,"Rain, Partially cloudy",Partly cloudy throughout the day with early morning rain.,rain,"85293099999,remote,SLPO"
Potosí,2022-11-17,20,3,12.1,20,3,12,0.1,46.1,0.1,100,4.17,rain,0,0,29.9,44.3,46.9,1025.7,34,19.2,371.9,32,10,10,2022-11-17T05:36:05,2022-11-17T18:40:11,0.8,"Rain, Partially cloudy",Becoming cloudy in the afternoon with late afternoon rain.,rain,"85293099999,remote,SLPO"
Potosí,2022-11-18,19,3,10.3,19,3,9.7,2.6,61.6,2.6,100,29.17,rain,0,0,31,27.7,22.9,1025.3,29.8,19.9,267.5,23.1,10,10,2022-11-18T05:35:54,2022-11-18T18:40:47,0.83,"Rain, Partially cloudy",Becoming cloudy in the afternoon with a chance of rain throughout the day.,rain,"85293099999,remote,SLPO"
Potosí,2022-11-19,19.5,6,11.5,19.5,5.4,11.3,0.4,51.4,0.8,100,20.83,rain,0,0,23.4,33.5,24,1011.6,17.7,24.1,339.8,29.3,10,10,2022-11-19T05:35:44,2022-11-19T18:41:23,0.86,Rain,Clear conditions throughout the day with rain.,rain,remote
Potosí,2022-11-20,20.2,7.9,13.1,20.2,6.9,12.7,-6.1,37.4,4,100,20.83,rain,0,0,36,40.3,318.3,1008.3,10,23.3,402.3,34.7,10,30,2022-11-20T05:35:36,2022-11-20T18:42:00,0.89,Rain,Clear conditions throughout the day with late afternoon rain.,rain,remote
Potosí,2022-11-21,16,6,9.5,16,4.9,8.3,3.4,66.8,4.3,100,33.33,rain,0,0,28.4,27.7,35.2,1020.7,64.3,18.6,316,27.3,10,10,2022-11-21T05:35:29,2022-11-21T18:42:37,0.93,"Rain, Partially cloudy",Partly cloudy throughout the day with a chance of rain throughout the day.,rain,"85293099999,remote,SLPO"
Potosí,2022-11-22,19,6,10.5,19,5.1,9.4,2.9,62,5,100,45.83,rain,0,0,27.4,23.8,46.7,1019.4,76,18.3,357.2,30.8,10,10,2022-11-22T05:35:23,2022-11-22T18:43:14,0.96,"Rain, Partially cloudy",Partly cloudy throughout the day with rain.,rain,"85293099999,remote,SLPO"
Potosí,2022-11-23,16.8,2,9,16.8,2,8.4,2.6,66.4,9.5,100,66.67,rain,0,0,21.2,27.7,59.6,1023.9,83.1,15.6,245.8,21.1,10,10,2022-11-23T05:35:19,2022-11-23T18:43:51,0,"Rain, Partially cloudy",Partly cloudy throughout the day with a chance of rain throughout the day.,rain,"85293099999,remote,SLPO"
Potosí,2022-11-24,16.1,1,9.5,16.1,1,9,-1.1,51.7,0,0,0,,0,0,35.6,42.1,61.9,1026.1,62.9,20,367.6,31.7,10,10,2022-11-24T05:35:16,2022-11-24T18:44:29,0.02,Partially cloudy,Partly cloudy throughout the day.,partly-cloudy-day,"85293099999,remote,SLPO"
Potosí,2022-11-25,17.1,-1,9.3,17.1,-1,8.7,-3.9,43.1,0,0,0,,0,0,29.9,34.9,45.6,1028.5,26.4,20,395.6,34.1,10,10,2022-11-25T05:35:14,2022-11-25T18:45:06,0.06,Partially cloudy,Partly cloudy throughout the day.,partly-cloudy-day,"85293099999,remote,SLPO"
Potosí,2022-11-26,15,5.1,9.3,15,4.7,8.7,-6.4,35.8,0,0,0,,0,0,31.3,36,52.9,1019.8,5.2,24.1,399.2,34.5,10,10,2022-11-26T05:35:14,2022-11-26T18:45:44,0.1,Clear,Clear conditions throughout the day.,clear-day,remote
Potosí,2022-11-27,14.8,4.7,9.3,14.8,4.7,8.8,-6.5,34.5,0,0,0,,0,0,31.3,34.6,54.4,1019.2,1.6,24.1,400.8,34.8,10,10,2022-11-27T05:35:15,2022-11-27T18:46:22,0.13,Clear,Clear conditions throughout the day.,clear-day,remote
Potosí,2022-11-28,15.1,-1,7.9,15.1,-1,7.3,-1.3,56,6.2,100,29.17,rain,0,0,32.8,40.3,35.6,1024.3,44.5,15.4,332.5,28.6,10,10,2022-11-28T05:35:17,2022-11-28T18:47:00,0.17,"Rain, Partially cloudy",Becoming cloudy in the afternoon with rain.,rain,"85293099999,remote,SLPO"
Potosí,2022-11-29,15.1,1,7.9,15.1,1,6.6,1.5,65.6,9.3,100,41.67,"rain,snow",0,0.1,18,19.4,10.9,1021.2,38.7,19.7,279.3,24,10,10,2022-11-29T05:35:21,2022-11-29T18:47:38,0.2,"Snow, Rain, Partially cloudy",Becoming cloudy in the afternoon with rain or snow.,rain,"85293099999,remote,SLPO"
Potosí,2022-11-30,17.2,2,10.3,17.2,2,9.9,-2,50.6,0.9,100,29.17,rain,0,0,20.9,16.9,253.2,1017,20,19.7,396.4,34.1,10,10,2022-11-30T05:35:26,2022-11-30T18:48:16,0.25,Rain,Partly cloudy throughout the day with a chance of rain throughout the day.,rain,"85293099999,remote,SLPO"
Potosí,2022-12-01,17,5,10.5,17,3.5,9.7,-3.4,46.1,2.1,100,50,rain,0,0,24.5,22.3,32.8,1017.1,21.2,19.1,393.4,33.8,10,10,2022-12-01T05:35:32,2022-12-01T18:48:54,0.27,"Rain, Partially cloudy",Partly cloudy throughout the day with rain.,rain,"85293099999,remote,SLPO"
Potosí,2022-12-02,13,2,7.9,13,1.9,6.5,0.5,61.2,4.7,100,75,"rain,snow",0,0,24.8,27.7,47.5,1021.3,36.8,17.7,362.4,31.3,10,10,2022-12-02T05:35:40,2022-12-02T18:49:33,0.31,"Snow, Rain, Partially cloudy",Partly cloudy throughout the day with a chance of rain or snow throughout the day.,rain,"85293099999,remote,SLPO"
Potosí,2022-12-03,13.8,4.5,8.3,13.8,2.5,6.9,0.1,58.5,5.7,100,79.17,rain,0,0,28.4,30.2,44.2,1013,46.3,21.1,369.3,31.9,10,10,2022-12-03T05:35:49,2022-12-03T18:50:11,0.34,"Rain, Partially cloudy",Partly cloudy throughout the day with a chance of rain throughout the day.,rain,remote
Potosí,2022-12-04,13.2,2.5,7.1,13.2,-0.6,6.1,0.1,64.8,14.5,100,58.33,"rain,snow",0.5,0.1,19.1,31.3,79.8,1015.8,73.2,15.6,328.6,28.5,10,10,2022-12-04T05:35:59,2022-12-04T18:50:48,0.38,"Snow, Rain, Partially cloudy",Partly cloudy throughout the day with a chance of rain or snow throughout the day.,snow,remote
Potosí,2022-12-05,13.1,2,8.3,13.1,2,7.5,0.3,59.9,2.6,100,37.5,rain,0,0.1,31,37.8,54.1,1026.3,67.7,16.9,367.4,31.8,10,10,2022-12-05T05:36:10,2022-12-05T18:51:26,0.41,"Rain, Partially cloudy",Partly cloudy throughout the day with rain.,rain,"85293099999,remote,SLPO"
Potosí,2022-12-06,13,2,8.9,13,2,8,-0.2,54.7,0.1,100,4.17,rain,0,0,18.7,22.3,65,1026.4,88.7,19.8,332.5,28.9,10,10,2022-12-06T05:36:23,2022-12-06T18:52:04,0.45,"Rain, Partially cloudy",Partly cloudy throughout the day with late afternoon rain.,rain,"85293099999,remote,SLPO"
Potosí,2022-12-07,8.1,4.9,6.6,6.8,4.1,5.6,3.6,81.1,9.5,100,58.33,rain,0,0,11.5,14.8,51.3,1028.3,96.5,16.4,50.8,4.3,1,10,2022-12-07T05:36:37,2022-12-07T18:52:41,0.48,"Rain, Overcast",Cloudy skies throughout the day with a chance of rain throughout the day.,rain,"85293099999,remote,SLPO"
Potosí,2022-12-08,16.1,2,10.3,16.1,2,10.2,2.9,62.6,0.2,100,8.33,rain,0,0,27.7,27,57,1024.4,68.6,20,327.6,28.4,10,10,2022-12-08T05:36:52,2022-12-08T18:53:18,0.5,"Rain, Partially cloudy",Partly cloudy throughout the day with late afternoon rain.,rain,"85293099999,remote,SLPO"
Potosí,2022-12-09,16.7,5,10.7,16.7,4.9,10.4,3.8,65,1.5,100,29.17,rain,0,0,27.7,32,41.7,1023.7,89.8,16.9,370.1,31.8,10,10,2022-12-09T05:37:08,2022-12-09T18:53:54,0.55,"Rain, Partially cloudy",Partly cloudy throughout the day with rain.,rain,"85293099999,remote,SLPO"
Potosí,2022-12-10,18.5,8.9,12.9,18.5,8.1,12.7,3.7,56.7,3.3,100,45.83,rain,0,0,38.9,40.3,51.8,1011.7,90.4,22.3,370,31.7,10,10,2022-12-10T05:37:26,2022-12-10T18:54:31,0.58,"Rain, Overcast",Cloudy skies throughout the day with a chance of rain throughout the day.,rain,remote
Potosí,2022-12-11,12.7,6.2,9.6,12.7,3.8,9.1,2.6,62.4,5.3,100,37.5,rain,0,0,13.3,16.9,22.3,1015,100,21.7,162.5,13.9,6,10,2022-12-11T05:37:45,2022-12-11T18:55:07,0.61,"Rain, Overcast",Cloudy skies throughout the day with rain.,rain,remote
Potosí,2022-12-12,14.9,6,10.8,14.9,6,10.6,3.6,62.9,1.4,100,50,rain,0,0,22.3,22.7,87.2,1022.4,68.9,19.9,329.3,28.5,10,10,2022-12-12T05:38:04,2022-12-12T18:55:42,0.65,"Rain, Partially cloudy",Partly cloudy throughout the day with a chance of rain throughout the day.,rain,"85293099999,remote,SLPO"
Potosí,2022-12-13,13.4,6,10,13.4,5,9.2,3.2,63.7,1.1,100,20.83,rain,0,0,20.5,22.3,76.5,1024.4,80.7,19.4,333.8,28.8,10,10,2022-12-13T05:38:25,2022-12-13T18:56:17,0.68,"Rain, Partially cloudy",Partly cloudy throughout the day with rain.,rain,"85293099999,remote,SLPO"
Potosí,2022-12-14,15,5,10.9,15,5,10.8,3.5,61.4,2.6,100,50,rain,0,0,18,18.4,51,1024.3,67,19.6,305.4,26.4,10,10,2022-12-14T05:38:47,2022-12-14T18:56:52,0.71,"Rain, Partially cloudy",Partly cloudy throughout the day with a chance of rain throughout the day.,rain,"85293099999,remote,SLPO"
Potosí,2022-12-15,17.9,5,11.1,17.9,5,10.3,4.6,66.1,6.6,100,33.33,rain,0,0,36,34.9,49.4,1024.7,67.7,16.5,370.1,32,10,10,2022-12-15T05:39:10,2022-12-15T18:57:26,0.75,"Rain, Partially cloudy",Partly cloudy throughout the day with a chance of rain throughout the day.,rain,"85293099999,remote,SLPO"
Potosí,2022-12-16,14.5,6,9.4,14.5,4.4,8.7,3.8,68.8,7.5,100,41.67,rain,0,0,18.7,22.3,26.2,1023.4,84.7,18.4,274.5,23.5,9,10,2022-12-16T05:39:35,2022-12-16T18:58:00,0.75,"Rain, Partially cloudy",Partly cloudy throughout the day with rain.,rain,"85293099999,remote,SLPO"
Potosí,2022-12-17,18.4,7.1,11.2,18.4,5.9,10.5,3.2,60.8,7.6,100,62.5,rain,0,0,31,24.8,26.9,1006.5,57.6,23.8,329.9,28.5,10,10,2022-12-17T05:40:00,2022-12-17T18:58:32,0.81,"Rain, Partially cloudy",Partly cloudy throughout the day with a chance of rain throughout the day.,rain,remote
Potosí,2022-12-18,18.1,6.4,11.8,18.1,5,11,-2.2,47.5,1.7,100,41.67,rain,0,0,25.6,20.2,339.8,1007.3,9,24.1,401.4,34.5,10,10,2022-12-18T05:40:26,2022-12-18T18:59:05,0.84,Rain,Clear conditions throughout the day with rain.,rain,remote
Potosí,2022-12-19,15.1,6,9.9,15.1,3.7,9,3.6,66.4,4.7,100,79.17,rain,0,0,28.8,27.7,66.5,1022.8,71.9,18.4,378.2,32.7,10,10,2022-12-19T05:40:53,2022-12-19T18:59:36,0.88,"Rain, Partially cloudy",Partly cloudy throughout the day with a chance of rain throughout the day.,rain,"85293099999,remote,SLPO"
Potosí,2022-12-20,15.2,2,9.6,15.2,2,8.9,2.8,64.2,5.7,100,62.5,rain,0,0,15.5,27.7,66.5,1024.5,43.5,18,341.5,29.5,10,10,2022-12-20T05:41:21,2022-12-20T19:00:07,0.91,"Rain, Partially cloudy",Becoming cloudy in the afternoon with a chance of rain throughout the day.,rain,"85293099999,remote,SLPO"
Potosí,2022-12-21,14,4.6,8.5,14,2.5,7.7,3.5,72,11.8,100,66.67,rain,0,0,19.4,27.7,65.1,1026.3,72.7,15.3,275.8,23.8,10,10,2022-12-21T05:41:50,2022-12-21T19:00:37,0.94,"Rain, Partially cloudy",Partly cloudy throughout the day with a chance of rain throughout the day.,rain,"85293099999,remote,SLPO"
Potosí,2022-12-22,16,5,9.7,16,3,9,3.6,68.3,14.1,100,58.33,rain,0,0,22,27.7,60.4,1024.8,48.9,17.7,363.4,31.4,10,10,2022-12-22T05:42:20,2022-12-22T19:01:06,0.98,"Rain, Partially cloudy",Partly cloudy throughout the day with a chance of rain throughout the day.,rain,"85293099999,remote,SLPO"
Potosí,2022-12-23,16.4,5.4,10.6,16.4,5.4,10.6,2.5,59.5,0.7,100,16.67,rain,0,0,29.2,20.5,46.3,1021.6,31.2,20.6,363.4,31.4,10,10,2022-12-23T05:42:50,2022-12-23T19:01:35,0,"Rain, Partially cloudy",Partly cloudy throughout the day with rain.,rain,"85293099999,remote,SLPO"
Potosí,2022-12-24,18,7.3,11.7,18,5.3,11.2,-4.3,42.4,1.2,100,29.17,rain,0,0,24.1,19.4,1.2,1009.8,5.6,24.1,407.9,35.2,10,10,2022-12-24T05:43:22,2022-12-24T19:02:03,0.04,Rain,Clear conditions throughout the day with rain.,rain,remote
Potosí,2022-12-25,14.7,6.3,9.3,14.7,4.9,8.2,1.3,59,2.7,100,29.17,rain,0,0,27.4,26.3,40.2,1013.8,62.8,22.5,345.6,29.9,10,10,2022-12-25T05:43:54,2022-12-25T19:02:29,0.08,"Rain, Partially cloudy",Becoming cloudy in the afternoon with rain.,rain,remote
Potosí,2022-12-26,17.8,1,10.1,17.8,1,9.5,2.2,60.6,2.8,100,29.17,rain,0,0,29.2,33.1,29.4,1022.7,31.9,19.1,395.5,34.1,10,10,2022-12-26T05:44:27,2022-12-26T19:02:55,0.11,"Rain, Partially cloudy",Partly cloudy throughout the day with rain.,rain,"85293099999,remote,SLPO"
Potosí,2022-12-27,19.3,4,12.6,19.3,4,12.4,1.7,51.9,2.8,100,58.33,rain,0,0,21.2,18.4,48.6,1021.2,40.7,19.8,359,31.1,10,10,2022-12-27T05:45:00,2022-12-27T19:03:20,0.15,"Rain, Partially cloudy",Becoming cloudy in the afternoon with a chance of rain throughout the day.,rain,"85293099999,remote,SLPO"
Potosí,2022-12-28,18.8,1,11.7,18.8,1,11.2,3.5,59.6,2.9,100,54.17,rain,0,0,32.8,30.2,53.8,1022.9,49.5,19.8,389.4,33.6,10,10,2022-12-28T05:45:34,2022-12-28T19:03:44,0.18,"Rain, Partially cloudy",Partly cloudy throughout the day with a chance of rain throughout the day.,rain,"85293099999,remote,SLPO"
Potosí,2022-12-29,15,7,10.3,15,6.4,9.5,4.4,67.6,3.8,100,66.67,rain,0,0,18.4,27.7,43,1025,83,16.8,316.3,27.3,10,10,2022-12-29T05:46:09,2022-12-29T19:04:07,0.25,"Rain, Partially cloudy",Partly cloudy throughout the day with a chance of rain throughout the day.,rain,"85293099999,remote,SLPO"
Potosí,2022-12-30,16.9,5,11.1,16.9,5,10.5,4.2,64,1.5,100,33.33,rain,0,0,19.8,25.6,52.8,1024,76.3,20,365.5,31.5,10,10,2022-12-30T05:46:45,2022-12-30T19:04:29,0.25,"Rain, Partially cloudy",Partly cloudy throughout the day with rain.,rain,"85293099999,remote,SLPO"
Potosí,2022-12-31,17,6.8,10.9,17,6.5,10.5,2.4,58.6,0,0,0,,0,0,28.1,36.7,34.7,1014.1,52.7,24.1,385.7,33.3,10,10,2022-12-31T05:47:21,2022-12-31T19:04:50,0.28,Partially cloudy,Clearing in the afternoon.,partly-cloudy-day,remote
